account_id,home_city,account_age_days,customer_segment,preferred_channel,device_platform,typical_transaction_amount,typical_daily_transactions,baseline_risk_tier,primary_device_id,primary_sim_hash
NDM_000001,Oshakati,1396,Business,USSD,Android,598.08,6,Low,DEV_0000001,7af9d71b7e2fc8c4
NDM_000002,Oshakati,3328,Standard,Mobile_App,Android,390.02,4,Low,DEV_0000002,4e2ddd95a46fd863
NDM_000003,Windhoek,1838,Standard,USSD,iOS,662.76,4,Low,DEV_0000003,bbebecff82edcee9
NDM_000004,Windhoek,2488,Premium,Web,Android,719.05,3,Low,DEV_0000004,6592e361e1348a86
NDM_000005,Rundu,2127,Standard,USSD,iOS,322.51,1,Low,DEV_0000005,2a5ce5926282725a
NDM_000006,Swakopmund,3295,Premium,Web,Android,229.14,7,Medium,DEV_0000006,c42697d131188f22
NDM_000007,Walvis Bay,247,Standard,Web,Android,449.18,2,Low,DEV_0000007,432ab0f875633f71
NDM_000008,Walvis Bay,1392,Business,USSD,Android,248.08,4,Low,DEV_0000008,fb0d2ae8b00eff36
NDM_000009,Oshakati,317,Standard,Web,Android,684.23,3,Low,DEV_0000009,acc72662f8362299
NDM_000010,Windhoek,620,Standard,USSD,Android,102.72,3,Low,DEV_0000010,1ebf5c02b79422e5
NDM_000011,Windhoek,1645,Premium,Web,iOS,707.15,4,Low,DEV_0000011,7c5a5d6c6bb9bae0
NDM_000012,Swakopmund,2917,Premium,Web,Android,367.51,7,Medium,DEV_0000012,837d9e62ca6e8876
NDM_000013,Windhoek,3614,Standard,USSD,iOS,86.77,5,Medium,DEV_0000013,486e06b2fd08d79e
NDM_000014,Keetmanshoop,3464,Standard,USSD,Android,601.0,3,Medium,DEV_0000014,e38aef0e2898b853
NDM_000015,Windhoek,2663,Premium,USSD,Android,96.09,5,Medium,DEV_0000015,1f1eb416eeadd0ec
NDM_000016,Walvis Bay,365,Standard,USSD,iOS,114.64,6,Low,DEV_0000016,80a7fb82350e9bae
NDM_000017,Walvis Bay,2860,Premium,Mobile_App,iOS,508.18,2,Low,DEV_0000017,7fe9f6a0f96088dd
NDM_000018,Oshakati,805,Standard,USSD,iOS,526.98,6,Low,DEV_0000018,49d84628336725ed
NDM_000019,Windhoek,1304,Standard,Web,Android,229.75,5,Medium,DEV_0000019,97c239f6e55204f9
NDM_000020,Windhoek,3145,Premium,USSD,Android,253.09,4,Low,DEV_0000020,61de585dfddc710d
NDM_000021,Walvis Bay,1302,Standard,Web,Android,328.9,4,Medium,DEV_0000021,0d3513c8da70ef2c
NDM_000022,Windhoek,99,Standard,Web,iOS,194.23,2,Low,DEV_0000022,8518a96380cc3d82
NDM_000023,Windhoek,3614,Standard,Web,Android,883.09,4,Low,DEV_0000023,2f1461b3a3416b5c
NDM_000024,Swakopmund,3630,Business,Web,iOS,1471.17,4,Low,DEV_0000024,9bd2833afcc06ca2
NDM_000025,Keetmanshoop,1460,Standard,USSD,iOS,285.36,3,Low,DEV_0000025,0b332e6694334054
NDM_000026,Keetmanshoop,2008,Standard,USSD,iOS,735.28,2,Low,DEV_0000026,4cfb67eb5434049d
NDM_000027,Swakopmund,2614,Standard,Web,Android,1096.05,2,Low,DEV_0000027,7e07b56dda3fc697
NDM_000028,Walvis Bay,3299,Standard,Mobile_App,Android,495.76,3,Medium,DEV_0000028,451df629750f7da2
NDM_000029,Windhoek,1956,Standard,Web,Android,609.18,2,Low,DEV_0000029,5074be62daa79d1a
NDM_000030,Rundu,3161,Premium,USSD,Android,1897.21,3,Medium,DEV_0000030,77207b2914ee86d8
NDM_000031,Swakopmund,53,Standard,USSD,Android,1291.8,2,Low,DEV_0000031,1be83ae2b4dc7100
NDM_000032,Keetmanshoop,3581,Premium,USSD,Android,601.04,7,Low,DEV_0000032,0d4f519b053c6ffc
NDM_000033,Walvis Bay,2487,Standard,USSD,Android,118.67,5,Medium,DEV_0000033,4a266bc51e07fa31
NDM_000034,Swakopmund,1193,Premium,USSD,Android,697.42,4,Low,DEV_0000034,03fd0abc19927976
NDM_000035,Windhoek,2877,Premium,USSD,iOS,1923.83,2,Medium,DEV_0000035,4b830e16ccf6d251
NDM_000036,Swakopmund,2828,Premium,USSD,iOS,489.25,6,Low,DEV_0000036,dc8fac5caf8abb45
NDM_000037,Windhoek,336,Standard,Mobile_App,Android,317.25,1,High,DEV_0000037,459e307f02de3eb0
NDM_000038,Walvis Bay,408,Premium,USSD,Android,1356.71,2,Low,DEV_0000038,c17aa0945438c3e4
NDM_000039,Windhoek,3262,Premium,USSD,Android,557.05,3,High,DEV_0000039,4632526e2039c311
NDM_000040,Oshakati,3214,Premium,Mobile_App,iOS,419.42,3,Low,DEV_0000040,5e4c173667a6b18b
NDM_000041,Walvis Bay,3323,Business,USSD,Android,1164.86,2,Medium,DEV_0000041,20fc9cd194443b4b
NDM_000042,Rundu,1986,Standard,USSD,Android,823.35,4,Low,DEV_0000042,ba9ccf1f338317ff
NDM_000043,Windhoek,2237,Standard,USSD,Android,232.59,3,Medium,DEV_0000043,bfb42d1e36a7fe8d
NDM_000044,Walvis Bay,1384,Standard,Web,Android,739.59,4,Low,DEV_0000044,b8c8a489eb93bfad
NDM_000045,Keetmanshoop,30,Standard,Web,iOS,136.29,2,Medium,DEV_0000045,bcc76e575e109a42
NDM_000046,Windhoek,2162,Premium,USSD,iOS,856.11,4,Low,DEV_0000046,2507e0e049319e32
NDM_000047,Windhoek,3086,Premium,USSD,Android,568.83,1,Low,DEV_0000047,cd99068c6c5b372c
NDM_000048,Swakopmund,1553,Standard,Mobile_App,iOS,693.03,4,Low,DEV_0000048,dadecbcc3cf01212
NDM_000049,Walvis Bay,655,Standard,Web,Android,572.46,2,Low,DEV_0000049,f07b7988ca9a87f6
NDM_000050,Walvis Bay,2840,Standard,USSD,iOS,66.99,5,Medium,DEV_0000050,9766196f6de68c2e
NDM_000051,Rundu,480,Business,USSD,Android,216.68,7,Low,DEV_0000051,3da0b9667587cb04
NDM_000052,Swakopmund,3531,Standard,Web,Android,219.71,4,Medium,DEV_0000052,fa0a527986ad659a
NDM_000053,Windhoek,1223,Standard,USSD,Android,653.93,4,Low,DEV_0000053,1af3e105186dcc65
NDM_000054,Walvis Bay,164,Standard,USSD,iOS,639.28,3,Low,DEV_0000054,65d279d00e0376a1
NDM_000055,Windhoek,827,Premium,Web,Android,3151.72,3,Low,DEV_0000055,16794230bc658cef
NDM_000056,Keetmanshoop,3169,Standard,USSD,iOS,367.83,6,Low,DEV_0000056,5eb328c9f788eeaa
NDM_000057,Windhoek,452,Standard,USSD,iOS,976.16,4,Low,DEV_0000057,38e23071f31749ae
NDM_000058,Swakopmund,576,Standard,Web,Android,180.77,4,Low,DEV_0000058,000c0481d93c85b0
NDM_000059,Walvis Bay,3279,Business,USSD,Android,507.32,1,Low,DEV_0000059,339076d81da29332
NDM_000060,Oshakati,127,Standard,Web,Android,321.51,5,Medium,DEV_0000060,d3d1c4802f831384
NDM_000061,Windhoek,1986,Standard,USSD,Android,639.57,3,Low,DEV_0000061,2e7f9b818cefa409
NDM_000062,Windhoek,1705,Standard,USSD,iOS,1334.86,5,Medium,DEV_0000062,fb3226d90c3c5d65
NDM_000063,Walvis Bay,1130,Standard,Web,Android,1086.45,4,Medium,DEV_0000063,2a51a5716382345a
NDM_000064,Rundu,3348,Standard,Web,Android,245.77,6,Low,DEV_0000064,bd435bba39b6c4f1
NDM_000065,Windhoek,823,Standard,USSD,iOS,447.16,2,Medium,DEV_0000065,ae03d013c200b091
NDM_000066,Windhoek,826,Standard,USSD,iOS,411.63,4,Low,DEV_0000066,690feccbff6a045d
NDM_000067,Walvis Bay,778,Standard,USSD,iOS,724.38,1,Medium,DEV_0000067,3573f47bcf03bf6f
NDM_000068,Windhoek,188,Standard,USSD,iOS,396.07,2,Low,DEV_0000068,945a0ed55b3a1768
NDM_000069,Walvis Bay,3412,Premium,USSD,Android,507.29,2,Low,DEV_0000069,2413298de5beb90f
NDM_000070,Swakopmund,1525,Standard,USSD,Android,870.49,4,Low,DEV_0000070,82f199adc80d6117
NDM_000071,Swakopmund,988,Standard,USSD,Android,369.88,2,Low,DEV_0000071,0ef8e379ab6ec6b0
NDM_000072,Swakopmund,3564,Standard,USSD,Android,600.09,2,Medium,DEV_0000072,7d551015a331bebc
NDM_000073,Walvis Bay,3109,Standard,USSD,Android,231.83,4,Low,DEV_0000073,decb3eb94f741a15
NDM_000074,Windhoek,518,Standard,USSD,Android,1415.76,8,Low,DEV_0000074,a1e0f5b08c4ede24
NDM_000075,Rundu,1181,Standard,USSD,Android,837.76,4,Low,DEV_0000075,d7f46231572d534a
NDM_000076,Keetmanshoop,1378,Standard,USSD,Android,591.35,5,Low,DEV_0000076,541de9f8114cfc84
NDM_000077,Swakopmund,1286,Standard,USSD,iOS,267.9,5,High,DEV_0000077,d72f88c3ce82c230
NDM_000078,Keetmanshoop,129,Standard,USSD,iOS,610.87,3,Low,DEV_0000078,ec0e05e077190fd3
NDM_000079,Rundu,354,Standard,Web,Android,910.98,7,Low,DEV_0000079,228c3e94e10ca0e4
NDM_000080,Walvis Bay,1864,Premium,USSD,Android,1457.82,8,Low,DEV_0000080,74b4db12b6feba97
NDM_000081,Keetmanshoop,2635,Standard,Web,Android,2011.28,5,Medium,DEV_0000081,ee5b9e8df03a11ca
NDM_000082,Swakopmund,84,Premium,USSD,Android,1454.02,1,Low,DEV_0000082,fe3c4d2f450329ac
NDM_000083,Keetmanshoop,2642,Standard,Web,Android,376.73,1,Medium,DEV_0000083,b2496d3817918236
NDM_000084,Windhoek,1893,Standard,Web,Android,1676.62,3,Low,DEV_0000084,e463401e18d25803
NDM_000085,Windhoek,1125,Standard,USSD,Android,802.05,4,Low,DEV_0000085,3c1504237f121996
NDM_000086,Windhoek,1131,Business,Mobile_App,Android,681.3,5,Low,DEV_0000086,7c8981c996ee04f1
NDM_000087,Windhoek,2575,Standard,Mobile_App,Android,392.26,3,Low,DEV_0000087,909ec122eaf872f8
NDM_000088,Windhoek,1126,Standard,USSD,iOS,1559.67,4,Medium,DEV_0000088,376e84a68a321e46
NDM_000089,Rundu,3095,Standard,USSD,Android,920.77,4,Low,DEV_0000089,5af3c5af7a270894
NDM_000090,Windhoek,3158,Standard,Web,Android,224.93,2,Low,DEV_0000090,26301abe8368a7b7
NDM_000091,Windhoek,1355,Premium,USSD,Android,138.02,1,Low,DEV_0000091,413ce2a02d9ed55e
NDM_000092,Walvis Bay,1487,Business,USSD,Android,1246.23,4,Low,DEV_0000092,34a8426610f792a9
NDM_000093,Windhoek,310,Standard,USSD,Android,73.22,3,Low,DEV_0000093,5de82ba4a5b69795
NDM_000094,Swakopmund,404,Standard,Web,Android,650.84,5,Low,DEV_0000094,adf0637e4b06b3e5
NDM_000095,Walvis Bay,2657,Standard,USSD,Android,300.48,4,Low,DEV_0000095,27261e4ab2ffaffa
NDM_000096,Keetmanshoop,2401,Premium,USSD,Android,1281.07,7,Low,DEV_0000096,8a1c0d2547d20916
NDM_000097,Keetmanshoop,2244,Standard,USSD,Android,2366.27,7,Medium,DEV_0000097,7d5f2ec7026af824
NDM_000098,Rundu,3177,Business,USSD,Android,113.57,3,Low,DEV_0000098,1471e1fe311fb98c
NDM_000099,Windhoek,2906,Business,USSD,iOS,375.77,3,Low,DEV_0000099,0968283a60351228
NDM_000100,Windhoek,3577,Standard,USSD,Android,282.75,6,Low,DEV_0000100,c01828342610cec5
NDM_000101,Rundu,272,Standard,USSD,Android,921.38,4,Low,DEV_0000101,a20ee671af653e15
NDM_000102,Windhoek,1672,Business,USSD,Android,906.22,6,Low,DEV_0000102,beed963253cdc984
NDM_000103,Windhoek,1001,Premium,Web,Android,984.88,2,Low,DEV_0000103,f00c8c5963007104
NDM_000104,Keetmanshoop,1380,Standard,Web,Android,871.31,4,Low,DEV_0000104,34e2f965241e2685
NDM_000105,Walvis Bay,649,Standard,USSD,Android,2072.69,3,Medium,DEV_0000105,300276c2a81a443a
NDM_000106,Oshakati,2735,Standard,USSD,Android,751.71,3,Low,DEV_0000106,aa7fa0f018bb7e86
NDM_000107,Windhoek,2577,Standard,USSD,Android,484.21,4,Low,DEV_0000107,7985290211b4f756
NDM_000108,Oshakati,1263,Premium,USSD,Android,609.58,3,Low,DEV_0000108,6353af9fc98a5f50
NDM_000109,Windhoek,192,Standard,Web,iOS,3500.46,4,Low,DEV_0000109,37fc02621b06447b
NDM_000110,Keetmanshoop,1333,Standard,Web,Android,88.0,5,Low,DEV_0000110,804631dc98888b85
NDM_000111,Windhoek,3630,Standard,Web,Android,820.4,4,Low,DEV_0000111,e87bbcda266c8717
NDM_000112,Walvis Bay,2698,Standard,USSD,Android,468.18,5,Low,DEV_0000112,a2953f03f062bfb1
NDM_000113,Windhoek,2402,Premium,USSD,Android,166.33,7,Low,DEV_0000113,944645fc6c9176d6
NDM_000114,Rundu,1485,Premium,Web,Android,593.14,4,Medium,DEV_0000114,378308b986e0f655
NDM_000115,Walvis Bay,437,Standard,USSD,Android,1561.86,3,Low,DEV_0000115,ce0c88308e5f6e48
NDM_000116,Swakopmund,666,Standard,USSD,Android,662.71,4,Low,DEV_0000116,b7409e1cc2008961
NDM_000117,Walvis Bay,2093,Premium,USSD,Android,589.77,3,Low,DEV_0000117,aa94628a1723647e
NDM_000118,Swakopmund,2915,Standard,Web,Android,1096.37,3,Medium,DEV_0000118,9655bb8b645275b7
NDM_000119,Walvis Bay,828,Standard,USSD,iOS,485.42,6,Low,DEV_0000119,d98f6d4f290e9156
NDM_000120,Swakopmund,1947,Standard,USSD,Android,470.37,5,Low,DEV_0000120,be31aa31bd392b5d
NDM_000121,Windhoek,2021,Standard,Web,Android,303.73,4,Low,DEV_0000121,a6acada1c40dee36
NDM_000122,Swakopmund,725,Standard,USSD,Android,303.78,5,Low,DEV_0000122,d3f08c9c2673ffa0
NDM_000123,Rundu,1358,Standard,USSD,Android,428.14,1,Low,DEV_0000123,2ae755b8f895292f
NDM_000124,Windhoek,239,Standard,Web,Android,516.97,3,Low,DEV_0000124,c471f3e26f45f47d
NDM_000125,Walvis Bay,2687,Standard,USSD,Android,384.41,5,Low,DEV_0000125,b7e4529eb3b1a870
NDM_000126,Rundu,3046,Business,USSD,iOS,509.7,3,Medium,DEV_0000126,dec942dac9a6bb93
NDM_000127,Walvis Bay,3039,Standard,USSD,iOS,461.69,2,Medium,DEV_0000127,1e1300d93b9cfaa3
NDM_000128,Windhoek,644,Standard,Web,iOS,712.18,3,Low,DEV_0000128,e990ded719c441a6
NDM_000129,Walvis Bay,2772,Standard,USSD,Android,431.46,2,Low,DEV_0000129,ec96129e90b6119f
NDM_000130,Keetmanshoop,1418,Standard,USSD,Android,471.39,7,Low,DEV_0000130,033c70f7e687c5f2
NDM_000131,Oshakati,304,Standard,USSD,Android,1880.31,3,Low,DEV_0000131,41cdc4ccb10504df
NDM_000132,Keetmanshoop,573,Premium,Web,Android,224.62,5,Low,DEV_0000132,78f7232af57c3486
NDM_000133,Walvis Bay,3567,Standard,USSD,iOS,253.07,7,Low,DEV_0000133,8e20d4796d84dda7
NDM_000134,Windhoek,1609,Standard,Mobile_App,iOS,626.58,6,Low,DEV_0000134,9dd7d48e3fe14275
NDM_000135,Rundu,1284,Standard,Web,Android,538.1,6,Medium,DEV_0000135,4452201d0f82e46d
NDM_000136,Windhoek,3419,Premium,USSD,iOS,343.27,3,Low,DEV_0000136,9aca2991786b2b32
NDM_000137,Windhoek,2887,Standard,USSD,Android,298.07,6,Low,DEV_0000137,2348893cded31482
NDM_000138,Windhoek,357,Standard,USSD,Android,899.96,5,Low,DEV_0000138,904404bf0b04ea12
NDM_000139,Rundu,1527,Premium,Web,iOS,423.18,2,Low,DEV_0000139,2f10d8cdc4e16058
NDM_000140,Walvis Bay,1570,Standard,Mobile_App,Android,1341.02,3,Low,DEV_0000140,51e83a8c2c7820bb
NDM_000141,Walvis Bay,2127,Standard,Web,Android,667.56,3,Medium,DEV_0000141,6d2bf2359b58388b
NDM_000142,Windhoek,3047,Premium,USSD,iOS,543.0,1,Low,DEV_0000142,7e3c99e3846de3f8
NDM_000143,Windhoek,879,Standard,USSD,iOS,902.08,3,Low,DEV_0000143,f337d405c86a52d0
NDM_000144,Windhoek,1220,Premium,Web,iOS,991.26,3,Low,DEV_0000144,f52a874799b64a69
NDM_000145,Windhoek,817,Standard,USSD,Android,415.54,4,Low,DEV_0000145,f6f265debaf7c476
NDM_000146,Windhoek,3229,Standard,USSD,Android,442.23,4,Low,DEV_0000146,f614cabe8b2f417d
NDM_000147,Windhoek,1214,Standard,USSD,iOS,889.13,4,Low,DEV_0000147,0ecc89bd35dad7ad
NDM_000148,Swakopmund,3471,Premium,Web,iOS,70.2,7,Low,DEV_0000148,de17e0ef01d58032
NDM_000149,Windhoek,61,Premium,USSD,Android,412.85,4,Low,DEV_0000149,3dcaa2e0f9b8ad1d
NDM_000150,Windhoek,214,Standard,Mobile_App,Android,612.84,4,Medium,DEV_0000150,b236f68d6adbfa3a
NDM_000151,Oshakati,811,Standard,Web,Android,1644.96,5,Low,DEV_0000151,1b1537433a3d3542
NDM_000152,Windhoek,2806,Premium,USSD,Android,572.54,3,Medium,DEV_0000152,9fa0fcb2fc3cb22f
NDM_000153,Rundu,3301,Standard,USSD,Android,508.93,3,Low,DEV_0000153,0af4d5a61c40dabb
NDM_000154,Swakopmund,407,Standard,USSD,Android,306.63,4,Medium,DEV_0000154,ebeb1d8c03ae194a
NDM_000155,Swakopmund,1406,Standard,Web,iOS,2820.22,4,Medium,DEV_0000155,27d560a453df0843
NDM_000156,Windhoek,345,Standard,Web,Android,926.4,4,Medium,DEV_0000156,277a49ede5148bda
NDM_000157,Swakopmund,1094,Standard,USSD,Android,461.55,6,Low,DEV_0000157,fcdb56bf77efe979
NDM_000158,Oshakati,1882,Standard,USSD,Android,328.32,7,Medium,DEV_0000158,b970646d106ff2af
NDM_000159,Windhoek,1396,Premium,Web,Android,854.61,3,Medium,DEV_0000159,31a5a45cf558c89c
NDM_000160,Swakopmund,887,Standard,Web,iOS,1437.03,5,Low,DEV_0000160,1c6426431219262d
NDM_000161,Oshakati,2349,Standard,USSD,Android,697.33,3,Low,DEV_0000161,8b327c1585e29593
NDM_000162,Keetmanshoop,3396,Business,Web,Android,585.59,4,Medium,DEV_0000162,03cf161ecb5b394e
NDM_000163,Walvis Bay,1989,Standard,Mobile_App,Android,488.45,1,Low,DEV_0000163,fbe4ec5d04a81a7b
NDM_000164,Windhoek,3591,Premium,USSD,Android,410.46,2,Low,DEV_0000164,14564e1d0899a9cc
NDM_000165,Walvis Bay,841,Standard,USSD,iOS,524.22,4,Low,DEV_0000165,06eb56b1c3e7e966
NDM_000166,Walvis Bay,1009,Standard,USSD,Android,844.67,2,Low,DEV_0000166,e4ca6fd5fdd5b1a3
NDM_000167,Rundu,2811,Standard,USSD,Android,665.15,2,Low,DEV_0000167,58661a88173f2f3f
NDM_000168,Windhoek,3605,Business,USSD,iOS,1550.09,4,Low,DEV_0000168,58d7b7e72d209ca0
NDM_000169,Walvis Bay,2863,Standard,USSD,Android,832.99,4,Medium,DEV_0000169,004a964492c987ca
NDM_000170,Windhoek,1270,Standard,USSD,Android,445.1,5,High,DEV_0000170,d368be63ed9913bc
NDM_000171,Walvis Bay,1020,Standard,USSD,iOS,154.84,5,Low,DEV_0000171,c4fce3f5193ff5b9
NDM_000172,Windhoek,1701,Standard,USSD,Android,311.92,5,Medium,DEV_0000172,b9202d69c1bd590d
NDM_000173,Rundu,1606,Standard,Mobile_App,Android,574.07,2,Low,DEV_0000173,db2e47c1dee256d1
NDM_000174,Walvis Bay,1080,Premium,USSD,iOS,308.93,4,Low,DEV_0000174,e97a01186d842ac2
NDM_000175,Windhoek,2031,Standard,USSD,Android,597.86,4,Low,DEV_0000175,46fd591f9f1b1416
NDM_000176,Oshakati,1129,Standard,Web,iOS,379.63,4,Medium,DEV_0000176,72cb4e15fcd1b0d6
NDM_000177,Walvis Bay,1695,Business,USSD,iOS,657.26,4,Low,DEV_0000177,a2565ac1746384a0
NDM_000178,Oshakati,3088,Standard,Web,iOS,1083.29,3,Low,DEV_0000178,830cd9d38e006cb6
NDM_000179,Windhoek,1921,Standard,USSD,Android,238.87,2,Low,DEV_0000179,a8494cdb5e0b8cb9
NDM_000180,Walvis Bay,147,Standard,USSD,Android,626.63,3,Low,DEV_0000180,0afe50486cf3f7d6
NDM_000181,Windhoek,96,Business,USSD,Android,759.91,5,Low,DEV_0000181,b0fe6f5dd87b4e9f
NDM_000182,Windhoek,2414,Standard,USSD,iOS,156.82,4,Low,DEV_0000182,5c98a6e11041047f
NDM_000183,Walvis Bay,214,Standard,Web,iOS,476.27,3,Medium,DEV_0000183,3b257b41761ee37c
NDM_000184,Windhoek,2219,Standard,USSD,Android,300.22,4,Low,DEV_0000184,eca5201f4cff0ffe
NDM_000185,Oshakati,1204,Standard,USSD,Android,790.13,3,Low,DEV_0000185,1a2b7399f0133628
NDM_000186,Swakopmund,1614,Standard,Web,Android,559.17,4,Low,DEV_0000186,79be650e28bad245
NDM_000187,Windhoek,1941,Standard,USSD,Android,208.99,2,Medium,DEV_0000187,66908de54331e2bc
NDM_000188,Windhoek,1629,Standard,USSD,Android,490.6,4,Low,DEV_0000188,b174b83814761a2b
NDM_000189,Windhoek,1032,Standard,Mobile_App,Android,327.31,3,Medium,DEV_0000189,1db7889cb148c8f3
NDM_000190,Windhoek,3206,Premium,USSD,Android,740.15,5,Low,DEV_0000190,94d6bbe8771548da
NDM_000191,Walvis Bay,3155,Standard,USSD,iOS,146.02,1,Low,DEV_0000191,8978899d3c0011cf
NDM_000192,Swakopmund,229,Standard,Web,iOS,1394.1,2,Low,DEV_0000192,089ae473cd45d768
NDM_000193,Rundu,2642,Standard,USSD,Android,88.55,6,Low,DEV_0000193,37c934248d1b938f
NDM_000194,Windhoek,579,Standard,USSD,Android,700.94,4,Low,DEV_0000194,c312610be6c0f66c
NDM_000195,Keetmanshoop,1209,Standard,USSD,Android,252.98,5,Low,DEV_0000195,ad743e9ce7bcb83b
NDM_000196,Windhoek,445,Standard,Web,Android,397.82,2,Low,DEV_0000196,8a53ef2c40d7f04a
NDM_000197,Keetmanshoop,1927,Standard,Web,Android,261.53,5,Medium,DEV_0000197,10c1578bd53ea0d9
NDM_000198,Walvis Bay,3170,Business,USSD,iOS,340.91,5,Medium,DEV_0000198,62f7179139da094a
NDM_000199,Walvis Bay,1749,Premium,USSD,Android,1189.32,3,High,DEV_0000199,0c1e981b4af72dd3
NDM_000200,Windhoek,274,Standard,USSD,Android,855.81,5,Low,DEV_0000200,8d3de8486c762757
NDM_000201,Oshakati,1512,Standard,USSD,Android,171.53,2,Low,DEV_0000201,19dfe1a486254114
NDM_000202,Walvis Bay,181,Standard,USSD,Android,361.38,4,Low,DEV_0000202,0bd252a72cd0ab38
NDM_000203,Swakopmund,981,Standard,USSD,iOS,487.18,5,Low,DEV_0000203,c0afc2279fc46a93
NDM_000204,Windhoek,2806,Standard,Web,Android,201.9,4,Medium,DEV_0000204,9554ccfa16fa434d
NDM_000205,Windhoek,1749,Premium,USSD,Android,427.63,5,Low,DEV_0000205,6afff6e377435ee3
NDM_000206,Swakopmund,2446,Standard,USSD,Android,1556.0,3,Medium,DEV_0000206,149b18ceec2676f9
NDM_000207,Windhoek,3324,Premium,USSD,Android,185.21,4,Low,DEV_0000207,6554355c08b15440
NDM_000208,Windhoek,1693,Standard,Mobile_App,iOS,517.51,3,Low,DEV_0000208,301f2a84e9c26b7f
NDM_000209,Swakopmund,1202,Standard,USSD,Android,346.15,4,Low,DEV_0000209,beaea13d2d38b687
NDM_000210,Oshakati,383,Standard,Web,Android,944.26,4,Low,DEV_0000210,e54ef1c4cba51853
NDM_000211,Windhoek,640,Business,USSD,iOS,269.33,2,Medium,DEV_0000211,cde94aa0daa47093
NDM_000212,Windhoek,2643,Standard,USSD,iOS,740.49,7,Low,DEV_0000212,3862b9230de8ed76
NDM_000213,Windhoek,3245,Standard,USSD,iOS,247.75,3,Medium,DEV_0000213,b0f4292407cd9113
NDM_000214,Windhoek,725,Standard,USSD,Android,499.24,4,Medium,DEV_0000214,ab75397ca9c4be9e
NDM_000215,Windhoek,2379,Premium,Mobile_App,Android,474.43,3,Low,DEV_0000215,c4f9265ab122fd9d
NDM_000216,Windhoek,3553,Standard,USSD,Android,404.81,2,Low,DEV_0000216,a702a6a6478fa8ef
NDM_000217,Rundu,2033,Standard,USSD,iOS,1002.04,5,Low,DEV_0000217,17ba353bb5cbc629
NDM_000218,Windhoek,1942,Standard,Mobile_App,Android,1292.43,5,Low,DEV_0000218,636aa08fdda9b34a
NDM_000219,Swakopmund,2135,Standard,USSD,Android,635.4,4,Low,DEV_0000219,a0aa960c20ff999d
NDM_000220,Windhoek,3394,Standard,USSD,Android,448.8,5,Low,DEV_0000220,15692c719d657ff4
NDM_000221,Swakopmund,2522,Standard,USSD,Android,175.5,6,Low,DEV_0000221,1c2ae1b8ab25dfe7
NDM_000222,Rundu,1035,Standard,USSD,Android,1204.66,3,Low,DEV_0000222,c6588a6d040b5419
NDM_000223,Oshakati,1562,Standard,USSD,iOS,154.69,6,Low,DEV_0000223,e276bdcf71706166
NDM_000224,Rundu,2089,Standard,USSD,iOS,292.87,5,Medium,DEV_0000224,172e5f7cfee8c6af
NDM_000225,Windhoek,653,Standard,Web,Android,635.19,2,Low,DEV_0000225,fa7aec5bc5c3c945
NDM_000226,Rundu,758,Premium,USSD,Android,173.09,1,Medium,DEV_0000226,fd4bd6bb606dd3bb
NDM_000227,Oshakati,2418,Standard,Mobile_App,Android,2038.6,2,Low,DEV_0000227,1668387ceb3285f1
NDM_000228,Rundu,2796,Standard,USSD,Android,221.21,4,Low,DEV_0000228,0bd973eca6b5dd25
NDM_000229,Keetmanshoop,1860,Standard,USSD,iOS,2194.54,6,Low,DEV_0000229,eb60e502fccac8ee
NDM_000230,Oshakati,1762,Standard,Mobile_App,iOS,498.6,4,Low,DEV_0000230,c747d3a48aaaad38
NDM_000231,Windhoek,549,Standard,USSD,Android,90.29,6,Low,DEV_0000231,4714d140e8846060
NDM_000232,Keetmanshoop,2622,Standard,USSD,iOS,399.12,9,Low,DEV_0000232,093f0b5eb181f6aa
NDM_000233,Windhoek,2868,Standard,USSD,Android,289.35,3,Low,DEV_0000233,eb00df54fb0e5be6
NDM_000234,Oshakati,965,Standard,Web,iOS,1943.44,3,Medium,DEV_0000234,b42a0d653a8dda16
NDM_000235,Windhoek,1163,Premium,USSD,Android,441.76,4,Medium,DEV_0000235,025013a04d49f874
NDM_000236,Walvis Bay,2703,Standard,Web,iOS,694.76,3,Low,DEV_0000236,91ea56668dbbb2bb
NDM_000237,Swakopmund,2090,Standard,USSD,iOS,433.32,3,Low,DEV_0000237,0b35e8bfbf774161
NDM_000238,Keetmanshoop,2590,Standard,USSD,Android,136.76,5,Low,DEV_0000238,da901f630d4163bb
NDM_000239,Swakopmund,1977,Business,USSD,Android,361.51,7,Medium,DEV_0000239,cec056f6a41bc658
NDM_000240,Keetmanshoop,950,Premium,Web,Android,259.99,2,Low,DEV_0000240,777095c8cd02ce35
NDM_000241,Windhoek,3554,Standard,USSD,Android,405.01,5,Low,DEV_0000241,5e1316f54a584a03
NDM_000242,Windhoek,769,Standard,USSD,iOS,521.14,9,Low,DEV_0000242,223d1f366284a222
NDM_000243,Swakopmund,1698,Standard,Web,iOS,694.8,3,High,DEV_0000243,e8dfddd9eb328c5c
NDM_000244,Oshakati,170,Standard,USSD,Android,176.95,6,Low,DEV_0000244,535ce1207eca4069
NDM_000245,Oshakati,1628,Standard,USSD,iOS,266.76,4,Low,DEV_0000245,a7f1d359c7aae45a
NDM_000246,Walvis Bay,857,Premium,USSD,iOS,248.94,6,Low,DEV_0000246,5a101a85174d4fec
NDM_000247,Swakopmund,1407,Standard,USSD,Android,225.21,2,Low,DEV_0000247,492ce765fa328a05
NDM_000248,Swakopmund,2229,Standard,Web,Android,745.12,3,Low,DEV_0000248,be01aa4a806b7263
NDM_000249,Keetmanshoop,299,Premium,USSD,Android,562.57,1,Low,DEV_0000249,658477219a8d001d
NDM_000250,Swakopmund,733,Standard,Web,Android,420.39,1,High,DEV_0000250,22ec828d306837bb
NDM_000251,Swakopmund,1237,Standard,Web,Android,111.98,3,Medium,DEV_0000251,8adaf31f245b2352
NDM_000252,Walvis Bay,2950,Premium,USSD,iOS,591.37,3,Low,DEV_0000252,77cdf502c0e9da1d
NDM_000253,Windhoek,3459,Standard,USSD,Android,1225.36,6,Low,DEV_0000253,99945fb1c3771bd2
NDM_000254,Keetmanshoop,3494,Standard,Web,Android,1113.57,4,Medium,DEV_0000254,aa0a18bbc31a88d9
NDM_000255,Windhoek,153,Standard,USSD,Android,462.27,3,Medium,DEV_0000255,039a59d79e07001b
NDM_000256,Windhoek,2011,Standard,Web,Android,280.43,7,Medium,DEV_0000256,48a247dc1afdcdef
NDM_000257,Oshakati,1598,Standard,USSD,Android,134.9,4,Low,DEV_0000257,e0c6567404dcfba9
NDM_000258,Rundu,3583,Standard,Web,Android,2624.41,1,Medium,DEV_0000258,98b05a174961b3f3
NDM_000259,Keetmanshoop,680,Standard,USSD,Android,421.6,3,Low,DEV_0000259,198dfa918b4cd19f
NDM_000260,Keetmanshoop,2706,Standard,Web,Android,296.31,3,Low,DEV_0000260,e21b6c25e40ae5fd
NDM_000261,Windhoek,467,Standard,USSD,Android,577.83,5,Medium,DEV_0000261,e041c692380dd252
NDM_000262,Windhoek,726,Standard,Mobile_App,iOS,169.41,4,Low,DEV_0000262,cff8d987bbe7f5e8
NDM_000263,Windhoek,856,Premium,USSD,Android,190.59,2,Medium,DEV_0000263,bf8b63298fac0bd1
NDM_000264,Oshakati,2963,Standard,Mobile_App,Android,329.28,3,Medium,DEV_0000264,23346553352364fe
NDM_000265,Windhoek,3637,Business,Web,iOS,225.24,5,Medium,DEV_0000265,a8fa627b0db8a49a
NDM_000266,Keetmanshoop,3129,Standard,USSD,Android,166.53,5,Medium,DEV_0000266,79c6e07c0de8a0ac
NDM_000267,Walvis Bay,3192,Standard,Mobile_App,Android,228.71,11,Medium,DEV_0000267,a6df48aeb28329b1
NDM_000268,Rundu,1293,Standard,USSD,Android,175.04,5,High,DEV_0000268,6d93bc4c0603fff2
NDM_000269,Oshakati,658,Premium,USSD,iOS,243.22,5,Low,DEV_0000269,78745faeca590c69
NDM_000270,Swakopmund,3000,Standard,USSD,Android,504.19,4,Low,DEV_0000270,6c04252173ea1053
NDM_000271,Rundu,2177,Standard,USSD,iOS,349.88,2,Low,DEV_0000271,6e089b97ab76a352
NDM_000272,Swakopmund,3542,Premium,USSD,Android,906.31,5,Low,DEV_0000272,11e2a07ad5b5e1e7
NDM_000273,Windhoek,1874,Premium,Web,iOS,481.05,2,Medium,DEV_0000273,3797a3e5283e344e
NDM_000274,Rundu,2807,Business,USSD,Android,372.97,2,Medium,DEV_0000274,b6bb7d8292ad8ff0
NDM_000275,Walvis Bay,2154,Standard,USSD,iOS,516.02,3,Low,DEV_0000275,7eadf041f3e11e13
NDM_000276,Windhoek,3033,Premium,USSD,iOS,670.37,4,Low,DEV_0000276,d4bfb983a908d654
NDM_000277,Swakopmund,591,Standard,USSD,Android,454.9,5,Low,DEV_0000277,7ac5d376fd83f437
NDM_000278,Windhoek,1558,Standard,USSD,iOS,774.52,5,Medium,DEV_0000278,ea3d66d61cd9628f
NDM_000279,Keetmanshoop,809,Standard,Web,Android,351.51,2,Low,DEV_0000279,4ebd76e36b7d4520
NDM_000280,Windhoek,691,Business,Web,iOS,1261.33,3,Low,DEV_0000280,4808d4118cdaaab1
NDM_000281,Windhoek,3300,Premium,USSD,Android,1024.12,6,Low,DEV_0000281,0a350898a45eb7a0
NDM_000282,Walvis Bay,2921,Standard,USSD,iOS,260.23,4,Low,DEV_0000282,0c58e8ad665b43ae
NDM_000283,Oshakati,349,Standard,Web,iOS,393.12,5,Low,DEV_0000283,d2eeb55ec0e5276a
NDM_000284,Swakopmund,153,Premium,USSD,Android,1291.06,3,Low,DEV_0000284,be8287bbbbad2635
NDM_000285,Windhoek,470,Standard,USSD,Android,811.99,5,Low,DEV_0000285,3f7ff5e0515e9023
NDM_000286,Windhoek,2593,Standard,USSD,Android,623.46,2,Low,DEV_0000286,05f389d19691b3fc
NDM_000287,Oshakati,1654,Standard,USSD,Android,684.35,9,Low,DEV_0000287,516e7036c49eaf80
NDM_000288,Oshakati,2308,Premium,USSD,Android,626.73,6,Low,DEV_0000288,010ce10b3b7d9d33
NDM_000289,Swakopmund,1496,Standard,USSD,iOS,242.58,4,Low,DEV_0000289,d18e8f46e6bf8c56
NDM_000290,Windhoek,1308,Standard,USSD,Android,497.4,5,High,DEV_0000290,40e08fe6d9869976
NDM_000291,Swakopmund,1229,Premium,Web,iOS,93.83,6,Low,DEV_0000291,aacf40f7d9b02769
NDM_000292,Swakopmund,479,Standard,USSD,Android,280.21,9,Low,DEV_0000292,a75db2d65c0b6e1f
NDM_000293,Walvis Bay,3115,Standard,USSD,Android,709.99,1,Low,DEV_0000293,6839bffb8d9f2dcf
NDM_000294,Oshakati,1975,Standard,USSD,Android,221.93,5,Low,DEV_0000294,aa42dee5a84b6d37
NDM_000295,Swakopmund,2345,Standard,Web,Android,991.43,3,High,DEV_0000295,56feba5f9961be90
NDM_000296,Keetmanshoop,457,Standard,USSD,Android,402.98,2,Medium,DEV_0000296,39bdbca57cb9ee60
NDM_000297,Windhoek,476,Standard,Web,Android,147.09,2,Medium,DEV_0000297,ae8a98e89ca27dc5
NDM_000298,Walvis Bay,3612,Standard,Mobile_App,Android,617.89,2,Medium,DEV_0000298,b2e117b380353e01
NDM_000299,Windhoek,808,Premium,Web,Android,2449.43,2,High,DEV_0000299,a299a62310991cae
NDM_000300,Rundu,302,Premium,Mobile_App,Android,903.64,6,High,DEV_0000300,610fb8660f31e298
NDM_000301,Windhoek,3007,Standard,USSD,Android,279.86,7,Low,DEV_0000301,b3edcc63c82c1d87
NDM_000302,Walvis Bay,1499,Premium,Web,Android,189.4,7,Medium,DEV_0000302,10281373835a9d04
NDM_000303,Windhoek,906,Business,USSD,iOS,1014.65,2,Low,DEV_0000303,a0cada08df9f3a91
NDM_000304,Walvis Bay,3644,Standard,USSD,Android,362.25,3,Low,DEV_0000304,d4cec4500019ca6e
NDM_000305,Oshakati,36,Standard,Web,iOS,156.93,4,Low,DEV_0000305,7c9366e48341e904
NDM_000306,Walvis Bay,133,Standard,USSD,Android,388.75,7,Low,DEV_0000306,8ee64a61f3d72ac0
NDM_000307,Oshakati,2487,Standard,Web,Android,1105.73,4,Low,DEV_0000307,ef969e5e3fb51f00
NDM_000308,Rundu,1896,Standard,USSD,iOS,161.25,5,Medium,DEV_0000308,2c43c442d22f3ec3
NDM_000309,Windhoek,485,Standard,USSD,Android,211.73,4,Low,DEV_0000309,e6e2f877663af0aa
NDM_000310,Windhoek,822,Standard,USSD,Android,722.26,3,Medium,DEV_0000310,345e4902fbf7c692
NDM_000311,Windhoek,2014,Standard,USSD,Android,1702.09,3,Low,DEV_0000311,a049b9fb1c48177f
NDM_000312,Swakopmund,2669,Standard,USSD,Android,505.48,7,Low,DEV_0000312,2b009fb430f13538
NDM_000313,Oshakati,2519,Standard,Web,Android,79.26,4,Medium,DEV_0000313,2c6999a3c13f62c4
NDM_000314,Windhoek,2950,Standard,Mobile_App,Android,1028.59,4,Low,DEV_0000314,4874264c7584ca54
NDM_000315,Swakopmund,2236,Business,USSD,Android,1473.86,8,Low,DEV_0000315,31d396fe8c1616f3
NDM_000316,Swakopmund,1202,Standard,Web,Android,623.76,1,Low,DEV_0000316,7b48582b0da4e7fe
NDM_000317,Windhoek,70,Standard,Mobile_App,Android,2193.68,6,Low,DEV_0000317,7006357aadb1908d
NDM_000318,Windhoek,184,Standard,Mobile_App,Android,227.14,5,Low,DEV_0000318,8fa8bc2cfeae93b7
NDM_000319,Walvis Bay,3563,Business,Web,Android,1014.59,2,Low,DEV_0000319,64b7807b39e77ea1
NDM_000320,Windhoek,1079,Standard,USSD,Android,504.62,1,Low,DEV_0000320,13afb219b91ff524
NDM_000321,Windhoek,2869,Premium,USSD,iOS,64.2,2,Low,DEV_0000321,8c59813bed25fce2
NDM_000322,Swakopmund,2526,Premium,USSD,Android,1321.39,2,Medium,DEV_0000322,97e20c4e67813588
NDM_000323,Keetmanshoop,3216,Standard,USSD,iOS,511.19,4,Low,DEV_0000323,ccc405040cc58180
NDM_000324,Windhoek,1635,Standard,Mobile_App,Android,1069.48,3,Low,DEV_0000324,f9d52835cd6158ee
NDM_000325,Rundu,2135,Standard,Web,iOS,306.36,3,Medium,DEV_0000325,45e78d8b5a467b7b
NDM_000326,Rundu,329,Standard,USSD,Android,1815.84,3,Low,DEV_0000326,1ada8728b1b8a28a
NDM_000327,Oshakati,2130,Standard,Web,Android,162.44,3,Low,DEV_0000327,7eed746498b3f633
NDM_000328,Windhoek,253,Standard,Mobile_App,Android,396.84,4,Medium,DEV_0000328,a456e2581c6bb176
NDM_000329,Keetmanshoop,2071,Standard,USSD,Android,172.39,2,High,DEV_0000329,499dc9f37c2feab2
NDM_000330,Rundu,245,Standard,USSD,iOS,1806.48,4,Low,DEV_0000330,646bb561dca5b7a7
NDM_000331,Walvis Bay,769,Standard,USSD,iOS,217.25,4,Low,DEV_0000331,1f39adcbf20c8c3e
NDM_000332,Windhoek,154,Standard,USSD,Android,553.8,3,Low,DEV_0000332,62214e3a74d4a9a0
NDM_000333,Windhoek,3309,Standard,USSD,iOS,437.46,3,Medium,DEV_0000333,ad068735d92aff85
NDM_000334,Oshakati,845,Standard,Web,Android,749.3,2,Low,DEV_0000334,89af5976999234ac
NDM_000335,Rundu,3631,Standard,Web,Android,464.01,2,Medium,DEV_0000335,01dfeb94869c55de
NDM_000336,Keetmanshoop,3536,Standard,Mobile_App,iOS,202.51,2,Low,DEV_0000336,6ce241d2272a0eac
NDM_000337,Windhoek,1874,Standard,USSD,iOS,131.81,3,Low,DEV_0000337,07b3ca57100aef5b
NDM_000338,Windhoek,1503,Standard,Mobile_App,Android,471.08,3,Low,DEV_0000338,9ae6429c64d604b7
NDM_000339,Windhoek,1081,Standard,USSD,Android,285.28,3,Medium,DEV_0000339,31ef3cca4ff651ba
NDM_000340,Rundu,3001,Standard,Web,Android,408.7,7,Low,DEV_0000340,95554b780722fd2d
NDM_000341,Oshakati,301,Standard,Mobile_App,Android,526.07,5,Medium,DEV_0000341,18195f2ad932185f
NDM_000342,Windhoek,355,Standard,Mobile_App,Android,906.1,4,Low,DEV_0000342,f930bc97e077f156
NDM_000343,Windhoek,1540,Standard,USSD,Android,161.12,3,High,DEV_0000343,b5842fbf708f3d8c
NDM_000344,Windhoek,3347,Standard,USSD,iOS,809.66,2,Low,DEV_0000344,588980fac40edf62
NDM_000345,Windhoek,1353,Standard,Web,iOS,419.92,3,Low,DEV_0000345,89466cb1a8e09532
NDM_000346,Keetmanshoop,784,Business,USSD,Android,262.45,9,Medium,DEV_0000346,5c3d8ea09e91e766
NDM_000347,Oshakati,2952,Standard,USSD,Android,771.96,1,Low,DEV_0000347,9badcc96202f8b4c
NDM_000348,Walvis Bay,1206,Standard,USSD,iOS,894.08,5,Low,DEV_0000348,55d368a4d66ff295
NDM_000349,Keetmanshoop,46,Standard,USSD,Android,227.21,5,Medium,DEV_0000349,b5b479979d241ac6
NDM_000350,Oshakati,543,Standard,USSD,iOS,1341.07,7,Low,DEV_0000350,3573a6b3f7180e97
NDM_000351,Keetmanshoop,3135,Standard,Web,Android,1068.24,4,Low,DEV_0000351,1e3f60d93b303d76
NDM_000352,Windhoek,1175,Standard,USSD,Android,386.68,4,Low,DEV_0000352,889bb30aa57fda74
NDM_000353,Rundu,1943,Standard,Web,Android,1544.36,5,Medium,DEV_0000353,152bdb230968d06e
NDM_000354,Rundu,1318,Standard,USSD,Android,373.72,4,Low,DEV_0000354,d3e59f4c52b0b33b
NDM_000355,Oshakati,1404,Standard,Web,iOS,445.09,6,Low,DEV_0000355,06c150e49fe78992
NDM_000356,Oshakati,112,Standard,USSD,Android,927.74,3,High,DEV_0000356,dc610128c68c3ed4
NDM_000357,Walvis Bay,2410,Standard,USSD,Android,707.29,4,Low,DEV_0000357,1b0e5e4a165ddbb5
NDM_000358,Swakopmund,426,Standard,USSD,Android,295.54,5,Low,DEV_0000358,0b990b0b534a8b8d
NDM_000359,Oshakati,2069,Standard,Mobile_App,Android,545.73,5,Low,DEV_0000359,ea98a5f9f780c22d
NDM_000360,Windhoek,2822,Standard,Web,iOS,162.37,4,Medium,DEV_0000360,154a518b3347630e
NDM_000361,Oshakati,2709,Standard,USSD,Android,3821.71,5,Medium,DEV_0000361,48aff04e79be8724
NDM_000362,Swakopmund,2272,Standard,USSD,Android,284.72,2,Low,DEV_0000362,da618d5d38902583
NDM_000363,Windhoek,1158,Standard,USSD,Android,525.23,2,High,DEV_0000363,49966905d83970d9
NDM_000364,Windhoek,3243,Standard,USSD,Android,95.12,3,Low,DEV_0000364,834ea91f544ecfff
NDM_000365,Keetmanshoop,2949,Premium,USSD,iOS,2963.92,5,Medium,DEV_0000365,ec58018019048fb6
NDM_000366,Swakopmund,1978,Standard,Web,iOS,912.08,4,Low,DEV_0000366,421aef782d3cc1da
NDM_000367,Rundu,2478,Standard,USSD,iOS,308.15,7,Low,DEV_0000367,15b7357e3bbea2b6
NDM_000368,Oshakati,3431,Standard,USSD,Android,401.89,6,Low,DEV_0000368,66a4374d12afc272
NDM_000369,Windhoek,2112,Standard,USSD,Android,1634.43,6,Low,DEV_0000369,5ed683d79177d42e
NDM_000370,Walvis Bay,884,Standard,USSD,Android,1095.68,4,Medium,DEV_0000370,b16592be757aa9e9
NDM_000371,Windhoek,2149,Premium,USSD,Android,300.76,4,Low,DEV_0000371,5105b59228035ccb
NDM_000372,Keetmanshoop,1472,Standard,USSD,iOS,776.32,2,Low,DEV_0000372,9c6c0ed6850dcfd2
NDM_000373,Walvis Bay,1368,Standard,USSD,Android,157.03,5,Low,DEV_0000373,41282dc11c01cf03
NDM_000374,Oshakati,464,Business,USSD,iOS,283.03,4,Medium,DEV_0000374,30653c6853e3dcc5
NDM_000375,Rundu,2741,Standard,USSD,iOS,2472.23,3,Low,DEV_0000375,29d8dc447d2e8951
NDM_000376,Windhoek,3578,Standard,USSD,iOS,517.75,5,Low,DEV_0000376,e7dae157514c639f
NDM_000377,Rundu,2051,Premium,Mobile_App,Android,372.11,2,Low,DEV_0000377,e8ab6e8d6edde585
NDM_000378,Swakopmund,1857,Standard,Web,Android,522.77,2,Low,DEV_0000378,18c688e239d6f64b
NDM_000379,Windhoek,1808,Business,USSD,iOS,160.73,4,Low,DEV_0000379,60fb4402e9a1b813
NDM_000380,Walvis Bay,1329,Standard,Web,iOS,887.87,3,Low,DEV_0000380,eb82e202f7f71db0
NDM_000381,Walvis Bay,2860,Premium,USSD,Android,377.64,4,Medium,DEV_0000381,dc1851d504f6225a
NDM_000382,Walvis Bay,2263,Premium,USSD,Android,479.01,4,Medium,DEV_0000382,dab97ec785f02936
NDM_000383,Oshakati,1683,Standard,USSD,iOS,560.06,3,Low,DEV_0000383,7fcbf6c17b5669d6
NDM_000384,Walvis Bay,2070,Premium,USSD,iOS,141.41,3,Low,DEV_0000384,8377e8a6a58dee5c
NDM_000385,Walvis Bay,849,Business,USSD,Android,179.55,7,Low,DEV_0000385,38f0d1d080bdd170
NDM_000386,Windhoek,1380,Standard,USSD,Android,204.66,5,Low,DEV_0000386,8443e6c3d8005a28
NDM_000387,Swakopmund,861,Premium,USSD,iOS,230.46,5,Medium,DEV_0000387,06e0ce9bbf702512
NDM_000388,Rundu,2321,Standard,Web,iOS,571.46,2,Low,DEV_0000388,60157384b976c67b
NDM_000389,Keetmanshoop,551,Business,USSD,iOS,765.16,3,Low,DEV_0000389,f00b0563a3096228
NDM_000390,Walvis Bay,388,Standard,Web,Android,359.74,5,Low,DEV_0000390,7cac5bccc2904236
NDM_000391,Keetmanshoop,1122,Standard,Mobile_App,Android,408.03,5,Low,DEV_0000391,92346c82c91f2929
NDM_000392,Oshakati,2755,Standard,USSD,Android,991.38,4,Low,DEV_0000392,7d5f18bbcd9ccc18
NDM_000393,Swakopmund,890,Standard,USSD,iOS,145.73,4,Low,DEV_0000393,80a032f9924f75a9
NDM_000394,Swakopmund,1743,Standard,USSD,Android,860.22,3,Medium,DEV_0000394,b6072fe34701052c
NDM_000395,Rundu,2322,Standard,Web,Android,572.23,5,Low,DEV_0000395,48337528b2ac91d2
NDM_000396,Windhoek,3459,Standard,Web,Android,1590.04,4,Low,DEV_0000396,2c9aa8068474c186
NDM_000397,Windhoek,3135,Standard,USSD,Android,262.31,4,Low,DEV_0000397,885082244c4030e1
NDM_000398,Windhoek,1048,Standard,Web,Android,209.32,7,Low,DEV_0000398,7aed2c26ecffe77c
NDM_000399,Keetmanshoop,2726,Standard,Web,Android,471.17,4,Low,DEV_0000399,3c2cf3936d4d10d9
NDM_000400,Windhoek,2730,Premium,USSD,iOS,2760.79,2,Low,DEV_0000400,4e7aa507657ff8ba
NDM_000401,Windhoek,2329,Standard,USSD,Android,1292.46,3,Low,DEV_0000401,78c7f5e39ed89e98
NDM_000402,Windhoek,2391,Standard,Web,Android,740.54,4,Medium,DEV_0000402,5b34f36993bfd3f8
NDM_000403,Walvis Bay,1868,Standard,USSD,Android,173.21,4,Medium,DEV_0000403,29115a8841b579d4
NDM_000404,Oshakati,2687,Premium,Web,iOS,403.78,3,Low,DEV_0000404,4f32b2abfd15717c
NDM_000405,Walvis Bay,3045,Standard,USSD,Android,322.59,3,Low,DEV_0000405,4ae7a21631b4b1d6
NDM_000406,Windhoek,2191,Standard,USSD,iOS,530.57,2,Low,DEV_0000406,1c444d1308399912
NDM_000407,Windhoek,1619,Standard,Mobile_App,iOS,988.18,3,Low,DEV_0000407,d55760c1246b0418
NDM_000408,Windhoek,1563,Business,USSD,iOS,76.97,1,Low,DEV_0000408,39b275f77c4d8b57
NDM_000409,Windhoek,505,Standard,Mobile_App,iOS,1028.32,4,Low,DEV_0000409,8cea90a6e2753ce8
NDM_000410,Swakopmund,384,Standard,USSD,Android,830.12,4,Low,DEV_0000410,1c3b67935a819bd1
NDM_000411,Rundu,1630,Premium,USSD,Android,99.53,2,Low,DEV_0000411,002a80fb2e8982e5
NDM_000412,Oshakati,2109,Standard,USSD,Android,501.72,4,Low,DEV_0000412,d677e5c7917aa8a9
NDM_000413,Oshakati,1142,Standard,Web,iOS,639.28,4,Medium,DEV_0000413,6fefc6938929b34e
NDM_000414,Swakopmund,999,Standard,USSD,Android,896.8,8,Low,DEV_0000414,f8bdf7a6a5257755
NDM_000415,Rundu,2998,Standard,USSD,iOS,549.13,3,Low,DEV_0000415,2e0490447ce44b4b
NDM_000416,Walvis Bay,96,Standard,USSD,iOS,365.17,5,Low,DEV_0000416,9a7d57baa92162a6
NDM_000417,Swakopmund,3109,Standard,USSD,Android,2439.91,5,Low,DEV_0000417,8726586c7ea80bc1
NDM_000418,Rundu,446,Standard,USSD,iOS,287.09,3,Low,DEV_0000418,b6e341a103296690
NDM_000419,Oshakati,3303,Standard,USSD,iOS,249.57,3,Low,DEV_0000419,4ae21af44e7171d7
NDM_000420,Windhoek,1232,Standard,Web,Android,237.35,2,Low,DEV_0000420,812372ec70e76024
NDM_000421,Windhoek,3528,Standard,Mobile_App,Android,202.13,5,Low,DEV_0000421,fe47d7637b52963a
NDM_000422,Oshakati,2051,Standard,Mobile_App,Android,993.16,7,Low,DEV_0000422,d20fefd26572d8d8
NDM_000423,Walvis Bay,1385,Business,USSD,Android,868.36,3,Low,DEV_0000423,25f072dc8e1feb7f
NDM_000424,Rundu,2709,Premium,USSD,Android,609.9,7,Low,DEV_0000424,03eb826dccca2e7e
NDM_000425,Oshakati,3315,Standard,USSD,Android,1277.84,1,Low,DEV_0000425,fe6765ea59a87c5b
NDM_000426,Windhoek,1515,Standard,Web,Android,818.92,5,High,DEV_0000426,d2cdad14b6708395
NDM_000427,Oshakati,3077,Standard,Web,Android,1411.95,6,Medium,DEV_0000427,d6797d5dfc27acc1
NDM_000428,Rundu,2435,Standard,USSD,Android,783.27,3,Medium,DEV_0000428,12a8998ac72d3c62
NDM_000429,Windhoek,3218,Premium,USSD,iOS,832.48,5,Low,DEV_0000429,b8b7cb26178e2b8b
NDM_000430,Windhoek,1761,Premium,USSD,Android,730.78,3,Low,DEV_0000430,bebbd1e1ae921497
NDM_000431,Windhoek,2957,Standard,USSD,Android,131.32,7,Low,DEV_0000431,5309b05aaa3d9cb8
NDM_000432,Windhoek,1979,Premium,Web,Android,330.0,2,Low,DEV_0000432,797cb44ab00fdb2f
NDM_000433,Oshakati,767,Standard,USSD,Android,889.8,4,High,DEV_0000433,5ea48b595c98654f
NDM_000434,Oshakati,2225,Standard,USSD,Android,524.13,3,Medium,DEV_0000434,8d4e3f2fedf82806
NDM_000435,Windhoek,3108,Standard,USSD,Android,783.09,1,Low,DEV_0000435,6de2abedb44b325b
NDM_000436,Windhoek,156,Business,Mobile_App,iOS,199.33,3,Low,DEV_0000436,8e25575782ec4657
NDM_000437,Rundu,877,Standard,Web,Android,368.05,3,Medium,DEV_0000437,98d98435ef7ed82f
NDM_000438,Windhoek,1789,Premium,USSD,Android,2160.1,5,Low,DEV_0000438,7f2e210fa59d7fb0
NDM_000439,Walvis Bay,3474,Standard,USSD,Android,328.73,4,Medium,DEV_0000439,817e7f99dc65479b
NDM_000440,Keetmanshoop,2109,Standard,USSD,Android,433.12,4,Medium,DEV_0000440,2a64c2822e98dcfa
NDM_000441,Windhoek,931,Standard,USSD,Android,252.48,5,Low,DEV_0000441,867b426627a19c90
NDM_000442,Swakopmund,139,Standard,Mobile_App,Android,172.87,5,Low,DEV_0000442,bc2a4da3b9f91e86
NDM_000443,Keetmanshoop,624,Premium,USSD,Android,528.49,6,Low,DEV_0000443,751a4fd1ca1a4dd3
NDM_000444,Windhoek,1803,Standard,USSD,iOS,501.67,3,Low,DEV_0000444,b9ed3640a17cb218
NDM_000445,Windhoek,480,Standard,Web,Android,145.75,5,Low,DEV_0000445,640ecef8e439dad3
NDM_000446,Windhoek,748,Standard,Web,Android,857.87,3,Medium,DEV_0000446,6c25f9abd4bf41b4
NDM_000447,Swakopmund,136,Premium,USSD,Android,3350.81,3,Low,DEV_0000447,6b8ae785bdcd5c8c
NDM_000448,Windhoek,1492,Standard,USSD,Android,1448.47,5,Medium,DEV_0000448,bb9995382e3a1aaf
NDM_000449,Windhoek,3257,Premium,USSD,Android,215.84,6,Medium,DEV_0000449,96b5f8cab17592dc
NDM_000450,Windhoek,2799,Standard,USSD,Android,706.76,6,Low,DEV_0000450,28fa8a0d0bf02c84
NDM_000451,Windhoek,2521,Standard,USSD,Android,1208.73,2,Medium,DEV_0000451,20ae8e8186e6096a
NDM_000452,Swakopmund,1043,Standard,Web,Android,1431.64,3,Medium,DEV_0000452,c1fdcf80adb84003
NDM_000453,Rundu,220,Standard,USSD,iOS,609.72,1,Low,DEV_0000453,8f7d8872281d7177
NDM_000454,Windhoek,466,Business,USSD,Android,849.22,2,Low,DEV_0000454,6ce568ad6450a227
NDM_000455,Windhoek,594,Premium,USSD,Android,286.09,4,Low,DEV_0000455,a0d34bfe0d6017c8
NDM_000456,Walvis Bay,2646,Standard,USSD,iOS,782.5,5,Low,DEV_0000456,071432841e44dd4d
NDM_000457,Swakopmund,425,Standard,USSD,iOS,547.4,7,Medium,DEV_0000457,8674a5125b57b17c
NDM_000458,Windhoek,962,Standard,USSD,Android,1303.12,3,Low,DEV_0000458,ee1025cfde592820
NDM_000459,Swakopmund,2258,Standard,USSD,Android,1315.6,5,Medium,DEV_0000459,f4eb992ec68a1bfb
NDM_000460,Swakopmund,1909,Standard,Web,Android,638.72,6,High,DEV_0000460,75aba9cf771a1f59
NDM_000461,Walvis Bay,1052,Premium,USSD,Android,331.63,3,Low,DEV_0000461,3cdcc76fac7bfd5d
NDM_000462,Swakopmund,747,Standard,Mobile_App,iOS,313.44,2,Medium,DEV_0000462,5f8fe7b39f4d1e8f
NDM_000463,Swakopmund,3213,Standard,USSD,Android,78.65,6,Low,DEV_0000463,1ea030d9a28e3f15
NDM_000464,Swakopmund,721,Standard,Mobile_App,Android,176.67,3,Low,DEV_0000464,842916798128c5e5
NDM_000465,Windhoek,3486,Standard,USSD,Android,529.05,4,Low,DEV_0000465,67733433142d18ed
NDM_000466,Keetmanshoop,747,Standard,USSD,Android,84.59,3,Medium,DEV_0000466,58d923a6db959a45
NDM_000467,Windhoek,205,Standard,USSD,iOS,447.41,3,Medium,DEV_0000467,07db0092f2506346
NDM_000468,Windhoek,1755,Standard,Web,Android,485.64,3,Low,DEV_0000468,70aafe1a50ba25a1
NDM_000469,Walvis Bay,2907,Premium,Web,iOS,764.86,4,Low,DEV_0000469,ef403f69c430b882
NDM_000470,Oshakati,3416,Business,Web,iOS,196.02,2,Low,DEV_0000470,ad1197827d0f9cbd
NDM_000471,Windhoek,1570,Standard,USSD,Android,1002.95,3,Low,DEV_0000471,494f153845dcca8e
NDM_000472,Rundu,1037,Standard,USSD,Android,396.23,2,Low,DEV_0000472,c4a9e18e16c64973
NDM_000473,Windhoek,603,Standard,Mobile_App,iOS,845.99,7,Low,DEV_0000473,27d52840254b3e90
NDM_000474,Swakopmund,3084,Standard,USSD,Android,549.48,3,Low,DEV_0000474,054387123ddb85c3
NDM_000475,Swakopmund,972,Standard,Web,Android,341.17,5,Medium,DEV_0000475,b6163174d36877f2
NDM_000476,Rundu,178,Standard,USSD,iOS,588.18,5,High,DEV_0000476,ff3ab7308e08454f
NDM_000477,Rundu,1049,Standard,USSD,Android,760.01,4,High,DEV_0000477,ed9a8a66f452b304
NDM_000478,Windhoek,2020,Standard,USSD,Android,370.2,5,Medium,DEV_0000478,cfbec175ae3836af
NDM_000479,Windhoek,766,Standard,USSD,Android,770.23,5,Medium,DEV_0000479,a9023d9480c1a86d
NDM_000480,Walvis Bay,1719,Standard,USSD,Android,409.94,2,Low,DEV_0000480,24f36e688dc17047
NDM_000481,Walvis Bay,2949,Standard,USSD,Android,436.31,4,Low,DEV_0000481,de35c4da87d046b8
NDM_000482,Swakopmund,62,Premium,Web,Android,738.01,6,Low,DEV_0000482,d9c3c8292f8a7336
NDM_000483,Windhoek,2091,Standard,Web,Android,314.65,3,Low,DEV_0000483,87e525d21b51fabe
NDM_000484,Oshakati,283,Premium,Mobile_App,iOS,259.24,3,Low,DEV_0000484,6ecb5369ff5a4e90
NDM_000485,Windhoek,2962,Premium,USSD,Android,745.0,6,Low,DEV_0000485,a7f7ebb8e7aada6c
NDM_000486,Windhoek,144,Premium,Web,iOS,2330.63,7,Low,DEV_0000486,c0ef0e63fef189e0
NDM_000487,Windhoek,1622,Standard,Web,Android,614.91,5,High,DEV_0000487,5b7a8cac594b5da0
NDM_000488,Oshakati,1431,Standard,USSD,iOS,407.91,2,Low,DEV_0000488,af36971017ca019d
NDM_000489,Windhoek,3096,Standard,USSD,iOS,457.4,2,High,DEV_0000489,5af705a3343abb35
NDM_000490,Oshakati,856,Standard,USSD,iOS,1537.42,3,Medium,DEV_0000490,9006a5504cd68ffe
NDM_000491,Walvis Bay,2355,Standard,Web,Android,143.33,6,Medium,DEV_0000491,91358087b78657e3
NDM_000492,Swakopmund,382,Standard,USSD,Android,213.88,4,Medium,DEV_0000492,12497b2533c0f362
NDM_000493,Swakopmund,1222,Standard,Web,Android,840.5,4,Low,DEV_0000493,54c479abf37453ed
NDM_000494,Windhoek,2395,Standard,Mobile_App,Android,518.28,4,High,DEV_0000494,ec035c82c1efe0fb
NDM_000495,Rundu,3468,Standard,USSD,iOS,721.51,5,Low,DEV_0000495,cb187d8942b369e9
NDM_000496,Windhoek,2930,Standard,Web,Android,327.73,3,Low,DEV_0000496,8cda54351efc6456
NDM_000497,Swakopmund,1231,Standard,USSD,iOS,1106.77,7,Low,DEV_0000497,b8f437c2f6f397d8
NDM_000498,Keetmanshoop,661,Standard,USSD,Android,687.37,3,Medium,DEV_0000498,827ff9bd3799c850
NDM_000499,Windhoek,345,Standard,USSD,iOS,393.91,7,Low,DEV_0000499,b8cfcb0dfc517b8e
NDM_000500,Keetmanshoop,855,Standard,Web,iOS,954.14,3,Low,DEV_0000500,cc8c9f5b3dc7d0d6
NDM_000501,Windhoek,2476,Standard,USSD,iOS,254.96,4,Low,DEV_0000501,6028fd26eaebe9d3
NDM_000502,Windhoek,3611,Standard,Mobile_App,Android,479.87,3,Low,DEV_0000502,f602f8765b432fd7
NDM_000503,Windhoek,162,Standard,USSD,iOS,710.92,7,Low,DEV_0000503,e69cef05120340bc
NDM_000504,Rundu,1655,Business,USSD,Android,520.01,4,Low,DEV_0000504,a6f852528d8a806c
NDM_000505,Swakopmund,3039,Business,USSD,Android,684.48,6,Low,DEV_0000505,c3e8c430005802ee
NDM_000506,Swakopmund,260,Standard,USSD,Android,1888.92,4,High,DEV_0000506,d68d8f26d82eeb04
NDM_000507,Keetmanshoop,1272,Standard,Web,Android,803.85,4,Low,DEV_0000507,92d4f8dc37a9dbf8
NDM_000508,Swakopmund,2068,Standard,USSD,iOS,2891.41,4,Low,DEV_0000508,c88ebbb0e8eb8134
NDM_000509,Rundu,1046,Standard,USSD,Android,745.82,4,Low,DEV_0000509,8a2f5cf45c7bb498
NDM_000510,Walvis Bay,1653,Premium,Mobile_App,Android,226.02,4,Medium,DEV_0000510,ce846910e1b53f0f
NDM_000511,Windhoek,1986,Premium,Web,Android,2690.45,4,Low,DEV_0000511,0b49e67b8ea333d5
NDM_000512,Keetmanshoop,2519,Standard,USSD,iOS,3554.06,6,Low,DEV_0000512,9d1c3e889233f695
NDM_000513,Oshakati,1425,Standard,USSD,Android,186.08,7,Low,DEV_0000513,a7a0b0a1bda0e2ca
NDM_000514,Oshakati,2535,Standard,USSD,iOS,341.2,7,Low,DEV_0000514,0f6f72fd10644509
NDM_000515,Walvis Bay,1933,Standard,Web,Android,269.85,6,Medium,DEV_0000515,f751d0b572f20224
NDM_000516,Windhoek,3590,Standard,USSD,iOS,1341.04,3,Low,DEV_0000516,a70064965481fb27
NDM_000517,Swakopmund,2502,Standard,USSD,Android,416.14,6,Low,DEV_0000517,bccc7d4bf9262412
NDM_000518,Windhoek,639,Standard,Web,iOS,196.9,2,Medium,DEV_0000518,61440bf905cfd617
NDM_000519,Swakopmund,1485,Business,Web,Android,301.94,3,Medium,DEV_0000519,2ee888d671a4977e
NDM_000520,Walvis Bay,1509,Standard,USSD,iOS,1112.05,6,Low,DEV_0000520,f90546224c0e2849
NDM_000521,Keetmanshoop,2183,Standard,USSD,Android,198.57,6,Low,DEV_0000521,ae83569b07cedd3d
NDM_000522,Keetmanshoop,3349,Standard,USSD,iOS,151.96,3,Low,DEV_0000522,8c6c05568e620dce
NDM_000523,Swakopmund,2954,Premium,USSD,iOS,435.82,2,Low,DEV_0000523,194dd14864a87f26
NDM_000524,Windhoek,2557,Standard,Mobile_App,Android,284.82,3,Low,DEV_0000524,08f05cb526297ad1
NDM_000525,Windhoek,3044,Standard,Web,Android,884.52,2,Low,DEV_0000525,874673c0ae46b316
NDM_000526,Oshakati,1908,Business,USSD,Android,1233.32,3,Low,DEV_0000526,b29373236fb132ea
NDM_000527,Keetmanshoop,1911,Standard,USSD,iOS,443.02,6,Low,DEV_0000527,a3b4604d0a2b2d7d
NDM_000528,Swakopmund,1643,Standard,USSD,Android,556.14,2,Low,DEV_0000528,b2dd95ef3c140219
NDM_000529,Windhoek,1931,Standard,Web,Android,703.5,2,Low,DEV_0000529,e0a70d75be05f893
NDM_000530,Rundu,161,Premium,USSD,iOS,646.81,6,Low,DEV_0000530,05bc88041ddcc784
NDM_000531,Walvis Bay,1290,Premium,USSD,Android,1208.43,5,Low,DEV_0000531,257aadd5829a7b7e
NDM_000532,Walvis Bay,2362,Standard,Mobile_App,iOS,161.86,2,Low,DEV_0000532,2078e14254f67c8e
NDM_000533,Swakopmund,1832,Premium,USSD,iOS,352.88,5,Low,DEV_0000533,b4eacb48f1f973c5
NDM_000534,Walvis Bay,2595,Standard,Web,Android,876.11,2,Low,DEV_0000534,42f4d98463d0cf00
NDM_000535,Keetmanshoop,2787,Standard,USSD,iOS,28.81,4,Low,DEV_0000535,0aadb954538936b5
NDM_000536,Windhoek,1651,Standard,USSD,iOS,612.64,4,Low,DEV_0000536,460b32e95e61aa39
NDM_000537,Oshakati,350,Standard,USSD,Android,1231.51,5,Low,DEV_0000537,d6f5cc73663deacb
NDM_000538,Rundu,2826,Standard,Web,iOS,253.13,7,Medium,DEV_0000538,272397b4b5c3735e
NDM_000539,Windhoek,623,Standard,USSD,Android,366.29,7,Low,DEV_0000539,7bec10b27b25aa27
NDM_000540,Walvis Bay,1447,Standard,USSD,iOS,732.42,3,High,DEV_0000540,1380523c94c24b8a
NDM_000541,Oshakati,2828,Standard,USSD,Android,538.38,4,Low,DEV_0000541,55e5e70a373c1f68
NDM_000542,Windhoek,1501,Standard,USSD,Android,4097.4,3,Low,DEV_0000542,e8be807b0aad5952
NDM_000543,Windhoek,3407,Standard,USSD,Android,1340.2,6,Low,DEV_0000543,b4ee71dc892c495c
NDM_000544,Walvis Bay,984,Standard,Web,Android,354.2,5,Low,DEV_0000544,ef94672015f4dba7
NDM_000545,Windhoek,2940,Business,USSD,Android,454.67,2,Low,DEV_0000545,5425b283f18a5954
NDM_000546,Walvis Bay,397,Standard,Web,Android,532.62,3,Low,DEV_0000546,5d15af2407f36f77
NDM_000547,Walvis Bay,2830,Standard,Mobile_App,Android,1181.51,6,Low,DEV_0000547,23601c15198ee4ee
NDM_000548,Windhoek,338,Standard,USSD,Android,617.08,4,Medium,DEV_0000548,ee9601510f1ac288
NDM_000549,Walvis Bay,2590,Standard,Web,iOS,431.89,9,Low,DEV_0000549,0275a0d5f6377e8b
NDM_000550,Windhoek,1681,Premium,Mobile_App,Android,258.68,6,Low,DEV_0000550,21e2d51a51a5819e
NDM_000551,Walvis Bay,3549,Standard,Web,Android,325.29,5,Low,DEV_0000551,9f33cda4bf633082
NDM_000552,Walvis Bay,450,Standard,USSD,Android,461.24,5,Low,DEV_0000552,0b9a5824002436c0
NDM_000553,Windhoek,119,Standard,USSD,Android,1022.58,3,Low,DEV_0000553,1656a8bba58ea871
NDM_000554,Windhoek,1367,Standard,USSD,Android,611.25,3,Low,DEV_0000554,9b261bb941cdb838
NDM_000555,Keetmanshoop,704,Standard,USSD,Android,2775.95,2,Low,DEV_0000555,2f58ab2796876a54
NDM_000556,Swakopmund,3647,Standard,Mobile_App,Android,572.89,6,Medium,DEV_0000556,603738501b721a88
NDM_000557,Swakopmund,1811,Standard,USSD,Android,649.12,4,Low,DEV_0000557,9fec4dd7606f6bd7
NDM_000558,Windhoek,2682,Standard,Mobile_App,Android,410.46,4,Low,DEV_0000558,b50b0a2b4ee8386c
NDM_000559,Windhoek,3481,Standard,Web,Android,1175.06,4,Medium,DEV_0000559,c8aec0cae2656f2e
NDM_000560,Walvis Bay,2997,Standard,USSD,iOS,242.52,3,Medium,DEV_0000560,b140a5215fd3dd98
NDM_000561,Keetmanshoop,2658,Business,USSD,Android,213.11,4,High,DEV_0000561,afc5f2e242772f86
NDM_000562,Oshakati,2108,Premium,USSD,Android,565.17,4,Low,DEV_0000562,e46bccb7f2a93372
NDM_000563,Windhoek,724,Standard,USSD,Android,458.42,4,Medium,DEV_0000563,a54e2d3896cc898a
NDM_000564,Walvis Bay,2163,Standard,USSD,iOS,542.1,6,Medium,DEV_0000564,66474ccb127413bc
NDM_000565,Keetmanshoop,287,Premium,USSD,Android,1071.45,3,Low,DEV_0000565,378a8592eb89466d
NDM_000566,Windhoek,2480,Standard,USSD,Android,400.44,5,Low,DEV_0000566,cccf76d378cd049d
NDM_000567,Oshakati,1616,Premium,USSD,Android,1491.49,4,Low,DEV_0000567,6a376a2e20eb5015
NDM_000568,Windhoek,3610,Standard,USSD,Android,87.9,3,Low,DEV_0000568,7398338644e4a540
NDM_000569,Rundu,2110,Standard,USSD,Android,733.66,3,Medium,DEV_0000569,621a2ca3e03d5d11
NDM_000570,Windhoek,3475,Premium,USSD,Android,538.75,4,Low,DEV_0000570,624b81ffbfdef843
NDM_000571,Windhoek,2781,Premium,Web,Android,811.42,2,Low,DEV_0000571,4ec0efcf3c56be8f
NDM_000572,Windhoek,564,Standard,USSD,Android,593.8,4,Low,DEV_0000572,0046e49f17331d92
NDM_000573,Keetmanshoop,2424,Premium,USSD,Android,363.91,5,Low,DEV_0000573,27d381382f9e52c9
NDM_000574,Windhoek,896,Standard,USSD,iOS,1819.95,1,Low,DEV_0000574,5d6eb448eaeb7bb0
NDM_000575,Rundu,1352,Standard,Web,Android,902.42,3,Low,DEV_0000575,103267dabc37d543
NDM_000576,Swakopmund,1611,Standard,USSD,iOS,276.18,4,Medium,DEV_0000576,ebd44f0602294e8d
NDM_000577,Walvis Bay,2472,Premium,Mobile_App,Android,650.59,5,Low,DEV_0000577,8a3ecfaecfd2a850
NDM_000578,Oshakati,1829,Standard,Mobile_App,Android,876.53,4,Low,DEV_0000578,25c1635a2aa237cd
NDM_000579,Windhoek,3013,Premium,USSD,Android,487.09,6,Low,DEV_0000579,e28fd2ef286b5c38
NDM_000580,Rundu,915,Standard,USSD,iOS,519.72,6,Low,DEV_0000580,f1b9d20111c4214f
NDM_000581,Windhoek,1519,Standard,USSD,iOS,409.18,4,Low,DEV_0000581,f890b2b84f2878de
NDM_000582,Windhoek,1738,Standard,USSD,iOS,244.62,4,Low,DEV_0000582,916b1c0ed768b32e
NDM_000583,Windhoek,1533,Standard,USSD,Android,129.58,5,Low,DEV_0000583,43f350d579cdd053
NDM_000584,Walvis Bay,1693,Business,USSD,iOS,231.99,4,Low,DEV_0000584,b917f7a712a2bf0f
NDM_000585,Keetmanshoop,1338,Standard,USSD,iOS,1529.79,6,Low,DEV_0000585,3051384bca1b1ade
NDM_000586,Oshakati,3413,Standard,USSD,iOS,99.43,5,Medium,DEV_0000586,64a88ae0d44ea969
NDM_000587,Walvis Bay,597,Business,USSD,Android,224.6,5,Low,DEV_0000587,c702b2d6a3b24673
NDM_000588,Windhoek,2810,Standard,USSD,iOS,1293.27,5,Medium,DEV_0000588,d0e86d9ce242b328
NDM_000589,Windhoek,2395,Premium,Mobile_App,Android,1548.63,2,Low,DEV_0000589,5c8e6023c78b0eb9
NDM_000590,Walvis Bay,3419,Standard,Web,iOS,206.69,5,Low,DEV_0000590,4003f1d25cf7932f
NDM_000591,Oshakati,425,Standard,USSD,Android,749.73,3,Medium,DEV_0000591,a33ae9c9247799cc
NDM_000592,Windhoek,1077,Business,USSD,Android,220.22,6,Low,DEV_0000592,bb4ada52df33d9f9
NDM_000593,Windhoek,1065,Standard,Mobile_App,iOS,1046.39,3,Low,DEV_0000593,dc431edea8c78a29
NDM_000594,Windhoek,995,Premium,Web,Android,1556.25,6,Low,DEV_0000594,71fe50226308ec88
NDM_000595,Walvis Bay,1698,Premium,USSD,Android,1793.3,4,Low,DEV_0000595,9b88ffa2aeee3aad
NDM_000596,Swakopmund,1106,Standard,Mobile_App,Android,184.56,6,Low,DEV_0000596,3c2e77cd2dc4493f
NDM_000597,Windhoek,2493,Standard,Web,Android,212.38,2,Low,DEV_0000597,0ee2c80bdca39c87
NDM_000598,Rundu,3488,Standard,Web,iOS,663.25,6,Low,DEV_0000598,dd85b1077263bcbe
NDM_000599,Rundu,3573,Standard,Web,Android,1903.71,4,Low,DEV_0000599,d114590a4a2999f7
NDM_000600,Rundu,1273,Standard,Mobile_App,Android,936.96,2,Low,DEV_0000600,bdc84fd811a07c4f
NDM_000601,Windhoek,3544,Standard,Web,Android,451.94,4,Low,DEV_0000601,29b0f7d8fca7a4da
NDM_000602,Windhoek,2576,Standard,USSD,iOS,308.75,2,Medium,DEV_0000602,bb3bb64451c79556
NDM_000603,Windhoek,749,Business,USSD,Android,173.31,2,Low,DEV_0000603,0efe8131271112bf
NDM_000604,Keetmanshoop,894,Premium,Web,Android,753.0,6,Low,DEV_0000604,ab99c10548e58db5
NDM_000605,Rundu,588,Standard,USSD,Android,424.23,2,Low,DEV_0000605,08f04d2ef82a6d20
NDM_000606,Walvis Bay,193,Standard,USSD,iOS,1354.26,4,Low,DEV_0000606,eac11c20fdeb81bb
NDM_000607,Windhoek,554,Standard,USSD,Android,383.74,5,Low,DEV_0000607,a517bb3ce2200763
NDM_000608,Windhoek,1856,Premium,Web,Android,979.92,8,Low,DEV_0000608,3b2430239aee0ebe
NDM_000609,Walvis Bay,1767,Premium,USSD,iOS,769.19,4,Low,DEV_0000609,b4fa148429a1ad28
NDM_000610,Windhoek,3369,Standard,USSD,iOS,448.64,5,Low,DEV_0000610,a2cfc546b33a4b80
NDM_000611,Windhoek,1820,Standard,USSD,Android,237.65,6,Medium,DEV_0000611,c8f90b01ef41a9d4
NDM_000612,Swakopmund,3627,Standard,USSD,Android,464.43,7,Medium,DEV_0000612,2a56a52c5cedf2c8
NDM_000613,Oshakati,470,Standard,USSD,Android,131.27,3,Medium,DEV_0000613,69c9ca276d3c4e78
NDM_000614,Windhoek,1966,Standard,USSD,iOS,386.01,1,Low,DEV_0000614,25de470832e5e775
NDM_000615,Walvis Bay,2506,Standard,USSD,Android,129.0,2,Medium,DEV_0000615,d09b39c0383c4c0d
NDM_000616,Windhoek,3248,Standard,Web,Android,416.88,3,Low,DEV_0000616,963fd539eb4f3f52
NDM_000617,Oshakati,1902,Standard,Mobile_App,Android,238.2,4,Medium,DEV_0000617,4acd473925c2c1e0
NDM_000618,Rundu,516,Premium,USSD,Android,758.34,2,Low,DEV_0000618,be00109144eadf90
NDM_000619,Keetmanshoop,3430,Standard,Web,Android,568.86,3,Low,DEV_0000619,c73c663cf0fbc8f5
NDM_000620,Walvis Bay,2761,Premium,USSD,Android,111.58,4,Low,DEV_0000620,57077e1b57d4bed7
NDM_000621,Windhoek,3072,Premium,Mobile_App,Android,479.51,4,Low,DEV_0000621,1fb47bfa2395b488
NDM_000622,Oshakati,3199,Standard,USSD,Android,175.94,4,Low,DEV_0000622,7483c15b4303db66
NDM_000623,Swakopmund,2913,Standard,USSD,Android,486.61,5,Low,DEV_0000623,5b3493d4360f0ead
NDM_000624,Swakopmund,1876,Standard,Mobile_App,Android,155.23,7,Medium,DEV_0000624,2c3f3c04fdb14a18
NDM_000625,Windhoek,1684,Premium,USSD,iOS,597.46,3,Low,DEV_0000625,cd8d227603299efa
NDM_000626,Windhoek,1174,Standard,USSD,Android,257.85,3,Medium,DEV_0000626,1939550ea906c84e
NDM_000627,Swakopmund,1179,Standard,USSD,Android,252.69,6,Medium,DEV_0000627,0492f35e8fc8bd09
NDM_000628,Windhoek,1691,Standard,Web,Android,218.58,5,Low,DEV_0000628,8b549d3f2dfd311e
NDM_000629,Rundu,2274,Premium,Web,Android,237.79,3,Medium,DEV_0000629,d511c72ec954010d
NDM_000630,Rundu,1262,Standard,USSD,Android,406.75,4,Medium,DEV_0000630,7b1aaf76493be4ae
NDM_000631,Walvis Bay,2633,Business,Mobile_App,Android,1612.06,3,Low,DEV_0000631,028afe4afd8d041a
NDM_000632,Keetmanshoop,2925,Standard,USSD,Android,92.0,2,Low,DEV_0000632,35b8c12b8e525171
NDM_000633,Windhoek,1438,Standard,Web,Android,355.56,7,Medium,DEV_0000633,fea9418b3c1352e4
NDM_000634,Swakopmund,459,Standard,Web,Android,483.43,5,Medium,DEV_0000634,e892e13d94bab510
NDM_000635,Windhoek,1555,Premium,Mobile_App,iOS,906.17,4,Low,DEV_0000635,533b22d2f783fc83
NDM_000636,Oshakati,2039,Standard,Web,iOS,332.37,4,Low,DEV_0000636,2e9499aad68538ab
NDM_000637,Walvis Bay,840,Standard,USSD,Android,466.53,8,Low,DEV_0000637,d593823a109fb9dc
NDM_000638,Windhoek,1883,Standard,USSD,Android,1859.16,6,Low,DEV_0000638,e53b6a1361c9aa57
NDM_000639,Windhoek,3440,Standard,Web,Android,438.76,2,Low,DEV_0000639,548be5c44d055d57
NDM_000640,Windhoek,1506,Standard,USSD,Android,264.51,4,Low,DEV_0000640,09a45bc71efbbe1c
NDM_000641,Swakopmund,724,Standard,USSD,iOS,1030.28,8,Low,DEV_0000641,0878841f1e1a1bec
NDM_000642,Keetmanshoop,1687,Standard,USSD,iOS,379.51,3,Medium,DEV_0000642,dec9ecf26c99433a
NDM_000643,Rundu,3287,Standard,USSD,iOS,507.01,3,Low,DEV_0000643,c001eb6fea3f6a8c
NDM_000644,Windhoek,1596,Standard,Web,Android,846.03,3,Low,DEV_0000644,fe1053af5bec84d1
NDM_000645,Windhoek,3098,Standard,USSD,Android,934.04,7,Medium,DEV_0000645,f84061767564bb4e
NDM_000646,Windhoek,1473,Premium,Web,iOS,203.76,2,Low,DEV_0000646,95d86aea3fcbf123
NDM_000647,Swakopmund,76,Standard,USSD,Android,476.3,4,Low,DEV_0000647,710aa7823464668d
NDM_000648,Walvis Bay,1358,Standard,USSD,Android,349.51,2,Low,DEV_0000648,c4cff04703e84950
NDM_000649,Rundu,1650,Premium,USSD,iOS,469.8,1,Low,DEV_0000649,5a3baba6e4d8f692
NDM_000650,Swakopmund,3623,Standard,USSD,iOS,658.48,8,Medium,DEV_0000650,2a2f96160b9273a5
NDM_000651,Windhoek,2066,Standard,Web,Android,1311.09,6,Low,DEV_0000651,874fe1f7446668ca
NDM_000652,Windhoek,1081,Premium,Web,iOS,2463.2,4,Low,DEV_0000652,421de6478920acb0
NDM_000653,Keetmanshoop,70,Standard,USSD,Android,170.86,4,Low,DEV_0000653,9a5f7bbd7d7573b9
NDM_000654,Rundu,1170,Standard,USSD,Android,152.16,5,High,DEV_0000654,cd119f617e5732b2
NDM_000655,Walvis Bay,2298,Standard,USSD,Android,162.49,3,Low,DEV_0000655,7a733aef607576c6
NDM_000656,Swakopmund,415,Standard,USSD,Android,2792.46,5,Low,DEV_0000656,2e6b91bf23490dbc
NDM_000657,Rundu,1861,Standard,Web,Android,1064.18,4,High,DEV_0000657,7df265ae95f9dc79
NDM_000658,Windhoek,3192,Standard,USSD,iOS,877.41,3,Low,DEV_0000658,3afef0264376ff3f
NDM_000659,Keetmanshoop,957,Premium,USSD,iOS,465.41,5,Low,DEV_0000659,c67872b4d72e16ed
NDM_000660,Windhoek,3050,Premium,Mobile_App,Android,834.02,5,Low,DEV_0000660,269b0fe86cea3f10
NDM_000661,Rundu,1084,Standard,USSD,Android,416.07,3,Low,DEV_0000661,64f70640f2daab45
NDM_000662,Swakopmund,536,Standard,Web,iOS,1041.84,3,Low,DEV_0000662,546cad728f5fa372
NDM_000663,Rundu,2972,Standard,USSD,Android,1098.77,2,Low,DEV_0000663,291dddede47c15af
NDM_000664,Windhoek,3480,Standard,Web,Android,159.08,7,Low,DEV_0000664,5358d39514eae421
NDM_000665,Oshakati,822,Business,USSD,Android,268.22,3,Low,DEV_0000665,fd6950d5349a11c6
NDM_000666,Oshakati,2466,Standard,Web,Android,596.71,4,Low,DEV_0000666,5b2a36577a536115
NDM_000667,Windhoek,1641,Premium,Web,Android,197.19,2,Medium,DEV_0000667,bb60c314d5cc1ad5
NDM_000668,Swakopmund,2632,Standard,Web,iOS,637.39,2,Low,DEV_0000668,367df6d8e3e77dc5
NDM_000669,Keetmanshoop,1374,Standard,USSD,Android,658.83,3,Low,DEV_0000669,40031192bccc1159
NDM_000670,Windhoek,452,Premium,USSD,Android,474.44,5,Medium,DEV_0000670,14475913baf9fb37
NDM_000671,Swakopmund,2014,Standard,Web,Android,2202.36,5,Low,DEV_0000671,c715a128581a8453
NDM_000672,Walvis Bay,1480,Standard,Mobile_App,Android,270.37,4,Low,DEV_0000672,32b13d36833bca0f
NDM_000673,Walvis Bay,1042,Standard,USSD,Android,262.24,3,Low,DEV_0000673,7802b5e490a6eabe
NDM_000674,Windhoek,2936,Standard,USSD,iOS,773.61,8,Low,DEV_0000674,3cdcd1545888dc94
NDM_000675,Keetmanshoop,2710,Standard,USSD,Android,342.87,2,Low,DEV_0000675,67beb25314f6970c
NDM_000676,Oshakati,158,Standard,USSD,Android,854.37,3,Low,DEV_0000676,681f3150dd71c46c
NDM_000677,Swakopmund,1602,Standard,Web,Android,1079.25,2,Low,DEV_0000677,aa2b308cb2572edb
NDM_000678,Windhoek,1077,Premium,USSD,Android,1048.07,5,Low,DEV_0000678,efae6890f4620a65
NDM_000679,Windhoek,1336,Premium,Web,iOS,235.86,5,Low,DEV_0000679,f8e1850edbc5d43f
NDM_000680,Windhoek,2982,Standard,USSD,Android,998.19,3,Low,DEV_0000680,9ffec7318535ac33
NDM_000681,Swakopmund,2245,Standard,USSD,iOS,545.44,6,Medium,DEV_0000681,984a8d9130f08e4f
NDM_000682,Oshakati,2264,Premium,USSD,Android,293.43,3,High,DEV_0000682,f63f216a8a650f36
NDM_000683,Oshakati,194,Standard,USSD,Android,600.41,6,Low,DEV_0000683,5a5e92388bbcaa70
NDM_000684,Walvis Bay,3358,Premium,Web,iOS,175.84,3,Medium,DEV_0000684,b6d3f022b0466f7f
NDM_000685,Windhoek,3406,Standard,USSD,iOS,248.74,6,Medium,DEV_0000685,59a44cae794b2ae3
NDM_000686,Oshakati,3648,Standard,Web,Android,501.98,3,Low,DEV_0000686,1fac84a0294129e6
NDM_000687,Windhoek,3540,Standard,USSD,Android,1132.83,4,Medium,DEV_0000687,c4cece77b3a0d220
NDM_000688,Windhoek,2316,Business,Mobile_App,Android,528.53,3,Low,DEV_0000688,c91a49f1ae7d04cc
NDM_000689,Swakopmund,1109,Standard,USSD,Android,422.39,4,Low,DEV_0000689,7c75cbf82ad1f25c
NDM_000690,Windhoek,64,Standard,USSD,Android,550.7,5,High,DEV_0000690,3c4a162ec2a1560c
NDM_000691,Windhoek,3074,Standard,USSD,iOS,162.65,4,High,DEV_0000691,eb8369cfdd8fa5c5
NDM_000692,Oshakati,635,Standard,Mobile_App,Android,282.44,5,Low,DEV_0000692,882377938858a860
NDM_000693,Windhoek,2400,Premium,Web,Android,194.22,9,Medium,DEV_0000693,0010409674f47e4c
NDM_000694,Windhoek,3143,Standard,Web,Android,1066.02,5,Low,DEV_0000694,01b79cb8f55a13cc
NDM_000695,Windhoek,2791,Standard,USSD,iOS,527.09,4,Medium,DEV_0000695,839daec6efca94c6
NDM_000696,Windhoek,108,Standard,USSD,Android,746.99,3,Low,DEV_0000696,32f9d52baef3f819
NDM_000697,Rundu,2168,Standard,Web,Android,577.82,6,Low,DEV_0000697,98634b180df69c12
NDM_000698,Walvis Bay,2013,Standard,USSD,Android,340.12,5,Low,DEV_0000698,d47fd48f83771213
NDM_000699,Walvis Bay,2997,Standard,Mobile_App,iOS,548.47,4,Low,DEV_0000699,588bb2976f247bce
NDM_000700,Windhoek,1558,Standard,USSD,Android,1468.46,3,Low,DEV_0000700,807be2b9d103ae0b
NDM_000701,Oshakati,2068,Standard,Mobile_App,iOS,397.81,2,Low,DEV_0000701,583e3af18c3dce37
NDM_000702,Swakopmund,3623,Standard,USSD,Android,2020.39,5,High,DEV_0000702,00ae230236bde8f7
NDM_000703,Walvis Bay,528,Standard,USSD,Android,413.65,3,Low,DEV_0000703,b648f43d67e94d05
NDM_000704,Walvis Bay,536,Standard,USSD,Android,652.92,4,Low,DEV_0000704,61713e0b515acc60
NDM_000705,Walvis Bay,3312,Standard,Mobile_App,Android,270.23,4,Low,DEV_0000705,88c0ea6fc3b04585
NDM_000706,Windhoek,2843,Premium,Web,iOS,676.32,2,Low,DEV_0000706,e6c8e91cfa9258a4
NDM_000707,Rundu,178,Standard,USSD,Android,551.88,3,Low,DEV_0000707,ad488bf52fc0e3cb
NDM_000708,Windhoek,1610,Premium,USSD,iOS,211.65,2,Low,DEV_0000708,ee049d76654bbb54
NDM_000709,Oshakati,2033,Standard,USSD,Android,371.87,2,Medium,DEV_0000709,75cf2205be96dcac
NDM_000710,Rundu,2406,Standard,Web,iOS,616.71,5,Low,DEV_0000710,d726ddcd75918c1a
NDM_000711,Oshakati,1237,Premium,Web,Android,29.62,4,Low,DEV_0000711,7f530c1b70bd997f
NDM_000712,Rundu,130,Standard,Mobile_App,iOS,280.35,7,Low,DEV_0000712,085199120f47057d
NDM_000713,Windhoek,1910,Standard,USSD,iOS,662.27,2,Low,DEV_0000713,450253e126a5371d
NDM_000714,Swakopmund,3380,Standard,Web,Android,114.06,2,Low,DEV_0000714,b7534bc2defcb53d
NDM_000715,Swakopmund,970,Standard,Mobile_App,iOS,105.31,2,Low,DEV_0000715,52af1c82f3942a84
NDM_000716,Rundu,2534,Standard,USSD,Android,520.75,3,Low,DEV_0000716,1fb8616e83166aed
NDM_000717,Windhoek,3045,Premium,USSD,Android,830.24,4,Low,DEV_0000717,a17c531a45cf30bf
NDM_000718,Oshakati,250,Premium,Web,iOS,436.69,5,Low,DEV_0000718,3e2126ff3bfd598f
NDM_000719,Rundu,1253,Standard,USSD,Android,491.15,6,Medium,DEV_0000719,a12c6a27b9b0853b
NDM_000720,Swakopmund,1474,Standard,USSD,iOS,169.4,4,Medium,DEV_0000720,766612b901951c33
NDM_000721,Windhoek,2650,Premium,USSD,Android,1069.92,3,Medium,DEV_0000721,6668f5e3ed6865ea
NDM_000722,Windhoek,929,Standard,USSD,iOS,340.39,2,Medium,DEV_0000722,e647f34efb0ca687
NDM_000723,Windhoek,1065,Premium,Web,Android,1134.57,1,Low,DEV_0000723,059916d99c2eccd7
NDM_000724,Walvis Bay,3642,Standard,Web,Android,313.73,2,Medium,DEV_0000724,a0e4deb231d03e56
NDM_000725,Windhoek,3028,Standard,Web,Android,393.82,5,Low,DEV_0000725,5c6a998ee740ee31
NDM_000726,Windhoek,291,Premium,USSD,Android,360.96,2,Low,DEV_0000726,0497c90275ed51a1
NDM_000727,Windhoek,869,Standard,USSD,iOS,261.96,7,Low,DEV_0000727,d83c52d5da0f20dd
NDM_000728,Swakopmund,2671,Premium,USSD,Android,579.5,1,High,DEV_0000728,b6aea6f0e37bbc2a
NDM_000729,Windhoek,2505,Standard,USSD,iOS,760.78,3,Low,DEV_0000729,11015dfc0bef1087
NDM_000730,Windhoek,2906,Premium,USSD,Android,198.87,4,Low,DEV_0000730,13e1a8e576713482
NDM_000731,Walvis Bay,3073,Standard,USSD,Android,220.46,3,Low,DEV_0000731,33488a14d3a6bf68
NDM_000732,Walvis Bay,267,Standard,USSD,Android,392.91,6,Low,DEV_0000732,68f36725d5a07ead
NDM_000733,Windhoek,1343,Premium,Web,Android,595.75,4,Low,DEV_0000733,809daf3873ec14c9
NDM_000734,Walvis Bay,3493,Standard,USSD,Android,385.21,2,Low,DEV_0000734,099daa82e880e3c2
NDM_000735,Rundu,1342,Business,USSD,Android,865.42,3,Low,DEV_0000735,89c8c0c134113a12
NDM_000736,Windhoek,1905,Standard,USSD,Android,454.8,2,Medium,DEV_0000736,bb626061233dfd27
NDM_000737,Windhoek,1795,Premium,USSD,Android,585.86,2,Medium,DEV_0000737,bde2582917156992
NDM_000738,Windhoek,3053,Standard,USSD,iOS,765.68,4,Low,DEV_0000738,4e0b425b946aa83c
NDM_000739,Windhoek,3574,Standard,Web,Android,505.05,5,Low,DEV_0000739,cae69767ecd91a08
NDM_000740,Keetmanshoop,2167,Premium,Web,Android,681.77,2,Medium,DEV_0000740,a7c228820a6a3d92
NDM_000741,Windhoek,3474,Business,USSD,Android,425.25,8,Low,DEV_0000741,bfb70edf38c637cb
NDM_000742,Windhoek,2845,Standard,Web,Android,253.45,2,Low,DEV_0000742,af4b53371dcd134e
NDM_000743,Keetmanshoop,1632,Standard,USSD,Android,741.33,4,Low,DEV_0000743,c50156b33e5c8025
NDM_000744,Walvis Bay,1165,Standard,Mobile_App,Android,352.17,4,Low,DEV_0000744,cd8d163b7d0c59c0
NDM_000745,Windhoek,2674,Standard,USSD,iOS,866.85,3,Low,DEV_0000745,031767d3922f4bb3
NDM_000746,Windhoek,3458,Premium,USSD,Android,483.5,4,Medium,DEV_0000746,51dda2c00b2128a4
NDM_000747,Windhoek,2588,Standard,Mobile_App,Android,1616.23,6,Low,DEV_0000747,22e856e3b4a646ce
NDM_000748,Windhoek,577,Premium,USSD,iOS,603.17,3,Low,DEV_0000748,645137c28f614d83
NDM_000749,Swakopmund,3581,Premium,USSD,Android,1018.45,6,Low,DEV_0000749,b89975559d35a2d4
NDM_000750,Windhoek,3098,Standard,USSD,Android,115.89,3,Low,DEV_0000750,9dae91d765851186
NDM_000751,Windhoek,245,Standard,USSD,Android,508.33,3,High,DEV_0000751,0894e28c2898d5d4
NDM_000752,Windhoek,362,Standard,Web,Android,238.91,3,Medium,DEV_0000752,ad5b4f2c4dddde0b
NDM_000753,Rundu,2557,Premium,Mobile_App,Android,567.27,4,Low,DEV_0000753,739c246de317a428
NDM_000754,Oshakati,1499,Premium,USSD,Android,595.22,2,Low,DEV_0000754,cb6ec47f06f36308
NDM_000755,Windhoek,545,Business,USSD,Android,445.75,3,Low,DEV_0000755,a31d90a5ceb3d968
NDM_000756,Windhoek,2936,Standard,Web,Android,969.53,2,Low,DEV_0000756,107806b03e4d74b0
NDM_000757,Walvis Bay,2780,Premium,USSD,Android,1263.66,6,Medium,DEV_0000757,0b1aeff16b71e28a
NDM_000758,Windhoek,164,Standard,USSD,Android,474.78,4,Low,DEV_0000758,a8b121e82dbf0f7e
NDM_000759,Keetmanshoop,2816,Business,Web,Android,411.89,4,Low,DEV_0000759,120f27103de7bf72
NDM_000760,Windhoek,2860,Standard,USSD,iOS,1194.92,5,Low,DEV_0000760,12a75d6a5bc0d855
NDM_000761,Windhoek,922,Premium,USSD,Android,1854.76,7,Medium,DEV_0000761,8c1e9a7c5b91dd2d
NDM_000762,Windhoek,2725,Standard,USSD,Android,406.0,4,Low,DEV_0000762,e44f545a80c47a49
NDM_000763,Rundu,3230,Standard,USSD,Android,191.31,5,Medium,DEV_0000763,017612f0a8564ed2
NDM_000764,Windhoek,43,Premium,Web,Android,167.02,3,Medium,DEV_0000764,112a43a16d1ee25d
NDM_000765,Walvis Bay,707,Standard,Web,Android,276.83,7,Low,DEV_0000765,0fbdc74e3177f8ed
NDM_000766,Rundu,3553,Standard,USSD,Android,219.65,2,High,DEV_0000766,78af2293cbcf5d5b
NDM_000767,Windhoek,1167,Standard,USSD,iOS,204.62,5,Low,DEV_0000767,84bfce270c4539b2
NDM_000768,Rundu,2065,Premium,USSD,iOS,266.77,2,Low,DEV_0000768,8a6cdeb507433b75
NDM_000769,Windhoek,1518,Premium,Mobile_App,Android,491.16,4,Low,DEV_0000769,5f7f63334a033743
NDM_000770,Swakopmund,3581,Premium,USSD,Android,205.09,4,Low,DEV_0000770,56143869314b31d9
NDM_000771,Oshakati,2358,Standard,USSD,Android,708.26,6,Low,DEV_0000771,d90a85947b03cd55
NDM_000772,Windhoek,1376,Business,USSD,Android,3247.66,4,Low,DEV_0000772,7bce174c05b4225c
NDM_000773,Walvis Bay,1729,Standard,USSD,Android,643.65,2,Low,DEV_0000773,4d75744d9f786c63
NDM_000774,Windhoek,2566,Premium,USSD,Android,326.92,8,Low,DEV_0000774,9c8c72083d2cfba3
NDM_000775,Swakopmund,3351,Standard,USSD,iOS,833.36,2,Low,DEV_0000775,a3f0d9a7729113b8
NDM_000776,Walvis Bay,2562,Standard,USSD,Android,255.91,3,Low,DEV_0000776,19fbd3171dbfe6be
NDM_000777,Windhoek,1545,Premium,Web,Android,567.1,6,Low,DEV_0000777,7820d0d8514ec64a
NDM_000778,Keetmanshoop,1257,Premium,Mobile_App,Android,425.32,4,Low,DEV_0000778,6e1926cc465e2f13
NDM_000779,Windhoek,2091,Standard,USSD,Android,661.97,6,Medium,DEV_0000779,a3039a0ce4bd36f3
NDM_000780,Swakopmund,788,Standard,Web,Android,464.15,2,Medium,DEV_0000780,6a26ee937f6276b1
NDM_000781,Windhoek,808,Standard,USSD,Android,267.44,4,Low,DEV_0000781,7e522a5ab0b51dc2
NDM_000782,Windhoek,1933,Standard,USSD,Android,329.38,3,Low,DEV_0000782,c6dbf29454bdaf16
NDM_000783,Windhoek,519,Standard,USSD,Android,3302.62,5,Low,DEV_0000783,5e4179b4f752f273
NDM_000784,Keetmanshoop,2800,Standard,USSD,iOS,590.37,3,Medium,DEV_0000784,55ad19909b5c13d0
NDM_000785,Windhoek,3440,Standard,USSD,Android,156.7,4,Low,DEV_0000785,a3999f7c742193e2
NDM_000786,Keetmanshoop,1827,Standard,Web,iOS,210.35,2,Low,DEV_0000786,bf53039030d2110f
NDM_000787,Windhoek,1076,Standard,USSD,iOS,446.04,1,High,DEV_0000787,4c68aa7a19615812
NDM_000788,Rundu,2845,Business,Web,Android,411.21,2,Low,DEV_0000788,c1c6a060108254f5
NDM_000789,Swakopmund,1211,Standard,Web,Android,1666.87,3,Low,DEV_0000789,6814a016c75ff9e9
NDM_000790,Swakopmund,786,Standard,Web,Android,1395.42,5,Low,DEV_0000790,0e60393b7b529c73
NDM_000791,Walvis Bay,2124,Standard,USSD,Android,1441.4,3,Low,DEV_0000791,0e42968d5b02a022
NDM_000792,Swakopmund,720,Premium,USSD,Android,990.69,4,Low,DEV_0000792,3a598a05fd6976b7
NDM_000793,Windhoek,566,Standard,USSD,Android,255.99,7,High,DEV_0000793,00f8cbd80010dc9b
NDM_000794,Windhoek,3255,Premium,Web,Android,1531.5,3,Low,DEV_0000794,237224c502beb9d9
NDM_000795,Walvis Bay,724,Premium,USSD,Android,374.02,8,Low,DEV_0000795,7208e8b1c3fca632
NDM_000796,Rundu,937,Standard,USSD,iOS,347.02,6,Medium,DEV_0000796,6e3514bff17312e9
NDM_000797,Oshakati,532,Standard,Mobile_App,Android,1444.0,2,Low,DEV_0000797,6f292908c7eeb390
NDM_000798,Windhoek,1582,Standard,USSD,iOS,382.89,2,Low,DEV_0000798,19aafbfafe61bddb
NDM_000799,Oshakati,3620,Standard,Web,Android,1334.29,5,Medium,DEV_0000799,f40897746822306e
NDM_000800,Oshakati,298,Premium,USSD,Android,2395.04,4,Medium,DEV_0000800,d000978b77ed76fb
NDM_000801,Swakopmund,3255,Standard,Web,Android,172.65,4,Low,DEV_0000801,b3e639c41886347e
NDM_000802,Swakopmund,3175,Standard,Web,Android,1798.05,3,Low,DEV_0000802,91f2da1a3c266a41
NDM_000803,Keetmanshoop,152,Standard,USSD,Android,214.91,8,Low,DEV_0000803,1363e9be8588289f
NDM_000804,Oshakati,2710,Standard,USSD,Android,4247.28,2,Low,DEV_0000804,090bebf63789b79a
NDM_000805,Windhoek,293,Standard,Web,Android,1157.3,6,Medium,DEV_0000805,3f917f2e34998acb
NDM_000806,Windhoek,122,Standard,USSD,iOS,449.05,3,Low,DEV_0000806,dea2d86689e3fddd
NDM_000807,Windhoek,3121,Standard,Web,Android,198.16,6,Low,DEV_0000807,f1be2c658249cbe8
NDM_000808,Windhoek,786,Standard,USSD,Android,151.31,4,Low,DEV_0000808,235606cc66cda79e
NDM_000809,Windhoek,2374,Standard,USSD,Android,258.06,3,Low,DEV_0000809,30c4607b089e7a85
NDM_000810,Oshakati,1952,Standard,Web,Android,609.44,2,Low,DEV_0000810,233fdf1395f79ff3
NDM_000811,Windhoek,3402,Standard,Web,iOS,251.34,4,Low,DEV_0000811,6775007b3207b676
NDM_000812,Windhoek,3268,Premium,USSD,iOS,825.63,2,Low,DEV_0000812,29f102dad505dd36
NDM_000813,Windhoek,704,Premium,USSD,Android,1151.42,2,Low,DEV_0000813,b9f0fa06502f5ae9
NDM_000814,Windhoek,1771,Standard,USSD,Android,324.39,2,Low,DEV_0000814,9daadb6c2a125a0c
NDM_000815,Windhoek,1260,Standard,Mobile_App,Android,1077.03,3,Low,DEV_0000815,f787c9e392d893a6
NDM_000816,Windhoek,1585,Standard,Web,iOS,948.97,7,Low,DEV_0000816,f6cc39a73c736cae
NDM_000817,Oshakati,1640,Standard,USSD,Android,934.98,2,Low,DEV_0000817,81c697532bb16efd
NDM_000818,Windhoek,1981,Standard,Web,Android,542.29,4,Low,DEV_0000818,f9268b16466e93b8
NDM_000819,Walvis Bay,1454,Standard,USSD,Android,464.83,4,Low,DEV_0000819,4b11cdc1b0f976fe
NDM_000820,Keetmanshoop,791,Standard,USSD,Android,1371.68,2,Medium,DEV_0000820,b2db2e65480c105e
NDM_000821,Windhoek,1870,Standard,USSD,Android,341.71,2,Low,DEV_0000821,db44a5495eb4ed70
NDM_000822,Windhoek,1913,Premium,Web,iOS,672.09,2,Low,DEV_0000822,6ddaf0abb0670b34
NDM_000823,Walvis Bay,1700,Premium,USSD,Android,529.0,3,Low,DEV_0000823,b94ff237ce676e63
NDM_000824,Windhoek,1127,Premium,USSD,iOS,315.84,4,Low,DEV_0000824,4f8295b8955c486c
NDM_000825,Rundu,3257,Standard,USSD,Android,268.44,3,Low,DEV_0000825,e053a5e259763b62
NDM_000826,Windhoek,2862,Standard,USSD,Android,315.07,2,Low,DEV_0000826,36acb65be2983386
NDM_000827,Rundu,1256,Standard,USSD,Android,515.79,5,Low,DEV_0000827,bba35921ae9ccc81
NDM_000828,Windhoek,2969,Business,USSD,Android,637.51,3,Medium,DEV_0000828,7cca1690004f43cc
NDM_000829,Swakopmund,2180,Standard,USSD,Android,492.04,5,Low,DEV_0000829,cadd118e54d1df74
NDM_000830,Windhoek,2262,Standard,USSD,iOS,1159.4,2,Low,DEV_0000830,2e6326108b7b1a23
NDM_000831,Walvis Bay,71,Standard,USSD,Android,514.46,5,High,DEV_0000831,69500f441d1143be
NDM_000832,Windhoek,1791,Premium,USSD,iOS,1482.23,1,Medium,DEV_0000832,b2bbe2458cb2df1d
NDM_000833,Swakopmund,219,Standard,Web,iOS,1722.59,2,Low,DEV_0000833,f3719f860324577f
NDM_000834,Windhoek,268,Standard,Web,iOS,206.65,5,Low,DEV_0000834,94d4314dde2a0b54
NDM_000835,Windhoek,3407,Premium,USSD,Android,2138.74,6,Low,DEV_0000835,3c89b29e9ada8fb6
NDM_000836,Windhoek,648,Standard,USSD,Android,532.48,4,Low,DEV_0000836,485c13f0c68e2418
NDM_000837,Swakopmund,2227,Standard,USSD,Android,254.33,4,Low,DEV_0000837,fee5dcdf879a0fcd
NDM_000838,Oshakati,1094,Standard,USSD,Android,428.58,2,Medium,DEV_0000838,1f2839bfa82ef0e6
NDM_000839,Oshakati,2263,Premium,USSD,iOS,536.39,4,Low,DEV_0000839,d887eb4d7edbadf9
NDM_000840,Windhoek,308,Standard,USSD,iOS,842.01,5,High,DEV_0000840,8b0350a213ce5b34
NDM_000841,Windhoek,1149,Standard,USSD,iOS,311.99,3,Low,DEV_0000841,e431d31db64cd44a
NDM_000842,Windhoek,920,Standard,USSD,Android,500.83,6,Low,DEV_0000842,a820ef16199b2a25
NDM_000843,Walvis Bay,1223,Premium,Web,Android,267.44,2,Low,DEV_0000843,60c2d9a4733908a2
NDM_000844,Windhoek,3272,Business,USSD,Android,767.57,2,Low,DEV_0000844,6bfe897cc9230b74
NDM_000845,Walvis Bay,3108,Standard,USSD,Android,813.28,1,Low,DEV_0000845,6fcfb352e036abc2
NDM_000846,Windhoek,1523,Standard,USSD,Android,451.43,4,Low,DEV_0000846,7d98b6144c7fcc5c
NDM_000847,Windhoek,1252,Standard,USSD,Android,668.84,2,Medium,DEV_0000847,df53f1aca20296b1
NDM_000848,Windhoek,1586,Standard,USSD,Android,484.34,1,Low,DEV_0000848,41683135740fc4c9
NDM_000849,Windhoek,3509,Standard,USSD,Android,470.29,6,Low,DEV_0000849,3e62f5ac5e967ce3
NDM_000850,Swakopmund,467,Premium,USSD,Android,227.63,5,Low,DEV_0000850,ae1db26a17203b9b
NDM_000851,Rundu,1804,Premium,Web,Android,476.09,4,Medium,DEV_0000851,4b5ed29ce24d7dee
NDM_000852,Swakopmund,1886,Premium,Web,Android,2660.81,5,Low,DEV_0000852,167cab98dea00dc8
NDM_000853,Swakopmund,2632,Standard,USSD,Android,467.17,2,Low,DEV_0000853,5e1c3f6fa0050557
NDM_000854,Rundu,765,Standard,USSD,iOS,1737.42,4,Low,DEV_0000854,525e9ce1aabc1760
NDM_000855,Oshakati,3383,Standard,USSD,iOS,643.97,3,Low,DEV_0000855,505b8e02e57e9cf3
NDM_000856,Oshakati,3092,Standard,Web,Android,272.39,5,Medium,DEV_0000856,2b192c140af5476d
NDM_000857,Windhoek,2719,Standard,USSD,Android,934.52,6,Low,DEV_0000857,e42321c78a4e838d
NDM_000858,Windhoek,1693,Standard,Web,iOS,303.33,6,Low,DEV_0000858,2b5c39f4e9e23027
NDM_000859,Swakopmund,2864,Standard,USSD,Android,199.21,10,Medium,DEV_0000859,e800d062b2af9cb9
NDM_000860,Keetmanshoop,312,Standard,USSD,Android,143.71,1,Low,DEV_0000860,a6ba22ed095019f4
NDM_000861,Windhoek,656,Standard,USSD,iOS,72.9,3,Low,DEV_0000861,81912b70cf5a235c
NDM_000862,Windhoek,2953,Standard,USSD,Android,205.77,5,Medium,DEV_0000862,ca33c69c4b23e4a5
NDM_000863,Walvis Bay,1479,Standard,Web,Android,1364.3,4,Low,DEV_0000863,d0d8ece2106640ee
NDM_000864,Keetmanshoop,2757,Standard,Mobile_App,iOS,637.04,3,Low,DEV_0000864,829d420a43fe0075
NDM_000865,Windhoek,2288,Standard,USSD,Android,1905.34,5,Low,DEV_0000865,4a6fcceab13f466e
NDM_000866,Windhoek,688,Standard,USSD,Android,821.08,3,Low,DEV_0000866,45dcfcf746beccca
NDM_000867,Windhoek,684,Standard,USSD,Android,228.75,3,Low,DEV_0000867,8154cf320c4a42b8
NDM_000868,Walvis Bay,2877,Standard,USSD,Android,142.88,6,Low,DEV_0000868,1055b57961099aeb
NDM_000869,Rundu,2832,Standard,Web,Android,395.62,4,Low,DEV_0000869,ded323d19de02e7d
NDM_000870,Swakopmund,1280,Standard,Mobile_App,Android,1511.37,8,Low,DEV_0000870,7812d01e763c03b5
NDM_000871,Walvis Bay,3313,Premium,USSD,Android,440.02,5,Low,DEV_0000871,b62959955bc73de9
NDM_000872,Windhoek,362,Standard,USSD,Android,1487.58,4,Low,DEV_0000872,f3e5f1df5c8e7b92
NDM_000873,Oshakati,1106,Standard,USSD,iOS,773.43,2,Low,DEV_0000873,178cdb3dc3b55522
NDM_000874,Windhoek,2959,Standard,USSD,Android,1608.43,5,Medium,DEV_0000874,7bf1d5280400f779
NDM_000875,Swakopmund,126,Standard,Web,Android,146.81,5,Low,DEV_0000875,fbe4ee960d005fda
NDM_000876,Walvis Bay,1415,Standard,Mobile_App,iOS,958.46,2,Medium,DEV_0000876,e496db567468bec8
NDM_000877,Windhoek,2586,Standard,Web,Android,356.92,5,Medium,DEV_0000877,137877c1c45828b1
NDM_000878,Walvis Bay,494,Standard,USSD,Android,210.23,6,Low,DEV_0000878,721a25bea35af626
NDM_000879,Keetmanshoop,1304,Standard,USSD,Android,435.31,7,Low,DEV_0000879,db499a34d80b64dc
NDM_000880,Windhoek,683,Premium,USSD,iOS,776.48,6,Low,DEV_0000880,c8454fecc6ff92f5
NDM_000881,Keetmanshoop,2674,Standard,Web,iOS,620.91,2,Low,DEV_0000881,e2e909f3db60aa14
NDM_000882,Windhoek,2772,Premium,USSD,Android,329.94,2,Low,DEV_0000882,c2a98c5322f729e2
NDM_000883,Rundu,344,Standard,USSD,Android,152.66,3,Low,DEV_0000883,2f07ac4655a76978
NDM_000884,Swakopmund,409,Standard,USSD,Android,477.76,3,High,DEV_0000884,9d42f3f988818a71
NDM_000885,Windhoek,1227,Standard,Mobile_App,Android,571.27,5,Low,DEV_0000885,e0297a1c3607e19f
NDM_000886,Oshakati,1194,Standard,USSD,iOS,1230.3,2,Low,DEV_0000886,84e544ed5fb4f8c6
NDM_000887,Windhoek,1874,Standard,USSD,iOS,780.85,1,Low,DEV_0000887,65894b35059a8442
NDM_000888,Keetmanshoop,2348,Standard,Web,Android,256.02,6,Low,DEV_0000888,73ede073fcef3d00
NDM_000889,Keetmanshoop,2589,Standard,USSD,Android,184.05,5,Low,DEV_0000889,ebd75631e27d2a62
NDM_000890,Windhoek,3296,Standard,USSD,Android,802.38,2,Medium,DEV_0000890,fb1da04535be6990
NDM_000891,Windhoek,1853,Business,Web,Android,339.25,7,Medium,DEV_0000891,d496fe4eedfbf90b
NDM_000892,Swakopmund,2214,Standard,USSD,Android,849.02,4,Low,DEV_0000892,ff8cbb7d004a1055
NDM_000893,Rundu,1294,Standard,USSD,Android,560.78,3,High,DEV_0000893,d4a400cf0e8d0ae2
NDM_000894,Walvis Bay,1480,Standard,Web,Android,329.8,4,Low,DEV_0000894,76a00a427186a5db
NDM_000895,Swakopmund,3576,Premium,USSD,Android,454.47,4,Low,DEV_0000895,5d0ef7244a4b4783
NDM_000896,Oshakati,2465,Standard,USSD,Android,497.36,4,Low,DEV_0000896,493c41f1f9188c3d
NDM_000897,Keetmanshoop,860,Premium,USSD,iOS,503.09,2,Low,DEV_0000897,7d132234a2433c33
NDM_000898,Windhoek,2834,Standard,USSD,Android,668.6,3,Low,DEV_0000898,cdcddb5663fe55b5
NDM_000899,Windhoek,1382,Standard,Web,iOS,138.27,4,High,DEV_0000899,8c6f494afd74d24c
NDM_000900,Rundu,588,Premium,Web,Android,189.92,3,Low,DEV_0000900,c6c40593ada4e4d5
NDM_000901,Windhoek,1702,Standard,Web,iOS,1219.81,9,Low,DEV_0000901,ab6238b5eceb32b5
NDM_000902,Windhoek,2476,Standard,USSD,iOS,3520.68,4,Low,DEV_0000902,8a076dd53bf3f4ec
NDM_000903,Windhoek,2484,Standard,USSD,iOS,236.69,5,Low,DEV_0000903,2a46e72890f15d4e
NDM_000904,Rundu,1671,Standard,Web,Android,296.82,7,Medium,DEV_0000904,fa65b0a70806ddfb
NDM_000905,Rundu,1901,Standard,Mobile_App,iOS,1087.9,3,Low,DEV_0000905,d8272865436fac56
NDM_000906,Windhoek,1727,Premium,Web,Android,236.26,3,Low,DEV_0000906,69cae09e600e661c
NDM_000907,Windhoek,679,Standard,Web,Android,824.11,6,Low,DEV_0000907,20d96c4a2881ccff
NDM_000908,Swakopmund,2543,Standard,USSD,Android,497.43,3,Low,DEV_0000908,8f562f3b80c9a3b7
NDM_000909,Swakopmund,1875,Premium,USSD,Android,277.11,2,Low,DEV_0000909,cbae1a5a02133ae1
NDM_000910,Rundu,3006,Standard,USSD,Android,261.13,5,Low,DEV_0000910,a416abb649118677
NDM_000911,Windhoek,3343,Standard,USSD,Android,381.87,6,Medium,DEV_0000911,3ab47bb4f223e4ea
NDM_000912,Swakopmund,347,Premium,USSD,Android,3501.94,1,Low,DEV_0000912,4e01e670f448b061
NDM_000913,Walvis Bay,3271,Standard,USSD,Android,819.19,4,Low,DEV_0000913,2dd4cd7d3b277727
NDM_000914,Windhoek,2159,Standard,Web,Android,193.47,5,Low,DEV_0000914,fddc733d0e10c7e8
NDM_000915,Walvis Bay,3494,Standard,USSD,Android,507.8,2,Low,DEV_0000915,c16f327b48ccb781
NDM_000916,Walvis Bay,361,Premium,Web,iOS,1184.15,6,Medium,DEV_0000916,4d9b2bff8fe32ad0
NDM_000917,Oshakati,3209,Standard,USSD,Android,289.27,2,Low,DEV_0000917,a51ae4b11c59455e
NDM_000918,Rundu,80,Standard,USSD,Android,738.2,2,Medium,DEV_0000918,f287e6654b279a8a
NDM_000919,Keetmanshoop,2419,Standard,USSD,Android,424.04,5,Low,DEV_0000919,7278a57fd7ffc250
NDM_000920,Rundu,98,Standard,USSD,iOS,110.41,6,Low,DEV_0000920,b87dd94431a49466
NDM_000921,Walvis Bay,364,Standard,USSD,Android,444.36,6,Low,DEV_0000921,90752784f91f7f86
NDM_000922,Swakopmund,713,Standard,USSD,iOS,90.39,1,Medium,DEV_0000922,f11dcc9404fa9a80
NDM_000923,Oshakati,3067,Standard,Web,Android,152.51,7,Low,DEV_0000923,0bc9c1ebc24a255b
NDM_000924,Windhoek,261,Business,USSD,Android,337.06,4,Low,DEV_0000924,4c9e336b82575c44
NDM_000925,Oshakati,2863,Standard,USSD,iOS,314.26,3,Medium,DEV_0000925,c0e4c59d8e658ef0
NDM_000926,Walvis Bay,2669,Premium,USSD,iOS,765.25,5,Low,DEV_0000926,47ff653731f35623
NDM_000927,Windhoek,2129,Standard,USSD,iOS,709.98,4,High,DEV_0000927,0260e022a35229cb
NDM_000928,Walvis Bay,1681,Standard,USSD,iOS,1322.09,2,Low,DEV_0000928,55c7dc29093ab3b5
NDM_000929,Windhoek,628,Standard,USSD,Android,491.2,2,Low,DEV_0000929,b85d2194dec358cf
NDM_000930,Keetmanshoop,3488,Standard,Mobile_App,Android,308.66,8,Low,DEV_0000930,d826f1d418faafe5
NDM_000931,Rundu,1370,Standard,Mobile_App,Android,649.09,1,Medium,DEV_0000931,665a4299460ce12a
NDM_000932,Oshakati,1766,Premium,USSD,Android,370.08,6,Medium,DEV_0000932,5add0d060a3031b7
NDM_000933,Windhoek,508,Premium,USSD,iOS,337.0,6,Medium,DEV_0000933,9aa15e345334d1f9
NDM_000934,Walvis Bay,3333,Standard,USSD,iOS,449.62,5,Low,DEV_0000934,62dd9e3a678d052a
NDM_000935,Oshakati,1583,Standard,USSD,Android,1299.85,4,Medium,DEV_0000935,6dd281c15b5974ac
NDM_000936,Windhoek,3163,Standard,USSD,Android,952.84,2,Medium,DEV_0000936,efa9819e150ff5ef
NDM_000937,Keetmanshoop,3265,Standard,Web,Android,608.89,3,Low,DEV_0000937,c6efc4e6ab37dd26
NDM_000938,Windhoek,565,Standard,Web,iOS,739.6,4,Low,DEV_0000938,0873628df2024580
NDM_000939,Windhoek,3487,Premium,USSD,Android,650.18,7,Medium,DEV_0000939,517c8ac7309e0f4f
NDM_000940,Rundu,3105,Premium,USSD,Android,671.41,3,Medium,DEV_0000940,a372e751357d8f7c
NDM_000941,Windhoek,481,Standard,USSD,Android,205.39,4,Low,DEV_0000941,823a3ffd5bdeeb95
NDM_000942,Keetmanshoop,121,Premium,Mobile_App,Android,529.45,5,Medium,DEV_0000942,62507ba25307e36a
NDM_000943,Windhoek,3141,Standard,USSD,iOS,931.72,7,Medium,DEV_0000943,d74541a8ddefe528
NDM_000944,Windhoek,2436,Standard,USSD,Android,354.9,4,Low,DEV_0000944,549116a464800862
NDM_000945,Rundu,561,Standard,USSD,Android,757.51,1,Low,DEV_0000945,19a13aa42293c89a
NDM_000946,Walvis Bay,3373,Standard,USSD,Android,490.99,4,Low,DEV_0000946,c19d53ea48f08a34
NDM_000947,Rundu,1467,Standard,USSD,iOS,101.95,6,Low,DEV_0000947,2f530e73ae159a06
NDM_000948,Swakopmund,81,Premium,Mobile_App,iOS,687.8,6,Low,DEV_0000948,c6b7711371754fc8
NDM_000949,Windhoek,2173,Standard,USSD,iOS,843.78,2,Medium,DEV_0000949,89f9dd47c2193244
NDM_000950,Windhoek,1830,Premium,USSD,Android,1618.96,3,Low,DEV_0000950,463b1910d8ec82e5
NDM_000951,Oshakati,389,Standard,USSD,Android,176.52,3,Low,DEV_0000951,ca48b23d6cb3d5be
NDM_000952,Oshakati,3203,Standard,USSD,Android,455.36,4,Low,DEV_0000952,fc71a9c411f0a0e3
NDM_000953,Windhoek,772,Standard,USSD,Android,315.29,4,Low,DEV_0000953,f59d354e52c76f19
NDM_000954,Windhoek,2588,Standard,USSD,iOS,527.21,5,Low,DEV_0000954,8a385b0ee310b66b
NDM_000955,Rundu,3266,Standard,Web,iOS,798.08,4,Low,DEV_0000955,89f0e320445b413e
NDM_000956,Swakopmund,1468,Standard,Mobile_App,iOS,503.72,5,Medium,DEV_0000956,41e2e6a636707258
NDM_000957,Walvis Bay,3616,Standard,Web,Android,189.16,3,Low,DEV_0000957,ef2ced39fccd346e
NDM_000958,Keetmanshoop,3390,Standard,USSD,Android,1100.78,3,Low,DEV_0000958,a8937ab025f8f717
NDM_000959,Oshakati,3255,Standard,Web,Android,327.92,4,Low,DEV_0000959,d1e57f0b2f9d2148
NDM_000960,Swakopmund,460,Standard,USSD,Android,304.39,2,Medium,DEV_0000960,17fd5783b0c95483
NDM_000961,Windhoek,784,Premium,Web,Android,143.86,5,Low,DEV_0000961,b73d5fa03dbec256
NDM_000962,Windhoek,1736,Standard,USSD,Android,1339.12,3,Medium,DEV_0000962,417dbf8e6b70474a
NDM_000963,Swakopmund,1152,Standard,USSD,Android,1307.07,3,High,DEV_0000963,2f8cd30957c87e93
NDM_000964,Windhoek,59,Premium,Web,Android,284.98,4,Low,DEV_0000964,30a9948194447060
NDM_000965,Swakopmund,581,Standard,Web,Android,270.38,4,High,DEV_0000965,f8481581cb2982fe
NDM_000966,Swakopmund,1606,Standard,USSD,Android,195.49,3,Low,DEV_0000966,5fe5254c37cfb168
NDM_000967,Windhoek,1288,Standard,Mobile_App,iOS,2283.57,5,Low,DEV_0000967,d50bcc8625d97b21
NDM_000968,Windhoek,1581,Standard,USSD,Android,527.14,4,Medium,DEV_0000968,ce129e140baf7436
NDM_000969,Walvis Bay,2280,Premium,USSD,Android,258.3,4,Medium,DEV_0000969,89b2dcbffb98c3dd
NDM_000970,Rundu,1658,Standard,USSD,iOS,853.49,4,Low,DEV_0000970,db463dcd1447f08f
NDM_000971,Walvis Bay,1511,Premium,USSD,Android,1700.78,5,Low,DEV_0000971,a7ef00bbacd874fc
NDM_000972,Swakopmund,2897,Standard,Web,Android,190.94,2,Low,DEV_0000972,eca887ab262d88af
NDM_000973,Windhoek,937,Standard,USSD,Android,385.23,5,Low,DEV_0000973,0057cdc65432a99c
NDM_000974,Windhoek,105,Standard,USSD,Android,404.99,4,High,DEV_0000974,f7a3d27403db4598
NDM_000975,Rundu,1916,Standard,USSD,Android,285.26,6,Low,DEV_0000975,db4f11d64c17337b
NDM_000976,Rundu,1011,Business,Web,Android,249.56,6,Low,DEV_0000976,7b4ec6e710abd2aa
NDM_000977,Oshakati,1017,Standard,Mobile_App,Android,490.74,4,Low,DEV_0000977,f258a4712f34fa27
NDM_000978,Walvis Bay,1076,Business,USSD,Android,268.34,2,Medium,DEV_0000978,00b9d487955423e7
NDM_000979,Windhoek,2317,Standard,Web,Android,297.11,3,Medium,DEV_0000979,ed20b086257d2a08
NDM_000980,Windhoek,1245,Premium,USSD,iOS,204.58,4,Low,DEV_0000980,e9fddf9c01e302c7
NDM_000981,Windhoek,1874,Standard,USSD,Android,283.27,3,Low,DEV_0000981,99447bcb2de6d729
NDM_000982,Oshakati,2331,Standard,Mobile_App,Android,1013.01,1,Low,DEV_0000982,2b11ef50435423a3
NDM_000983,Rundu,2662,Premium,USSD,iOS,1105.15,7,High,DEV_0000983,5a18c56c3d4be0de
NDM_000984,Walvis Bay,442,Standard,USSD,iOS,1034.64,4,Low,DEV_0000984,4b594445cc16436e
NDM_000985,Swakopmund,1524,Standard,USSD,Android,3085.66,1,Low,DEV_0000985,030ed265dfff0854
NDM_000986,Windhoek,756,Standard,USSD,Android,125.64,4,Low,DEV_0000986,ed06c867f3b25cb3
NDM_000987,Windhoek,975,Standard,USSD,Android,345.95,4,Low,DEV_0000987,0c00539b2e5211a8
NDM_000988,Walvis Bay,48,Standard,USSD,iOS,2303.04,4,Low,DEV_0000988,ebc9813eaebc1b70
NDM_000989,Windhoek,793,Standard,USSD,Android,782.3,7,Low,DEV_0000989,a4140000064de427
NDM_000990,Keetmanshoop,3541,Standard,USSD,iOS,174.26,4,Low,DEV_0000990,04a4c6e27a35b3cc
NDM_000991,Oshakati,3300,Standard,USSD,Android,288.53,5,Medium,DEV_0000991,d2dd3f38796479d7
NDM_000992,Windhoek,480,Premium,USSD,Android,189.56,2,Medium,DEV_0000992,aa01cb08befbf079
NDM_000993,Oshakati,993,Standard,USSD,iOS,353.87,2,Low,DEV_0000993,61148a6d980543ab
NDM_000994,Windhoek,757,Standard,USSD,Android,122.79,4,Low,DEV_0000994,e376f97aad3f4c7b
NDM_000995,Walvis Bay,3487,Standard,USSD,Android,563.59,3,Low,DEV_0000995,a6973c4f1c141f7c
NDM_000996,Walvis Bay,653,Standard,USSD,Android,411.13,5,Low,DEV_0000996,e2ab8b38df508154
NDM_000997,Walvis Bay,85,Premium,Mobile_App,iOS,77.05,3,Medium,DEV_0000997,f05655badca25d54
NDM_000998,Swakopmund,1881,Standard,USSD,Android,1013.08,5,Low,DEV_0000998,6c0c89822f7d65ba
NDM_000999,Swakopmund,2556,Premium,USSD,Android,454.2,5,Low,DEV_0000999,bf64b0e7715c6300
NDM_001000,Walvis Bay,1398,Standard,Web,Android,185.06,5,Low,DEV_0001000,a0f9bd2db1679bd4
NDM_001001,Windhoek,3478,Standard,USSD,Android,692.34,7,High,DEV_0001001,afd43e33011d2955
NDM_001002,Windhoek,1572,Premium,USSD,Android,631.33,4,Low,DEV_0001002,16cb6e845c6efd5a
NDM_001003,Keetmanshoop,3219,Standard,Mobile_App,Android,266.15,4,Medium,DEV_0001003,601f6a285cd55b76
NDM_001004,Swakopmund,785,Standard,Mobile_App,Android,4307.18,1,Medium,DEV_0001004,6ceb5f7b88507d12
NDM_001005,Walvis Bay,1594,Standard,USSD,Android,569.28,1,Medium,DEV_0001005,54326a513935afba
NDM_001006,Rundu,3272,Standard,USSD,iOS,347.31,1,Medium,DEV_0001006,b4d48cc1d2dfa42d
NDM_001007,Windhoek,2176,Standard,Mobile_App,Android,951.51,4,Low,DEV_0001007,6d061255a791c947
NDM_001008,Windhoek,2619,Standard,USSD,Android,235.49,4,Low,DEV_0001008,daf9e82298bb7feb
NDM_001009,Windhoek,323,Standard,Mobile_App,Android,704.16,3,Low,DEV_0001009,fbeef26c0de92293
NDM_001010,Windhoek,2820,Standard,USSD,iOS,154.84,4,Low,DEV_0001010,ffb55a3d417fec5c
NDM_001011,Walvis Bay,3177,Standard,USSD,Android,1047.81,3,Low,DEV_0001011,7cdabb17a3a5d6b6
NDM_001012,Swakopmund,3443,Premium,USSD,Android,375.72,3,Low,DEV_0001012,f4c37eee03f2fa3d
NDM_001013,Keetmanshoop,2678,Premium,USSD,Android,257.14,5,Low,DEV_0001013,97cd4eabe0b6ad4e
NDM_001014,Windhoek,2934,Standard,Mobile_App,iOS,1872.06,6,Low,DEV_0001014,709e3a8119f6ecd0
NDM_001015,Swakopmund,3093,Premium,Web,Android,349.87,2,Low,DEV_0001015,996d59a2063543b9
NDM_001016,Windhoek,2638,Standard,Mobile_App,iOS,823.82,5,Low,DEV_0001016,d8aef2459b70d02e
NDM_001017,Swakopmund,3263,Standard,Web,iOS,998.38,2,Low,DEV_0001017,4c528ceffaf1087f
NDM_001018,Walvis Bay,934,Premium,USSD,Android,334.24,3,Low,DEV_0001018,fa1f990f581f4d67
NDM_001019,Walvis Bay,2558,Standard,USSD,iOS,2421.2,5,Low,DEV_0001019,77d0ac9fd5f99745
NDM_001020,Windhoek,1396,Standard,Web,Android,263.69,5,Medium,DEV_0001020,befdfe598a7a42b8
NDM_001021,Oshakati,2559,Standard,USSD,Android,757.57,3,Low,DEV_0001021,7ae382f988d71b09
NDM_001022,Windhoek,2697,Standard,USSD,iOS,506.44,3,Medium,DEV_0001022,f054951cf751222c
NDM_001023,Oshakati,1731,Standard,USSD,Android,1860.87,3,Low,DEV_0001023,21d4afcded64f99e
NDM_001024,Windhoek,758,Standard,USSD,Android,149.25,3,Low,DEV_0001024,0727258958f24658
NDM_001025,Oshakati,1602,Standard,USSD,iOS,200.18,5,Medium,DEV_0001025,81055860af6eb157
NDM_001026,Swakopmund,348,Standard,USSD,Android,204.65,6,Low,DEV_0001026,84e0e31ae96c2378
NDM_001027,Windhoek,1736,Business,USSD,Android,1384.6,3,Medium,DEV_0001027,56aa93e2fe91aa38
NDM_001028,Windhoek,3056,Premium,USSD,iOS,646.37,4,Low,DEV_0001028,48f0f29f271d17b3
NDM_001029,Windhoek,3401,Standard,Mobile_App,iOS,929.3,4,High,DEV_0001029,92d694f90b38a119
NDM_001030,Oshakati,381,Standard,USSD,Android,1021.1,4,Low,DEV_0001030,17e2e4ad43b4eacc
NDM_001031,Windhoek,925,Standard,Web,iOS,422.54,5,Low,DEV_0001031,c590d0ddf847512a
NDM_001032,Windhoek,101,Standard,USSD,Android,183.54,3,Low,DEV_0001032,103c2de7c6028d87
NDM_001033,Keetmanshoop,1104,Standard,USSD,Android,219.17,4,Low,DEV_0001033,8613b622da325bfc
NDM_001034,Keetmanshoop,551,Standard,USSD,Android,349.15,4,High,DEV_0001034,e0b7e270c7d40b6e
NDM_001035,Windhoek,1511,Premium,USSD,Android,359.4,4,Low,DEV_0001035,0b7eae2eea6fbd3d
NDM_001036,Windhoek,2155,Premium,USSD,Android,1213.4,6,Low,DEV_0001036,f1257866c020c66d
NDM_001037,Windhoek,1689,Standard,USSD,iOS,940.5,2,Low,DEV_0001037,970ccbe2c4e14a83
NDM_001038,Windhoek,2715,Standard,USSD,Android,1335.88,5,Medium,DEV_0001038,310cc2fb3eea0b94
NDM_001039,Windhoek,702,Standard,USSD,Android,101.72,1,Medium,DEV_0001039,1b5508d7f8302459
NDM_001040,Walvis Bay,1138,Standard,USSD,Android,199.6,1,Medium,DEV_0001040,6888d9606b1bf0bd
NDM_001041,Rundu,2262,Business,USSD,Android,507.75,6,Low,DEV_0001041,58cf3ee9475b9806
NDM_001042,Swakopmund,455,Standard,Mobile_App,Android,1136.1,5,Low,DEV_0001042,53050030a20a19de
NDM_001043,Keetmanshoop,3303,Standard,USSD,Android,605.36,1,Low,DEV_0001043,2cf45c562a6d1705
NDM_001044,Windhoek,2164,Premium,USSD,iOS,1475.92,3,Medium,DEV_0001044,72f7d0c1ac337736
NDM_001045,Windhoek,2823,Standard,Mobile_App,Android,199.71,6,Low,DEV_0001045,64cd07c17798aba6
NDM_001046,Windhoek,2410,Standard,USSD,iOS,2528.35,4,Medium,DEV_0001046,a01561a2b609ade1
NDM_001047,Walvis Bay,1013,Standard,USSD,Android,265.63,2,Low,DEV_0001047,fc05030ff32f556b
NDM_001048,Windhoek,1645,Standard,USSD,Android,324.04,2,Low,DEV_0001048,536f02007ff72ef7
NDM_001049,Oshakati,1444,Standard,USSD,Android,417.02,7,Low,DEV_0001049,7140315d8c1f698f
NDM_001050,Walvis Bay,660,Business,USSD,iOS,1868.69,4,Low,DEV_0001050,89f3b153a783dcb7
NDM_001051,Windhoek,1557,Standard,USSD,Android,2567.02,3,Medium,DEV_0001051,3b32b684be4327e6
NDM_001052,Windhoek,2480,Standard,USSD,iOS,666.52,4,Medium,DEV_0001052,b4ccf49f7dbe6733
NDM_001053,Windhoek,2202,Standard,Mobile_App,Android,451.33,5,Low,DEV_0001053,06fee0159004db55
NDM_001054,Windhoek,1535,Standard,USSD,Android,135.15,5,Low,DEV_0001054,90e64c73ee3433c0
NDM_001055,Oshakati,987,Standard,USSD,iOS,570.21,4,Medium,DEV_0001055,7fd25e8cbc19a119
NDM_001056,Windhoek,2910,Standard,Web,iOS,543.09,2,Low,DEV_0001056,fd31f0d15de4ba62
NDM_001057,Swakopmund,1447,Premium,USSD,Android,772.12,3,Low,DEV_0001057,c4f7b062fe258378
NDM_001058,Windhoek,134,Premium,Web,Android,302.67,3,Medium,DEV_0001058,550868ba122ec4fb
NDM_001059,Swakopmund,2285,Standard,USSD,iOS,332.16,5,Low,DEV_0001059,454792dd49183402
NDM_001060,Swakopmund,1426,Standard,Web,Android,269.86,3,Low,DEV_0001060,ed08f942c990000e
NDM_001061,Windhoek,379,Standard,Web,Android,749.72,4,Low,DEV_0001061,8062b0bd2718e3a7
NDM_001062,Swakopmund,3039,Premium,Web,Android,1693.67,5,High,DEV_0001062,aba57e63ab37f86f
NDM_001063,Swakopmund,617,Standard,USSD,Android,1216.83,5,Low,DEV_0001063,0bf916cb225f45b6
NDM_001064,Keetmanshoop,418,Standard,USSD,Android,267.68,5,Low,DEV_0001064,81726824914244bb
NDM_001065,Windhoek,3465,Standard,USSD,Android,967.71,2,Low,DEV_0001065,0eb6fe13771bbbf4
NDM_001066,Rundu,2895,Premium,USSD,iOS,1045.68,4,Low,DEV_0001066,113328c5ead7e4c6
NDM_001067,Swakopmund,282,Standard,USSD,Android,680.89,4,Low,DEV_0001067,f37057a48d900137
NDM_001068,Windhoek,704,Standard,USSD,iOS,691.32,4,Low,DEV_0001068,793e79d6b3c069bc
NDM_001069,Rundu,707,Standard,USSD,Android,130.51,3,Low,DEV_0001069,607633586a283598
NDM_001070,Windhoek,2918,Standard,USSD,Android,1053.03,6,Low,DEV_0001070,76a04345990298af
NDM_001071,Windhoek,1730,Standard,USSD,iOS,1440.78,2,Low,DEV_0001071,d6f60eb6b9f5aaa0
NDM_001072,Windhoek,1477,Premium,Web,iOS,371.94,5,Low,DEV_0001072,8c30729fe516c7d9
NDM_001073,Windhoek,2317,Standard,USSD,iOS,151.66,5,Low,DEV_0001073,6391dfb7e29b8466
NDM_001074,Windhoek,2257,Standard,Web,Android,434.02,2,Medium,DEV_0001074,f1c40f9d22cba472
NDM_001075,Swakopmund,1099,Standard,USSD,Android,222.86,2,Low,DEV_0001075,f40f26420f81c04d
NDM_001076,Windhoek,1530,Standard,Web,Android,1235.84,3,Medium,DEV_0001076,53c600b170db6fcd
NDM_001077,Windhoek,679,Standard,USSD,iOS,113.14,7,Low,DEV_0001077,1dbbd79d1e840393
NDM_001078,Swakopmund,2285,Standard,USSD,Android,147.23,4,Medium,DEV_0001078,5226014159e3488b
NDM_001079,Windhoek,1993,Standard,USSD,iOS,210.64,5,High,DEV_0001079,c03a377e5e1215bf
NDM_001080,Windhoek,1770,Standard,Web,Android,444.44,3,Medium,DEV_0001080,c9863ff0e8ebff8e
NDM_001081,Rundu,2117,Standard,USSD,Android,1427.17,2,Medium,DEV_0001081,b713dedfa9f10815
NDM_001082,Keetmanshoop,1930,Standard,Web,iOS,419.72,3,Low,DEV_0001082,dadc513659119cb7
NDM_001083,Swakopmund,2744,Standard,Mobile_App,Android,1083.56,2,Medium,DEV_0001083,71e8b09e1b427abe
NDM_001084,Keetmanshoop,276,Standard,USSD,iOS,613.35,2,Low,DEV_0001084,c4276a864193a217
NDM_001085,Windhoek,3269,Standard,USSD,Android,204.53,3,Low,DEV_0001085,fec019caa5b2bca4
NDM_001086,Walvis Bay,3242,Standard,USSD,Android,410.91,1,Low,DEV_0001086,3c0dedd8659c45ea
NDM_001087,Oshakati,1885,Standard,USSD,Android,567.63,4,Low,DEV_0001087,a07c2b32620715af
NDM_001088,Oshakati,1225,Standard,USSD,Android,877.33,4,Low,DEV_0001088,66cc39c0328109ec
NDM_001089,Windhoek,620,Standard,USSD,iOS,583.25,3,Low,DEV_0001089,7533b80f0381643f
NDM_001090,Windhoek,1479,Standard,USSD,Android,844.24,3,High,DEV_0001090,23a5392be607115c
NDM_001091,Rundu,2050,Standard,Web,Android,3501.47,4,Medium,DEV_0001091,14c3e4c1bff7a016
NDM_001092,Windhoek,1028,Standard,Web,Android,491.08,3,Low,DEV_0001092,8be55593e2a28ae1
NDM_001093,Windhoek,538,Standard,USSD,Android,187.8,3,Low,DEV_0001093,223be7731bbd9815
NDM_001094,Oshakati,3044,Standard,USSD,Android,1933.27,3,Low,DEV_0001094,c754c14af535b1d7
NDM_001095,Windhoek,2991,Standard,USSD,Android,2298.05,4,Low,DEV_0001095,bbcc210c4f27cbe5
NDM_001096,Swakopmund,3305,Premium,USSD,Android,1022.03,2,Low,DEV_0001096,c7a01551913b4d12
NDM_001097,Windhoek,1044,Standard,USSD,Android,905.65,3,Low,DEV_0001097,ab4c1913be8e3ea2
NDM_001098,Swakopmund,3322,Standard,USSD,Android,95.68,5,Low,DEV_0001098,f39f6b8d8c146df0
NDM_001099,Windhoek,1008,Standard,USSD,iOS,768.17,4,Low,DEV_0001099,f25a226873647eb5
NDM_001100,Swakopmund,482,Business,USSD,Android,237.45,4,Medium,DEV_0001100,9dd9c63f725a70a8
NDM_001101,Windhoek,1811,Standard,USSD,Android,307.94,5,Low,DEV_0001101,885f78cf70028569
NDM_001102,Windhoek,2812,Standard,USSD,Android,453.62,4,Low,DEV_0001102,e1aba135d135da3c
NDM_001103,Swakopmund,844,Premium,USSD,iOS,677.82,5,Low,DEV_0001103,d0d41810753d7917
NDM_001104,Windhoek,1549,Standard,USSD,Android,687.19,3,Low,DEV_0001104,b0d040dc084b1159
NDM_001105,Walvis Bay,310,Premium,Mobile_App,Android,382.59,6,Low,DEV_0001105,0b535bbf2fe768da
NDM_001106,Windhoek,825,Standard,Mobile_App,Android,179.79,5,Low,DEV_0001106,9484e4dd4409c052
NDM_001107,Rundu,1188,Standard,Web,Android,275.89,4,Medium,DEV_0001107,b52175ae271de822
NDM_001108,Windhoek,99,Premium,USSD,Android,981.61,3,Medium,DEV_0001108,f635f732a936597c
NDM_001109,Walvis Bay,1213,Standard,USSD,Android,413.26,8,Low,DEV_0001109,c8417ddd45af363a
NDM_001110,Windhoek,1249,Standard,USSD,iOS,902.55,2,Low,DEV_0001110,7c91a7a0f2a88c03
NDM_001111,Windhoek,3403,Premium,USSD,Android,244.63,5,High,DEV_0001111,5a89199167e08cf3
NDM_001112,Swakopmund,1225,Standard,Web,Android,829.26,4,Medium,DEV_0001112,40d5d84eee6b61b1
NDM_001113,Windhoek,590,Standard,USSD,iOS,446.27,3,Medium,DEV_0001113,424d876e67b8797d
NDM_001114,Keetmanshoop,682,Standard,USSD,Android,522.93,2,Low,DEV_0001114,3d32072e6850d94f
NDM_001115,Windhoek,986,Standard,USSD,iOS,728.16,4,High,DEV_0001115,fd4087dc97de9d68
NDM_001116,Windhoek,1708,Standard,Web,Android,301.89,2,Low,DEV_0001116,7cd4f29e5a835341
NDM_001117,Swakopmund,238,Standard,USSD,Android,397.76,1,Medium,DEV_0001117,7e97442d337adfae
NDM_001118,Swakopmund,2612,Standard,Mobile_App,Android,349.25,4,Low,DEV_0001118,6b3776e77fc11f41
NDM_001119,Windhoek,1405,Standard,USSD,Android,1248.36,3,Medium,DEV_0001119,0754ca44a90587d5
NDM_001120,Oshakati,905,Premium,Mobile_App,Android,422.26,5,Medium,DEV_0001120,040d224512eff606
NDM_001121,Windhoek,3509,Standard,USSD,iOS,286.21,6,Low,DEV_0001121,9d283c3d43bae6f1
NDM_001122,Windhoek,2010,Premium,USSD,iOS,1286.39,5,High,DEV_0001122,cbe2155a6a801e4c
NDM_001123,Keetmanshoop,474,Standard,Web,Android,1297.82,4,Medium,DEV_0001123,3d3de2f843edcd5f
NDM_001124,Windhoek,3234,Standard,USSD,iOS,360.73,2,Low,DEV_0001124,c9128fd9dc341bc6
NDM_001125,Walvis Bay,1752,Standard,USSD,Android,599.7,1,Low,DEV_0001125,2f2d6e8b5a3755d5
NDM_001126,Walvis Bay,3306,Business,USSD,iOS,571.01,3,Low,DEV_0001126,ba52b120027e4536
NDM_001127,Walvis Bay,1933,Standard,Web,Android,1210.98,4,Low,DEV_0001127,8cd02cef64e4513d
NDM_001128,Swakopmund,1135,Premium,Mobile_App,iOS,213.58,2,Low,DEV_0001128,97b013db73788246
NDM_001129,Walvis Bay,3129,Standard,USSD,Android,701.89,4,Low,DEV_0001129,943e846ecf8db92e
NDM_001130,Windhoek,2389,Premium,USSD,Android,1225.61,4,Low,DEV_0001130,9166ca4ba47dd425
NDM_001131,Rundu,1448,Business,USSD,Android,450.7,5,Low,DEV_0001131,db3d47d685989fd6
NDM_001132,Windhoek,1558,Premium,USSD,iOS,939.77,4,Low,DEV_0001132,613e974d711d1885
NDM_001133,Oshakati,2829,Business,Web,Android,154.99,1,Low,DEV_0001133,c568a3be4275a71c
NDM_001134,Swakopmund,1510,Premium,USSD,Android,370.41,2,Medium,DEV_0001134,2af5d05cc794548b
NDM_001135,Keetmanshoop,2569,Standard,USSD,Android,473.09,3,Low,DEV_0001135,1405f21d43173b57
NDM_001136,Oshakati,200,Standard,USSD,Android,484.61,3,Medium,DEV_0001136,7e4734dfc98a16ae
NDM_001137,Walvis Bay,2926,Standard,USSD,Android,467.04,5,High,DEV_0001137,2a7b1a8cf72a8f2c
NDM_001138,Rundu,983,Standard,USSD,Android,547.54,4,Low,DEV_0001138,31e732b0e88189cd
NDM_001139,Oshakati,1919,Standard,Web,Android,281.31,3,Medium,DEV_0001139,35bcb72d9bf17101
NDM_001140,Swakopmund,730,Standard,USSD,Android,211.95,7,Low,DEV_0001140,2a2540db586697c7
NDM_001141,Windhoek,665,Standard,USSD,iOS,358.37,8,Low,DEV_0001141,4e30d01c21115f09
NDM_001142,Oshakati,3409,Standard,USSD,Android,104.6,4,Low,DEV_0001142,aeb69542aa71459b
NDM_001143,Walvis Bay,2182,Standard,USSD,Android,377.86,3,Medium,DEV_0001143,95daa4497a8521df
NDM_001144,Windhoek,3485,Standard,Mobile_App,Android,527.72,3,Low,DEV_0001144,d96d4d2bc7156264
NDM_001145,Keetmanshoop,3015,Standard,USSD,iOS,1000.81,4,Medium,DEV_0001145,4bb496585c4aecab
NDM_001146,Windhoek,2609,Standard,USSD,Android,115.61,4,Low,DEV_0001146,febd50d4a9f1f430
NDM_001147,Oshakati,49,Standard,USSD,Android,581.4,4,Medium,DEV_0001147,75cb1b28e930cc86
NDM_001148,Windhoek,3247,Standard,USSD,Android,447.06,4,Low,DEV_0001148,32e92f32216bdc92
NDM_001149,Windhoek,2728,Standard,Web,Android,169.24,5,Low,DEV_0001149,7daa136b933c81d9
NDM_001150,Walvis Bay,1639,Premium,USSD,iOS,409.15,2,Low,DEV_0001150,76357f2cdb1403f9
NDM_001151,Walvis Bay,2796,Standard,Web,Android,228.96,5,Low,DEV_0001151,848ae2be36c1eb34
NDM_001152,Windhoek,2397,Standard,USSD,Android,618.44,4,Low,DEV_0001152,3ea718dd90a30f76
NDM_001153,Windhoek,1617,Premium,Web,Android,2448.6,6,Low,DEV_0001153,b919bcd08b8bb5f6
NDM_001154,Windhoek,2722,Premium,Mobile_App,iOS,521.3,3,Low,DEV_0001154,09ca5c69363236a1
NDM_001155,Keetmanshoop,1351,Standard,USSD,Android,390.83,3,Low,DEV_0001155,0b32b20522ac3567
NDM_001156,Oshakati,2736,Standard,Web,iOS,1871.1,1,Low,DEV_0001156,4023be60a70b2766
NDM_001157,Windhoek,1233,Standard,USSD,iOS,689.69,3,Low,DEV_0001157,0ce64dea1e294ca8
NDM_001158,Oshakati,3279,Standard,USSD,Android,3488.48,3,Low,DEV_0001158,bac538608e1647a7
NDM_001159,Walvis Bay,2943,Premium,USSD,Android,155.35,3,Low,DEV_0001159,93fbebc9f64f3a28
NDM_001160,Rundu,2769,Premium,Mobile_App,iOS,140.06,4,Medium,DEV_0001160,f7028525b258f4f7
NDM_001161,Windhoek,226,Standard,USSD,Android,234.12,4,Low,DEV_0001161,58d7e581249501d2
NDM_001162,Keetmanshoop,2081,Standard,Mobile_App,Android,1541.03,1,Low,DEV_0001162,f0a5504ef8be85db
NDM_001163,Walvis Bay,134,Standard,USSD,Android,423.88,6,Medium,DEV_0001163,77d3bfa37a8852c1
NDM_001164,Keetmanshoop,2964,Premium,Web,iOS,1036.2,5,Low,DEV_0001164,e3a12c215de5001e
NDM_001165,Oshakati,912,Standard,USSD,Android,535.62,2,Medium,DEV_0001165,2fae8ff24693d023
NDM_001166,Windhoek,2690,Standard,USSD,Android,544.56,5,Medium,DEV_0001166,e849a3cd09fbfc79
NDM_001167,Windhoek,2852,Premium,USSD,Android,561.03,2,Low,DEV_0001167,fbf4eeee7cccc9ba
NDM_001168,Rundu,1623,Standard,USSD,Android,308.92,6,Low,DEV_0001168,e0ada7444a744193
NDM_001169,Walvis Bay,2332,Standard,Web,Android,316.76,9,Low,DEV_0001169,49f8036978cd4769
NDM_001170,Oshakati,317,Premium,Web,Android,195.61,3,Low,DEV_0001170,9a0f92232dfd52e8
NDM_001171,Keetmanshoop,1965,Premium,USSD,Android,2004.18,5,Low,DEV_0001171,72f550f484acba94
NDM_001172,Windhoek,3170,Standard,USSD,Android,271.5,1,Low,DEV_0001172,469d8bc5f07a504a
NDM_001173,Windhoek,3017,Standard,USSD,Android,110.76,6,Low,DEV_0001173,7f902347750325d3
NDM_001174,Swakopmund,2787,Standard,USSD,iOS,744.23,6,Low,DEV_0001174,4faaa23dceefaab3
NDM_001175,Oshakati,2971,Standard,USSD,Android,638.99,5,Medium,DEV_0001175,72493e69ee767f45
NDM_001176,Windhoek,2787,Standard,USSD,Android,209.96,6,Medium,DEV_0001176,f19ac2c38a65fd7c
NDM_001177,Windhoek,435,Premium,USSD,iOS,1711.18,3,Low,DEV_0001177,74a8790d7b51221e
NDM_001178,Oshakati,320,Business,USSD,Android,267.87,4,Low,DEV_0001178,016daf50510b1d7f
NDM_001179,Oshakati,2237,Standard,USSD,Android,974.92,5,Low,DEV_0001179,64d9a481606a15ad
NDM_001180,Swakopmund,545,Premium,USSD,iOS,361.92,4,Low,DEV_0001180,5148f1bb307ec123
NDM_001181,Walvis Bay,870,Standard,Mobile_App,iOS,1494.05,5,Low,DEV_0001181,422431655c4ce830
NDM_001182,Windhoek,1643,Business,USSD,Android,721.78,8,Low,DEV_0001182,a32057d564eb8faf
NDM_001183,Walvis Bay,3369,Standard,Mobile_App,iOS,568.13,3,Low,DEV_0001183,4f067e797c4c4e79
NDM_001184,Windhoek,56,Standard,Web,Android,652.84,7,Low,DEV_0001184,a7b3fb9856b188c4
NDM_001185,Swakopmund,1045,Standard,USSD,Android,256.19,4,Medium,DEV_0001185,07f7b49399cdf1cd
NDM_001186,Keetmanshoop,3470,Premium,USSD,Android,395.96,6,Medium,DEV_0001186,65011323e8e03e68
NDM_001187,Windhoek,2805,Standard,USSD,iOS,702.25,7,Low,DEV_0001187,7e6942f54ffd40a3
NDM_001188,Swakopmund,204,Standard,USSD,Android,707.6,4,Medium,DEV_0001188,0090a18a35eca834
NDM_001189,Keetmanshoop,2850,Standard,USSD,Android,888.44,1,Low,DEV_0001189,8eba874d870d44d1
NDM_001190,Swakopmund,207,Premium,Web,iOS,1077.34,1,Low,DEV_0001190,2d7d0e620bb88d72
NDM_001191,Windhoek,705,Standard,USSD,Android,546.93,5,Low,DEV_0001191,444e7857e0c8a955
NDM_001192,Windhoek,1766,Standard,USSD,iOS,200.13,8,Medium,DEV_0001192,2bd2a7d9e650f9e2
NDM_001193,Oshakati,2343,Standard,USSD,Android,540.22,2,Low,DEV_0001193,a21deab7e60fef37
NDM_001194,Swakopmund,1760,Standard,Web,iOS,128.95,4,Low,DEV_0001194,840b8a608c8367af
NDM_001195,Rundu,3214,Standard,USSD,Android,216.92,4,Low,DEV_0001195,a681aeb2cedd1dce
NDM_001196,Rundu,190,Standard,USSD,Android,140.73,5,Low,DEV_0001196,45e89d941943e15c
NDM_001197,Keetmanshoop,3115,Standard,Mobile_App,iOS,2788.16,5,Low,DEV_0001197,e183cc6729ae2a44
NDM_001198,Windhoek,1699,Standard,USSD,Android,588.27,4,Medium,DEV_0001198,01a444f5f5c70d1b
NDM_001199,Rundu,228,Premium,USSD,Android,1308.51,5,Low,DEV_0001199,72f143dfc355cde7
NDM_001200,Windhoek,3534,Standard,USSD,Android,495.21,1,Low,DEV_0001200,2b1cb614649d0d71
NDM_001201,Rundu,976,Standard,Web,iOS,884.45,6,Medium,DEV_0001201,593adaa015bcc79b
NDM_001202,Windhoek,2440,Standard,USSD,Android,25.79,6,Low,DEV_0001202,66d570d3c324d785
NDM_001203,Keetmanshoop,1522,Business,Web,iOS,355.38,5,Low,DEV_0001203,64c0296cb8545b0a
NDM_001204,Windhoek,1293,Standard,USSD,iOS,343.71,3,Low,DEV_0001204,ec1f9e94ed717ff3
NDM_001205,Windhoek,754,Premium,Mobile_App,Android,290.04,3,Low,DEV_0001205,67eaeb5ddbfa9c96
NDM_001206,Keetmanshoop,3174,Standard,USSD,Android,218.31,6,Low,DEV_0001206,7593e22fd886fa92
NDM_001207,Walvis Bay,1034,Standard,Web,Android,487.33,6,Medium,DEV_0001207,ccd011688cd4c230
NDM_001208,Windhoek,3366,Standard,USSD,Android,437.07,3,Medium,DEV_0001208,43d577419873c4ac
NDM_001209,Walvis Bay,855,Standard,USSD,Android,572.36,7,Low,DEV_0001209,ffd57f16abeae47c
NDM_001210,Walvis Bay,785,Standard,USSD,Android,618.59,5,Medium,DEV_0001210,1fabbaa88f770ccf
NDM_001211,Swakopmund,351,Standard,USSD,Android,389.49,6,Medium,DEV_0001211,c752b823a89f5226
NDM_001212,Windhoek,1859,Standard,USSD,Android,2489.83,4,Low,DEV_0001212,86c978cf1edbd027
NDM_001213,Rundu,3363,Standard,USSD,Android,5059.49,3,Medium,DEV_0001213,0455d8ca83dbed48
NDM_001214,Windhoek,589,Standard,USSD,Android,394.75,3,Low,DEV_0001214,150c15da137258b1
NDM_001215,Walvis Bay,945,Standard,Web,iOS,546.92,5,Low,DEV_0001215,eca125aa6b6b57e3
NDM_001216,Rundu,3391,Standard,Web,Android,266.06,6,Medium,DEV_0001216,7b592229dc2adf26
NDM_001217,Keetmanshoop,3645,Premium,Mobile_App,iOS,427.97,4,Medium,DEV_0001217,72b787f0a03fec40
NDM_001218,Walvis Bay,2691,Standard,Mobile_App,Android,442.19,5,Low,DEV_0001218,c6846659be84a3c7
NDM_001219,Windhoek,1653,Premium,USSD,iOS,1443.76,4,Medium,DEV_0001219,54cfad59de32ee34
NDM_001220,Swakopmund,3306,Standard,USSD,Android,340.53,5,Low,DEV_0001220,26f5408dff5e54bc
NDM_001221,Windhoek,3273,Standard,Mobile_App,Android,214.54,2,High,DEV_0001221,34c619e4ea65db21
NDM_001222,Windhoek,859,Standard,USSD,Android,668.84,3,Low,DEV_0001222,5043bbe63e8c99c2
NDM_001223,Walvis Bay,2634,Standard,Mobile_App,Android,540.22,4,Low,DEV_0001223,efd85484a990d232
NDM_001224,Swakopmund,2806,Standard,Mobile_App,iOS,316.77,3,Low,DEV_0001224,65b160f50338ba0d
NDM_001225,Windhoek,707,Standard,Web,iOS,678.93,2,Low,DEV_0001225,f12099582ea0a7e3
NDM_001226,Swakopmund,400,Standard,Mobile_App,Android,1510.88,2,Low,DEV_0001226,8c41b70aaa68d689
NDM_001227,Oshakati,1660,Standard,Mobile_App,Android,641.81,6,Low,DEV_0001227,c311348d0dca7d36
NDM_001228,Windhoek,597,Business,USSD,iOS,227.13,4,Medium,DEV_0001228,9b40676575808065
NDM_001229,Windhoek,130,Standard,USSD,Android,1410.29,3,High,DEV_0001229,87a9a67eac6b24ac
NDM_001230,Swakopmund,611,Standard,Mobile_App,iOS,1085.92,1,Medium,DEV_0001230,c24b9092b0cf5513
NDM_001231,Windhoek,2415,Standard,USSD,Android,414.18,3,Low,DEV_0001231,724fdbdafc8f96c4
NDM_001232,Windhoek,2107,Standard,USSD,Android,361.78,1,Low,DEV_0001232,2ac6f5760a41777b
NDM_001233,Walvis Bay,1999,Standard,Web,iOS,2000.68,4,Low,DEV_0001233,3348533f40d89955
NDM_001234,Windhoek,279,Premium,USSD,Android,1590.45,3,Low,DEV_0001234,ef0227dba13fc239
NDM_001235,Windhoek,1681,Standard,USSD,Android,910.87,4,Low,DEV_0001235,79dd60aad6eab51d
NDM_001236,Oshakati,2309,Standard,USSD,iOS,1166.92,4,Low,DEV_0001236,08c788a875d62167
NDM_001237,Swakopmund,2823,Standard,USSD,Android,467.92,3,Low,DEV_0001237,4fe5cc710974739d
NDM_001238,Windhoek,1923,Standard,USSD,Android,119.67,4,Low,DEV_0001238,cbf0b200379e1582
NDM_001239,Rundu,1257,Premium,USSD,Android,291.28,5,Low,DEV_0001239,5ea64a7a5d3bf954
NDM_001240,Windhoek,2439,Standard,USSD,Android,453.89,4,Low,DEV_0001240,f478a61da68850f9
NDM_001241,Windhoek,256,Standard,USSD,Android,587.07,3,Medium,DEV_0001241,7ca9c3076e8e9ff1
NDM_001242,Oshakati,3558,Standard,Web,Android,423.31,3,Low,DEV_0001242,a7c84302ecf7cffb
NDM_001243,Swakopmund,1979,Standard,Web,iOS,118.63,3,Low,DEV_0001243,a3536f304f19687d
NDM_001244,Walvis Bay,707,Standard,Web,iOS,543.85,2,Low,DEV_0001244,373316e27c775f81
NDM_001245,Keetmanshoop,2020,Premium,USSD,Android,244.96,5,Low,DEV_0001245,e51978cb4340f518
NDM_001246,Oshakati,3047,Premium,USSD,iOS,136.9,6,Low,DEV_0001246,3e1c9234d7f870f4
NDM_001247,Windhoek,2906,Standard,USSD,Android,277.47,4,Medium,DEV_0001247,d9ca9fd92df8f81e
NDM_001248,Windhoek,3531,Standard,USSD,Android,491.84,4,Medium,DEV_0001248,9df4236fe662af86
NDM_001249,Windhoek,3086,Standard,Web,Android,938.97,4,Low,DEV_0001249,d309ffbde5de041a
NDM_001250,Keetmanshoop,2620,Standard,Web,Android,113.83,8,Low,DEV_0001250,a1463bcc6a99e853
NDM_001251,Oshakati,3452,Premium,USSD,Android,225.96,3,Low,DEV_0001251,0a2ad1c681953cd0
NDM_001252,Windhoek,1347,Premium,USSD,Android,91.35,4,Low,DEV_0001252,249ef27f622cf241
NDM_001253,Windhoek,2738,Standard,Web,iOS,112.32,2,Medium,DEV_0001253,b38bac92fcf289dd
NDM_001254,Walvis Bay,582,Premium,USSD,iOS,1081.21,5,Low,DEV_0001254,c9c4990b96471d62
NDM_001255,Keetmanshoop,2352,Premium,USSD,Android,2413.32,4,Low,DEV_0001255,51beb1c99fa1b62b
NDM_001256,Windhoek,2449,Standard,USSD,iOS,284.22,3,Low,DEV_0001256,5990aa6b3d663280
NDM_001257,Windhoek,2303,Premium,USSD,iOS,706.48,3,Medium,DEV_0001257,9006424fd50d16d5
NDM_001258,Windhoek,3327,Standard,USSD,iOS,189.89,4,Medium,DEV_0001258,1be0148734e1be26
NDM_001259,Windhoek,1754,Standard,USSD,Android,278.37,6,Low,DEV_0001259,a3ba08c6d0a50d48
NDM_001260,Windhoek,1559,Premium,USSD,Android,441.37,3,Medium,DEV_0001260,89971faa23418f03
NDM_001261,Walvis Bay,904,Premium,USSD,Android,337.8,3,Low,DEV_0001261,75ca9b93fd81367a
NDM_001262,Walvis Bay,2589,Standard,Web,Android,1516.99,6,Medium,DEV_0001262,23b5ed0de2d61f1a
NDM_001263,Swakopmund,492,Standard,USSD,Android,1597.41,3,Low,DEV_0001263,245f1acaa742a203
NDM_001264,Windhoek,3586,Standard,Web,Android,147.26,2,Low,DEV_0001264,199c7cd241327329
NDM_001265,Windhoek,1860,Standard,USSD,Android,1612.48,1,Medium,DEV_0001265,22e241bbd5d43c8a
NDM_001266,Walvis Bay,2292,Standard,USSD,iOS,514.09,2,Low,DEV_0001266,cccb6ca166eb2ee9
NDM_001267,Windhoek,468,Standard,USSD,Android,330.3,1,Low,DEV_0001267,b8389eea5352a050
NDM_001268,Rundu,3017,Standard,Web,Android,906.2,5,Low,DEV_0001268,3fee1571ebb8bfaf
NDM_001269,Windhoek,2758,Premium,Web,Android,408.14,4,Low,DEV_0001269,160eb5d287d9ae9e
NDM_001270,Rundu,562,Premium,USSD,iOS,413.46,3,Medium,DEV_0001270,7ae0689ad37cdb6d
NDM_001271,Oshakati,2255,Business,USSD,iOS,1704.66,6,Low,DEV_0001271,6a4a85940c6927a5
NDM_001272,Swakopmund,1102,Business,Web,Android,353.02,7,Low,DEV_0001272,32a611eece9eceec
NDM_001273,Windhoek,565,Standard,USSD,Android,1036.53,3,Low,DEV_0001273,39bfc85b9c5c2ff4
NDM_001274,Windhoek,2572,Standard,Web,Android,663.74,4,Low,DEV_0001274,eba108d4d3b55fd9
NDM_001275,Windhoek,951,Standard,USSD,iOS,351.47,2,Medium,DEV_0001275,eb719702b2d3f4fc
NDM_001276,Windhoek,2333,Standard,USSD,Android,371.39,5,Medium,DEV_0001276,269dfbd573e69ff0
NDM_001277,Windhoek,2775,Standard,USSD,Android,2356.52,2,High,DEV_0001277,4e57c5d2c71328b4
NDM_001278,Walvis Bay,1714,Standard,USSD,iOS,188.69,2,Medium,DEV_0001278,de4cf9b2f2c19719
NDM_001279,Windhoek,1629,Premium,Web,iOS,214.5,2,Medium,DEV_0001279,c88eca53a97d5c05
NDM_001280,Oshakati,339,Standard,USSD,Android,548.43,2,Low,DEV_0001280,20901a5147b30f29
NDM_001281,Walvis Bay,1300,Standard,Web,iOS,404.06,5,Low,DEV_0001281,cbda4fd25a39b097
NDM_001282,Swakopmund,616,Standard,Mobile_App,iOS,628.52,3,Low,DEV_0001282,22705858d21755b7
NDM_001283,Keetmanshoop,2824,Standard,USSD,iOS,447.39,3,Medium,DEV_0001283,ee1da9870fee4d6a
NDM_001284,Windhoek,868,Standard,USSD,Android,1151.81,5,Low,DEV_0001284,d18b67d6f5b26c97
NDM_001285,Windhoek,2545,Standard,USSD,Android,367.36,3,Medium,DEV_0001285,acacbfb91ae2d018
NDM_001286,Windhoek,679,Standard,USSD,iOS,338.25,6,Medium,DEV_0001286,5304a382e07c7b62
NDM_001287,Oshakati,695,Standard,Web,Android,527.31,6,Low,DEV_0001287,059fbf9c140eca46
NDM_001288,Swakopmund,2908,Premium,USSD,Android,496.14,2,Low,DEV_0001288,7bc31ec657df9156
NDM_001289,Swakopmund,1331,Standard,USSD,Android,188.76,2,Medium,DEV_0001289,89764490af009f94
NDM_001290,Rundu,2102,Standard,USSD,Android,1190.0,3,Low,DEV_0001290,d6bf00556bd2a6ac
NDM_001291,Windhoek,2714,Standard,Web,Android,445.13,7,Low,DEV_0001291,42ba33bb279fa16c
NDM_001292,Windhoek,1283,Standard,USSD,iOS,688.73,5,Low,DEV_0001292,26fb80320499d481
NDM_001293,Swakopmund,332,Standard,USSD,Android,509.79,4,Low,DEV_0001293,9c070c0bc4cc8302
NDM_001294,Walvis Bay,2218,Standard,Web,Android,290.02,2,Low,DEV_0001294,dc1275ac932b7aea
NDM_001295,Walvis Bay,2811,Standard,USSD,Android,372.39,4,Medium,DEV_0001295,849aae7725d07619
NDM_001296,Windhoek,728,Standard,Web,iOS,73.05,1,Low,DEV_0001296,ece857f680760107
NDM_001297,Windhoek,1917,Standard,Mobile_App,Android,1832.7,6,Low,DEV_0001297,f04203c91d627647
NDM_001298,Oshakati,1260,Standard,USSD,iOS,158.03,4,Low,DEV_0001298,3857093db34768ad
NDM_001299,Walvis Bay,1128,Premium,USSD,iOS,1268.16,3,Low,DEV_0001299,8602ec20f7212405
NDM_001300,Windhoek,280,Standard,Web,Android,94.29,6,Low,DEV_0001300,98d16e25ca022d36
NDM_001301,Windhoek,198,Standard,USSD,Android,507.48,3,Medium,DEV_0001301,743fe74996603ea1
NDM_001302,Oshakati,2296,Standard,Web,iOS,1430.51,3,Low,DEV_0001302,444cce148a60b648
NDM_001303,Rundu,2889,Standard,USSD,Android,879.65,6,Low,DEV_0001303,1aa564b9e9d7a3b6
NDM_001304,Swakopmund,1565,Standard,Web,Android,196.08,2,Low,DEV_0001304,7d7be2ce2896d9d0
NDM_001305,Rundu,1914,Standard,USSD,iOS,175.93,6,Low,DEV_0001305,1969582f41705bfd
NDM_001306,Keetmanshoop,3124,Premium,USSD,Android,380.5,4,Low,DEV_0001306,9201a685584e2da7
NDM_001307,Swakopmund,1422,Standard,USSD,Android,431.66,1,Low,DEV_0001307,d73900337473d87e
NDM_001308,Swakopmund,3058,Premium,USSD,iOS,562.22,4,Low,DEV_0001308,caa1c5e01ecefa14
NDM_001309,Windhoek,310,Standard,USSD,iOS,400.74,8,Low,DEV_0001309,265b51603a7d1e02
NDM_001310,Windhoek,2842,Standard,Web,Android,970.45,5,Low,DEV_0001310,1c2ca2f5dde1b03f
NDM_001311,Windhoek,3268,Standard,USSD,iOS,914.26,6,Low,DEV_0001311,8ee81da734547fc1
NDM_001312,Rundu,1124,Standard,Mobile_App,Android,317.89,5,Low,DEV_0001312,ce33cb6dd41c0ac5
NDM_001313,Oshakati,1968,Standard,USSD,Android,400.03,4,Medium,DEV_0001313,dc3adcd529178bc1
NDM_001314,Walvis Bay,3232,Premium,Web,Android,542.33,2,Low,DEV_0001314,042c278eda1b2991
NDM_001315,Keetmanshoop,1752,Standard,Web,Android,1025.77,1,Medium,DEV_0001315,daf0b6cea9c00b71
NDM_001316,Rundu,2400,Standard,USSD,Android,400.81,6,Low,DEV_0001316,b18d8648631fa48d
NDM_001317,Walvis Bay,3395,Premium,USSD,iOS,1038.86,5,Low,DEV_0001317,24de0936ec92b129
NDM_001318,Windhoek,550,Standard,USSD,iOS,1335.62,4,Low,DEV_0001318,2f9d02d678ff7cca
NDM_001319,Windhoek,1180,Standard,Mobile_App,Android,390.56,4,Low,DEV_0001319,9375edd10966df8c
NDM_001320,Keetmanshoop,1746,Premium,USSD,Android,2292.71,2,Low,DEV_0001320,61988eaf6c7b5a1c
NDM_001321,Walvis Bay,624,Standard,USSD,iOS,468.09,8,Low,DEV_0001321,29597512cc2e0001
NDM_001322,Oshakati,3455,Standard,Mobile_App,Android,575.35,4,Low,DEV_0001322,4cab6f27e298ce6c
NDM_001323,Swakopmund,2307,Standard,USSD,iOS,229.5,5,Medium,DEV_0001323,3fb10f2be3481acf
NDM_001324,Keetmanshoop,3293,Standard,USSD,iOS,1169.15,7,Low,DEV_0001324,9c2ced140e26ad52
NDM_001325,Windhoek,486,Standard,USSD,Android,411.71,4,Low,DEV_0001325,3ab039bf1d66bbdf
NDM_001326,Windhoek,2466,Standard,USSD,Android,854.85,2,Low,DEV_0001326,11f12cd8ecae16ac
NDM_001327,Windhoek,3253,Standard,USSD,Android,1300.39,5,Low,DEV_0001327,50fb6c8e883f3e3a
NDM_001328,Swakopmund,3346,Standard,Web,Android,138.9,4,Medium,DEV_0001328,95ced7f00fccc30c
NDM_001329,Rundu,3499,Standard,Web,Android,135.71,3,Low,DEV_0001329,11ca06d3d9a96832
NDM_001330,Keetmanshoop,1875,Standard,USSD,Android,493.89,6,Low,DEV_0001330,5a8b03b1e2cb22d0
NDM_001331,Swakopmund,1999,Standard,USSD,Android,567.67,3,Low,DEV_0001331,244c4e99aaf6453f
NDM_001332,Swakopmund,101,Standard,Mobile_App,iOS,778.92,2,Low,DEV_0001332,9928e66e6ebf631d
NDM_001333,Rundu,2388,Standard,Mobile_App,iOS,472.71,4,High,DEV_0001333,d911609119b942b9
NDM_001334,Windhoek,586,Standard,USSD,iOS,317.92,5,Low,DEV_0001334,9f7ae761993047e5
NDM_001335,Windhoek,740,Standard,USSD,Android,55.37,7,Low,DEV_0001335,571485ffeacd0586
NDM_001336,Walvis Bay,3257,Standard,USSD,Android,660.18,3,Medium,DEV_0001336,5ef183e8c89edc07
NDM_001337,Windhoek,805,Standard,USSD,Android,1226.02,6,Medium,DEV_0001337,cf97f98641e50607
NDM_001338,Swakopmund,775,Standard,USSD,iOS,167.04,4,Low,DEV_0001338,99fa3635a5e9a44d
NDM_001339,Rundu,2673,Standard,USSD,Android,1825.68,2,Low,DEV_0001339,82684b021a4446c2
NDM_001340,Windhoek,828,Standard,USSD,Android,758.28,3,Medium,DEV_0001340,225bbf08cf074454
NDM_001341,Swakopmund,2239,Standard,Web,Android,989.0,2,Low,DEV_0001341,d3b2199155c42ef9
NDM_001342,Windhoek,1218,Premium,Web,iOS,950.83,5,Low,DEV_0001342,9e64ad589f30970c
NDM_001343,Oshakati,782,Standard,USSD,Android,238.61,4,Medium,DEV_0001343,1afb7e9884f0bdaa
NDM_001344,Windhoek,1515,Premium,Web,Android,771.81,2,Medium,DEV_0001344,8884300f2a8c7c4b
NDM_001345,Walvis Bay,1103,Premium,Web,iOS,314.52,5,Low,DEV_0001345,fbdf6fd4be45b2dc
NDM_001346,Oshakati,2682,Standard,USSD,Android,402.04,4,Low,DEV_0001346,b435684b11103083
NDM_001347,Rundu,826,Standard,USSD,Android,583.62,4,Low,DEV_0001347,dd171570e30d2938
NDM_001348,Windhoek,3261,Standard,USSD,iOS,1768.63,3,Low,DEV_0001348,0075a02b11784082
NDM_001349,Oshakati,592,Business,Web,Android,383.6,6,High,DEV_0001349,2e58b6f3c2f3d6a0
NDM_001350,Windhoek,1282,Standard,USSD,Android,413.94,3,Low,DEV_0001350,c3ac9eec700d6f27
NDM_001351,Swakopmund,2452,Standard,USSD,iOS,364.13,5,Medium,DEV_0001351,70a216294d81aa2c
NDM_001352,Swakopmund,3187,Standard,Mobile_App,Android,840.46,1,Medium,DEV_0001352,38d4fe75de318b03
NDM_001353,Windhoek,1019,Standard,USSD,Android,511.38,7,Low,DEV_0001353,c0522d726f9c07d9
NDM_001354,Windhoek,2892,Standard,Web,Android,462.0,6,Low,DEV_0001354,c5981dbcb4e28b47
NDM_001355,Rundu,1524,Standard,Web,Android,457.93,9,Low,DEV_0001355,cb6812493678176b
NDM_001356,Swakopmund,828,Standard,Mobile_App,Android,547.35,6,Medium,DEV_0001356,5bbabe86656c703c
NDM_001357,Windhoek,2486,Standard,Web,iOS,271.76,4,High,DEV_0001357,44fc2c98a100c608
NDM_001358,Oshakati,272,Standard,USSD,Android,860.03,5,Low,DEV_0001358,6170f23bd3e5c753
NDM_001359,Windhoek,2780,Standard,Mobile_App,Android,287.86,3,Medium,DEV_0001359,4fbdc3a71795e838
NDM_001360,Rundu,2198,Standard,USSD,Android,254.16,6,Low,DEV_0001360,809a4693844c7b83
NDM_001361,Oshakati,1550,Standard,Web,Android,296.63,3,Low,DEV_0001361,ab3bf61519602c7a
NDM_001362,Rundu,923,Standard,USSD,iOS,218.17,2,Low,DEV_0001362,37803d1119e62f4e
NDM_001363,Walvis Bay,2285,Standard,USSD,Android,507.28,3,Low,DEV_0001363,a75a48fb9d4f4f2f
NDM_001364,Windhoek,3338,Standard,USSD,Android,971.81,4,Medium,DEV_0001364,ddebed391f666c6f
NDM_001365,Windhoek,309,Standard,Web,Android,174.79,7,Low,DEV_0001365,68c449d348977803
NDM_001366,Swakopmund,2950,Standard,USSD,Android,227.46,2,Low,DEV_0001366,e1d897864fd65c6b
NDM_001367,Swakopmund,2028,Standard,USSD,iOS,214.86,4,Medium,DEV_0001367,99631f56f1ac86d9
NDM_001368,Windhoek,3548,Standard,USSD,Android,483.21,4,Medium,DEV_0001368,f636f4a33aa84519
NDM_001369,Keetmanshoop,1213,Standard,Web,Android,1827.07,8,Low,DEV_0001369,aefd5ae9ab21cf88
NDM_001370,Rundu,2855,Standard,USSD,Android,213.2,2,Low,DEV_0001370,326d49335ee7093e
NDM_001371,Windhoek,180,Standard,USSD,iOS,468.59,6,Medium,DEV_0001371,e4caf5e3edf65112
NDM_001372,Windhoek,1456,Standard,Web,Android,391.31,5,Medium,DEV_0001372,20ea4f10fccc664d
NDM_001373,Swakopmund,3507,Standard,USSD,Android,734.72,4,Medium,DEV_0001373,5679f998da597b57
NDM_001374,Oshakati,3412,Premium,Mobile_App,Android,299.95,6,Medium,DEV_0001374,83a548bdd242820f
NDM_001375,Swakopmund,307,Standard,Web,iOS,796.75,4,Low,DEV_0001375,fff06c6660006d03
NDM_001376,Oshakati,3571,Standard,Web,Android,206.79,4,High,DEV_0001376,5e3131cea05fcf2d
NDM_001377,Walvis Bay,992,Standard,Web,Android,332.9,4,Medium,DEV_0001377,053ec515b2c617d3
NDM_001378,Rundu,1654,Standard,USSD,Android,333.32,5,Low,DEV_0001378,7e4110652804296b
NDM_001379,Keetmanshoop,891,Standard,Web,Android,427.83,4,Low,DEV_0001379,dc19d1dc3a2cf58f
NDM_001380,Windhoek,3393,Standard,USSD,Android,247.77,2,Low,DEV_0001380,c6f8d7978a937ecd
NDM_001381,Swakopmund,3532,Standard,USSD,Android,183.68,7,Medium,DEV_0001381,767e058c35425666
NDM_001382,Keetmanshoop,896,Standard,USSD,Android,292.07,7,Low,DEV_0001382,e04a459a3d6281d2
NDM_001383,Windhoek,606,Premium,Web,Android,774.91,3,Low,DEV_0001383,2c464ed7c8dedb06
NDM_001384,Rundu,1110,Premium,Web,Android,290.1,5,Low,DEV_0001384,1a6fd59d35ba7de6
NDM_001385,Keetmanshoop,2329,Standard,Mobile_App,Android,807.0,3,Low,DEV_0001385,22b45dc37dafad92
NDM_001386,Rundu,1260,Standard,USSD,iOS,360.05,3,Medium,DEV_0001386,e87001ffd1313232
NDM_001387,Walvis Bay,1038,Standard,USSD,Android,186.9,5,Low,DEV_0001387,ab680fd82da91853
NDM_001388,Keetmanshoop,2740,Standard,Web,Android,551.89,2,Low,DEV_0001388,5f162656b71c1467
NDM_001389,Windhoek,3322,Standard,Web,iOS,587.14,4,Low,DEV_0001389,c6006cac7e5cf204
NDM_001390,Swakopmund,1078,Premium,USSD,iOS,714.56,3,Low,DEV_0001390,2be0d06cbdf368d2
NDM_001391,Oshakati,692,Standard,Web,iOS,110.58,8,High,DEV_0001391,e5d1dd6428009784
NDM_001392,Windhoek,3454,Standard,USSD,Android,422.3,2,Low,DEV_0001392,097dccc98aaeef93
NDM_001393,Swakopmund,1896,Standard,Web,Android,759.57,4,Low,DEV_0001393,d716668cc25778ad
NDM_001394,Keetmanshoop,2153,Standard,USSD,iOS,701.41,2,Low,DEV_0001394,3fbaa24c87dace8b
NDM_001395,Swakopmund,1292,Standard,USSD,Android,344.0,2,Low,DEV_0001395,e7aca2f323abe956
NDM_001396,Swakopmund,1931,Standard,USSD,Android,417.86,2,Low,DEV_0001396,e5c918fe4efde664
NDM_001397,Oshakati,2017,Standard,Web,Android,151.61,4,Low,DEV_0001397,a924fe7a42ad90f8
NDM_001398,Windhoek,1146,Standard,USSD,Android,1561.63,4,Medium,DEV_0001398,01a244794b8ca6fe
NDM_001399,Oshakati,1716,Standard,USSD,Android,604.53,8,Medium,DEV_0001399,a8d140dec9624fe7
NDM_001400,Windhoek,2274,Standard,Web,Android,2331.43,4,Low,DEV_0001400,2e9fc54aa38003ef
NDM_001401,Keetmanshoop,3570,Premium,USSD,iOS,1124.92,4,Low,DEV_0001401,f3c8752467e32b98
NDM_001402,Windhoek,2158,Standard,USSD,iOS,698.76,7,Low,DEV_0001402,862d62dd6b1d2794
NDM_001403,Swakopmund,3391,Standard,USSD,Android,2400.48,3,Low,DEV_0001403,d4c6ef8989706a7c
NDM_001404,Windhoek,2336,Premium,Mobile_App,Android,191.15,4,Low,DEV_0001404,2ca059522815b7ac
NDM_001405,Windhoek,83,Standard,USSD,iOS,211.9,5,Medium,DEV_0001405,d44904d1ef9a760d
NDM_001406,Rundu,1861,Standard,USSD,Android,918.1,4,Low,DEV_0001406,966470da0d53b2d2
NDM_001407,Walvis Bay,2720,Business,USSD,iOS,1390.02,5,Medium,DEV_0001407,025c9daf952f0910
NDM_001408,Windhoek,3183,Premium,Web,Android,529.57,3,Low,DEV_0001408,4e9f0d3679c7c64f
NDM_001409,Windhoek,2383,Premium,USSD,iOS,500.57,3,Low,DEV_0001409,323668074d524791
NDM_001410,Swakopmund,2658,Standard,USSD,iOS,2388.27,5,Low,DEV_0001410,ac28c69145ef61cc
NDM_001411,Windhoek,2231,Standard,USSD,Android,282.97,7,High,DEV_0001411,ea5b2792f6eac47a
NDM_001412,Rundu,3438,Standard,USSD,Android,1274.39,5,Low,DEV_0001412,d1705e0f0e2c341b
NDM_001413,Windhoek,1505,Standard,Web,Android,1548.08,1,Low,DEV_0001413,2dcadde8226fefc1
NDM_001414,Oshakati,2434,Standard,Mobile_App,Android,620.73,3,Medium,DEV_0001414,589ea4e615d539fd
NDM_001415,Windhoek,259,Standard,USSD,Android,1301.61,3,Low,DEV_0001415,7e8b697f079b1a67
NDM_001416,Windhoek,615,Premium,USSD,Android,245.74,4,Medium,DEV_0001416,d6cd97b28c944615
NDM_001417,Oshakati,2579,Premium,Mobile_App,Android,607.47,7,Low,DEV_0001417,8f8b322649ea3b8c
NDM_001418,Swakopmund,3427,Standard,USSD,Android,339.27,4,Low,DEV_0001418,5d94c1874ca81f9f
NDM_001419,Windhoek,3321,Standard,USSD,Android,246.9,3,High,DEV_0001419,32544f7e434928c2
NDM_001420,Walvis Bay,2986,Standard,USSD,iOS,1542.37,4,Low,DEV_0001420,6a35c044f6ee0862
NDM_001421,Windhoek,2799,Standard,USSD,iOS,520.5,6,Low,DEV_0001421,bfdcf5e679baed97
NDM_001422,Rundu,734,Standard,USSD,iOS,526.56,3,Low,DEV_0001422,7731a8abbdaff7fd
NDM_001423,Oshakati,3288,Standard,USSD,Android,190.81,4,Medium,DEV_0001423,33e3811f077dfa29
NDM_001424,Walvis Bay,1193,Standard,USSD,iOS,1108.75,3,Low,DEV_0001424,3d665d5c12737895
NDM_001425,Keetmanshoop,619,Standard,USSD,Android,559.7,4,Medium,DEV_0001425,647daeab0436256b
NDM_001426,Walvis Bay,335,Premium,Mobile_App,iOS,608.62,2,Low,DEV_0001426,84f26c8dedad11b2
NDM_001427,Walvis Bay,1075,Standard,USSD,iOS,703.34,2,Low,DEV_0001427,83b45474b928ed88
NDM_001428,Walvis Bay,1962,Standard,USSD,Android,1232.02,2,Low,DEV_0001428,ed1d409b3d7b3c4c
NDM_001429,Keetmanshoop,2654,Premium,Mobile_App,Android,501.18,3,Low,DEV_0001429,0461a62fd75137d1
NDM_001430,Windhoek,2652,Standard,USSD,Android,435.79,4,Low,DEV_0001430,609543dc891c6372
NDM_001431,Windhoek,2125,Premium,Web,Android,827.95,1,Low,DEV_0001431,44c435cca3daa269
NDM_001432,Swakopmund,1199,Standard,USSD,Android,714.42,4,Low,DEV_0001432,f441b217a01d0be3
NDM_001433,Windhoek,1045,Standard,USSD,Android,542.94,5,Low,DEV_0001433,5d614769b0dcb0fd
NDM_001434,Windhoek,1594,Standard,USSD,Android,418.27,4,Low,DEV_0001434,cc91081cbc46e4c5
NDM_001435,Windhoek,2660,Standard,USSD,Android,738.86,4,Low,DEV_0001435,2b2367af662931a2
NDM_001436,Rundu,3243,Standard,USSD,Android,414.13,11,Medium,DEV_0001436,b6b518fdf913893d
NDM_001437,Windhoek,758,Premium,USSD,Android,1443.6,5,Low,DEV_0001437,09976b5a5e446cd5
NDM_001438,Keetmanshoop,1452,Standard,USSD,Android,1142.72,6,Low,DEV_0001438,0f4a43abf9da2be1
NDM_001439,Rundu,2585,Premium,Mobile_App,Android,122.27,5,Medium,DEV_0001439,42e5b72e56cab1be
NDM_001440,Swakopmund,3320,Business,Mobile_App,iOS,130.35,4,Low,DEV_0001440,373eac2c42720efb
NDM_001441,Swakopmund,50,Standard,USSD,iOS,470.63,6,Low,DEV_0001441,0b6567798c3c5150
NDM_001442,Walvis Bay,211,Standard,USSD,Android,718.64,3,Low,DEV_0001442,bd3d597eaa34a3a4
NDM_001443,Rundu,2693,Standard,USSD,iOS,787.66,5,Low,DEV_0001443,ebb7ce0174a1d478
NDM_001444,Walvis Bay,2585,Standard,USSD,iOS,1852.98,2,Medium,DEV_0001444,d9f9972b38f657f6
NDM_001445,Windhoek,803,Premium,USSD,iOS,713.4,4,Medium,DEV_0001445,dcb94008954f67e4
NDM_001446,Keetmanshoop,2656,Standard,Web,Android,3817.84,4,Low,DEV_0001446,e50e2dd26c002239
NDM_001447,Walvis Bay,2952,Standard,Web,iOS,616.21,4,Low,DEV_0001447,daeeea30b462aa21
NDM_001448,Walvis Bay,1969,Standard,Mobile_App,Android,391.05,4,Low,DEV_0001448,d25711acd23a19ea
NDM_001449,Windhoek,2211,Standard,Web,Android,555.54,1,Low,DEV_0001449,1e3b51134a79c79b
NDM_001450,Keetmanshoop,3203,Standard,USSD,Android,462.94,4,Low,DEV_0001450,94b862b023dff1d7
NDM_001451,Rundu,2395,Standard,USSD,iOS,515.5,2,Medium,DEV_0001451,284dfd43de3a02d5
NDM_001452,Swakopmund,92,Standard,USSD,iOS,333.13,3,High,DEV_0001452,ae835cf9c5e4fc98
NDM_001453,Oshakati,2842,Standard,Web,iOS,843.62,6,Low,DEV_0001453,d31a4feb3ef90862
NDM_001454,Windhoek,744,Standard,USSD,iOS,702.3,3,Low,DEV_0001454,4d2fe2e0ba4240c8
NDM_001455,Windhoek,3212,Standard,Web,Android,811.67,4,Low,DEV_0001455,11c741daa25b3243
NDM_001456,Windhoek,2308,Standard,USSD,iOS,485.93,4,High,DEV_0001456,ede3905c8a567e7b
NDM_001457,Walvis Bay,3514,Standard,Web,Android,556.34,4,Medium,DEV_0001457,c40aeb81be085b55
NDM_001458,Windhoek,1533,Premium,Web,Android,1106.5,4,Low,DEV_0001458,8bffa7561dfa9e01
NDM_001459,Oshakati,2607,Standard,USSD,Android,387.11,3,Medium,DEV_0001459,500ca706f7a60c96
NDM_001460,Oshakati,2766,Standard,USSD,iOS,1171.19,1,High,DEV_0001460,239d35be1c1a2a07
NDM_001461,Walvis Bay,1156,Standard,Mobile_App,Android,924.21,1,Low,DEV_0001461,cac4e8480a1a6ede
NDM_001462,Oshakati,2117,Standard,Mobile_App,Android,135.94,4,Low,DEV_0001462,dbd58f8d876cbd84
NDM_001463,Windhoek,815,Standard,USSD,Android,568.15,4,Low,DEV_0001463,9fbc4174b8c38504
NDM_001464,Walvis Bay,762,Standard,Web,Android,1758.29,5,Low,DEV_0001464,2cd7e5b08a57967b
NDM_001465,Windhoek,518,Standard,USSD,iOS,519.54,4,Low,DEV_0001465,9b0e9ec6e854d0d0
NDM_001466,Swakopmund,2520,Standard,USSD,Android,593.92,5,Low,DEV_0001466,ac693c382097b72c
NDM_001467,Windhoek,2832,Premium,USSD,iOS,1441.2,7,Low,DEV_0001467,14552cf0768544db
NDM_001468,Walvis Bay,1045,Standard,USSD,iOS,611.16,5,Low,DEV_0001468,fd6e82135617ad85
NDM_001469,Windhoek,1274,Premium,Web,Android,1370.21,4,Low,DEV_0001469,c707e5bed38f6bf9
NDM_001470,Windhoek,1603,Standard,USSD,Android,982.3,4,Medium,DEV_0001470,891d255344da9529
NDM_001471,Windhoek,3591,Standard,USSD,iOS,349.74,4,Medium,DEV_0001471,f7d8f23b07af7d07
NDM_001472,Windhoek,1230,Standard,USSD,Android,2767.74,4,Medium,DEV_0001472,1433f4ac61191dc9
NDM_001473,Windhoek,3100,Premium,USSD,Android,389.32,6,Low,DEV_0001473,0a542908b0c83316
NDM_001474,Windhoek,572,Standard,Web,Android,812.27,3,Low,DEV_0001474,a147753690314aa0
NDM_001475,Swakopmund,2485,Standard,USSD,iOS,196.12,3,Low,DEV_0001475,67f8921a712e25eb
NDM_001476,Windhoek,313,Standard,USSD,iOS,128.5,7,Medium,DEV_0001476,51c7cf08f18aeef1
NDM_001477,Keetmanshoop,305,Standard,USSD,iOS,781.86,3,Low,DEV_0001477,5f5be7ff09b613cc
NDM_001478,Oshakati,3573,Standard,Web,Android,154.97,3,Medium,DEV_0001478,62123214c66a6545
NDM_001479,Windhoek,1376,Standard,USSD,Android,639.68,2,Low,DEV_0001479,f258cd05fa7d61c1
NDM_001480,Windhoek,1577,Standard,USSD,Android,365.89,1,Low,DEV_0001480,faf817e7896bb16e
NDM_001481,Windhoek,839,Standard,Web,Android,840.72,3,Low,DEV_0001481,3d76071086dbd886
NDM_001482,Rundu,1423,Standard,USSD,iOS,474.05,1,Low,DEV_0001482,60474c9d1bae5002
NDM_001483,Keetmanshoop,1185,Standard,Web,iOS,107.92,2,Medium,DEV_0001483,36fe326a049ee552
NDM_001484,Oshakati,1162,Standard,Web,Android,87.01,2,Low,DEV_0001484,0d49c2264a175727
NDM_001485,Keetmanshoop,1396,Standard,USSD,Android,280.2,5,Low,DEV_0001485,1860b2c93dba690a
NDM_001486,Walvis Bay,2556,Standard,Mobile_App,iOS,1786.32,6,Low,DEV_0001486,c4b072363a17c39b
NDM_001487,Windhoek,3500,Standard,Web,Android,971.28,2,Low,DEV_0001487,a6494976ca223b60
NDM_001488,Oshakati,950,Business,USSD,Android,748.79,3,Low,DEV_0001488,99a0124eadb25f34
NDM_001489,Rundu,757,Standard,USSD,Android,609.15,6,Low,DEV_0001489,71e720192f2fe391
NDM_001490,Windhoek,631,Premium,USSD,Android,980.54,5,Low,DEV_0001490,44c4ab88a9c8bfd2
NDM_001491,Walvis Bay,2818,Standard,Mobile_App,Android,1066.28,5,Low,DEV_0001491,df3c953c0802b8ea
NDM_001492,Walvis Bay,2486,Premium,USSD,iOS,288.43,3,Low,DEV_0001492,aac8355f1b141dcd
NDM_001493,Windhoek,2482,Standard,USSD,iOS,235.24,5,Medium,DEV_0001493,e86be7ff809b0b6a
NDM_001494,Windhoek,270,Business,USSD,Android,247.63,2,Low,DEV_0001494,b79a9cecd0e95584
NDM_001495,Windhoek,2695,Business,USSD,Android,320.39,5,Low,DEV_0001495,d39011119151671e
NDM_001496,Oshakati,1696,Standard,Web,iOS,860.84,1,Low,DEV_0001496,20969a028e3524f2
NDM_001497,Windhoek,299,Standard,Mobile_App,Android,1676.78,4,Low,DEV_0001497,00e47cde84bed077
NDM_001498,Rundu,3177,Standard,USSD,iOS,1114.53,8,Medium,DEV_0001498,2431f304adf83192
NDM_001499,Windhoek,1309,Standard,USSD,Android,2205.14,3,Low,DEV_0001499,cacb00275b095782
NDM_001500,Swakopmund,1934,Premium,USSD,Android,919.34,3,Low,DEV_0001500,9ad4318418d7a770
NDM_001501,Keetmanshoop,2079,Standard,Web,Android,320.44,3,Low,DEV_0001501,2c884b4b02c92d22
NDM_001502,Walvis Bay,3647,Business,Web,Android,3466.84,4,High,DEV_0001502,eb0852f2662613a3
NDM_001503,Windhoek,1233,Premium,USSD,Android,613.23,3,Low,DEV_0001503,f25e8706e7ad78af
NDM_001504,Windhoek,1905,Standard,Mobile_App,iOS,771.98,1,Medium,DEV_0001504,0e15f1fab56ecaf1
NDM_001505,Windhoek,2803,Standard,USSD,Android,292.67,7,Medium,DEV_0001505,6945798c5a515250
NDM_001506,Windhoek,288,Standard,USSD,Android,1343.16,3,Low,DEV_0001506,c6db412e5c915a94
NDM_001507,Oshakati,617,Standard,USSD,Android,413.95,4,Low,DEV_0001507,4e12b7dc3f654143
NDM_001508,Windhoek,239,Premium,USSD,iOS,321.47,3,Low,DEV_0001508,78339f0af8c4bddf
NDM_001509,Keetmanshoop,3067,Standard,Web,Android,2017.7,5,Low,DEV_0001509,d924ceaa7a5d3d01
NDM_001510,Oshakati,31,Standard,Mobile_App,Android,77.37,3,Low,DEV_0001510,dbba6e31fa5165b7
NDM_001511,Rundu,2506,Standard,Mobile_App,Android,132.91,5,Low,DEV_0001511,730a51d13f65221b
NDM_001512,Rundu,1216,Premium,USSD,Android,1078.82,6,Low,DEV_0001512,2564b18a0dccb251
NDM_001513,Windhoek,3169,Standard,USSD,Android,834.22,6,Low,DEV_0001513,711b7ce17c48d363
NDM_001514,Keetmanshoop,1747,Standard,Mobile_App,Android,3910.06,1,Low,DEV_0001514,4fa2c4d61a6d5d81
NDM_001515,Windhoek,516,Standard,USSD,Android,281.18,2,Low,DEV_0001515,16fc236d54cfd757
NDM_001516,Windhoek,2826,Standard,USSD,Android,710.48,8,Low,DEV_0001516,61cda4ca6253ac59
NDM_001517,Windhoek,716,Standard,Web,Android,287.59,3,Medium,DEV_0001517,a801466bf8c02bbe
NDM_001518,Oshakati,1001,Standard,USSD,Android,927.7,8,Low,DEV_0001518,2307f101b41fc746
NDM_001519,Walvis Bay,2226,Standard,USSD,iOS,658.16,5,Low,DEV_0001519,658c41f6d6e4aaf2
NDM_001520,Windhoek,3147,Standard,USSD,Android,95.35,3,Medium,DEV_0001520,e11eeb0327178af9
NDM_001521,Oshakati,1834,Premium,Mobile_App,Android,1486.93,4,Low,DEV_0001521,f4e2ff996fc00fa8
NDM_001522,Rundu,918,Standard,USSD,iOS,434.53,5,Low,DEV_0001522,444930797c42ee7e
NDM_001523,Windhoek,2284,Business,Web,iOS,514.07,5,Low,DEV_0001523,0ea54cedd72f6341
NDM_001524,Windhoek,2929,Standard,USSD,Android,361.52,2,Low,DEV_0001524,2d7e3281a6cc7ca6
NDM_001525,Keetmanshoop,273,Premium,Web,iOS,1063.1,7,Medium,DEV_0001525,b329d2ccc9c43718
NDM_001526,Swakopmund,3623,Standard,Web,Android,788.44,1,Low,DEV_0001526,3d7877168cc893cc
NDM_001527,Walvis Bay,2337,Standard,USSD,Android,514.75,4,Medium,DEV_0001527,1f2c870bd2feb4a2
NDM_001528,Swakopmund,1414,Standard,USSD,Android,324.36,3,Medium,DEV_0001528,bef417cf8e609684
NDM_001529,Windhoek,2217,Premium,Web,Android,283.21,5,Low,DEV_0001529,6165f7a8c9f9f630
NDM_001530,Windhoek,2625,Standard,Mobile_App,Android,675.08,6,Low,DEV_0001530,e6eef2231c832248
NDM_001531,Windhoek,3577,Standard,USSD,Android,1139.56,3,Low,DEV_0001531,7b49ca0180881ac1
NDM_001532,Windhoek,1652,Standard,Web,iOS,710.53,3,Low,DEV_0001532,03bf6902e9b7433e
NDM_001533,Swakopmund,2886,Standard,USSD,Android,776.26,4,Low,DEV_0001533,19df6fad7edb5108
NDM_001534,Oshakati,1093,Standard,Web,Android,725.13,2,High,DEV_0001534,515b700bbed4d4a7
NDM_001535,Windhoek,3298,Standard,USSD,Android,1557.12,2,Low,DEV_0001535,7b25e986cf8ccf11
NDM_001536,Walvis Bay,1759,Standard,Web,iOS,115.12,4,Low,DEV_0001536,f88e823f4ac5e662
NDM_001537,Windhoek,3020,Standard,USSD,Android,683.81,5,Low,DEV_0001537,c51931dcebc7c422
NDM_001538,Swakopmund,1459,Standard,USSD,Android,1032.34,2,Low,DEV_0001538,7093dd0d762c1056
NDM_001539,Windhoek,1834,Standard,USSD,iOS,1230.84,2,Low,DEV_0001539,63769c846d20b132
NDM_001540,Walvis Bay,2222,Standard,Web,Android,293.92,5,Medium,DEV_0001540,7120c5563275f5f5
NDM_001541,Windhoek,3564,Standard,USSD,Android,730.65,6,Low,DEV_0001541,26c97769a1b86d38
NDM_001542,Windhoek,3348,Standard,USSD,Android,1351.07,5,Medium,DEV_0001542,9abf553c7a05249d
NDM_001543,Keetmanshoop,2594,Standard,USSD,Android,260.33,5,Low,DEV_0001543,4d76c88c3ae7f33f
NDM_001544,Windhoek,956,Premium,USSD,iOS,192.27,2,Low,DEV_0001544,15174e7ed9aac15b
NDM_001545,Walvis Bay,1532,Standard,USSD,Android,1931.71,5,Medium,DEV_0001545,acb19b6617d5a01b
NDM_001546,Rundu,663,Standard,Web,iOS,6951.48,3,Low,DEV_0001546,7390b164335b02ee
NDM_001547,Rundu,2507,Standard,USSD,Android,1394.27,3,Low,DEV_0001547,4cd78291d99685c3
NDM_001548,Oshakati,1372,Standard,Web,iOS,899.54,4,Medium,DEV_0001548,7d6b365cd7808d86
NDM_001549,Rundu,1234,Standard,USSD,iOS,696.87,3,Low,DEV_0001549,8ea91ef7cfe8b293
NDM_001550,Windhoek,748,Standard,Web,Android,479.02,6,Low,DEV_0001550,77e2ef50bb96a364
NDM_001551,Oshakati,3237,Premium,USSD,Android,529.86,6,Low,DEV_0001551,2bf1af4363238981
NDM_001552,Keetmanshoop,2659,Standard,USSD,iOS,396.91,4,Low,DEV_0001552,f669eaef9ff365f9
NDM_001553,Walvis Bay,776,Standard,USSD,iOS,1452.27,6,Low,DEV_0001553,4446fec52ada1f26
NDM_001554,Walvis Bay,501,Standard,Web,Android,401.54,7,Low,DEV_0001554,8467ca3c7b5c78d4
NDM_001555,Keetmanshoop,1164,Standard,USSD,Android,1363.56,7,Medium,DEV_0001555,d4adae393c385929
NDM_001556,Swakopmund,2019,Standard,Web,Android,824.68,8,Low,DEV_0001556,316af3e6b59a5ba1
NDM_001557,Keetmanshoop,2255,Standard,Web,Android,400.2,3,Low,DEV_0001557,622a08560c5fabb5
NDM_001558,Windhoek,2213,Standard,USSD,Android,157.33,4,Low,DEV_0001558,2dcbe04095c542ab
NDM_001559,Swakopmund,2799,Standard,USSD,Android,1359.98,2,Low,DEV_0001559,8419a8a332bbf064
NDM_001560,Oshakati,2853,Premium,USSD,Android,645.6,3,Medium,DEV_0001560,2da3ad515b2d86a6
NDM_001561,Windhoek,388,Business,USSD,Android,293.58,6,Medium,DEV_0001561,3fadec8bcfb31c55
NDM_001562,Windhoek,2840,Standard,USSD,Android,675.39,9,Low,DEV_0001562,dfbd2d37e738a040
NDM_001563,Oshakati,1017,Standard,USSD,Android,158.94,5,Low,DEV_0001563,b822a46b9170acbe
NDM_001564,Windhoek,2897,Standard,Mobile_App,Android,508.47,8,Low,DEV_0001564,f78e02d38d2a8f6e
NDM_001565,Walvis Bay,961,Premium,Mobile_App,Android,957.6,2,Low,DEV_0001565,8f301766f1ed5c22
NDM_001566,Swakopmund,2022,Standard,USSD,iOS,496.07,5,Low,DEV_0001566,12e46b231b7cad98
NDM_001567,Windhoek,1993,Premium,Web,Android,91.23,1,Low,DEV_0001567,71b2f81a5c72e3c1
NDM_001568,Windhoek,2147,Standard,USSD,Android,375.05,7,Low,DEV_0001568,f313c68ed5e7ab48
NDM_001569,Swakopmund,2947,Standard,USSD,iOS,326.41,7,Low,DEV_0001569,6885fe2aed63b238
NDM_001570,Windhoek,1229,Standard,USSD,Android,1382.75,5,Low,DEV_0001570,4bb7d49231f684d5
NDM_001571,Walvis Bay,283,Standard,USSD,Android,798.58,1,Low,DEV_0001571,fb129c5d110a5c34
NDM_001572,Windhoek,2199,Standard,USSD,Android,319.4,2,Medium,DEV_0001572,a5afb293ce17d000
NDM_001573,Oshakati,2417,Standard,USSD,Android,671.51,3,Low,DEV_0001573,2c35d7af2bf227dd
NDM_001574,Windhoek,3263,Standard,USSD,iOS,559.44,6,Medium,DEV_0001574,177767a03b688522
NDM_001575,Windhoek,2924,Premium,Web,iOS,1321.47,5,Medium,DEV_0001575,5e7fc94f09668e2e
NDM_001576,Windhoek,2529,Standard,Mobile_App,Android,450.55,5,Low,DEV_0001576,181c19f7efd9238e
NDM_001577,Windhoek,1619,Premium,USSD,Android,232.4,4,Medium,DEV_0001577,2ccad512e426c032
NDM_001578,Swakopmund,3081,Premium,USSD,Android,1902.23,4,Low,DEV_0001578,211ee2d55d95cca9
NDM_001579,Rundu,3577,Standard,USSD,Android,241.01,5,Low,DEV_0001579,7eabe17c1b251b7c
NDM_001580,Rundu,3266,Standard,USSD,Android,470.14,3,Low,DEV_0001580,cbd8ded663a44d37
NDM_001581,Rundu,323,Standard,Web,Android,411.7,10,Low,DEV_0001581,3a1ee4b2514f6726
NDM_001582,Walvis Bay,2893,Premium,Web,iOS,606.24,3,Low,DEV_0001582,ae2960459446a660
NDM_001583,Windhoek,1811,Premium,Web,iOS,1671.14,4,Medium,DEV_0001583,a0d8f0b9333eee0a
NDM_001584,Swakopmund,1779,Standard,USSD,Android,269.27,7,Low,DEV_0001584,55585248dd698a79
NDM_001585,Windhoek,2517,Standard,USSD,Android,1023.08,2,Low,DEV_0001585,a018629eb93b1841
NDM_001586,Rundu,713,Standard,USSD,iOS,539.0,4,Low,DEV_0001586,cbe9136ed4b7daf3
NDM_001587,Windhoek,329,Standard,USSD,Android,515.76,4,Low,DEV_0001587,f0cdddc04a3dd1c2
NDM_001588,Swakopmund,3540,Standard,Web,Android,307.79,5,Low,DEV_0001588,2a44e5647c791fc3
NDM_001589,Oshakati,2865,Standard,USSD,Android,165.11,3,Low,DEV_0001589,9d34356eb8a1cf63
NDM_001590,Windhoek,2853,Premium,Web,iOS,105.24,4,Low,DEV_0001590,3da1ae1fce125abc
NDM_001591,Walvis Bay,1976,Standard,Web,Android,2521.23,8,Low,DEV_0001591,8f4053b3362467d8
NDM_001592,Rundu,1370,Standard,Web,Android,1080.22,6,Low,DEV_0001592,b6af65f81bb90f1a
NDM_001593,Swakopmund,2731,Standard,USSD,Android,1041.0,6,Low,DEV_0001593,92d810b968aafdf5
NDM_001594,Keetmanshoop,463,Standard,USSD,Android,480.52,5,Low,DEV_0001594,9b90d95b691751fa
NDM_001595,Oshakati,753,Standard,USSD,iOS,247.0,5,Low,DEV_0001595,3879c2e3aa86471e
NDM_001596,Oshakati,3178,Standard,USSD,iOS,234.68,5,Low,DEV_0001596,c86ec4105c63348c
NDM_001597,Swakopmund,70,Business,USSD,iOS,643.48,3,Low,DEV_0001597,d7e75cb340a357dc
NDM_001598,Rundu,3597,Standard,Web,Android,381.48,3,Low,DEV_0001598,ab7e7014ab76b642
NDM_001599,Keetmanshoop,1008,Standard,USSD,iOS,217.98,2,Low,DEV_0001599,ffb61ba4132f85e3
NDM_001600,Swakopmund,1212,Standard,Web,Android,952.42,3,Low,DEV_0001600,79ad082a8f7a2617
NDM_001601,Windhoek,1747,Standard,USSD,Android,208.16,5,Low,DEV_0001601,ae148580e7e0f3b0
NDM_001602,Windhoek,31,Standard,USSD,Android,458.46,3,Low,DEV_0001602,1dd0cf434bca4a5f
NDM_001603,Windhoek,1454,Standard,Web,Android,439.75,4,Low,DEV_0001603,8ad4f0769143217a
NDM_001604,Windhoek,3223,Standard,Mobile_App,Android,795.67,2,Low,DEV_0001604,006c516678927189
NDM_001605,Keetmanshoop,3586,Standard,USSD,Android,380.48,7,Low,DEV_0001605,4ca3b1f499c4a842
NDM_001606,Windhoek,2683,Premium,USSD,Android,293.26,4,Medium,DEV_0001606,b7a86414541b5869
NDM_001607,Windhoek,3038,Standard,Web,Android,1835.59,3,Medium,DEV_0001607,797f4a3678e072bc
NDM_001608,Windhoek,2248,Standard,Web,iOS,260.8,2,High,DEV_0001608,3d5838b7af0a405c
NDM_001609,Swakopmund,2303,Standard,USSD,iOS,1332.53,2,Low,DEV_0001609,522f4b30cb4a386e
NDM_001610,Oshakati,2462,Standard,USSD,Android,562.09,6,Medium,DEV_0001610,bdbcb00c1d5a4bd8
NDM_001611,Windhoek,498,Standard,USSD,iOS,174.36,1,Medium,DEV_0001611,6ec5a0a42d1260bd
NDM_001612,Windhoek,1299,Standard,USSD,iOS,872.1,3,Low,DEV_0001612,5b1383388ae23edf
NDM_001613,Swakopmund,1542,Standard,USSD,Android,977.44,4,Low,DEV_0001613,a3b8ff2437acef39
NDM_001614,Keetmanshoop,2659,Premium,USSD,Android,810.27,2,High,DEV_0001614,94861e6377ea1fc6
NDM_001615,Keetmanshoop,2817,Standard,USSD,Android,161.15,4,Low,DEV_0001615,f85e3a4dc41755e7
NDM_001616,Oshakati,267,Standard,USSD,Android,120.39,4,Low,DEV_0001616,bacb4e48c4470de5
NDM_001617,Walvis Bay,2868,Standard,USSD,Android,2521.18,3,Low,DEV_0001617,ef4c34be7793eb3b
NDM_001618,Swakopmund,921,Standard,USSD,Android,249.23,3,Low,DEV_0001618,601841e5697095e5
NDM_001619,Oshakati,137,Standard,Mobile_App,Android,363.37,7,Medium,DEV_0001619,fdd33b7da5e1d20f
NDM_001620,Windhoek,2137,Standard,USSD,Android,396.91,2,Low,DEV_0001620,1d5ae337ddb51b77
NDM_001621,Keetmanshoop,946,Business,Mobile_App,Android,383.26,3,Low,DEV_0001621,9870b617f82b901e
NDM_001622,Oshakati,1385,Standard,USSD,iOS,408.9,3,Medium,DEV_0001622,45b08d2924f11ce6
NDM_001623,Swakopmund,1245,Standard,USSD,iOS,546.35,5,Low,DEV_0001623,b2c7031cd7f29ade
NDM_001624,Walvis Bay,1396,Standard,USSD,Android,739.24,3,Low,DEV_0001624,7b49d63db648aec3
NDM_001625,Swakopmund,2571,Business,USSD,Android,4681.52,2,Medium,DEV_0001625,92939de7f7d651e3
NDM_001626,Keetmanshoop,2144,Standard,USSD,Android,406.04,3,Medium,DEV_0001626,518aae31c1ffa443
NDM_001627,Swakopmund,2201,Standard,Web,Android,667.67,6,Low,DEV_0001627,77a314c00f9c085b
NDM_001628,Swakopmund,1519,Business,USSD,Android,328.89,4,Medium,DEV_0001628,462772de90254294
NDM_001629,Walvis Bay,1572,Standard,USSD,Android,394.33,4,Medium,DEV_0001629,b73ed62f91879515
NDM_001630,Walvis Bay,224,Business,USSD,Android,740.8,1,Low,DEV_0001630,846f076af6cadf99
NDM_001631,Oshakati,2293,Standard,USSD,Android,281.07,5,Low,DEV_0001631,a8297e243b3f6ec6
NDM_001632,Oshakati,956,Standard,USSD,Android,571.6,2,Low,DEV_0001632,87b8bf9888831490
NDM_001633,Walvis Bay,460,Premium,USSD,Android,260.96,5,Low,DEV_0001633,c127a84ae6f9bae0
NDM_001634,Windhoek,3221,Standard,USSD,iOS,725.38,1,Low,DEV_0001634,520a1542fe58d8cc
NDM_001635,Keetmanshoop,2997,Standard,Mobile_App,iOS,1271.87,5,Low,DEV_0001635,f1a4189b95935c6f
NDM_001636,Swakopmund,2108,Standard,Web,Android,2901.17,4,Low,DEV_0001636,1fa61738ba767581
NDM_001637,Windhoek,3553,Standard,Mobile_App,iOS,743.26,4,Low,DEV_0001637,20013289745f57c8
NDM_001638,Rundu,2922,Standard,Web,Android,353.37,3,Medium,DEV_0001638,f0c050e5f5ab89d9
NDM_001639,Swakopmund,1268,Standard,Web,Android,502.39,2,Low,DEV_0001639,a3e53fde05a748fa
NDM_001640,Windhoek,1771,Standard,USSD,Android,386.32,8,Low,DEV_0001640,2d7576f4ce1cd30c
NDM_001641,Keetmanshoop,155,Premium,Web,Android,102.12,3,Low,DEV_0001641,2487d2bb6d274adb
NDM_001642,Keetmanshoop,280,Standard,Mobile_App,Android,941.61,5,Low,DEV_0001642,1266a1db624c789f
NDM_001643,Windhoek,3139,Standard,USSD,Android,545.11,5,Low,DEV_0001643,4d01236c4c8ec057
NDM_001644,Walvis Bay,3360,Standard,Web,Android,104.6,2,Low,DEV_0001644,1456bad72a6bc4be
NDM_001645,Windhoek,1253,Premium,USSD,Android,461.81,3,Low,DEV_0001645,eda7e02dfbfd9bc8
NDM_001646,Windhoek,1821,Standard,Web,Android,3648.07,3,Low,DEV_0001646,8bc28b43b219210e
NDM_001647,Swakopmund,3381,Standard,USSD,Android,205.61,4,Low,DEV_0001647,7ac33993fd25f27f
NDM_001648,Swakopmund,1788,Standard,USSD,Android,675.39,3,Medium,DEV_0001648,bbc3dde99e8aec4b
NDM_001649,Oshakati,1651,Standard,USSD,iOS,309.18,4,Low,DEV_0001649,73330fbfb3916a94
NDM_001650,Windhoek,1623,Premium,Web,Android,1333.98,4,Low,DEV_0001650,c49f21c035c67a55
NDM_001651,Walvis Bay,638,Standard,USSD,iOS,177.8,2,Medium,DEV_0001651,6f159dd10f242237
NDM_001652,Keetmanshoop,170,Standard,Web,iOS,1288.55,1,High,DEV_0001652,9c0002a00ef42766
NDM_001653,Swakopmund,811,Standard,USSD,Android,701.53,4,Low,DEV_0001653,0066311ce309c809
NDM_001654,Rundu,1769,Premium,USSD,Android,1243.58,5,Medium,DEV_0001654,c914cc6898e15203
NDM_001655,Windhoek,144,Standard,USSD,Android,404.46,1,Medium,DEV_0001655,4af25194bd335e8d
NDM_001656,Rundu,3205,Standard,USSD,iOS,841.34,5,Low,DEV_0001656,406663450faad650
NDM_001657,Swakopmund,1578,Standard,USSD,iOS,692.11,6,Low,DEV_0001657,7d8a20ec7115edaa
NDM_001658,Windhoek,149,Standard,Mobile_App,Android,698.89,3,Low,DEV_0001658,44df03301e1d2659
NDM_001659,Windhoek,1572,Standard,USSD,Android,2483.37,3,Low,DEV_0001659,2d27945cdf7ab8dd
NDM_001660,Windhoek,220,Standard,USSD,Android,416.06,6,Low,DEV_0001660,6834d78ddf7f2955
NDM_001661,Oshakati,856,Premium,USSD,Android,788.01,5,Low,DEV_0001661,666a0ae574c7ac30
NDM_001662,Oshakati,439,Standard,USSD,Android,265.23,4,Medium,DEV_0001662,b4ecad017aab0f72
NDM_001663,Rundu,1037,Standard,Web,Android,506.7,7,Low,DEV_0001663,882a26ae648cbc23
NDM_001664,Rundu,2115,Business,USSD,Android,326.6,5,Low,DEV_0001664,1ae699433b17f1ba
NDM_001665,Oshakati,3227,Standard,USSD,Android,2855.47,2,Low,DEV_0001665,9d02b88b3669f052
NDM_001666,Windhoek,465,Standard,USSD,Android,181.75,3,Low,DEV_0001666,e668fea4e39f62f1
NDM_001667,Swakopmund,1650,Standard,Web,Android,201.49,3,Medium,DEV_0001667,aaadf8f72ea2280f
NDM_001668,Windhoek,3520,Premium,USSD,Android,2015.27,1,Low,DEV_0001668,3ce3c738d12cb91f
NDM_001669,Walvis Bay,833,Business,USSD,Android,893.87,3,Low,DEV_0001669,17d1cdb4537ed09d
NDM_001670,Windhoek,2923,Standard,Web,iOS,371.36,5,Low,DEV_0001670,1baf65277d916709
NDM_001671,Windhoek,2612,Business,Web,Android,945.58,1,Low,DEV_0001671,89554cf79e735b85
NDM_001672,Oshakati,3210,Standard,USSD,Android,803.48,2,Medium,DEV_0001672,6e164cf5223159cc
NDM_001673,Walvis Bay,982,Premium,USSD,Android,337.08,3,Low,DEV_0001673,23fe747b49dacc6e
NDM_001674,Rundu,1516,Standard,USSD,Android,151.65,5,Low,DEV_0001674,cff2179df4fb821f
NDM_001675,Windhoek,2443,Standard,USSD,Android,74.68,5,Low,DEV_0001675,6dda213d9c06a9c2
NDM_001676,Rundu,1410,Standard,USSD,Android,283.75,8,Low,DEV_0001676,dae85adbd9b02b1a
NDM_001677,Keetmanshoop,3455,Standard,USSD,Android,755.55,2,Low,DEV_0001677,f542f762c0b4eb98
NDM_001678,Swakopmund,205,Standard,USSD,Android,1630.63,4,Low,DEV_0001678,c6d194ce909f07ec
NDM_001679,Swakopmund,362,Premium,Web,iOS,599.79,3,Low,DEV_0001679,2c6ed51ebae8ad9c
NDM_001680,Windhoek,93,Standard,USSD,iOS,251.28,3,Low,DEV_0001680,4a24306937b7779e
NDM_001681,Walvis Bay,225,Standard,USSD,iOS,540.21,3,Low,DEV_0001681,b4e60e7e835b2a45
NDM_001682,Windhoek,1796,Standard,USSD,Android,923.22,4,Low,DEV_0001682,ecabf07e4715cbe3
NDM_001683,Oshakati,2629,Standard,USSD,Android,1499.44,6,Low,DEV_0001683,6d2d3d62f5eb310f
NDM_001684,Swakopmund,169,Standard,USSD,Android,1843.81,2,Low,DEV_0001684,808764f98b1ceeda
NDM_001685,Windhoek,2172,Premium,USSD,Android,464.24,2,Low,DEV_0001685,513759f843e9d906
NDM_001686,Windhoek,2708,Standard,Mobile_App,Android,248.33,4,Low,DEV_0001686,adbabd52faa50f36
NDM_001687,Windhoek,2388,Standard,Mobile_App,Android,211.34,5,Medium,DEV_0001687,b80ed1dc6953f426
NDM_001688,Windhoek,2904,Standard,Mobile_App,Android,458.92,9,Low,DEV_0001688,c83fb45f6cbdaa85
NDM_001689,Swakopmund,2345,Standard,USSD,Android,399.45,2,Low,DEV_0001689,2c478e1906b5f63d
NDM_001690,Oshakati,3047,Standard,USSD,Android,957.44,2,Low,DEV_0001690,3756bbbf7be51de0
NDM_001691,Windhoek,388,Standard,Web,Android,489.66,5,Low,DEV_0001691,b0c7ca3e3ed60524
NDM_001692,Windhoek,58,Standard,USSD,Android,309.55,4,Low,DEV_0001692,b9e60155cccb3784
NDM_001693,Windhoek,1368,Standard,USSD,Android,492.62,3,Low,DEV_0001693,8add805c65cbc0eb
NDM_001694,Rundu,648,Standard,USSD,Android,86.21,3,Medium,DEV_0001694,ae747699449b4e77
NDM_001695,Windhoek,206,Standard,Mobile_App,Android,978.61,5,Low,DEV_0001695,336dd5744c106932
NDM_001696,Windhoek,1860,Standard,USSD,iOS,457.2,3,Low,DEV_0001696,cf43fb0e2d007a4a
NDM_001697,Walvis Bay,1194,Standard,USSD,Android,2257.89,8,Medium,DEV_0001697,6da4fa8ff3202721
NDM_001698,Swakopmund,188,Standard,USSD,Android,379.44,3,Medium,DEV_0001698,23b6c2bccd264c47
NDM_001699,Rundu,1645,Standard,Web,Android,4014.12,3,Medium,DEV_0001699,b33734242e139967
NDM_001700,Windhoek,2389,Standard,USSD,iOS,118.08,8,Low,DEV_0001700,f92eab46e4384c83
NDM_001701,Swakopmund,1915,Standard,USSD,Android,403.75,5,Low,DEV_0001701,039082b28cbdf33c
NDM_001702,Walvis Bay,1888,Premium,Web,Android,464.61,2,Low,DEV_0001702,5e6915512794f071
NDM_001703,Oshakati,1124,Standard,USSD,Android,611.54,3,Low,DEV_0001703,a28bf374d57ce54b
NDM_001704,Windhoek,531,Premium,USSD,Android,549.39,3,Low,DEV_0001704,2e692bba534d010a
NDM_001705,Oshakati,1934,Standard,USSD,iOS,168.6,5,Medium,DEV_0001705,d9db988da9c5baa9
NDM_001706,Keetmanshoop,3591,Standard,USSD,iOS,1113.29,4,Medium,DEV_0001706,f3bc2aa72c61cb03
NDM_001707,Walvis Bay,2017,Standard,USSD,iOS,435.42,7,Low,DEV_0001707,e2e1a3040086ba26
NDM_001708,Oshakati,2846,Standard,Web,iOS,550.82,2,Medium,DEV_0001708,a378bbfae0a41370
NDM_001709,Oshakati,979,Standard,USSD,Android,1338.47,3,Low,DEV_0001709,dbe87260d55b68b5
NDM_001710,Windhoek,3610,Standard,Web,Android,156.98,4,Low,DEV_0001710,b48654828a1bb0f8
NDM_001711,Windhoek,360,Standard,Web,iOS,1435.47,4,Low,DEV_0001711,f69a6b6768b53bcc
NDM_001712,Swakopmund,2849,Standard,USSD,Android,942.47,4,Low,DEV_0001712,6af476e9fd17ad08
NDM_001713,Swakopmund,1262,Standard,USSD,Android,219.12,5,Low,DEV_0001713,22e42bd13c4e8db1
NDM_001714,Windhoek,1658,Standard,Web,Android,929.43,4,Medium,DEV_0001714,3782b51c1aa689bc
NDM_001715,Rundu,330,Standard,Mobile_App,iOS,867.69,4,Low,DEV_0001715,34f7e607b2383a25
NDM_001716,Swakopmund,1450,Standard,USSD,Android,2857.18,6,Low,DEV_0001716,49360d40c66fb81b
NDM_001717,Keetmanshoop,598,Standard,USSD,Android,779.0,4,Medium,DEV_0001717,23ba89c6dd741777
NDM_001718,Windhoek,2300,Standard,Web,iOS,185.56,1,Low,DEV_0001718,126dde5cbfeb3a32
NDM_001719,Walvis Bay,542,Premium,Web,Android,133.29,5,Low,DEV_0001719,efc8784d3978d183
NDM_001720,Walvis Bay,914,Standard,USSD,Android,582.67,2,Low,DEV_0001720,b14cc228764ccffc
NDM_001721,Rundu,1420,Premium,USSD,Android,165.21,7,Medium,DEV_0001721,aef6b1837494dd9b
NDM_001722,Swakopmund,37,Premium,Web,Android,349.17,3,Low,DEV_0001722,8037d01a6d71ab8a
NDM_001723,Oshakati,260,Standard,Web,Android,269.81,1,Medium,DEV_0001723,0f0da1379ce64b57
NDM_001724,Windhoek,699,Premium,Mobile_App,Android,2156.18,5,Low,DEV_0001724,f24d157c7022a030
NDM_001725,Walvis Bay,3402,Standard,Web,Android,1194.99,4,Low,DEV_0001725,a158be3225bb8aac
NDM_001726,Rundu,601,Standard,USSD,Android,589.73,4,Low,DEV_0001726,a6090d10b4471804
NDM_001727,Windhoek,31,Standard,USSD,iOS,76.86,7,Low,DEV_0001727,7d8c96cc030d155b
NDM_001728,Windhoek,3259,Premium,USSD,Android,623.67,5,Low,DEV_0001728,b7f5c888b22c2062
NDM_001729,Windhoek,1541,Standard,USSD,iOS,1401.84,3,Low,DEV_0001729,0e14f497333df97c
NDM_001730,Walvis Bay,3390,Premium,Web,Android,215.85,4,Low,DEV_0001730,7efd1cfa430f2880
NDM_001731,Walvis Bay,3516,Premium,USSD,Android,450.99,2,Low,DEV_0001731,661c1c778ebd4d4f
NDM_001732,Swakopmund,985,Standard,USSD,Android,1285.45,3,Low,DEV_0001732,384ce1b640ef82a4
NDM_001733,Windhoek,2618,Standard,USSD,iOS,417.1,2,Low,DEV_0001733,0a2a6d8dbceff007
NDM_001734,Oshakati,3261,Standard,USSD,Android,1294.55,4,Low,DEV_0001734,3961230215cbb8a5
NDM_001735,Walvis Bay,2969,Standard,USSD,Android,195.89,2,Low,DEV_0001735,a42faa5d333cc356
NDM_001736,Windhoek,1673,Standard,USSD,Android,260.65,2,Low,DEV_0001736,5a31f3437cbb4457
NDM_001737,Walvis Bay,748,Standard,USSD,Android,1497.77,2,Low,DEV_0001737,b47feb4c726c2e54
NDM_001738,Windhoek,2026,Standard,USSD,Android,230.27,5,Medium,DEV_0001738,48d8c70ecd32c907
NDM_001739,Windhoek,2360,Standard,USSD,Android,2539.31,4,Low,DEV_0001739,5a9f4eb6269d3c8b
NDM_001740,Swakopmund,3058,Premium,USSD,iOS,204.69,3,Low,DEV_0001740,e1a0bd9b85fb56bc
NDM_001741,Keetmanshoop,2430,Standard,USSD,Android,128.75,2,Low,DEV_0001741,b09e6355e91a1c32
NDM_001742,Windhoek,474,Standard,USSD,Android,1060.39,10,Low,DEV_0001742,a5a3061bb2ee3ef4
NDM_001743,Walvis Bay,3036,Standard,Mobile_App,Android,98.15,3,Medium,DEV_0001743,4505be80df714d4e
NDM_001744,Rundu,720,Standard,USSD,Android,726.7,5,Medium,DEV_0001744,753f0ad573d943bf
NDM_001745,Swakopmund,299,Standard,USSD,iOS,1141.65,2,Low,DEV_0001745,a5acd72c34df1194
NDM_001746,Swakopmund,603,Business,USSD,Android,473.64,4,Low,DEV_0001746,47e63fc9b3a2ea4f
NDM_001747,Windhoek,2134,Premium,USSD,Android,789.06,5,Low,DEV_0001747,60982aab018e5841
NDM_001748,Windhoek,991,Standard,USSD,iOS,1485.34,4,Low,DEV_0001748,c7795375b253d0a3
NDM_001749,Walvis Bay,948,Standard,USSD,Android,288.35,6,Low,DEV_0001749,026bd562fd63bbcb
NDM_001750,Keetmanshoop,148,Standard,Mobile_App,Android,236.26,6,Low,DEV_0001750,505a6c8297698ccf
NDM_001751,Swakopmund,3627,Standard,USSD,Android,295.39,4,Low,DEV_0001751,602d3049fa5bdec3
NDM_001752,Windhoek,942,Standard,Mobile_App,Android,175.07,1,Low,DEV_0001752,52ba7ccafe08c0f5
NDM_001753,Windhoek,2009,Standard,USSD,iOS,969.27,5,High,DEV_0001753,9251057add1fb888
NDM_001754,Walvis Bay,1590,Standard,USSD,Android,295.12,4,Low,DEV_0001754,136f6acf3f51fb1a
NDM_001755,Swakopmund,835,Standard,USSD,Android,1001.8,2,Low,DEV_0001755,49cb2b8ca6a4b51b
NDM_001756,Windhoek,1680,Standard,Web,Android,404.77,3,Low,DEV_0001756,3c883cd925c50e37
NDM_001757,Swakopmund,1865,Standard,USSD,iOS,260.13,3,Low,DEV_0001757,ca8d676ec5aed687
NDM_001758,Swakopmund,435,Standard,Mobile_App,iOS,247.96,8,Low,DEV_0001758,c2b3d9cb4b17e9cf
NDM_001759,Swakopmund,2657,Standard,Mobile_App,Android,231.77,5,Low,DEV_0001759,cc48c5c460f75ed7
NDM_001760,Windhoek,2644,Standard,Web,iOS,603.41,4,Low,DEV_0001760,f5ba399b0ba45760
NDM_001761,Keetmanshoop,1251,Standard,USSD,Android,112.27,4,Low,DEV_0001761,c5a57fa8af051ec6
NDM_001762,Keetmanshoop,3568,Premium,Web,iOS,1945.58,6,Medium,DEV_0001762,3bd3b4ba41107a17
NDM_001763,Windhoek,763,Standard,USSD,Android,1479.83,5,Low,DEV_0001763,333b45ceeaf1396d
NDM_001764,Oshakati,3605,Standard,USSD,Android,617.49,4,Low,DEV_0001764,fd23f63e358b0693
NDM_001765,Windhoek,1111,Standard,USSD,Android,542.64,7,Low,DEV_0001765,28d21ad86cc49adc
NDM_001766,Rundu,2795,Standard,USSD,Android,685.75,4,Medium,DEV_0001766,ed3ed05eeebb19f5
NDM_001767,Keetmanshoop,3306,Standard,Web,iOS,224.11,5,Low,DEV_0001767,fe22ad2a812ed467
NDM_001768,Rundu,2331,Standard,Web,iOS,370.09,6,Low,DEV_0001768,d5a6d1e473111a4d
NDM_001769,Windhoek,2143,Premium,USSD,Android,394.46,4,Low,DEV_0001769,6a4aa78c6b649ec0
NDM_001770,Windhoek,576,Premium,Web,Android,325.29,1,Low,DEV_0001770,e9a816f295bc5306
NDM_001771,Oshakati,1427,Standard,USSD,iOS,531.86,3,Medium,DEV_0001771,e5a9a785a86530bc
NDM_001772,Keetmanshoop,2696,Standard,USSD,Android,116.15,4,Low,DEV_0001772,81c17621d1027ca4
NDM_001773,Keetmanshoop,2677,Standard,Web,Android,294.45,2,Low,DEV_0001773,a5d8a7fbb737d0e7
NDM_001774,Oshakati,1292,Standard,USSD,Android,228.89,1,Medium,DEV_0001774,b6ff921419cde617
NDM_001775,Oshakati,423,Standard,Mobile_App,Android,669.51,3,Medium,DEV_0001775,950618994f246ba1
NDM_001776,Windhoek,841,Premium,USSD,Android,793.47,2,Medium,DEV_0001776,40fd739f63ae2861
NDM_001777,Walvis Bay,402,Standard,USSD,iOS,964.4,4,Low,DEV_0001777,4eea5229547aff1f
NDM_001778,Walvis Bay,3523,Standard,Mobile_App,iOS,524.96,5,Medium,DEV_0001778,de527071bc718c33
NDM_001779,Windhoek,2009,Standard,Web,Android,314.0,6,Low,DEV_0001779,816d4f63c27d97a3
NDM_001780,Keetmanshoop,2736,Business,Web,Android,199.56,4,Medium,DEV_0001780,5f6714ab1c91c6c1
NDM_001781,Swakopmund,3155,Standard,USSD,Android,406.48,4,Low,DEV_0001781,e47f4e53a1d63692
NDM_001782,Windhoek,1195,Standard,Web,iOS,3960.63,4,Low,DEV_0001782,2829bcc81bfa3b5b
NDM_001783,Oshakati,32,Standard,USSD,Android,584.15,6,Low,DEV_0001783,4bf945ed09d9dc09
NDM_001784,Oshakati,3035,Standard,USSD,iOS,298.54,5,Low,DEV_0001784,f9a0fe02af5e88f1
NDM_001785,Walvis Bay,1322,Standard,USSD,Android,170.77,4,Low,DEV_0001785,5c12ed6b341092be
NDM_001786,Windhoek,1208,Standard,USSD,Android,1054.13,2,Medium,DEV_0001786,b8ed7df9a8c59987
NDM_001787,Keetmanshoop,739,Standard,USSD,Android,1489.13,7,Medium,DEV_0001787,6297423d359d9410
NDM_001788,Swakopmund,3499,Standard,USSD,Android,245.52,5,High,DEV_0001788,c34a91bfbe89f75c
NDM_001789,Swakopmund,2440,Premium,USSD,iOS,406.1,2,Low,DEV_0001789,ed0fca08f728018e
NDM_001790,Windhoek,2725,Standard,USSD,Android,92.45,6,Low,DEV_0001790,a6245f2b4d5b8d04
NDM_001791,Windhoek,558,Premium,Web,iOS,1245.55,4,Low,DEV_0001791,07ccfcbb43770273
NDM_001792,Windhoek,2958,Premium,USSD,Android,553.22,6,Low,DEV_0001792,22b0a3fc3c9b30ac
NDM_001793,Rundu,894,Standard,USSD,Android,409.96,5,High,DEV_0001793,b65ad0d68baac233
NDM_001794,Swakopmund,2683,Standard,Mobile_App,Android,206.58,4,Medium,DEV_0001794,9165d06af8c3f27d
NDM_001795,Oshakati,2641,Premium,USSD,iOS,693.6,3,Low,DEV_0001795,e20f36de07b97f4a
NDM_001796,Windhoek,3135,Standard,Mobile_App,Android,403.25,1,Low,DEV_0001796,f113dccf917068ef
NDM_001797,Keetmanshoop,170,Standard,USSD,iOS,298.23,3,Low,DEV_0001797,779716bcb1153d34
NDM_001798,Swakopmund,2090,Standard,USSD,Android,796.7,1,Low,DEV_0001798,65d29ffe752a2793
NDM_001799,Windhoek,1494,Standard,USSD,Android,207.63,1,High,DEV_0001799,c26c2082e35e55fc
NDM_001800,Windhoek,2263,Standard,USSD,Android,341.25,3,High,DEV_0001800,0fe33b3dde30deae
NDM_001801,Windhoek,1642,Standard,USSD,Android,142.73,6,Low,DEV_0001801,d4520c8b5fa77a54
NDM_001802,Windhoek,1273,Standard,USSD,Android,592.22,5,Low,DEV_0001802,c1fc59b8707b7c86
NDM_001803,Rundu,3378,Standard,USSD,Android,225.07,6,Low,DEV_0001803,cf24a842dd07e308
NDM_001804,Windhoek,739,Premium,Mobile_App,Android,374.02,2,Medium,DEV_0001804,b89891bc093b759f
NDM_001805,Rundu,1638,Standard,USSD,Android,484.23,1,Low,DEV_0001805,05f000a6a263a1e5
NDM_001806,Swakopmund,2863,Premium,Web,Android,2273.72,2,Low,DEV_0001806,f1f46b9db81fe7f1
NDM_001807,Swakopmund,1130,Standard,USSD,Android,326.98,8,Low,DEV_0001807,542ba88670101684
NDM_001808,Keetmanshoop,1965,Standard,Mobile_App,Android,505.97,3,Low,DEV_0001808,6580bc9891ee826e
NDM_001809,Oshakati,1393,Standard,Mobile_App,Android,518.52,2,Low,DEV_0001809,78c71d7a02119a00
NDM_001810,Swakopmund,666,Standard,Mobile_App,Android,365.68,9,Low,DEV_0001810,386720760a5f91e9
NDM_001811,Windhoek,1783,Premium,USSD,iOS,178.7,4,Low,DEV_0001811,a75465224e9b9ac9
NDM_001812,Walvis Bay,1826,Standard,USSD,Android,1393.94,5,Low,DEV_0001812,0517f877cdb8030e
NDM_001813,Swakopmund,2594,Standard,Mobile_App,Android,495.09,5,Low,DEV_0001813,c3de45b1a6706d48
NDM_001814,Windhoek,2523,Standard,Web,Android,401.43,3,Low,DEV_0001814,659b2a5e5154dd30
NDM_001815,Windhoek,337,Premium,Mobile_App,Android,442.37,3,Low,DEV_0001815,c1b459e1bb768189
NDM_001816,Windhoek,1119,Premium,Web,Android,346.51,2,Low,DEV_0001816,876e725d2edec75a
NDM_001817,Rundu,272,Standard,USSD,Android,1145.43,3,High,DEV_0001817,e6168ca7dd972b76
NDM_001818,Windhoek,805,Premium,Web,iOS,1587.53,1,Low,DEV_0001818,36d92fdf2415c51e
NDM_001819,Windhoek,1140,Standard,Web,Android,882.96,2,Medium,DEV_0001819,6a42b53d0d593840
NDM_001820,Windhoek,353,Standard,USSD,Android,573.97,5,Low,DEV_0001820,1dc491d16c88d929
NDM_001821,Windhoek,1922,Standard,Mobile_App,Android,1694.45,4,High,DEV_0001821,dc5448169c1bd302
NDM_001822,Walvis Bay,2419,Standard,USSD,Android,956.01,3,Low,DEV_0001822,33f21dc6e8aeb047
NDM_001823,Rundu,56,Standard,USSD,Android,870.49,1,Medium,DEV_0001823,dc9e979c196c8db0
NDM_001824,Windhoek,1394,Standard,Web,Android,266.08,8,Low,DEV_0001824,5f7523d5ca9c7a47
NDM_001825,Swakopmund,2599,Standard,Web,Android,536.8,3,Low,DEV_0001825,f02745633d92196d
NDM_001826,Walvis Bay,765,Standard,USSD,Android,218.56,2,Low,DEV_0001826,fd16a4a74e59a287
NDM_001827,Oshakati,2683,Standard,USSD,iOS,222.01,4,Low,DEV_0001827,5365d90e02d250b0
NDM_001828,Rundu,2006,Standard,Web,Android,1045.79,2,Low,DEV_0001828,1bf53b9c6bbb9503
NDM_001829,Swakopmund,1791,Standard,Mobile_App,Android,1807.17,6,Medium,DEV_0001829,6b4df4e6fb23a57a
NDM_001830,Windhoek,1069,Standard,Web,Android,451.19,2,Low,DEV_0001830,e0e709d1aabb217c
NDM_001831,Swakopmund,3559,Standard,USSD,Android,253.87,3,Low,DEV_0001831,506a4c8ab99d672a
NDM_001832,Keetmanshoop,2666,Standard,Web,Android,650.73,4,Low,DEV_0001832,c75da904f483716b
NDM_001833,Windhoek,3260,Standard,USSD,Android,356.84,1,Low,DEV_0001833,cc3e65a1f423c2b8
NDM_001834,Windhoek,2597,Standard,Web,iOS,205.35,6,Low,DEV_0001834,b04276921f336c87
NDM_001835,Keetmanshoop,720,Standard,USSD,Android,121.87,3,Medium,DEV_0001835,b057d58e044e893c
NDM_001836,Swakopmund,184,Standard,USSD,Android,432.67,3,Medium,DEV_0001836,edfcb81b1aabe03d
NDM_001837,Oshakati,1142,Standard,USSD,Android,954.58,5,Low,DEV_0001837,0d335e2518e1c48a
NDM_001838,Windhoek,332,Standard,USSD,iOS,209.71,6,High,DEV_0001838,0e9bf1b604f23e99
NDM_001839,Oshakati,3532,Standard,USSD,Android,372.0,2,High,DEV_0001839,19cd8fe481886f15
NDM_001840,Keetmanshoop,227,Standard,USSD,Android,327.28,4,Low,DEV_0001840,0f8ce4cf515758ea
NDM_001841,Walvis Bay,1612,Standard,USSD,Android,164.08,3,Low,DEV_0001841,dccc305f5c8a670e
NDM_001842,Windhoek,781,Standard,USSD,iOS,441.77,2,Low,DEV_0001842,aa59bc941649016b
NDM_001843,Swakopmund,1523,Standard,USSD,Android,1410.52,3,Medium,DEV_0001843,a958c182f9f1aaf5
NDM_001844,Windhoek,3319,Standard,USSD,Android,323.65,1,Low,DEV_0001844,149b4fdb98c48d28
NDM_001845,Walvis Bay,3156,Standard,Web,Android,1408.34,3,Medium,DEV_0001845,e2941ef4def28ca7
NDM_001846,Oshakati,2077,Standard,Web,Android,719.52,3,Medium,DEV_0001846,97885de0551aa726
NDM_001847,Windhoek,200,Business,USSD,iOS,2259.97,5,Low,DEV_0001847,b6e43003a9b1ff1d
NDM_001848,Swakopmund,2495,Standard,USSD,Android,898.71,7,Low,DEV_0001848,7afbc772403cf959
NDM_001849,Windhoek,597,Standard,Web,Android,521.84,5,Low,DEV_0001849,ee08337ed0a9f920
NDM_001850,Windhoek,3629,Premium,Mobile_App,Android,1883.59,4,Low,DEV_0001850,9131ae3dd12acfc6
NDM_001851,Windhoek,3181,Standard,USSD,iOS,755.87,7,Low,DEV_0001851,0b9eeb76eb437077
NDM_001852,Swakopmund,1142,Standard,USSD,iOS,152.21,2,Low,DEV_0001852,10d9b7fc15efb50b
NDM_001853,Windhoek,688,Standard,USSD,iOS,387.61,4,Low,DEV_0001853,be6befd13f99cc64
NDM_001854,Walvis Bay,1110,Standard,USSD,iOS,3818.78,4,Medium,DEV_0001854,93240f347dc80ad3
NDM_001855,Keetmanshoop,3223,Premium,USSD,iOS,2971.32,5,Low,DEV_0001855,d690c029e383b9d6
NDM_001856,Swakopmund,1337,Premium,USSD,iOS,1294.34,3,Low,DEV_0001856,a62beb0270f0f6c8
NDM_001857,Swakopmund,2181,Standard,USSD,iOS,166.32,3,Low,DEV_0001857,e1e31c4647339cbd
NDM_001858,Swakopmund,2197,Standard,USSD,Android,984.33,3,High,DEV_0001858,f54273799df80cd1
NDM_001859,Keetmanshoop,1637,Standard,Web,iOS,147.69,5,Low,DEV_0001859,aaf1a3550d9a80e0
NDM_001860,Walvis Bay,1851,Standard,Web,Android,375.26,4,Medium,DEV_0001860,071ed693d2c508e7
NDM_001861,Keetmanshoop,2266,Standard,Web,iOS,572.37,3,Low,DEV_0001861,85f58f7ecaeffa16
NDM_001862,Windhoek,608,Standard,USSD,Android,716.18,3,Low,DEV_0001862,9a71a03d0bb99928
NDM_001863,Keetmanshoop,2144,Standard,USSD,Android,215.99,5,High,DEV_0001863,04e1b2b9d33e59d4
NDM_001864,Windhoek,3606,Standard,Web,Android,332.69,7,Low,DEV_0001864,d0823f7d2bdced90
NDM_001865,Windhoek,2709,Standard,USSD,iOS,1240.98,2,Low,DEV_0001865,ba605fccb121b393
NDM_001866,Walvis Bay,421,Premium,USSD,iOS,567.36,4,Medium,DEV_0001866,dbe17ccad82d7625
NDM_001867,Keetmanshoop,794,Standard,USSD,Android,297.66,7,Medium,DEV_0001867,b5f7180dcf6992bc
NDM_001868,Oshakati,2796,Standard,USSD,Android,1022.9,5,Low,DEV_0001868,eb255bf879a88369
NDM_001869,Windhoek,2809,Premium,Mobile_App,Android,1732.73,3,Low,DEV_0001869,8c1ae7e1ea339ad0
NDM_001870,Swakopmund,1587,Standard,Mobile_App,iOS,455.4,5,Medium,DEV_0001870,f88ad2ea436195df
NDM_001871,Oshakati,2096,Standard,USSD,Android,576.75,3,Medium,DEV_0001871,d6007b5b183363ed
NDM_001872,Walvis Bay,2919,Standard,USSD,iOS,2341.68,2,Medium,DEV_0001872,99999a143e08e52d
NDM_001873,Swakopmund,3134,Standard,Web,Android,1022.93,4,Low,DEV_0001873,b20f4fd89a6ed81c
NDM_001874,Walvis Bay,2803,Premium,Mobile_App,Android,410.1,4,Low,DEV_0001874,4de85877fd4a155e
NDM_001875,Swakopmund,3424,Standard,Web,Android,100.34,2,Medium,DEV_0001875,d8f1a43123b5e4bc
NDM_001876,Swakopmund,450,Standard,USSD,Android,1009.51,2,Low,DEV_0001876,badb87c637e70065
NDM_001877,Swakopmund,3453,Standard,USSD,iOS,2020.42,3,Low,DEV_0001877,a7fa0178c54d6ac0
NDM_001878,Walvis Bay,993,Standard,USSD,Android,377.36,2,Low,DEV_0001878,60f75319758f7e8a
NDM_001879,Rundu,2894,Standard,Web,Android,642.6,2,Low,DEV_0001879,9b352fe934f542a7
NDM_001880,Swakopmund,2120,Standard,USSD,Android,169.04,5,Low,DEV_0001880,b5e16f423316f375
NDM_001881,Walvis Bay,669,Standard,USSD,iOS,332.37,3,Low,DEV_0001881,40860d3ba02572c5
NDM_001882,Swakopmund,2234,Premium,Web,Android,690.36,6,Low,DEV_0001882,b66526a8530037f6
NDM_001883,Walvis Bay,585,Standard,USSD,Android,655.68,3,Low,DEV_0001883,d5972fd34d0ca5d1
NDM_001884,Windhoek,1458,Standard,USSD,Android,2152.57,5,Low,DEV_0001884,b3f43b964afa04aa
NDM_001885,Windhoek,3087,Standard,USSD,Android,299.86,2,High,DEV_0001885,7c327d9a6ff04934
NDM_001886,Rundu,2327,Standard,USSD,Android,296.82,6,Low,DEV_0001886,379146838bc5c73f
NDM_001887,Swakopmund,324,Standard,USSD,iOS,1244.71,5,Medium,DEV_0001887,5a12e86aba64c4ac
NDM_001888,Oshakati,1750,Standard,Web,iOS,521.43,3,Low,DEV_0001888,b3d4f53546b4ded9
NDM_001889,Windhoek,524,Standard,USSD,Android,3934.35,2,Low,DEV_0001889,47dfeb96dbb472da
NDM_001890,Keetmanshoop,1763,Premium,Web,Android,1041.31,3,Low,DEV_0001890,e8e85a947f649b0b
NDM_001891,Oshakati,2594,Standard,USSD,Android,536.23,4,Low,DEV_0001891,0009f6f07f4e8cad
NDM_001892,Windhoek,576,Standard,USSD,iOS,796.87,4,Low,DEV_0001892,647fd00b59cb0d16
NDM_001893,Walvis Bay,2388,Standard,USSD,Android,413.24,4,Low,DEV_0001893,08454b06a9b2b55d
NDM_001894,Swakopmund,2161,Business,Mobile_App,iOS,1576.53,3,Low,DEV_0001894,f64d19aa0e399f50
NDM_001895,Windhoek,2597,Standard,Web,Android,294.28,5,Low,DEV_0001895,c4b2b6aff4650647
NDM_001896,Windhoek,984,Premium,USSD,iOS,136.67,3,Low,DEV_0001896,e4aea9776099a496
NDM_001897,Rundu,1143,Premium,USSD,Android,2821.65,6,Medium,DEV_0001897,f0534624a7e3d49e
NDM_001898,Walvis Bay,166,Business,USSD,Android,203.12,5,High,DEV_0001898,2a0e73f4fdcbe737
NDM_001899,Walvis Bay,45,Standard,USSD,iOS,375.17,4,Medium,DEV_0001899,225fca64117f6aa4
NDM_001900,Keetmanshoop,502,Standard,Web,Android,556.87,1,Low,DEV_0001900,767863be82817e4c
NDM_001901,Windhoek,719,Standard,USSD,Android,533.58,3,Low,DEV_0001901,26f7c075c5cf855a
NDM_001902,Rundu,3347,Standard,USSD,iOS,349.23,3,Low,DEV_0001902,41eadc0809cb9fd8
NDM_001903,Walvis Bay,567,Standard,USSD,Android,376.48,2,Low,DEV_0001903,c33bd995279d429f
NDM_001904,Walvis Bay,1532,Standard,Mobile_App,Android,170.3,7,Low,DEV_0001904,4bd2228bc94795e5
NDM_001905,Windhoek,2530,Standard,Web,Android,98.22,4,Low,DEV_0001905,485c623d1b0be72b
NDM_001906,Oshakati,923,Business,USSD,iOS,174.21,7,Low,DEV_0001906,43e00480faea5586
NDM_001907,Windhoek,2451,Standard,Web,Android,681.91,4,Low,DEV_0001907,6c08516ae98b3189
NDM_001908,Windhoek,2109,Standard,Web,Android,212.36,2,High,DEV_0001908,800db42dbe77e5e9
NDM_001909,Windhoek,1820,Standard,USSD,Android,107.52,5,Low,DEV_0001909,ece0774182dd5412
NDM_001910,Oshakati,59,Standard,USSD,iOS,752.06,3,Low,DEV_0001910,3d31d6750682936f
NDM_001911,Windhoek,2902,Standard,Mobile_App,Android,586.02,5,Low,DEV_0001911,9cae7f39ff0bf389
NDM_001912,Oshakati,3498,Standard,Web,iOS,809.72,3,Medium,DEV_0001912,5bd666ccb0640433
NDM_001913,Walvis Bay,1203,Standard,USSD,iOS,431.67,4,High,DEV_0001913,f1cb62db195e5a7e
NDM_001914,Swakopmund,2302,Premium,USSD,iOS,410.19,3,Low,DEV_0001914,2588d7fb2c8e78eb
NDM_001915,Oshakati,382,Standard,USSD,Android,149.65,3,Low,DEV_0001915,8af15a361ae632b6
NDM_001916,Windhoek,2289,Standard,USSD,Android,494.9,3,Medium,DEV_0001916,dc73470f81a5e9e8
NDM_001917,Windhoek,3284,Standard,USSD,Android,160.42,4,Low,DEV_0001917,779d0f0943816327
NDM_001918,Windhoek,1409,Standard,USSD,iOS,2797.19,4,Low,DEV_0001918,acef70398d98c401
NDM_001919,Windhoek,2087,Standard,USSD,Android,508.84,1,Low,DEV_0001919,f9672f1e35a391af
NDM_001920,Keetmanshoop,716,Standard,USSD,Android,948.62,4,Low,DEV_0001920,b0329c54be1f5df8
NDM_001921,Walvis Bay,1578,Premium,Web,Android,441.49,2,Medium,DEV_0001921,0c83aa3b03eb8813
NDM_001922,Swakopmund,772,Standard,USSD,Android,587.83,3,High,DEV_0001922,745738fe313113a1
NDM_001923,Swakopmund,1471,Standard,USSD,Android,695.14,4,High,DEV_0001923,0146c49418ee7712
NDM_001924,Oshakati,2038,Standard,USSD,Android,1061.64,2,Low,DEV_0001924,7674e6a95236fa14
NDM_001925,Walvis Bay,1133,Standard,USSD,Android,630.97,5,Medium,DEV_0001925,268aeafedf7aa520
NDM_001926,Windhoek,51,Premium,USSD,iOS,662.41,2,Low,DEV_0001926,2d186fac4fb47cf5
NDM_001927,Windhoek,3431,Premium,USSD,iOS,3097.97,5,Low,DEV_0001927,256af3ce92daecdd
NDM_001928,Windhoek,3498,Standard,Mobile_App,Android,1838.44,3,High,DEV_0001928,cd4795f16b4e4e20
NDM_001929,Rundu,1671,Standard,USSD,iOS,423.3,1,Low,DEV_0001929,f103ae9f6cba80d1
NDM_001930,Windhoek,1831,Standard,Mobile_App,Android,870.09,4,Low,DEV_0001930,d54a13e33b57b60f
NDM_001931,Windhoek,1252,Standard,USSD,Android,395.68,6,Low,DEV_0001931,3704c15ca7b37c99
NDM_001932,Windhoek,3198,Standard,USSD,Android,407.81,4,Low,DEV_0001932,88434593a2960588
NDM_001933,Rundu,126,Standard,USSD,Android,181.63,4,Low,DEV_0001933,d7e87475aba217ba
NDM_001934,Windhoek,77,Standard,Web,Android,164.09,4,Low,DEV_0001934,754ebb65b9850ab2
NDM_001935,Walvis Bay,2250,Premium,Web,iOS,451.94,5,Low,DEV_0001935,6c55444bd8e92229
NDM_001936,Oshakati,1400,Standard,Web,Android,574.65,4,Low,DEV_0001936,aec46ba2de5f0288
NDM_001937,Windhoek,2943,Premium,Mobile_App,iOS,150.05,2,Low,DEV_0001937,9a691c759a88a66b
NDM_001938,Windhoek,230,Standard,Mobile_App,Android,1895.58,5,Low,DEV_0001938,678124959148d88b
NDM_001939,Walvis Bay,2091,Standard,USSD,Android,970.46,2,Low,DEV_0001939,8092a5c0dabb4f54
NDM_001940,Walvis Bay,1792,Standard,Web,iOS,269.12,2,Low,DEV_0001940,8f701441e1893d65
NDM_001941,Windhoek,3025,Business,Web,Android,957.64,5,Low,DEV_0001941,e543fb59d1fc98e8
NDM_001942,Oshakati,1417,Premium,USSD,iOS,697.35,4,Medium,DEV_0001942,f2e8bf5e9ff99db7
NDM_001943,Walvis Bay,3579,Standard,Web,Android,386.31,6,Medium,DEV_0001943,374dd6305bf91b83
NDM_001944,Keetmanshoop,1211,Standard,Web,Android,172.45,4,Low,DEV_0001944,e3165157d80179f5
NDM_001945,Windhoek,1075,Standard,USSD,Android,360.98,5,Low,DEV_0001945,e9ccfce74b71e754
NDM_001946,Walvis Bay,1771,Standard,Web,Android,144.46,6,Low,DEV_0001946,87fe014f51bd019e
NDM_001947,Windhoek,2412,Standard,USSD,Android,252.56,2,Low,DEV_0001947,8c3878e13bf09f26
NDM_001948,Windhoek,852,Standard,USSD,Android,542.28,5,Low,DEV_0001948,c5f6f8880e084497
NDM_001949,Windhoek,2353,Standard,USSD,Android,2417.21,4,Low,DEV_0001949,93f60e7ccbbc4c3d
NDM_001950,Swakopmund,508,Standard,USSD,Android,616.36,4,Low,DEV_0001950,44474f6f000dd739
NDM_001951,Walvis Bay,154,Standard,USSD,Android,439.91,5,High,DEV_0001951,415a7c02255f3dca
NDM_001952,Windhoek,602,Premium,Web,iOS,173.89,4,Low,DEV_0001952,2ce8595b86a7fcf0
NDM_001953,Windhoek,3258,Premium,USSD,Android,433.72,3,Low,DEV_0001953,f6955a7b9da5cacd
NDM_001954,Windhoek,1866,Standard,USSD,Android,672.09,5,Medium,DEV_0001954,6d95e75139f6b19d
NDM_001955,Windhoek,971,Standard,USSD,Android,324.69,4,Medium,DEV_0001955,c541f09fbbb39fb1
NDM_001956,Windhoek,1961,Standard,USSD,Android,1361.44,11,Low,DEV_0001956,5f89afd584a829be
NDM_001957,Walvis Bay,1912,Standard,Web,Android,697.07,3,High,DEV_0001957,340eaab05b451f09
NDM_001958,Windhoek,671,Standard,Mobile_App,Android,402.46,4,Low,DEV_0001958,3f164505dafe83e5
NDM_001959,Oshakati,1379,Standard,USSD,Android,364.87,4,Medium,DEV_0001959,c4b8b5f5fbf381ca
NDM_001960,Rundu,2154,Standard,Mobile_App,Android,369.22,2,Low,DEV_0001960,3894b1fb12653a7e
NDM_001961,Rundu,2130,Standard,USSD,iOS,1140.29,7,Low,DEV_0001961,0206ab59e1140447
NDM_001962,Keetmanshoop,2137,Standard,USSD,Android,307.99,3,Medium,DEV_0001962,bf7fec1a44ba2e07
NDM_001963,Oshakati,116,Premium,Web,iOS,191.98,4,High,DEV_0001963,fc88b9aab3311b79
NDM_001964,Swakopmund,3375,Standard,USSD,Android,441.9,5,Low,DEV_0001964,bdfdf19158ff8fd6
NDM_001965,Windhoek,3139,Standard,USSD,Android,494.03,4,Low,DEV_0001965,5b9521c9e973bd4a
NDM_001966,Oshakati,490,Standard,USSD,Android,441.02,6,Low,DEV_0001966,99e352e23c39c1db
NDM_001967,Windhoek,1134,Standard,Mobile_App,Android,921.29,3,Low,DEV_0001967,0e02e25326e028d5
NDM_001968,Windhoek,1562,Standard,USSD,Android,663.93,5,Low,DEV_0001968,d15fa497f4a7be5b
NDM_001969,Windhoek,449,Standard,Web,Android,130.16,1,Low,DEV_0001969,4fea6808e5b7bfca
NDM_001970,Walvis Bay,599,Standard,USSD,iOS,348.08,5,Low,DEV_0001970,fa63b5258a9523ac
NDM_001971,Windhoek,2355,Standard,Mobile_App,Android,1150.43,3,Low,DEV_0001971,000cb41c1de8d3eb
NDM_001972,Oshakati,322,Premium,USSD,iOS,2073.39,3,Low,DEV_0001972,a49b5a4a34705aed
NDM_001973,Windhoek,2832,Premium,Web,Android,544.18,4,Medium,DEV_0001973,cf2dea9ea79aee95
NDM_001974,Swakopmund,2018,Standard,USSD,Android,49.13,4,Low,DEV_0001974,6a9bacab550b4a51
NDM_001975,Rundu,115,Standard,USSD,iOS,4280.63,5,Low,DEV_0001975,74eeea390621ab77
NDM_001976,Windhoek,844,Standard,USSD,Android,1086.17,3,Medium,DEV_0001976,0e04aa3b7d5afa8a
NDM_001977,Keetmanshoop,957,Standard,USSD,Android,115.95,3,Low,DEV_0001977,88e28584410d56bc
NDM_001978,Swakopmund,1775,Standard,Web,Android,291.47,5,Low,DEV_0001978,930c4515aa5392c8
NDM_001979,Swakopmund,646,Premium,USSD,Android,692.54,5,Low,DEV_0001979,07afd7cc3c3fc116
NDM_001980,Windhoek,2972,Premium,USSD,iOS,343.26,3,Low,DEV_0001980,80f02be1a1d75b16
NDM_001981,Walvis Bay,42,Standard,USSD,iOS,398.9,4,Low,DEV_0001981,4eb83283ee29bd98
NDM_001982,Windhoek,3634,Standard,USSD,Android,358.81,2,Low,DEV_0001982,c440ace25348b8b9
NDM_001983,Walvis Bay,3635,Premium,USSD,iOS,966.52,5,Medium,DEV_0001983,39d3f18b2d0d6707
NDM_001984,Keetmanshoop,395,Standard,USSD,iOS,289.67,2,Medium,DEV_0001984,5cdab99e787221f4
NDM_001985,Windhoek,1603,Premium,Mobile_App,Android,172.14,5,Medium,DEV_0001985,a8ad4524c0736440
NDM_001986,Walvis Bay,2010,Standard,USSD,Android,178.34,5,Low,DEV_0001986,e124355516cb4b70
NDM_001987,Walvis Bay,2657,Standard,USSD,Android,299.26,5,Medium,DEV_0001987,0f201e670ac013ea
NDM_001988,Oshakati,3271,Standard,USSD,Android,227.38,2,Medium,DEV_0001988,6f7bac1c142520da
NDM_001989,Oshakati,3632,Standard,USSD,Android,732.76,12,Medium,DEV_0001989,0ca9afc65293a99f
NDM_001990,Rundu,3348,Standard,Web,iOS,454.96,4,Low,DEV_0001990,19e4a888eb9d5d51
NDM_001991,Oshakati,1281,Standard,USSD,Android,436.53,4,Low,DEV_0001991,c10208a239a74414
NDM_001992,Walvis Bay,490,Standard,Mobile_App,Android,231.18,4,Low,DEV_0001992,55bd00788a22b441
NDM_001993,Oshakati,874,Standard,USSD,Android,206.28,3,Low,DEV_0001993,491b885c0b465d17
NDM_001994,Walvis Bay,3540,Standard,USSD,iOS,748.77,3,Low,DEV_0001994,70dbc5da65bdeb69
NDM_001995,Walvis Bay,2694,Standard,USSD,Android,392.1,3,Medium,DEV_0001995,45443fd5bf25cb21
NDM_001996,Windhoek,3585,Premium,USSD,Android,320.23,6,Low,DEV_0001996,ebbb2e212af3b2e8
NDM_001997,Windhoek,3155,Premium,Web,Android,226.66,6,Low,DEV_0001997,0d3c7755b7e7b7d7
NDM_001998,Rundu,1852,Premium,Web,Android,262.25,3,Medium,DEV_0001998,1a9ced59ab114634
NDM_001999,Windhoek,879,Standard,USSD,iOS,529.61,2,Low,DEV_0001999,4d1e8789b2d7e51d
NDM_002000,Rundu,1707,Standard,USSD,Android,1754.62,3,Low,DEV_0002000,aecc5fb8c1a20d61
NDM_002001,Walvis Bay,1584,Standard,Web,iOS,1346.94,8,Low,DEV_0002001,e5f467b62f5f1ba4
NDM_002002,Swakopmund,2145,Standard,USSD,Android,845.59,7,Low,DEV_0002002,4a1f3022ff60ec00
NDM_002003,Keetmanshoop,2093,Standard,USSD,Android,152.62,3,Low,DEV_0002003,7a46db829f526ec2
NDM_002004,Rundu,2713,Premium,USSD,iOS,570.81,5,Low,DEV_0002004,aa9b9df93f8ff492
NDM_002005,Keetmanshoop,2516,Standard,USSD,Android,537.57,5,Low,DEV_0002005,e901032124821c54
NDM_002006,Walvis Bay,3493,Standard,USSD,iOS,358.39,4,Low,DEV_0002006,1ce0b179f85ccfc9
NDM_002007,Walvis Bay,2056,Standard,USSD,Android,167.44,4,Low,DEV_0002007,ca4e2c6708721b2c
NDM_002008,Walvis Bay,77,Standard,USSD,Android,900.44,7,Medium,DEV_0002008,cda1cbe2179908b5
NDM_002009,Rundu,2428,Standard,Web,Android,2560.29,4,Low,DEV_0002009,c807c9348074ccaa
NDM_002010,Oshakati,3614,Standard,USSD,Android,1694.4,2,Low,DEV_0002010,e8657b44ddc71e34
NDM_002011,Rundu,2092,Standard,USSD,iOS,112.26,4,Low,DEV_0002011,742b7ccaca6568fe
NDM_002012,Swakopmund,1833,Business,USSD,Android,638.22,9,Low,DEV_0002012,0312b88dc71f1266
NDM_002013,Windhoek,631,Standard,USSD,Android,240.79,7,Low,DEV_0002013,cda1876402b4f177
NDM_002014,Swakopmund,1277,Standard,Web,Android,327.49,3,Medium,DEV_0002014,266b8ab394d83933
NDM_002015,Rundu,3580,Premium,Web,Android,3863.49,2,Medium,DEV_0002015,ae6fe5b491cb135d
NDM_002016,Windhoek,236,Standard,USSD,Android,404.47,6,High,DEV_0002016,8534448590d87bfb
NDM_002017,Oshakati,1823,Standard,USSD,Android,1215.02,2,Low,DEV_0002017,e43b2b57817139c1
NDM_002018,Windhoek,3281,Standard,Web,Android,357.67,3,Low,DEV_0002018,1835fec906140628
NDM_002019,Swakopmund,711,Standard,Web,Android,2375.1,5,Low,DEV_0002019,6a16b39f0bb28afc
NDM_002020,Swakopmund,832,Standard,USSD,Android,483.68,2,High,DEV_0002020,39137df0cf1cfdd2
NDM_002021,Walvis Bay,1284,Standard,Web,Android,214.86,8,Low,DEV_0002021,bf0e1d0171ed05e9
NDM_002022,Swakopmund,1758,Business,USSD,Android,209.16,2,Medium,DEV_0002022,2ba51604f3205dd4
NDM_002023,Windhoek,2002,Standard,USSD,Android,214.01,2,Low,DEV_0002023,f0539467d0599d22
NDM_002024,Windhoek,3309,Standard,Web,Android,302.61,3,Medium,DEV_0002024,457fa3d76938656b
NDM_002025,Windhoek,1052,Standard,Web,Android,373.89,3,High,DEV_0002025,30bc9f66cd8ea1cb
NDM_002026,Windhoek,1557,Standard,USSD,Android,425.99,4,Low,DEV_0002026,7b26d265f220495a
NDM_002027,Oshakati,628,Standard,USSD,Android,277.25,7,Low,DEV_0002027,44fdf5a20112ab37
NDM_002028,Walvis Bay,1961,Standard,USSD,iOS,672.36,4,Low,DEV_0002028,b85dd2df67895cb2
NDM_002029,Oshakati,3131,Premium,USSD,iOS,257.91,6,Low,DEV_0002029,7a0efca18654a989
NDM_002030,Windhoek,2341,Standard,USSD,Android,576.16,3,Low,DEV_0002030,4f7adf3cf90d4c8e
NDM_002031,Windhoek,2199,Premium,USSD,iOS,649.47,7,Low,DEV_0002031,f109af79922cbc18
NDM_002032,Windhoek,1402,Premium,USSD,iOS,205.17,4,Low,DEV_0002032,97751c9f09c3622a
NDM_002033,Rundu,408,Standard,Mobile_App,Android,218.18,2,Low,DEV_0002033,e078015af7cde11c
NDM_002034,Swakopmund,797,Standard,USSD,Android,405.51,2,Medium,DEV_0002034,3dc510579d35e0b5
NDM_002035,Windhoek,3438,Standard,USSD,iOS,338.01,5,Medium,DEV_0002035,1c939e1cab5d441d
NDM_002036,Windhoek,2541,Standard,USSD,iOS,695.39,2,Low,DEV_0002036,080f0ab4a3c71ea0
NDM_002037,Windhoek,3342,Standard,USSD,iOS,237.94,3,Low,DEV_0002037,db894ebc262e5b5a
NDM_002038,Swakopmund,818,Premium,Mobile_App,iOS,455.85,3,Medium,DEV_0002038,ed93867490e22847
NDM_002039,Swakopmund,359,Business,Mobile_App,iOS,571.94,4,Low,DEV_0002039,9750e8bb84727c4f
NDM_002040,Rundu,2423,Standard,Mobile_App,iOS,510.93,7,Low,DEV_0002040,ea3b0c3cae3ab152
NDM_002041,Windhoek,466,Standard,USSD,iOS,1389.32,4,Low,DEV_0002041,75ef417a38b15892
NDM_002042,Walvis Bay,1747,Standard,Web,Android,779.49,3,Low,DEV_0002042,75b19ceade4af76e
NDM_002043,Swakopmund,2539,Premium,USSD,Android,978.68,6,Low,DEV_0002043,e309c451effa8edd
NDM_002044,Windhoek,3031,Business,USSD,iOS,1771.92,9,Low,DEV_0002044,1eaaaf5224a472aa
NDM_002045,Windhoek,2345,Premium,Web,Android,104.59,5,Low,DEV_0002045,b710574b8f1f357c
NDM_002046,Keetmanshoop,3503,Business,USSD,iOS,771.57,4,Low,DEV_0002046,1987e0a288d7ec31
NDM_002047,Windhoek,85,Standard,USSD,Android,1494.93,3,Low,DEV_0002047,d684589b13f397ad
NDM_002048,Windhoek,808,Standard,Mobile_App,Android,2164.34,4,Low,DEV_0002048,e68a4b88c11c6353
NDM_002049,Swakopmund,48,Standard,USSD,Android,599.07,5,Low,DEV_0002049,6f2ce9a452d9e512
NDM_002050,Oshakati,212,Premium,USSD,Android,1399.79,6,Medium,DEV_0002050,0750de2fabeeb7b0
NDM_002051,Swakopmund,1353,Standard,Web,Android,893.12,3,Low,DEV_0002051,733311985da6c76d
NDM_002052,Oshakati,2102,Standard,Mobile_App,Android,524.74,5,Medium,DEV_0002052,3b27b9fed35ce406
NDM_002053,Swakopmund,2407,Standard,Mobile_App,Android,404.18,4,Low,DEV_0002053,fe8a5c10d7b29190
NDM_002054,Windhoek,3235,Standard,USSD,iOS,377.65,3,Low,DEV_0002054,29e9e911c96aa4c5
NDM_002055,Windhoek,3483,Standard,USSD,Android,417.11,1,Low,DEV_0002055,3d378b14d8bf8eb2
NDM_002056,Swakopmund,674,Standard,USSD,iOS,1619.85,3,Medium,DEV_0002056,b1c4f8c1c1fa3209
NDM_002057,Walvis Bay,1053,Premium,USSD,Android,937.1,10,Low,DEV_0002057,748e42736b9f95ae
NDM_002058,Swakopmund,2590,Standard,Mobile_App,iOS,1486.9,6,Low,DEV_0002058,c6dfc9b1dbd60e05
NDM_002059,Windhoek,36,Standard,Web,iOS,1220.37,6,Low,DEV_0002059,2de0d5fdbd7e4889
NDM_002060,Oshakati,2850,Standard,USSD,Android,429.63,3,Medium,DEV_0002060,ac5a9f0480097f77
NDM_002061,Oshakati,3048,Standard,USSD,Android,637.68,6,Low,DEV_0002061,20c710387d572a76
NDM_002062,Walvis Bay,2043,Standard,Web,Android,124.46,4,Medium,DEV_0002062,f79a4c45ab4ccf27
NDM_002063,Windhoek,875,Standard,USSD,Android,272.33,5,Low,DEV_0002063,63c9fe390cbc3ce1
NDM_002064,Windhoek,1595,Premium,USSD,Android,360.16,3,Low,DEV_0002064,2f64827bfed2c2e1
NDM_002065,Windhoek,1275,Standard,Web,Android,1809.28,4,Low,DEV_0002065,21002fb3555d8873
NDM_002066,Windhoek,3195,Standard,USSD,Android,322.77,5,Low,DEV_0002066,a3f806ac7dd0af7c
NDM_002067,Windhoek,3608,Premium,USSD,iOS,902.77,4,Low,DEV_0002067,609d2e7ee9c538d3
NDM_002068,Oshakati,2733,Standard,Web,Android,403.14,6,Medium,DEV_0002068,8b24434d83867ec6
NDM_002069,Walvis Bay,311,Standard,Web,Android,908.18,2,Low,DEV_0002069,196d0fdc3d17862b
NDM_002070,Windhoek,2999,Standard,Web,iOS,539.8,2,Medium,DEV_0002070,d7edf2f9fc187f8f
NDM_002071,Windhoek,527,Standard,USSD,Android,320.55,2,Low,DEV_0002071,7e4d3d0be4328774
NDM_002072,Windhoek,703,Standard,Web,Android,256.28,5,Medium,DEV_0002072,5d17629ce908d381
NDM_002073,Oshakati,2645,Standard,USSD,Android,752.1,5,High,DEV_0002073,747b5b58bfbc6e17
NDM_002074,Rundu,1150,Standard,Web,Android,397.34,2,Low,DEV_0002074,9fc477aacaa12ea4
NDM_002075,Windhoek,3313,Standard,USSD,iOS,978.8,4,Low,DEV_0002075,16f4a271f0b68982
NDM_002076,Keetmanshoop,2245,Standard,USSD,iOS,945.38,7,Medium,DEV_0002076,0b04f039f03c5130
NDM_002077,Oshakati,1065,Standard,USSD,Android,541.66,2,Low,DEV_0002077,fe60b7d077c6c5fa
NDM_002078,Keetmanshoop,3388,Standard,USSD,Android,490.88,1,Medium,DEV_0002078,89a24f94a3d593a7
NDM_002079,Windhoek,396,Standard,USSD,Android,445.3,6,High,DEV_0002079,cdb00edcb5d5fd15
NDM_002080,Oshakati,3624,Standard,USSD,iOS,266.19,2,Low,DEV_0002080,fd9e8f423c8e61fd
NDM_002081,Keetmanshoop,3277,Standard,USSD,Android,1773.22,3,Low,DEV_0002081,28fbec9c74bcd859
NDM_002082,Walvis Bay,1488,Standard,Web,Android,968.36,7,Low,DEV_0002082,b14e08037776ca24
NDM_002083,Windhoek,60,Standard,USSD,iOS,461.04,6,Low,DEV_0002083,c7a611ed67621f77
NDM_002084,Windhoek,1569,Standard,USSD,iOS,493.81,4,Low,DEV_0002084,c855924301dad3d1
NDM_002085,Windhoek,3027,Standard,USSD,iOS,934.03,4,Low,DEV_0002085,9df55a62d8165141
NDM_002086,Walvis Bay,2348,Standard,USSD,Android,298.52,5,Low,DEV_0002086,d446f512bd7b0598
NDM_002087,Windhoek,2237,Standard,Web,Android,1309.95,2,Low,DEV_0002087,0cf80a465b0ed466
NDM_002088,Rundu,1246,Standard,Web,iOS,1027.35,6,High,DEV_0002088,8e299b9184c73f73
NDM_002089,Rundu,2693,Standard,USSD,iOS,1036.08,4,Low,DEV_0002089,6a431f79a87af2b7
NDM_002090,Swakopmund,1218,Standard,Web,Android,962.68,5,Low,DEV_0002090,c1ed4462b6461260
NDM_002091,Oshakati,1534,Standard,USSD,iOS,983.92,2,Medium,DEV_0002091,0b2c69db88eb6628
NDM_002092,Walvis Bay,2172,Standard,USSD,Android,1432.73,4,Medium,DEV_0002092,e8778cb8b8a77164
NDM_002093,Windhoek,2792,Standard,USSD,iOS,189.96,5,Medium,DEV_0002093,d81612d8dd25600a
NDM_002094,Windhoek,1867,Standard,Mobile_App,Android,144.34,6,Medium,DEV_0002094,23805bce4cc6ecc7
NDM_002095,Windhoek,3562,Premium,Web,Android,377.18,3,Medium,DEV_0002095,911a27ff6de919f3
NDM_002096,Oshakati,405,Standard,USSD,Android,1479.62,4,Low,DEV_0002096,a3df516582c00c49
NDM_002097,Windhoek,520,Standard,Web,Android,1164.0,5,Low,DEV_0002097,43c485cb5a29134a
NDM_002098,Windhoek,3201,Standard,Mobile_App,Android,364.59,1,Low,DEV_0002098,bc2cd9ee11568225
NDM_002099,Windhoek,692,Standard,USSD,Android,851.4,7,Low,DEV_0002099,2a1768e456334be2
NDM_002100,Walvis Bay,523,Standard,Mobile_App,Android,297.63,1,Low,DEV_0002100,c563f81b95ffe51d
NDM_002101,Walvis Bay,390,Standard,Web,Android,199.23,2,Low,DEV_0002101,528b5cad054cfc15
NDM_002102,Windhoek,82,Standard,USSD,iOS,413.39,2,Low,DEV_0002102,30e3c68745c68769
NDM_002103,Windhoek,3162,Standard,USSD,Android,756.05,3,Low,DEV_0002103,9e3e4ddd9aa33f26
NDM_002104,Windhoek,2313,Standard,Mobile_App,Android,466.52,1,Low,DEV_0002104,3ff93fc12e783183
NDM_002105,Windhoek,1239,Premium,USSD,Android,217.87,5,Medium,DEV_0002105,e0ea5f823e38cd4f
NDM_002106,Windhoek,1213,Standard,Web,iOS,436.32,3,Low,DEV_0002106,1a4ef32f87c2d286
NDM_002107,Windhoek,1936,Standard,USSD,Android,402.7,6,Low,DEV_0002107,e4d498aac2ead80b
NDM_002108,Oshakati,302,Standard,USSD,Android,315.25,3,Low,DEV_0002108,d8592845b034e7cd
NDM_002109,Oshakati,564,Standard,Web,Android,1190.01,5,Medium,DEV_0002109,659b9102693b39d8
NDM_002110,Rundu,2577,Standard,Mobile_App,iOS,521.73,6,Low,DEV_0002110,abd5b76b6e2b2138
NDM_002111,Rundu,405,Standard,USSD,iOS,584.71,3,Low,DEV_0002111,c6432932d16da35a
NDM_002112,Windhoek,2700,Standard,USSD,iOS,1118.36,4,Medium,DEV_0002112,20b1d7ab9cc88f5e
NDM_002113,Oshakati,1040,Standard,USSD,Android,936.63,7,Low,DEV_0002113,1d5bafe222f3577d
NDM_002114,Walvis Bay,3074,Standard,Web,iOS,1495.9,3,Low,DEV_0002114,d084939c7a393496
NDM_002115,Windhoek,2560,Standard,USSD,Android,343.16,4,Low,DEV_0002115,a33f804cd976e3d5
NDM_002116,Rundu,1547,Standard,Mobile_App,iOS,70.75,3,Low,DEV_0002116,2d958a572eb95b76
NDM_002117,Swakopmund,2980,Standard,USSD,Android,524.41,7,Low,DEV_0002117,73800f3bdf15f9df
NDM_002118,Windhoek,2415,Premium,USSD,Android,462.95,5,Low,DEV_0002118,32874dc458c4ed05
NDM_002119,Windhoek,2325,Standard,Web,Android,130.47,7,Low,DEV_0002119,d315e16e6977d816
NDM_002120,Swakopmund,3041,Standard,USSD,Android,1044.11,6,Low,DEV_0002120,286a0d43f6efa230
NDM_002121,Swakopmund,3247,Premium,USSD,iOS,2710.25,4,Low,DEV_0002121,7e87832ffbaf437b
NDM_002122,Keetmanshoop,2219,Standard,USSD,Android,552.59,3,Low,DEV_0002122,1f36a0cd711fd591
NDM_002123,Oshakati,1461,Standard,USSD,Android,454.77,5,Low,DEV_0002123,eafa2f722fb69f00
NDM_002124,Windhoek,82,Standard,USSD,Android,175.06,2,Low,DEV_0002124,9e4c940d73b60598
NDM_002125,Walvis Bay,746,Standard,USSD,Android,2020.4,4,Low,DEV_0002125,fd276ef96724b8d2
NDM_002126,Keetmanshoop,366,Premium,Web,iOS,145.4,2,Low,DEV_0002126,e1cb8ebc4f4576cc
NDM_002127,Walvis Bay,3161,Standard,Web,Android,951.75,5,Medium,DEV_0002127,2a7084331805acad
NDM_002128,Rundu,955,Standard,USSD,Android,459.74,4,Low,DEV_0002128,beee12763b75bf20
NDM_002129,Windhoek,115,Premium,USSD,Android,141.32,7,Low,DEV_0002129,5231cd58e43c32e5
NDM_002130,Windhoek,1104,Standard,USSD,Android,973.31,3,Low,DEV_0002130,6106d07b29c211bf
NDM_002131,Walvis Bay,945,Standard,Web,Android,1702.33,4,Low,DEV_0002131,054e70a0d1de22f0
NDM_002132,Windhoek,2895,Standard,Web,Android,284.48,5,Low,DEV_0002132,e8379b5767607d2f
NDM_002133,Windhoek,1054,Standard,USSD,Android,742.47,5,Low,DEV_0002133,69ffa39a8255d1aa
NDM_002134,Swakopmund,2715,Premium,USSD,Android,272.6,4,Low,DEV_0002134,bc30581412f363de
NDM_002135,Swakopmund,3471,Premium,USSD,Android,505.61,3,Low,DEV_0002135,b62e3cb4dd752875
NDM_002136,Keetmanshoop,2465,Premium,Web,Android,929.19,4,Low,DEV_0002136,900e187ed7f94b50
NDM_002137,Windhoek,119,Standard,USSD,Android,863.1,1,Medium,DEV_0002137,00e7f5d9d4eb0856
NDM_002138,Windhoek,283,Standard,USSD,iOS,778.23,6,Medium,DEV_0002138,ad3cea8d1df0d036
NDM_002139,Windhoek,3546,Premium,USSD,Android,317.21,3,Low,DEV_0002139,c0e29ac1fbd6f5c1
NDM_002140,Swakopmund,2996,Standard,USSD,iOS,226.46,7,Low,DEV_0002140,f607b9c0bff92ae9
NDM_002141,Rundu,1369,Premium,USSD,Android,331.19,2,Low,DEV_0002141,be7476f6d445f318
NDM_002142,Oshakati,2020,Standard,USSD,Android,428.76,4,Low,DEV_0002142,ce30ac2126c20d78
NDM_002143,Windhoek,953,Standard,USSD,Android,634.82,5,Low,DEV_0002143,f4e6ffa28cf775ee
NDM_002144,Keetmanshoop,2559,Standard,USSD,Android,188.05,6,Medium,DEV_0002144,161c20f0046329f3
NDM_002145,Oshakati,821,Business,USSD,iOS,1027.22,5,Medium,DEV_0002145,bcef32f6ce2c715c
NDM_002146,Windhoek,968,Standard,Web,Android,306.85,3,Low,DEV_0002146,ad833867043dbb7e
NDM_002147,Swakopmund,3096,Standard,Web,iOS,427.7,1,Low,DEV_0002147,9ada6cf18e1e1125
NDM_002148,Windhoek,3601,Standard,USSD,iOS,545.37,2,Low,DEV_0002148,4499fc56056cdd8d
NDM_002149,Keetmanshoop,1890,Standard,Web,Android,398.79,2,Low,DEV_0002149,febb8d7919ba07e9
NDM_002150,Swakopmund,353,Business,USSD,Android,293.14,5,Low,DEV_0002150,3c7c9475abe2e54e
NDM_002151,Swakopmund,757,Standard,USSD,Android,858.81,3,Low,DEV_0002151,fde4bef8a7aea70b
NDM_002152,Windhoek,787,Standard,USSD,Android,3795.47,7,Low,DEV_0002152,39ea7cca0d5e3c41
NDM_002153,Windhoek,718,Premium,USSD,Android,240.15,2,Low,DEV_0002153,63b864ce36c5f61c
NDM_002154,Oshakati,969,Standard,Web,Android,305.38,4,Low,DEV_0002154,0f97cfae79b477d9
NDM_002155,Keetmanshoop,2576,Standard,Web,Android,792.92,2,Low,DEV_0002155,1e7dd0944b037c41
NDM_002156,Swakopmund,540,Standard,Web,Android,245.0,2,Low,DEV_0002156,5f3c4368146f77b1
NDM_002157,Swakopmund,2625,Standard,USSD,Android,1903.47,3,Low,DEV_0002157,fcc1494c9913eed7
NDM_002158,Swakopmund,2973,Standard,USSD,Android,1020.25,2,Low,DEV_0002158,03e39871b475e719
NDM_002159,Windhoek,951,Standard,Web,Android,770.91,4,Low,DEV_0002159,07d49467cb8dc5cd
NDM_002160,Swakopmund,747,Standard,USSD,Android,56.01,4,High,DEV_0002160,97104658e343dbe0
NDM_002161,Windhoek,3299,Standard,USSD,Android,42.06,3,Low,DEV_0002161,82cbe560592faedd
NDM_002162,Windhoek,1390,Standard,USSD,Android,58.02,4,Low,DEV_0002162,97824236bcb552c3
NDM_002163,Rundu,2233,Premium,USSD,Android,452.41,5,Low,DEV_0002163,19dab1090f2c7eff
NDM_002164,Windhoek,2246,Standard,Mobile_App,iOS,546.83,4,Low,DEV_0002164,043aa7d2ea824d96
NDM_002165,Keetmanshoop,3298,Standard,Mobile_App,Android,1996.98,1,Low,DEV_0002165,6f81affb50f8a1ff
NDM_002166,Windhoek,725,Premium,USSD,Android,1652.19,3,Low,DEV_0002166,673dd722480e516a
NDM_002167,Oshakati,3210,Premium,USSD,iOS,912.95,3,Low,DEV_0002167,fdcaef217b18378b
NDM_002168,Windhoek,3216,Business,Mobile_App,Android,882.25,3,Low,DEV_0002168,05f74c8c5c1ccf2e
NDM_002169,Swakopmund,1811,Standard,USSD,Android,159.14,4,Low,DEV_0002169,e02862019eab04a3
NDM_002170,Walvis Bay,273,Standard,USSD,Android,246.07,4,Low,DEV_0002170,84e959d8ca2c5a4e
NDM_002171,Windhoek,3503,Standard,USSD,iOS,2136.46,5,Low,DEV_0002171,049a1fd36b6407ae
NDM_002172,Windhoek,2960,Standard,Mobile_App,Android,351.86,4,Low,DEV_0002172,1af5ad609d54c477
NDM_002173,Windhoek,2824,Premium,Web,iOS,273.38,6,Low,DEV_0002173,a769f65116e77ef1
NDM_002174,Windhoek,2374,Standard,USSD,Android,67.13,1,High,DEV_0002174,e34b97f44b7e4f4a
NDM_002175,Rundu,1931,Standard,USSD,Android,902.92,3,Low,DEV_0002175,4517b9c09fa32b8f
NDM_002176,Rundu,1712,Premium,Web,Android,347.22,10,Low,DEV_0002176,2fa6596ee285a8f1
NDM_002177,Windhoek,3184,Standard,USSD,iOS,364.99,3,Low,DEV_0002177,0944526288af8b15
NDM_002178,Rundu,439,Standard,USSD,Android,472.82,8,Low,DEV_0002178,a696ee5b0866a1d9
NDM_002179,Windhoek,2632,Standard,Mobile_App,Android,858.57,5,Low,DEV_0002179,d08031d83fab3d68
NDM_002180,Rundu,946,Business,USSD,Android,3655.72,2,Low,DEV_0002180,6a18fd42aedb0927
NDM_002181,Windhoek,1517,Standard,Web,Android,1237.82,4,Medium,DEV_0002181,ca9893df64a75a8d
NDM_002182,Windhoek,1181,Standard,USSD,Android,216.01,3,Low,DEV_0002182,08351d6323675816
NDM_002183,Walvis Bay,3080,Premium,USSD,Android,539.39,4,Medium,DEV_0002183,ffa872f2709e6f2f
NDM_002184,Windhoek,1760,Standard,Mobile_App,Android,529.17,6,Low,DEV_0002184,a7d8167c44b332c4
NDM_002185,Swakopmund,1822,Standard,USSD,iOS,381.8,4,Low,DEV_0002185,383d1d914571e1b6
NDM_002186,Oshakati,3219,Standard,USSD,iOS,894.84,4,Medium,DEV_0002186,06980703cfb382ca
NDM_002187,Walvis Bay,2792,Standard,USSD,iOS,664.7,6,Low,DEV_0002187,efa2d3c100f0b90f
NDM_002188,Swakopmund,215,Premium,USSD,Android,816.66,4,Low,DEV_0002188,18ec09102631c7e7
NDM_002189,Windhoek,3351,Standard,USSD,iOS,307.9,3,Low,DEV_0002189,eeb02ebe1b03e8d7
NDM_002190,Walvis Bay,3381,Premium,Mobile_App,Android,116.77,5,Low,DEV_0002190,29b285e89cda8406
NDM_002191,Windhoek,523,Standard,USSD,Android,619.79,2,Low,DEV_0002191,3f4b9ba58b3e920c
NDM_002192,Rundu,1819,Standard,USSD,Android,1055.78,7,High,DEV_0002192,cdec2b5840087aa3
NDM_002193,Windhoek,2274,Standard,USSD,iOS,359.5,2,Low,DEV_0002193,28ff4e285cbd8eed
NDM_002194,Keetmanshoop,905,Standard,USSD,Android,392.95,3,Medium,DEV_0002194,2df975c8ff37f512
NDM_002195,Rundu,524,Standard,USSD,iOS,863.22,2,Low,DEV_0002195,fadda14d714632c6
NDM_002196,Windhoek,1818,Standard,USSD,iOS,176.43,4,High,DEV_0002196,4c37b5a406ce29fe
NDM_002197,Walvis Bay,2228,Premium,Web,Android,262.44,3,Low,DEV_0002197,361b46c062239788
NDM_002198,Windhoek,1262,Standard,USSD,iOS,769.26,7,Low,DEV_0002198,cc2b02899e69fd79
NDM_002199,Windhoek,274,Standard,Web,Android,1815.45,4,High,DEV_0002199,3c4b1d86a0a9890a
NDM_002200,Swakopmund,170,Standard,USSD,Android,827.47,2,Low,DEV_0002200,2d34ddb12c196723
NDM_002201,Rundu,1864,Premium,USSD,Android,496.84,5,Low,DEV_0002201,7ca0d28d29ca7117
NDM_002202,Windhoek,1472,Standard,Web,iOS,619.36,8,Low,DEV_0002202,7865012ff3a5eda5
NDM_002203,Walvis Bay,1119,Standard,Web,Android,524.19,3,Low,DEV_0002203,62c204bc3a218777
NDM_002204,Rundu,3370,Standard,USSD,iOS,567.77,5,Low,DEV_0002204,81fae40f3c61420a
NDM_002205,Keetmanshoop,3115,Standard,USSD,iOS,572.75,3,Low,DEV_0002205,8c1fdd22c765b754
NDM_002206,Walvis Bay,2079,Business,USSD,iOS,665.19,1,Low,DEV_0002206,5ad2f48433ba129d
NDM_002207,Windhoek,449,Standard,USSD,Android,143.43,4,Medium,DEV_0002207,c8327087971c340f
NDM_002208,Rundu,750,Standard,USSD,Android,386.09,5,Low,DEV_0002208,9cf60c2b524bdb67
NDM_002209,Windhoek,1397,Standard,USSD,Android,567.62,8,Low,DEV_0002209,bd866895af84a1e0
NDM_002210,Windhoek,1662,Standard,Web,Android,397.88,3,Medium,DEV_0002210,ce07903cbe91f47a
NDM_002211,Oshakati,3094,Standard,Mobile_App,Android,187.67,3,Low,DEV_0002211,1b4cd79f93eae140
NDM_002212,Windhoek,1704,Premium,USSD,Android,727.82,3,Low,DEV_0002212,906cda5efc9995ad
NDM_002213,Walvis Bay,37,Standard,USSD,Android,741.28,3,Low,DEV_0002213,ee8fc7660c164dd3
NDM_002214,Oshakati,2546,Standard,USSD,Android,1470.35,7,Low,DEV_0002214,f8cc50e1e3449fc3
NDM_002215,Keetmanshoop,1885,Standard,Web,Android,122.93,4,Low,DEV_0002215,0362bd0493923a75
NDM_002216,Walvis Bay,379,Standard,USSD,iOS,479.29,8,Low,DEV_0002216,0258e5dac898383f
NDM_002217,Swakopmund,671,Standard,USSD,Android,365.32,3,Low,DEV_0002217,e1790c4339b1b3c6
NDM_002218,Oshakati,2771,Standard,Web,Android,1143.0,2,Low,DEV_0002218,4e99e5638e8505d4
NDM_002219,Swakopmund,2330,Premium,USSD,iOS,393.83,6,Low,DEV_0002219,aa18e6f9a9831ecc
NDM_002220,Walvis Bay,1595,Standard,Mobile_App,iOS,250.53,5,Low,DEV_0002220,f2c848a7a99004bd
NDM_002221,Walvis Bay,2260,Standard,USSD,iOS,280.78,3,Medium,DEV_0002221,22d32c1fb21b396d
NDM_002222,Windhoek,2827,Standard,USSD,iOS,83.47,6,Low,DEV_0002222,70124b1cc0162c41
NDM_002223,Swakopmund,2103,Premium,USSD,iOS,673.15,6,Low,DEV_0002223,647a113ca142d2dd
NDM_002224,Windhoek,173,Standard,Web,iOS,205.38,5,Low,DEV_0002224,bb07861ade5ed9a0
NDM_002225,Windhoek,669,Business,Web,Android,513.63,5,Low,DEV_0002225,2db16e7cb2c11f44
NDM_002226,Oshakati,2449,Business,Web,Android,108.25,2,Low,DEV_0002226,d3f7feebff6c4741
NDM_002227,Rundu,3066,Standard,USSD,Android,1158.15,1,Medium,DEV_0002227,4b0a04b38aa15d9d
NDM_002228,Windhoek,703,Standard,USSD,iOS,148.77,6,Low,DEV_0002228,68c17be2a9fc8d8d
NDM_002229,Windhoek,3405,Premium,USSD,iOS,144.35,3,Low,DEV_0002229,784302e8cf80dc48
NDM_002230,Windhoek,2094,Premium,USSD,Android,965.01,3,Low,DEV_0002230,0eb9ecb56e779765
NDM_002231,Rundu,916,Standard,USSD,iOS,136.39,2,Medium,DEV_0002231,b0e7be140296dded
NDM_002232,Swakopmund,3284,Standard,Web,Android,474.4,9,Low,DEV_0002232,6ff6eac6f3e93eb5
NDM_002233,Walvis Bay,1649,Standard,USSD,Android,394.49,7,Medium,DEV_0002233,baba04dc3ffc9bb7
NDM_002234,Windhoek,1439,Standard,USSD,Android,565.78,4,High,DEV_0002234,db07e8607ec97f5c
NDM_002235,Windhoek,2078,Standard,Web,Android,37.31,1,Low,DEV_0002235,08f0270a1ed96f5a
NDM_002236,Keetmanshoop,2325,Premium,Web,Android,304.49,3,Low,DEV_0002236,e8429a74625b02c2
NDM_002237,Swakopmund,2194,Premium,Web,Android,871.05,4,Low,DEV_0002237,69316639373383e3
NDM_002238,Rundu,1325,Standard,USSD,iOS,248.43,6,Low,DEV_0002238,f1a14a3fda0dae95
NDM_002239,Windhoek,639,Standard,USSD,iOS,392.11,5,Low,DEV_0002239,067b75d5110ef965
NDM_002240,Oshakati,1017,Standard,Web,Android,640.47,2,Low,DEV_0002240,a723dd3998fb8d37
NDM_002241,Oshakati,1379,Premium,Web,Android,550.7,3,Low,DEV_0002241,a46046b593a48dbc
NDM_002242,Swakopmund,1490,Standard,Web,iOS,549.53,2,Medium,DEV_0002242,b35c678d96743bfd
NDM_002243,Windhoek,1139,Standard,USSD,Android,721.19,4,Low,DEV_0002243,6d877418b88e81ff
NDM_002244,Windhoek,2283,Standard,Web,Android,1119.45,5,Low,DEV_0002244,fd055b6a8375fa01
NDM_002245,Windhoek,792,Premium,USSD,iOS,110.99,6,Low,DEV_0002245,12326c31e3d24105
NDM_002246,Swakopmund,3034,Standard,USSD,iOS,918.41,4,Low,DEV_0002246,b17f4f84885b4430
NDM_002247,Windhoek,508,Standard,USSD,iOS,911.35,2,Low,DEV_0002247,bc974f698ac02005
NDM_002248,Windhoek,1999,Premium,USSD,iOS,872.44,4,Low,DEV_0002248,bb1f1a0f5a6a4eb9
NDM_002249,Windhoek,291,Premium,USSD,Android,383.97,4,Low,DEV_0002249,7672fcaef295156b
NDM_002250,Swakopmund,2856,Standard,USSD,Android,209.86,5,Low,DEV_0002250,eb49d784017c1607
NDM_002251,Windhoek,2597,Standard,Mobile_App,Android,1973.21,6,Low,DEV_0002251,a954195c8f796400
NDM_002252,Windhoek,1584,Standard,USSD,Android,175.43,4,Low,DEV_0002252,1f80ddb96a41865c
NDM_002253,Rundu,2929,Standard,USSD,iOS,465.65,2,Medium,DEV_0002253,3a7b6c40ee47a243
NDM_002254,Swakopmund,3634,Premium,Web,Android,306.6,7,Low,DEV_0002254,ae644d3613038235
NDM_002255,Windhoek,2303,Standard,USSD,iOS,251.22,4,Low,DEV_0002255,c9359a28e664d09c
NDM_002256,Keetmanshoop,2878,Standard,Mobile_App,iOS,459.4,7,Low,DEV_0002256,9f516da08c7718e5
NDM_002257,Swakopmund,3075,Standard,Web,Android,519.94,2,Low,DEV_0002257,0dd3a342f09e8824
NDM_002258,Keetmanshoop,1223,Standard,USSD,Android,536.01,6,Low,DEV_0002258,f27be2822ab11fb0
NDM_002259,Windhoek,1338,Standard,USSD,iOS,271.14,2,Low,DEV_0002259,d015e677b0cb6af1
NDM_002260,Windhoek,2564,Standard,Web,iOS,161.55,5,Medium,DEV_0002260,224b420a3a6d9469
NDM_002261,Rundu,2092,Standard,USSD,Android,364.54,5,Medium,DEV_0002261,2dfc03476ba49ced
NDM_002262,Windhoek,3108,Business,USSD,iOS,275.44,3,Low,DEV_0002262,43e018c0f9b9edc4
NDM_002263,Oshakati,2969,Standard,USSD,iOS,1684.67,5,Medium,DEV_0002263,d835cfe45dc01d18
NDM_002264,Windhoek,134,Standard,USSD,iOS,1267.53,3,Medium,DEV_0002264,464a921321213d07
NDM_002265,Windhoek,1618,Standard,Mobile_App,iOS,1843.9,3,Low,DEV_0002265,4e4f1d5c645c25a2
NDM_002266,Windhoek,2771,Standard,USSD,iOS,215.36,3,Low,DEV_0002266,8e14a275fcc9cbf2
NDM_002267,Swakopmund,221,Standard,USSD,Android,2400.26,3,Low,DEV_0002267,6cb348d8148fe29b
NDM_002268,Swakopmund,1601,Standard,USSD,iOS,575.55,3,Low,DEV_0002268,7435fd6f0a5ff833
NDM_002269,Windhoek,2670,Premium,Mobile_App,Android,724.26,4,Low,DEV_0002269,864d27a6525a498a
NDM_002270,Rundu,2041,Standard,Web,Android,506.67,6,Low,DEV_0002270,d5b9971ed2362c80
NDM_002271,Windhoek,1162,Premium,USSD,Android,1754.12,4,Low,DEV_0002271,d741199402a643ab
NDM_002272,Swakopmund,1221,Premium,USSD,iOS,717.22,4,Low,DEV_0002272,d03a45f75de5a9b1
NDM_002273,Swakopmund,1492,Standard,USSD,iOS,320.8,4,Low,DEV_0002273,6d920cd1ff497ae5
NDM_002274,Windhoek,2723,Standard,USSD,iOS,233.94,3,Low,DEV_0002274,d448e4effa631a4b
NDM_002275,Windhoek,3017,Standard,Web,iOS,1416.86,6,Low,DEV_0002275,deaa01186db49d7f
NDM_002276,Swakopmund,1632,Standard,Mobile_App,Android,532.95,1,Low,DEV_0002276,61819bece12001f3
NDM_002277,Rundu,290,Standard,USSD,iOS,410.35,7,Medium,DEV_0002277,4a580dbed88b06f5
NDM_002278,Keetmanshoop,1660,Standard,Web,Android,157.1,3,Low,DEV_0002278,7a43571dc91a4b04
NDM_002279,Windhoek,3194,Standard,USSD,Android,261.64,5,Low,DEV_0002279,1412b9d00c22098f
NDM_002280,Windhoek,370,Premium,Web,iOS,287.73,2,Low,DEV_0002280,e04efa6291694feb
NDM_002281,Walvis Bay,740,Standard,Mobile_App,iOS,308.67,4,Low,DEV_0002281,3de6d3159b793b23
NDM_002282,Windhoek,313,Premium,USSD,Android,181.5,3,Low,DEV_0002282,0ce9608885ff25dd
NDM_002283,Keetmanshoop,124,Premium,USSD,iOS,563.79,3,Low,DEV_0002283,ef3185b3d458496c
NDM_002284,Oshakati,380,Standard,USSD,iOS,1021.06,5,Low,DEV_0002284,00956357d0a34434
NDM_002285,Swakopmund,470,Premium,USSD,iOS,332.35,3,Low,DEV_0002285,dbe6f88ce546e0af
NDM_002286,Oshakati,1331,Premium,Web,Android,1222.61,3,Low,DEV_0002286,f407edbd9ec69c76
NDM_002287,Oshakati,899,Business,Web,iOS,36.58,4,High,DEV_0002287,1e827c69cbd0daeb
NDM_002288,Oshakati,159,Standard,USSD,Android,149.74,2,Low,DEV_0002288,b62cf3b224be6d16
NDM_002289,Windhoek,1610,Premium,USSD,iOS,266.64,1,Low,DEV_0002289,554e6f2c8833a2ad
NDM_002290,Windhoek,1590,Standard,USSD,Android,561.97,1,Low,DEV_0002290,c94aa8294d1c744f
NDM_002291,Windhoek,702,Standard,USSD,Android,964.42,6,Low,DEV_0002291,58290253d372ece5
NDM_002292,Rundu,290,Standard,USSD,Android,793.54,3,Low,DEV_0002292,cf99351d7f9a53da
NDM_002293,Rundu,2974,Business,USSD,iOS,552.34,3,High,DEV_0002293,b1c81bf0646dee6e
NDM_002294,Windhoek,3017,Standard,Web,iOS,255.21,5,Medium,DEV_0002294,7c0ffcab02b3837f
NDM_002295,Oshakati,1374,Standard,USSD,iOS,216.69,4,Medium,DEV_0002295,39777ef750f5d7cf
NDM_002296,Windhoek,2611,Standard,USSD,iOS,154.3,3,Low,DEV_0002296,9b18db4198aeb0df
NDM_002297,Swakopmund,264,Business,USSD,Android,550.75,3,Low,DEV_0002297,00abaa5b57ed256a
NDM_002298,Windhoek,3167,Standard,USSD,iOS,1013.54,1,Medium,DEV_0002298,475ce920f0f1027b
NDM_002299,Walvis Bay,305,Standard,Web,Android,576.8,2,Low,DEV_0002299,f93eadb50ca5d197
NDM_002300,Windhoek,1129,Standard,Mobile_App,Android,290.36,4,Low,DEV_0002300,b3567fc58ad1c81d
NDM_002301,Windhoek,1394,Standard,Mobile_App,iOS,311.98,4,Low,DEV_0002301,5bdf616a3b2c476a
NDM_002302,Windhoek,1690,Standard,Web,Android,641.99,3,Low,DEV_0002302,9f03517c3182559b
NDM_002303,Walvis Bay,2876,Standard,Mobile_App,iOS,702.97,7,Low,DEV_0002303,bca558ebf0b73275
NDM_002304,Windhoek,1747,Standard,USSD,Android,1200.96,6,Low,DEV_0002304,c04bb55863ebb52d
NDM_002305,Swakopmund,2228,Standard,Mobile_App,iOS,136.05,3,Low,DEV_0002305,41f45dbfa08dd078
NDM_002306,Walvis Bay,1839,Standard,Web,Android,2474.23,7,Low,DEV_0002306,f854db922ab3b9c5
NDM_002307,Oshakati,2350,Standard,USSD,Android,1061.8,1,Low,DEV_0002307,b49f008efa52f6be
NDM_002308,Walvis Bay,3334,Standard,USSD,Android,720.78,5,Low,DEV_0002308,afe3ce4abeebc76b
NDM_002309,Swakopmund,1817,Standard,Web,Android,508.1,4,Low,DEV_0002309,a4b6e9158001e62c
NDM_002310,Rundu,2349,Business,USSD,iOS,504.91,6,Low,DEV_0002310,bcc55b00ea5474c1
NDM_002311,Swakopmund,2634,Standard,USSD,Android,330.13,2,Low,DEV_0002311,62d7f36912c293d8
NDM_002312,Windhoek,2666,Standard,USSD,Android,641.84,4,Low,DEV_0002312,459000efb12abcd3
NDM_002313,Rundu,38,Standard,USSD,iOS,297.14,3,Low,DEV_0002313,abb0459f7363c548
NDM_002314,Rundu,582,Standard,USSD,iOS,394.43,4,Low,DEV_0002314,62fe582f795980d3
NDM_002315,Windhoek,1745,Business,Web,Android,237.95,8,Low,DEV_0002315,68eaf6bc78e87b14
NDM_002316,Windhoek,3647,Standard,USSD,Android,1024.48,7,Low,DEV_0002316,78d26735da99de48
NDM_002317,Windhoek,843,Standard,USSD,iOS,3041.25,3,Low,DEV_0002317,d87a645e328e8074
NDM_002318,Windhoek,822,Standard,Web,Android,817.07,3,Medium,DEV_0002318,7736faccbe5f2106
NDM_002319,Windhoek,1592,Standard,USSD,iOS,1883.76,4,Low,DEV_0002319,a01d1fbc7f8fd22f
NDM_002320,Keetmanshoop,1065,Premium,USSD,iOS,1070.41,3,Medium,DEV_0002320,8e879d9b3de693d1
NDM_002321,Windhoek,1842,Premium,USSD,iOS,991.76,2,Low,DEV_0002321,2b9e13fa1bc06adb
NDM_002322,Walvis Bay,3238,Standard,Web,Android,246.4,5,Low,DEV_0002322,ceed2d2b731dfd87
NDM_002323,Walvis Bay,1323,Premium,USSD,iOS,1668.48,2,Low,DEV_0002323,164a553302ce58e7
NDM_002324,Oshakati,2766,Premium,USSD,iOS,504.71,3,Low,DEV_0002324,e541d8043228a989
NDM_002325,Keetmanshoop,3116,Standard,USSD,Android,211.23,4,High,DEV_0002325,6d017ad62f661011
NDM_002326,Keetmanshoop,3010,Standard,USSD,iOS,431.97,6,Low,DEV_0002326,458eab7a74c8e5c6
NDM_002327,Keetmanshoop,1039,Standard,Mobile_App,iOS,176.76,5,Low,DEV_0002327,2d2b3f56f8bc9ac4
NDM_002328,Swakopmund,1110,Standard,USSD,iOS,109.85,5,Medium,DEV_0002328,19c4835e0bad058e
NDM_002329,Walvis Bay,1766,Standard,USSD,Android,669.3,2,Low,DEV_0002329,a9122ebd14f48cb3
NDM_002330,Windhoek,2408,Standard,USSD,Android,525.83,7,Low,DEV_0002330,ed1e6df896ff79cc
NDM_002331,Swakopmund,648,Standard,Web,Android,348.95,4,Medium,DEV_0002331,00b38a491656889a
NDM_002332,Walvis Bay,3126,Standard,Web,iOS,1354.74,4,Low,DEV_0002332,9f28880371a2f729
NDM_002333,Swakopmund,1238,Standard,Mobile_App,iOS,357.18,3,Low,DEV_0002333,c9e7dc9077a012cf
NDM_002334,Windhoek,125,Standard,USSD,iOS,645.39,1,Low,DEV_0002334,d27f86a3922d2295
NDM_002335,Swakopmund,3120,Premium,USSD,Android,383.17,3,Low,DEV_0002335,7eaa6e2dc699bc4b
NDM_002336,Windhoek,343,Standard,USSD,Android,58.49,4,Low,DEV_0002336,9387cb7e3bfea965
NDM_002337,Windhoek,1623,Premium,Mobile_App,Android,397.33,7,Low,DEV_0002337,8b53b4e109e6c4b3
NDM_002338,Windhoek,527,Standard,USSD,Android,1122.53,6,Medium,DEV_0002338,c7103ff74f692647
NDM_002339,Swakopmund,1489,Standard,USSD,Android,1255.1,4,Low,DEV_0002339,73ac508fafccb1b0
NDM_002340,Walvis Bay,265,Standard,USSD,iOS,177.23,6,Low,DEV_0002340,943e9a0098088a8a
NDM_002341,Walvis Bay,77,Premium,Web,Android,382.28,5,Low,DEV_0002341,648b7f09f955f544
NDM_002342,Swakopmund,2028,Standard,Web,iOS,777.86,1,Low,DEV_0002342,b2f546b175b86316
NDM_002343,Oshakati,1643,Standard,USSD,Android,288.49,3,Low,DEV_0002343,f5e261e635fcb3b9
NDM_002344,Windhoek,2013,Standard,USSD,Android,566.99,1,Low,DEV_0002344,7d36c420ccb1703c
NDM_002345,Oshakati,1559,Standard,USSD,iOS,533.48,2,Low,DEV_0002345,d015c8287e85eec6
NDM_002346,Windhoek,2238,Standard,USSD,Android,567.95,4,Low,DEV_0002346,c57214fcce2d8338
NDM_002347,Swakopmund,1248,Premium,USSD,iOS,345.41,7,Low,DEV_0002347,7788910d2bdf0eb4
NDM_002348,Rundu,1207,Standard,Web,Android,627.13,3,Low,DEV_0002348,5286cc6cb0894260
NDM_002349,Oshakati,41,Standard,Web,Android,113.43,3,High,DEV_0002349,96ea5e0b8c4dec79
NDM_002350,Walvis Bay,1389,Standard,Web,Android,768.15,4,Low,DEV_0002350,909e4a8815981ea1
NDM_002351,Windhoek,1931,Premium,USSD,Android,358.83,4,Medium,DEV_0002351,5812969add47e5c6
NDM_002352,Windhoek,2927,Standard,Web,Android,1369.91,5,Low,DEV_0002352,0cb3a9b5e46285cc
NDM_002353,Swakopmund,2121,Standard,USSD,iOS,719.12,3,Low,DEV_0002353,4d3b2abad73b1988
NDM_002354,Keetmanshoop,3173,Standard,Web,Android,1145.76,4,Low,DEV_0002354,9368685b8f268d12
NDM_002355,Walvis Bay,673,Standard,USSD,Android,1107.24,5,Low,DEV_0002355,fbf7c760d43c1a17
NDM_002356,Windhoek,1152,Premium,USSD,Android,241.45,3,Low,DEV_0002356,331c174f61f24de4
NDM_002357,Windhoek,1547,Standard,USSD,Android,603.79,3,Low,DEV_0002357,28c00b409c5a266c
NDM_002358,Walvis Bay,891,Premium,USSD,Android,505.08,4,Low,DEV_0002358,082277f7b35e784a
NDM_002359,Rundu,729,Standard,USSD,Android,416.39,7,Low,DEV_0002359,e473db43d2b4d6e9
NDM_002360,Oshakati,2130,Premium,USSD,Android,631.9,3,Low,DEV_0002360,1d52e37379a0efa8
NDM_002361,Keetmanshoop,1979,Standard,USSD,Android,556.76,3,Low,DEV_0002361,6fa419d2dba9eb81
NDM_002362,Walvis Bay,1356,Standard,Mobile_App,Android,296.03,5,Low,DEV_0002362,1ee66b3c7ce6e1fe
NDM_002363,Windhoek,2726,Business,USSD,iOS,858.54,4,High,DEV_0002363,37a1211a32fd8541
NDM_002364,Oshakati,238,Standard,USSD,Android,1165.4,8,Low,DEV_0002364,ded452ac5f63ff9b
NDM_002365,Swakopmund,3415,Premium,USSD,Android,429.79,8,Medium,DEV_0002365,7ea3584147c729f6
NDM_002366,Walvis Bay,791,Standard,Web,Android,482.37,3,Low,DEV_0002366,efbc1234182ceace
NDM_002367,Swakopmund,2767,Standard,USSD,iOS,135.41,2,Low,DEV_0002367,b3aaa597e49b4275
NDM_002368,Windhoek,895,Standard,Web,iOS,81.65,3,Low,DEV_0002368,6a8c80d4c2ff0650
NDM_002369,Oshakati,2597,Standard,USSD,iOS,80.01,3,Low,DEV_0002369,e23fb6c8513cf0de
NDM_002370,Windhoek,3094,Standard,USSD,Android,1170.34,6,Low,DEV_0002370,a8d8b2a10b1ba1ac
NDM_002371,Windhoek,885,Standard,USSD,Android,1297.17,8,Low,DEV_0002371,0585ed98a6d22ff6
NDM_002372,Swakopmund,3060,Standard,USSD,Android,784.64,1,Low,DEV_0002372,2f66ca66c8916bd2
NDM_002373,Windhoek,2900,Standard,USSD,iOS,367.3,2,Low,DEV_0002373,3226edf6b4e11d85
NDM_002374,Keetmanshoop,3502,Standard,USSD,Android,353.26,3,Medium,DEV_0002374,8b85ab19223fa214
NDM_002375,Swakopmund,2635,Standard,USSD,Android,896.07,6,Low,DEV_0002375,9e30d9905a403727
NDM_002376,Swakopmund,246,Standard,USSD,Android,1061.32,4,High,DEV_0002376,ae84203e6bb83e2e
NDM_002377,Keetmanshoop,2924,Premium,USSD,Android,189.95,3,Low,DEV_0002377,8d672ad8eff5c3ab
NDM_002378,Windhoek,375,Standard,Mobile_App,Android,499.8,5,Low,DEV_0002378,ed65cd16c9636d96
NDM_002379,Windhoek,87,Standard,Web,Android,460.92,3,Low,DEV_0002379,2d39899552f8a246
NDM_002380,Oshakati,638,Standard,USSD,Android,735.7,2,Low,DEV_0002380,c56ad3ff408f69d1
NDM_002381,Oshakati,2535,Business,USSD,Android,883.95,3,Low,DEV_0002381,a24f57a26259e68d
NDM_002382,Swakopmund,3633,Standard,USSD,Android,806.87,1,Medium,DEV_0002382,20ec6c10c83cd904
NDM_002383,Windhoek,2833,Business,USSD,iOS,279.96,3,Low,DEV_0002383,1b62a8e8c4374ac4
NDM_002384,Oshakati,467,Standard,USSD,Android,2577.82,1,Low,DEV_0002384,f0a0d7e385ae6293
NDM_002385,Swakopmund,1935,Standard,USSD,Android,369.62,6,Low,DEV_0002385,0b6d5e8a4a90963d
NDM_002386,Walvis Bay,2406,Standard,USSD,Android,526.22,2,High,DEV_0002386,0a7058d2bed1b9ca
NDM_002387,Windhoek,2167,Standard,USSD,iOS,585.1,6,Low,DEV_0002387,54c93544b0f7228e
NDM_002388,Rundu,2505,Standard,USSD,Android,324.66,3,Medium,DEV_0002388,b07c839b92397e05
NDM_002389,Windhoek,2831,Standard,USSD,Android,327.77,3,Low,DEV_0002389,9c3bf3375ec27e59
NDM_002390,Windhoek,2144,Standard,USSD,Android,252.04,5,Low,DEV_0002390,a69e353743b05708
NDM_002391,Windhoek,1532,Standard,USSD,Android,1458.29,4,High,DEV_0002391,f806a2d66b27b7ce
NDM_002392,Windhoek,2547,Standard,USSD,Android,109.74,1,Low,DEV_0002392,8cfdd65c6d751b9f
NDM_002393,Keetmanshoop,795,Standard,USSD,Android,323.13,5,Low,DEV_0002393,28d81b8bc8b8896a
NDM_002394,Rundu,3593,Standard,USSD,Android,358.34,4,Low,DEV_0002394,eed18f92375945fc
NDM_002395,Swakopmund,933,Standard,Web,iOS,365.1,5,Low,DEV_0002395,5b507c9bf752dd01
NDM_002396,Windhoek,942,Standard,Mobile_App,Android,337.59,3,Low,DEV_0002396,b8b1047abfb27cd0
NDM_002397,Windhoek,908,Premium,Web,iOS,1083.51,3,Low,DEV_0002397,11456311bd77bbd2
NDM_002398,Keetmanshoop,2358,Standard,Web,Android,773.37,5,Low,DEV_0002398,fc9fad5615d0d2fd
NDM_002399,Windhoek,2505,Standard,USSD,iOS,913.11,8,Low,DEV_0002399,648dd1ad6de0bcc0
NDM_002400,Windhoek,966,Standard,USSD,iOS,559.13,4,Low,DEV_0002400,9fb73ac10e78c4c4
NDM_002401,Keetmanshoop,2299,Standard,Mobile_App,Android,442.2,4,Medium,DEV_0002401,b28a5eccb5b90d59
NDM_002402,Windhoek,1232,Standard,USSD,Android,199.29,7,Low,DEV_0002402,ab5a677576d1786c
NDM_002403,Swakopmund,3471,Standard,Web,iOS,467.83,3,Low,DEV_0002403,5c92f2c5249ffbf0
NDM_002404,Walvis Bay,2455,Standard,USSD,Android,415.27,4,High,DEV_0002404,121c2a2e67df435c
NDM_002405,Windhoek,2302,Premium,Mobile_App,Android,269.78,4,Low,DEV_0002405,e8a5b07d19150714
NDM_002406,Keetmanshoop,3391,Standard,USSD,Android,465.15,6,Low,DEV_0002406,0f5aae5ad61f3caa
NDM_002407,Windhoek,1153,Standard,Web,Android,890.67,3,Low,DEV_0002407,59eb5a02d31a3d4c
NDM_002408,Walvis Bay,243,Standard,USSD,Android,778.93,5,Low,DEV_0002408,6dd161ceb23a07cd
NDM_002409,Walvis Bay,935,Premium,USSD,Android,118.33,3,Low,DEV_0002409,9bc9f2773c4c1787
NDM_002410,Windhoek,3127,Premium,USSD,Android,181.31,5,High,DEV_0002410,ee489108c5ea0a95
NDM_002411,Rundu,1072,Standard,USSD,Android,450.6,5,High,DEV_0002411,3f9902e41abe15d1
NDM_002412,Rundu,3384,Standard,USSD,Android,938.9,2,Low,DEV_0002412,3de4e0d07ebf7824
NDM_002413,Windhoek,3501,Standard,Web,Android,2312.97,5,High,DEV_0002413,0373c19095967ee5
NDM_002414,Swakopmund,765,Standard,USSD,Android,710.56,5,Low,DEV_0002414,29b805bfb69c43c1
NDM_002415,Swakopmund,3383,Standard,USSD,Android,410.69,3,Medium,DEV_0002415,5c4c070e5494a4de
NDM_002416,Swakopmund,1969,Premium,USSD,Android,941.95,4,Medium,DEV_0002416,6ea9eac54c918b42
NDM_002417,Windhoek,982,Standard,USSD,Android,498.86,9,Low,DEV_0002417,216f1b539e947029
NDM_002418,Windhoek,126,Premium,USSD,Android,2280.62,6,Low,DEV_0002418,ed43f528abdde7fa
NDM_002419,Walvis Bay,2208,Standard,Mobile_App,Android,247.54,5,Medium,DEV_0002419,a807c2d319aaf0f0
NDM_002420,Oshakati,651,Standard,Web,Android,447.8,5,Low,DEV_0002420,b834c938c1f29f5e
NDM_002421,Swakopmund,2141,Premium,USSD,Android,205.14,5,Low,DEV_0002421,de43e12a8f4bc1c2
NDM_002422,Walvis Bay,1386,Standard,USSD,Android,296.16,4,Low,DEV_0002422,17fb7df42389d7b5
NDM_002423,Oshakati,1990,Business,USSD,Android,523.51,4,Low,DEV_0002423,bfe8397b526f0646
NDM_002424,Keetmanshoop,3138,Standard,USSD,iOS,313.28,2,Low,DEV_0002424,b69b4bec1030eac7
NDM_002425,Swakopmund,669,Standard,USSD,Android,338.95,6,Low,DEV_0002425,401644db19bc3e7b
NDM_002426,Windhoek,2304,Standard,USSD,iOS,232.61,4,Low,DEV_0002426,8f599e6c7c62156c
NDM_002427,Windhoek,301,Standard,Web,Android,300.15,5,Low,DEV_0002427,67f92f45df9aeeb3
NDM_002428,Oshakati,2750,Standard,USSD,Android,749.3,1,Low,DEV_0002428,b9b38f13f8f1fccd
NDM_002429,Swakopmund,2002,Premium,USSD,Android,923.89,6,Low,DEV_0002429,6384f99ac8dc589e
NDM_002430,Windhoek,296,Standard,USSD,Android,1061.9,1,High,DEV_0002430,cf22cc07dbb57d4b
NDM_002431,Walvis Bay,2115,Standard,USSD,Android,1309.89,2,Low,DEV_0002431,0c5e205d78b3aee0
NDM_002432,Oshakati,362,Premium,Web,Android,764.89,2,Low,DEV_0002432,3355226770f119d7
NDM_002433,Walvis Bay,1241,Premium,USSD,Android,353.24,4,Low,DEV_0002433,afce779d21e548d9
NDM_002434,Keetmanshoop,2915,Standard,USSD,Android,323.46,7,Low,DEV_0002434,6e777543a85214e6
NDM_002435,Windhoek,2697,Standard,USSD,Android,1025.79,4,Low,DEV_0002435,8639dad2ddd55b6b
NDM_002436,Windhoek,3089,Standard,USSD,Android,445.87,2,High,DEV_0002436,77f63839f45e5a6d
NDM_002437,Rundu,695,Standard,USSD,Android,117.14,4,Low,DEV_0002437,3d5fb991d03fded5
NDM_002438,Walvis Bay,626,Standard,USSD,Android,424.11,2,Low,DEV_0002438,7289e9682c18dc1f
NDM_002439,Oshakati,3424,Standard,Web,Android,192.53,6,Medium,DEV_0002439,43b12d5a8bb1826b
NDM_002440,Oshakati,2174,Standard,Mobile_App,Android,579.17,6,Low,DEV_0002440,9aeafcf8e224c1bf
NDM_002441,Keetmanshoop,2374,Standard,Web,iOS,1115.92,3,Low,DEV_0002441,b8ac22d10926e6ee
NDM_002442,Windhoek,874,Standard,USSD,Android,525.17,4,Low,DEV_0002442,32d067c32b45b7f3
NDM_002443,Rundu,3156,Premium,USSD,Android,1131.82,5,High,DEV_0002443,71ea70fc9bdd6162
NDM_002444,Windhoek,119,Standard,USSD,Android,512.09,4,Low,DEV_0002444,4b6eb01c8a6162fd
NDM_002445,Rundu,1663,Standard,USSD,Android,314.64,6,Low,DEV_0002445,3391e6774560b097
NDM_002446,Oshakati,974,Standard,USSD,Android,183.87,2,Low,DEV_0002446,c2b32a45bf57afd0
NDM_002447,Swakopmund,238,Standard,USSD,Android,143.52,7,Low,DEV_0002447,22e8b5cbe88bd308
NDM_002448,Rundu,3094,Standard,USSD,Android,729.02,4,Low,DEV_0002448,c3e92783c3468a37
NDM_002449,Swakopmund,2868,Premium,USSD,Android,271.26,1,Low,DEV_0002449,b36a9f99da982029
NDM_002450,Windhoek,649,Standard,Web,iOS,767.02,5,Medium,DEV_0002450,34ee62e595a5bee8
NDM_002451,Keetmanshoop,1861,Standard,USSD,iOS,933.95,3,Medium,DEV_0002451,d4f40bcd633cd7a8
NDM_002452,Windhoek,1426,Standard,USSD,Android,394.66,2,Low,DEV_0002452,ee984208d7d3e420
NDM_002453,Windhoek,1478,Standard,USSD,Android,172.52,6,Low,DEV_0002453,ad80e2e6c13a29d6
NDM_002454,Swakopmund,39,Standard,USSD,Android,263.72,3,Medium,DEV_0002454,7ec26a5d0f21bab5
NDM_002455,Walvis Bay,519,Premium,USSD,iOS,366.13,3,Low,DEV_0002455,67afc4facf9e62f4
NDM_002456,Swakopmund,2213,Standard,USSD,Android,831.62,7,Medium,DEV_0002456,aebf39eed077377b
NDM_002457,Windhoek,891,Standard,USSD,iOS,287.26,2,Medium,DEV_0002457,962e03984582aaf6
NDM_002458,Windhoek,2542,Standard,Mobile_App,iOS,1241.29,1,Low,DEV_0002458,898ca4542fd89660
NDM_002459,Windhoek,3585,Standard,Mobile_App,Android,531.91,3,Medium,DEV_0002459,ffa4ade5e2b9378d
NDM_002460,Windhoek,2428,Premium,Mobile_App,iOS,283.25,4,Low,DEV_0002460,cdc0c763d0750b85
NDM_002461,Windhoek,2131,Business,USSD,iOS,396.85,4,Low,DEV_0002461,9cbf8330f2572685
NDM_002462,Windhoek,861,Standard,USSD,Android,1736.13,5,Low,DEV_0002462,d152be1ccaf96ad7
NDM_002463,Walvis Bay,251,Standard,Web,Android,193.91,3,Low,DEV_0002463,35582ac6b552add7
NDM_002464,Oshakati,768,Standard,Mobile_App,Android,334.4,4,Low,DEV_0002464,4e7b1fdb95bc34de
NDM_002465,Windhoek,162,Premium,Web,Android,331.97,3,Low,DEV_0002465,13a7a778c919f577
NDM_002466,Oshakati,279,Premium,USSD,Android,858.33,1,Low,DEV_0002466,3e30c4941c09b1a0
NDM_002467,Windhoek,97,Standard,USSD,iOS,525.38,6,Low,DEV_0002467,98166f99be530fbc
NDM_002468,Swakopmund,1477,Premium,Web,Android,182.64,5,Low,DEV_0002468,f6a67c365bbd21c7
NDM_002469,Windhoek,864,Standard,USSD,iOS,229.14,1,Low,DEV_0002469,942fd8160529ddb2
NDM_002470,Windhoek,205,Premium,USSD,iOS,876.28,3,Low,DEV_0002470,78015d5d3dfb864e
NDM_002471,Oshakati,862,Standard,Web,Android,124.61,2,Low,DEV_0002471,32a61bfe4d3959ec
NDM_002472,Windhoek,766,Standard,USSD,Android,381.27,7,Medium,DEV_0002472,83010df4e6da62d5
NDM_002473,Swakopmund,879,Standard,USSD,Android,980.26,1,Low,DEV_0002473,3e78b53e8e1da7aa
NDM_002474,Oshakati,951,Standard,Mobile_App,Android,1171.12,4,High,DEV_0002474,b6f2c0ba3479b6ea
NDM_002475,Walvis Bay,3155,Business,USSD,Android,383.3,3,Medium,DEV_0002475,8824ec4eb968e1e4
NDM_002476,Rundu,3046,Standard,Mobile_App,iOS,377.87,6,Low,DEV_0002476,bf50fdc9e692bfbf
NDM_002477,Oshakati,3537,Standard,USSD,Android,452.57,2,Low,DEV_0002477,37b4bea628d67811
NDM_002478,Windhoek,2296,Standard,USSD,iOS,844.34,3,Low,DEV_0002478,0da4166c6c9f51d8
NDM_002479,Walvis Bay,1465,Standard,USSD,iOS,320.15,3,Low,DEV_0002479,0da9bf9a134744e7
NDM_002480,Rundu,2982,Standard,USSD,Android,272.64,6,Low,DEV_0002480,81efa4382fde0d13
NDM_002481,Walvis Bay,1635,Standard,Web,Android,1106.0,4,Low,DEV_0002481,cc0d9bddf8778610
NDM_002482,Windhoek,1462,Standard,Web,Android,62.48,6,Low,DEV_0002482,8281dd0ee9ce0bad
NDM_002483,Windhoek,2260,Standard,Web,Android,221.06,4,Medium,DEV_0002483,588d707435ba2a9c
NDM_002484,Windhoek,3020,Standard,USSD,iOS,2499.22,3,High,DEV_0002484,c105171bf9ffb575
NDM_002485,Windhoek,911,Standard,USSD,Android,310.77,4,Medium,DEV_0002485,7b7b3838bbb990e4
NDM_002486,Windhoek,3028,Standard,USSD,Android,210.55,1,Low,DEV_0002486,e18a4293fc9eb4fc
NDM_002487,Oshakati,1269,Standard,USSD,Android,624.53,3,Low,DEV_0002487,f64e26936d6ac1e0
NDM_002488,Rundu,2950,Standard,Web,Android,275.21,2,Low,DEV_0002488,d73d89b2967d2a8e
NDM_002489,Walvis Bay,2794,Standard,Web,iOS,536.59,1,Low,DEV_0002489,e5185bb9b15713ab
NDM_002490,Windhoek,1692,Standard,USSD,Android,1429.03,8,Low,DEV_0002490,3126a63a61ee5bff
NDM_002491,Windhoek,916,Standard,USSD,iOS,712.04,1,Low,DEV_0002491,fbd9772aa0911ebb
NDM_002492,Oshakati,2372,Premium,Web,Android,653.82,8,Low,DEV_0002492,54373b6bbb2c3b4f
NDM_002493,Windhoek,3624,Standard,USSD,Android,351.9,2,Medium,DEV_0002493,8ec1a851a916c236
NDM_002494,Windhoek,1953,Standard,USSD,Android,206.25,3,Low,DEV_0002494,258e493d1d563107
NDM_002495,Walvis Bay,2250,Standard,USSD,iOS,334.72,3,Low,DEV_0002495,6ece3b7af1efda6e
NDM_002496,Rundu,2143,Standard,USSD,iOS,170.99,6,Low,DEV_0002496,eff89a2e374e6a3e
NDM_002497,Swakopmund,3009,Standard,USSD,Android,478.94,6,Low,DEV_0002497,95d0dcb92360566b
NDM_002498,Walvis Bay,3292,Premium,Web,Android,2764.94,6,Low,DEV_0002498,66c8c544eb65edbc
NDM_002499,Rundu,2591,Standard,USSD,iOS,735.38,3,Low,DEV_0002499,0de2fec7b8880885
NDM_002500,Windhoek,2862,Standard,USSD,Android,331.79,4,Low,DEV_0002500,02e2c5a14a562538
NDM_002501,Windhoek,3582,Premium,USSD,Android,160.65,4,Low,DEV_0002501,f0588b39667c1020
NDM_002502,Swakopmund,1145,Business,USSD,Android,440.44,4,Low,DEV_0002502,57ebadeac573b94d
NDM_002503,Windhoek,1412,Standard,USSD,Android,212.07,3,Medium,DEV_0002503,6bc7f53fcdcb4fab
NDM_002504,Oshakati,188,Premium,USSD,iOS,1357.08,1,Low,DEV_0002504,f29a195b7a8e928b
NDM_002505,Walvis Bay,1107,Premium,USSD,iOS,279.97,7,Medium,DEV_0002505,35982601cc529078
NDM_002506,Swakopmund,2723,Standard,USSD,Android,420.79,3,Low,DEV_0002506,fde68dee31d1e336
NDM_002507,Windhoek,3181,Standard,Web,Android,420.26,4,Low,DEV_0002507,28e1af494c2a855b
NDM_002508,Windhoek,2762,Standard,USSD,iOS,209.63,4,Medium,DEV_0002508,26adbe21c45cd26d
NDM_002509,Keetmanshoop,1296,Standard,USSD,Android,1209.97,3,Low,DEV_0002509,82df0e57332d034a
NDM_002510,Rundu,1194,Standard,Web,Android,948.42,6,Low,DEV_0002510,072ce0410ea84f4e
NDM_002511,Walvis Bay,784,Standard,Web,Android,136.78,4,Low,DEV_0002511,4b0269f439a280ed
NDM_002512,Rundu,285,Premium,Web,Android,700.12,1,Low,DEV_0002512,ddb66b5044dc8000
NDM_002513,Walvis Bay,1718,Standard,USSD,Android,678.15,5,Low,DEV_0002513,ad1f076f681c82cf
NDM_002514,Windhoek,581,Premium,USSD,iOS,251.0,7,Low,DEV_0002514,ec5ee74a82b609ab
NDM_002515,Walvis Bay,36,Standard,Web,Android,563.72,5,Low,DEV_0002515,02e7f286a5064be6
NDM_002516,Keetmanshoop,3162,Standard,Mobile_App,Android,387.0,2,Medium,DEV_0002516,261b0827e840baa4
NDM_002517,Walvis Bay,2201,Standard,USSD,iOS,724.88,8,Low,DEV_0002517,cda18abbf29b8f64
NDM_002518,Walvis Bay,996,Standard,USSD,Android,529.1,5,Low,DEV_0002518,2e292391be10b7ab
NDM_002519,Windhoek,2763,Standard,Mobile_App,Android,243.9,4,Low,DEV_0002519,4d5609e76bcc16d2
NDM_002520,Windhoek,3129,Standard,USSD,Android,306.72,7,Medium,DEV_0002520,a2f8fe9925a3be11
NDM_002521,Swakopmund,1621,Premium,USSD,Android,1580.93,3,Low,DEV_0002521,825aa530ba384c1b
NDM_002522,Keetmanshoop,3496,Standard,USSD,Android,422.01,1,Low,DEV_0002522,60f5f2204c989f67
NDM_002523,Windhoek,969,Standard,USSD,Android,209.16,4,Medium,DEV_0002523,d0d71e5b52df6123
NDM_002524,Oshakati,2966,Standard,Web,Android,1765.86,3,Low,DEV_0002524,7bc6a60d67b157f3
NDM_002525,Walvis Bay,1943,Standard,Web,Android,2385.75,4,Medium,DEV_0002525,2d022a2e85f663cc
NDM_002526,Windhoek,3143,Standard,Mobile_App,Android,193.97,2,Medium,DEV_0002526,ffd68252e65f8fa7
NDM_002527,Swakopmund,477,Standard,USSD,iOS,478.65,2,Low,DEV_0002527,9a951da02b56909b
NDM_002528,Windhoek,1357,Premium,USSD,Android,197.74,4,Low,DEV_0002528,a324f7a9faad69d0
NDM_002529,Oshakati,1865,Business,Web,Android,1444.97,1,Medium,DEV_0002529,acf118ec613a9fe4
NDM_002530,Walvis Bay,757,Premium,USSD,iOS,334.08,2,Low,DEV_0002530,2469f6d0eaa23d1f
NDM_002531,Windhoek,701,Standard,Mobile_App,Android,360.61,3,Medium,DEV_0002531,d0f3a4f843987328
NDM_002532,Windhoek,1716,Standard,Web,iOS,281.77,3,Medium,DEV_0002532,a9a143b75884d868
NDM_002533,Walvis Bay,2072,Standard,USSD,iOS,584.54,5,Medium,DEV_0002533,9b59248a5894eee4
NDM_002534,Windhoek,3441,Standard,USSD,iOS,849.81,3,Low,DEV_0002534,5a5214155e966e0b
NDM_002535,Walvis Bay,1339,Premium,Mobile_App,Android,333.34,4,Low,DEV_0002535,6c4247a92f1a696b
NDM_002536,Swakopmund,2967,Standard,Web,Android,396.67,2,Medium,DEV_0002536,6aec273459dbd2a0
NDM_002537,Keetmanshoop,3322,Standard,USSD,Android,1456.35,4,Low,DEV_0002537,b9491750e80414ce
NDM_002538,Swakopmund,214,Standard,USSD,Android,655.44,10,Low,DEV_0002538,0df6071972e018f6
NDM_002539,Walvis Bay,2750,Premium,Web,Android,635.72,2,Low,DEV_0002539,24d92b550192e506
NDM_002540,Windhoek,952,Standard,Web,iOS,786.67,5,Low,DEV_0002540,1484aa6c0f588bd9
NDM_002541,Windhoek,2180,Standard,USSD,Android,1192.37,3,Low,DEV_0002541,a29622bb1f505af2
NDM_002542,Windhoek,497,Standard,Web,Android,234.13,4,Medium,DEV_0002542,0ae9cbf111d395e9
NDM_002543,Swakopmund,1865,Premium,USSD,iOS,467.34,8,Medium,DEV_0002543,d4869a349eba65ff
NDM_002544,Oshakati,3136,Standard,USSD,Android,958.82,5,Medium,DEV_0002544,6af7d097c45062d6
NDM_002545,Windhoek,1938,Standard,USSD,Android,107.53,5,Medium,DEV_0002545,44a6972a5f4bf367
NDM_002546,Windhoek,2292,Standard,USSD,iOS,537.95,2,Low,DEV_0002546,c96375706987dcba
NDM_002547,Windhoek,1168,Standard,Mobile_App,Android,892.52,2,Medium,DEV_0002547,1c4c5021c21453fb
NDM_002548,Oshakati,3523,Premium,USSD,Android,1109.1,4,Low,DEV_0002548,11b532485e4bc6ae
NDM_002549,Windhoek,3039,Standard,Mobile_App,iOS,854.25,5,Low,DEV_0002549,e6d0aa2ed264e4a5
NDM_002550,Swakopmund,1518,Standard,USSD,Android,33.36,4,High,DEV_0002550,74e00c7ed0cd3d7a
NDM_002551,Windhoek,2706,Premium,USSD,Android,1385.69,5,Medium,DEV_0002551,97768982d4eb5b30
NDM_002552,Swakopmund,1239,Standard,Mobile_App,iOS,3989.15,3,Low,DEV_0002552,567bab13a2dc3677
NDM_002553,Keetmanshoop,933,Premium,USSD,Android,358.45,4,Low,DEV_0002553,534b056eba0f38cf
NDM_002554,Windhoek,852,Standard,Mobile_App,Android,713.38,2,Low,DEV_0002554,af3cab34d3713f87
NDM_002555,Oshakati,2824,Standard,USSD,iOS,98.14,3,Medium,DEV_0002555,767a9df1be9c554f
NDM_002556,Oshakati,3161,Premium,USSD,Android,559.55,5,Low,DEV_0002556,a71b39cd0e3f3613
NDM_002557,Keetmanshoop,1178,Premium,USSD,iOS,455.88,3,Medium,DEV_0002557,fbb0373005a3b928
NDM_002558,Walvis Bay,73,Standard,USSD,iOS,450.3,4,Low,DEV_0002558,dfb9c6ac3c7e12cf
NDM_002559,Rundu,3035,Premium,USSD,iOS,450.12,6,Medium,DEV_0002559,b7e71e8196731ede
NDM_002560,Keetmanshoop,592,Standard,Mobile_App,Android,835.11,8,Low,DEV_0002560,3780b4e62dffc34e
NDM_002561,Walvis Bay,1564,Standard,Mobile_App,Android,1599.65,2,Low,DEV_0002561,a71e8e5c2c4c98c2
NDM_002562,Windhoek,2388,Standard,USSD,iOS,173.94,4,Low,DEV_0002562,d6dc69bf90b9f1e1
NDM_002563,Windhoek,2314,Premium,USSD,Android,1041.67,4,Low,DEV_0002563,01390dc2ebad843e
NDM_002564,Windhoek,1445,Standard,Mobile_App,iOS,1051.51,2,Low,DEV_0002564,c90ef01b3f010406
NDM_002565,Windhoek,959,Standard,Mobile_App,iOS,2184.42,3,Medium,DEV_0002565,4adfa6f548eb5f51
NDM_002566,Oshakati,858,Standard,Web,iOS,1469.63,6,Low,DEV_0002566,59fe6993e4a7eb10
NDM_002567,Swakopmund,2004,Standard,USSD,Android,671.58,3,Low,DEV_0002567,d718e2a1d07ca8fc
NDM_002568,Windhoek,373,Standard,USSD,iOS,614.69,4,Low,DEV_0002568,e7e0f0a20ba31949
NDM_002569,Windhoek,3088,Standard,Web,Android,355.89,2,Medium,DEV_0002569,31e56d4fbf1c9fd8
NDM_002570,Windhoek,1411,Standard,USSD,Android,734.94,1,Low,DEV_0002570,db9aaf6f98fb2f78
NDM_002571,Windhoek,546,Standard,Mobile_App,Android,493.07,5,Low,DEV_0002571,4d70d4705e423945
NDM_002572,Windhoek,2178,Standard,USSD,Android,392.84,3,Low,DEV_0002572,86b745129ee905af
NDM_002573,Windhoek,1511,Business,USSD,iOS,261.79,6,Low,DEV_0002573,a3cd63b3c5684a0d
NDM_002574,Windhoek,2059,Standard,USSD,iOS,651.22,3,Low,DEV_0002574,f0eb77d3081785cd
NDM_002575,Swakopmund,1229,Standard,Web,Android,510.56,8,Low,DEV_0002575,e8fa916d6df62f38
NDM_002576,Oshakati,1339,Standard,USSD,Android,436.15,3,Low,DEV_0002576,6b4a7b68c5c850a1
NDM_002577,Rundu,2717,Standard,Web,Android,1063.8,1,High,DEV_0002577,e487894195915705
NDM_002578,Walvis Bay,3110,Standard,Web,iOS,983.86,8,Low,DEV_0002578,18fe971fd5766999
NDM_002579,Windhoek,3547,Standard,Web,Android,312.54,4,Low,DEV_0002579,63eba7fe69cd5fe6
NDM_002580,Walvis Bay,462,Premium,Web,Android,1406.09,2,Low,DEV_0002580,d9edade48a13e6f9
NDM_002581,Oshakati,2844,Standard,USSD,Android,747.59,4,Low,DEV_0002581,692cd1fa9e606b8a
NDM_002582,Windhoek,2011,Premium,USSD,Android,466.15,5,Low,DEV_0002582,9e1909e5e8bc58a2
NDM_002583,Oshakati,3444,Standard,Mobile_App,Android,1890.12,6,Low,DEV_0002583,0910637b3d33554e
NDM_002584,Keetmanshoop,3578,Standard,USSD,Android,406.01,5,Medium,DEV_0002584,822fc07a0329d5dd
NDM_002585,Keetmanshoop,3549,Standard,USSD,Android,367.06,5,Medium,DEV_0002585,8d3f168819f8a1df
NDM_002586,Rundu,3044,Standard,USSD,Android,544.4,3,Low,DEV_0002586,20c97f99d08be392
NDM_002587,Rundu,850,Standard,Mobile_App,iOS,477.48,2,Low,DEV_0002587,f1f026936d910a40
NDM_002588,Keetmanshoop,438,Premium,USSD,Android,537.27,2,Low,DEV_0002588,713c6d279768d408
NDM_002589,Windhoek,1954,Premium,Web,Android,355.32,6,Low,DEV_0002589,1515dd346d94b9a2
NDM_002590,Windhoek,1363,Standard,USSD,Android,1850.21,6,Low,DEV_0002590,17d8379d48283827
NDM_002591,Windhoek,384,Standard,Web,Android,220.7,3,Low,DEV_0002591,71e8097ebb37f41c
NDM_002592,Windhoek,2302,Premium,Mobile_App,iOS,672.63,4,Low,DEV_0002592,8bcdecb079a93f27
NDM_002593,Windhoek,2659,Standard,USSD,Android,3152.56,4,Low,DEV_0002593,45b6ff55dfa3b3c1
NDM_002594,Windhoek,480,Standard,USSD,Android,1126.51,4,Low,DEV_0002594,30dfc026f8783860
NDM_002595,Windhoek,2259,Premium,Web,Android,656.67,7,Low,DEV_0002595,5c13b8647c011767
NDM_002596,Rundu,343,Standard,USSD,iOS,2193.98,8,Medium,DEV_0002596,c9485e5d72e421ec
NDM_002597,Walvis Bay,922,Standard,USSD,Android,644.94,6,Low,DEV_0002597,de0f9b2ba62e4890
NDM_002598,Walvis Bay,1834,Standard,USSD,Android,98.96,2,Low,DEV_0002598,4d5675ef639c0734
NDM_002599,Swakopmund,2679,Premium,Web,Android,124.27,2,Medium,DEV_0002599,237638293e323dac
NDM_002600,Windhoek,3087,Premium,Web,Android,314.64,4,Low,DEV_0002600,249e47d2e06fd708
NDM_002601,Rundu,301,Standard,Web,Android,574.72,2,Low,DEV_0002601,ae7890241be6fb3c
NDM_002602,Windhoek,2377,Premium,USSD,Android,433.74,5,Low,DEV_0002602,5526e52bd7052d0c
NDM_002603,Windhoek,3147,Standard,USSD,Android,170.3,7,Low,DEV_0002603,914522aaf0bd2a35
NDM_002604,Swakopmund,1832,Standard,USSD,iOS,334.18,1,Low,DEV_0002604,7483baca9978b02c
NDM_002605,Windhoek,1331,Standard,Web,Android,124.63,3,Medium,DEV_0002605,014af346ae566c35
NDM_002606,Walvis Bay,351,Standard,Web,Android,469.04,4,Low,DEV_0002606,31d5882ba400491c
NDM_002607,Rundu,1183,Standard,USSD,Android,474.17,3,Low,DEV_0002607,1c6c06cb3cde6564
NDM_002608,Walvis Bay,1646,Standard,Web,Android,328.25,4,Low,DEV_0002608,00fb8e49bbf4c96a
NDM_002609,Swakopmund,2684,Standard,USSD,iOS,1517.88,1,Low,DEV_0002609,d303aa94c2f30151
NDM_002610,Keetmanshoop,3031,Business,USSD,iOS,981.09,3,Low,DEV_0002610,a0f14743cf68dd6f
NDM_002611,Oshakati,669,Standard,Mobile_App,Android,179.95,2,Low,DEV_0002611,ba41bcb212655d79
NDM_002612,Oshakati,1595,Standard,USSD,Android,817.21,4,Low,DEV_0002612,e97a69719f25673c
NDM_002613,Oshakati,1309,Standard,USSD,Android,526.32,2,Medium,DEV_0002613,ff56d4e7ce5dfcf3
NDM_002614,Windhoek,2005,Premium,Web,Android,2524.25,4,Medium,DEV_0002614,ef77e96e144163b1
NDM_002615,Swakopmund,344,Standard,USSD,Android,780.59,2,Low,DEV_0002615,3780fb1bc9433c3a
NDM_002616,Windhoek,556,Premium,Web,iOS,544.87,3,Low,DEV_0002616,72b28153169e99c3
NDM_002617,Windhoek,2148,Standard,Mobile_App,Android,1013.1,5,Low,DEV_0002617,bbb86fc26fc66a96
NDM_002618,Swakopmund,2876,Standard,USSD,Android,162.9,3,Low,DEV_0002618,82e653fbf191ebbb
NDM_002619,Walvis Bay,942,Standard,USSD,iOS,698.56,7,Low,DEV_0002619,d525d699da46ff62
NDM_002620,Windhoek,3257,Premium,USSD,Android,696.24,7,Low,DEV_0002620,be497652bd1ba5ba
NDM_002621,Windhoek,3366,Standard,Web,Android,122.64,5,Low,DEV_0002621,c9f6a4b39e73b6e5
NDM_002622,Windhoek,2305,Premium,Mobile_App,iOS,2218.52,2,Low,DEV_0002622,51989ac90a86fa03
NDM_002623,Oshakati,3001,Standard,Web,Android,614.99,4,Low,DEV_0002623,1b8a373c70877b85
NDM_002624,Walvis Bay,85,Business,USSD,Android,1241.46,1,High,DEV_0002624,6f1506771cd17692
NDM_002625,Rundu,1255,Standard,USSD,Android,779.98,4,Low,DEV_0002625,35d093085d72fcbd
NDM_002626,Swakopmund,709,Standard,Mobile_App,iOS,332.68,4,Low,DEV_0002626,11506e62cd9d24dc
NDM_002627,Rundu,958,Standard,Mobile_App,Android,770.7,1,Low,DEV_0002627,bde8e2dd21828357
NDM_002628,Swakopmund,1060,Standard,Web,Android,133.07,3,Low,DEV_0002628,76a78b25a22d31b2
NDM_002629,Windhoek,1593,Standard,USSD,iOS,310.84,2,Medium,DEV_0002629,28855bc91dba35f1
NDM_002630,Swakopmund,3432,Standard,USSD,Android,487.68,6,High,DEV_0002630,0dfae1edcfc57170
NDM_002631,Keetmanshoop,3017,Standard,Web,Android,234.51,7,Low,DEV_0002631,0cc658ac7d56e153
NDM_002632,Swakopmund,1767,Premium,USSD,iOS,349.37,3,Low,DEV_0002632,b7ea8dd361b08a16
NDM_002633,Windhoek,451,Standard,USSD,iOS,313.52,3,Low,DEV_0002633,3ad3266853af9598
NDM_002634,Windhoek,3072,Standard,Web,iOS,2154.68,3,Low,DEV_0002634,3764c42ea5fe1b47
NDM_002635,Rundu,1799,Premium,Mobile_App,Android,102.32,10,Medium,DEV_0002635,ed1753398c851f41
NDM_002636,Walvis Bay,2034,Standard,USSD,Android,200.21,3,Low,DEV_0002636,af3900f8d568f8c6
NDM_002637,Oshakati,3059,Standard,USSD,Android,696.37,6,Low,DEV_0002637,49bfbaaf8a931a7e
NDM_002638,Oshakati,1344,Standard,USSD,iOS,694.64,4,Low,DEV_0002638,0088125ddfa42681
NDM_002639,Windhoek,2995,Premium,Mobile_App,Android,421.45,4,Low,DEV_0002639,24ed455c6470cfcc
NDM_002640,Windhoek,1074,Premium,Web,Android,1643.47,2,High,DEV_0002640,1a0f53add286868d
NDM_002641,Walvis Bay,3087,Premium,Mobile_App,Android,833.35,5,Low,DEV_0002641,4b7e60b07ae17e93
NDM_002642,Windhoek,1078,Standard,USSD,Android,316.43,5,Low,DEV_0002642,b13714dfda6bc43a
NDM_002643,Walvis Bay,1821,Premium,USSD,Android,280.64,5,Low,DEV_0002643,61ded13667d00395
NDM_002644,Swakopmund,1774,Standard,USSD,Android,5093.63,5,Low,DEV_0002644,cf8ea50a922db03d
NDM_002645,Oshakati,268,Premium,USSD,Android,221.95,5,Low,DEV_0002645,2817d2802a9cddce
NDM_002646,Keetmanshoop,2068,Premium,USSD,Android,682.28,2,Low,DEV_0002646,139696b38faf94ce
NDM_002647,Keetmanshoop,1362,Standard,Web,iOS,1828.81,2,Low,DEV_0002647,46305403c2b4258b
NDM_002648,Keetmanshoop,791,Standard,Web,Android,1086.67,4,Medium,DEV_0002648,37b337dbb4d5c194
NDM_002649,Rundu,763,Standard,USSD,iOS,200.07,7,Low,DEV_0002649,096620d77a6b628b
NDM_002650,Oshakati,3569,Standard,Web,iOS,154.36,4,Low,DEV_0002650,bebb72020233f122
NDM_002651,Windhoek,2467,Standard,USSD,Android,1075.22,5,Low,DEV_0002651,5e8092136842ec63
NDM_002652,Windhoek,2589,Standard,USSD,iOS,621.01,3,Low,DEV_0002652,422df8b32de7cf22
NDM_002653,Keetmanshoop,2567,Standard,USSD,iOS,280.24,2,Low,DEV_0002653,2b25d54a9c2e2567
NDM_002654,Keetmanshoop,1467,Standard,Web,Android,395.0,3,Low,DEV_0002654,452fe5d71dc827d0
NDM_002655,Walvis Bay,422,Standard,USSD,Android,1741.2,2,Low,DEV_0002655,aeecd8f18ec03758
NDM_002656,Windhoek,1658,Standard,Web,iOS,1367.67,4,Medium,DEV_0002656,fef7d6669aae6849
NDM_002657,Oshakati,3383,Standard,Web,Android,572.1,5,Low,DEV_0002657,181da7038b40d0ee
NDM_002658,Windhoek,2476,Standard,Web,Android,133.78,3,Low,DEV_0002658,0473f3f74a848e90
NDM_002659,Windhoek,3500,Standard,USSD,Android,600.39,4,Low,DEV_0002659,db93e45a2f403241
NDM_002660,Windhoek,2827,Standard,USSD,Android,741.54,5,Medium,DEV_0002660,5a0da6a8f040e766
NDM_002661,Windhoek,3222,Standard,USSD,Android,433.25,2,Low,DEV_0002661,094e295e26a619e3
NDM_002662,Windhoek,2835,Standard,USSD,iOS,312.11,2,Low,DEV_0002662,b7a114c1f8b8a352
NDM_002663,Rundu,3645,Standard,USSD,Android,261.27,2,Low,DEV_0002663,65549722e17b6103
NDM_002664,Swakopmund,1692,Standard,USSD,iOS,365.33,3,Low,DEV_0002664,e8da10bd8fbbe8f6
NDM_002665,Windhoek,504,Standard,USSD,Android,319.8,3,Low,DEV_0002665,5f9064ced3ceccd4
NDM_002666,Windhoek,1297,Premium,USSD,Android,1624.38,5,Low,DEV_0002666,22fc84c53359d2cb
NDM_002667,Oshakati,398,Standard,Web,iOS,897.66,1,Low,DEV_0002667,c63aeb643da27c45
NDM_002668,Oshakati,1256,Premium,Web,Android,577.53,3,Low,DEV_0002668,942b83fc4ae525a6
NDM_002669,Windhoek,976,Standard,USSD,iOS,646.32,4,Low,DEV_0002669,28fcf26224e6c4ee
NDM_002670,Rundu,1096,Standard,Mobile_App,Android,760.02,9,High,DEV_0002670,db2ec319df0f448c
NDM_002671,Keetmanshoop,384,Premium,Web,Android,380.95,3,Low,DEV_0002671,263d8c32389d3487
NDM_002672,Keetmanshoop,2760,Premium,USSD,Android,262.96,5,Low,DEV_0002672,07c81dd1bc7fca02
NDM_002673,Windhoek,409,Standard,USSD,Android,1042.32,2,Low,DEV_0002673,be4541e957f84b8e
NDM_002674,Windhoek,2479,Standard,Mobile_App,Android,672.25,2,Low,DEV_0002674,257da1ddaefa09fc
NDM_002675,Swakopmund,2809,Standard,Web,Android,244.55,4,Low,DEV_0002675,789b63fdbb7bac3d
NDM_002676,Rundu,54,Premium,USSD,Android,115.2,4,Low,DEV_0002676,a7e17f6e2d47b87b
NDM_002677,Walvis Bay,3349,Standard,Mobile_App,Android,349.33,4,Low,DEV_0002677,e1b5a9c7acfa26a2
NDM_002678,Windhoek,890,Standard,Web,Android,662.69,4,Medium,DEV_0002678,ad1f88cf8c55592f
NDM_002679,Windhoek,1163,Standard,USSD,Android,259.15,4,Low,DEV_0002679,c042b6ab75ff39de
NDM_002680,Windhoek,1236,Standard,USSD,Android,764.04,6,Low,DEV_0002680,23b5b10d70f5907e
NDM_002681,Rundu,1801,Standard,USSD,Android,136.87,2,Medium,DEV_0002681,2575b3df9c1f4db0
NDM_002682,Walvis Bay,1089,Standard,Web,Android,487.34,4,Low,DEV_0002682,21f9b4339ad6ff34
NDM_002683,Windhoek,3343,Standard,USSD,Android,2254.28,3,Low,DEV_0002683,a6a3c08ba9a46332
NDM_002684,Keetmanshoop,1099,Business,USSD,Android,419.03,2,Medium,DEV_0002684,fb86dffb504f2514
NDM_002685,Keetmanshoop,339,Premium,Web,Android,223.03,2,Low,DEV_0002685,fa303e7ce167479c
NDM_002686,Windhoek,2169,Standard,USSD,iOS,363.97,4,Medium,DEV_0002686,825baaaf00065157
NDM_002687,Rundu,729,Standard,USSD,Android,1196.57,4,Low,DEV_0002687,6f475e6aa578cc16
NDM_002688,Windhoek,616,Standard,USSD,Android,510.53,2,Low,DEV_0002688,c1b84a35c84bf08d
NDM_002689,Windhoek,321,Premium,USSD,Android,183.66,5,Low,DEV_0002689,4faa1e489727fe2d
NDM_002690,Windhoek,3591,Premium,USSD,Android,612.81,7,Medium,DEV_0002690,ff47fe9d744a64da
NDM_002691,Walvis Bay,1592,Standard,USSD,Android,820.21,3,Low,DEV_0002691,5f1b5244371c464b
NDM_002692,Swakopmund,242,Standard,USSD,Android,1449.85,4,Low,DEV_0002692,4f2cb724d375f53f
NDM_002693,Rundu,3089,Standard,USSD,Android,123.06,2,Low,DEV_0002693,412071b39feb969f
NDM_002694,Windhoek,199,Standard,USSD,Android,781.25,3,Low,DEV_0002694,9828da5f2e93aad3
NDM_002695,Windhoek,1422,Premium,Web,iOS,58.93,3,Low,DEV_0002695,cbe1bca856387242
NDM_002696,Windhoek,1242,Standard,USSD,Android,291.73,2,Medium,DEV_0002696,f0ca537f3d4c195e
NDM_002697,Walvis Bay,3545,Standard,Web,iOS,180.1,4,Low,DEV_0002697,c0d85a997524b8c8
NDM_002698,Windhoek,2402,Standard,USSD,iOS,340.24,5,Medium,DEV_0002698,63764078adf18d6e
NDM_002699,Windhoek,229,Standard,Web,Android,199.58,3,Low,DEV_0002699,2e61e7852b26f0bd
NDM_002700,Swakopmund,3229,Premium,USSD,Android,99.3,6,Low,DEV_0002700,1dde450e25f24182
NDM_002701,Swakopmund,655,Standard,Web,Android,398.54,5,Low,DEV_0002701,ace6aca4217c784c
NDM_002702,Swakopmund,2578,Standard,Mobile_App,iOS,111.78,5,Low,DEV_0002702,63c9ae7e4d25624f
NDM_002703,Walvis Bay,1353,Standard,USSD,iOS,796.25,3,Low,DEV_0002703,546e7b53c0fdcfab
NDM_002704,Keetmanshoop,3522,Standard,Web,Android,496.85,4,Low,DEV_0002704,b1b1a91d32532834
NDM_002705,Windhoek,2578,Standard,Web,Android,163.34,3,Medium,DEV_0002705,5fa76f469d976cc1
NDM_002706,Oshakati,776,Standard,Web,iOS,838.91,2,Low,DEV_0002706,b1f6d9d75a4bdb35
NDM_002707,Windhoek,1583,Standard,Web,Android,509.13,5,Low,DEV_0002707,e4444c6d2d4bd673
NDM_002708,Windhoek,2313,Standard,Web,Android,344.13,6,Low,DEV_0002708,e7ed0b06ded3a370
NDM_002709,Windhoek,2040,Standard,USSD,Android,718.33,2,Medium,DEV_0002709,da4dc309f6f96635
NDM_002710,Swakopmund,2792,Standard,USSD,Android,481.77,4,Low,DEV_0002710,154052af60a52761
NDM_002711,Windhoek,3341,Standard,USSD,Android,266.97,4,Low,DEV_0002711,f7c6e3f259662ea7
NDM_002712,Rundu,2664,Standard,USSD,Android,641.67,7,Low,DEV_0002712,3e324412c8e4a8b3
NDM_002713,Windhoek,580,Standard,Web,Android,298.87,1,High,DEV_0002713,be4b314d97033dc9
NDM_002714,Windhoek,1163,Standard,USSD,Android,212.24,4,Low,DEV_0002714,1b9e4a4489984408
NDM_002715,Rundu,2733,Standard,USSD,Android,218.75,5,Low,DEV_0002715,9815ef1b3f6159c2
NDM_002716,Swakopmund,3249,Premium,USSD,iOS,149.56,4,Low,DEV_0002716,d9e21f07105e89f7
NDM_002717,Windhoek,1160,Premium,USSD,iOS,1672.22,5,Low,DEV_0002717,4aa2f17040e27d9c
NDM_002718,Windhoek,1699,Premium,USSD,Android,525.05,5,Medium,DEV_0002718,3b58050fda70544c
NDM_002719,Swakopmund,728,Standard,USSD,iOS,455.84,4,Low,DEV_0002719,d370543fe8ac273a
NDM_002720,Walvis Bay,2788,Business,USSD,Android,654.65,3,Low,DEV_0002720,fe1aaefa3afe5d2a
NDM_002721,Windhoek,968,Standard,Web,Android,726.29,3,Low,DEV_0002721,9b2fc8ee78b1e7d4
NDM_002722,Windhoek,751,Premium,USSD,Android,1087.41,5,Low,DEV_0002722,c0067bcb9c3c3736
NDM_002723,Walvis Bay,1641,Standard,USSD,Android,714.09,5,Low,DEV_0002723,5d55ad42631845a6
NDM_002724,Swakopmund,2845,Standard,USSD,iOS,63.57,3,High,DEV_0002724,4332960f1ce39a8d
NDM_002725,Swakopmund,1195,Standard,Web,Android,1156.94,5,Low,DEV_0002725,9f39c1ca6f6fcfe6
NDM_002726,Oshakati,3260,Standard,USSD,Android,685.47,1,Low,DEV_0002726,d34b406c68a500cc
NDM_002727,Swakopmund,1488,Standard,USSD,Android,754.38,5,Low,DEV_0002727,5300ffb98bebd3e2
NDM_002728,Oshakati,3223,Standard,Mobile_App,iOS,910.46,7,Low,DEV_0002728,76da8a93546da843
NDM_002729,Swakopmund,3306,Standard,USSD,Android,757.91,3,Low,DEV_0002729,f96e0e77b34ead70
NDM_002730,Windhoek,50,Standard,USSD,Android,109.99,3,Low,DEV_0002730,854006724a534aa0
NDM_002731,Keetmanshoop,1384,Standard,USSD,iOS,555.1,5,Low,DEV_0002731,6f0e383559b4212b
NDM_002732,Windhoek,3242,Standard,Mobile_App,Android,279.85,6,Medium,DEV_0002732,46d974e54eae02f2
NDM_002733,Swakopmund,48,Standard,USSD,Android,677.36,6,Low,DEV_0002733,f4a88782c5e11912
NDM_002734,Swakopmund,3170,Standard,USSD,Android,1181.69,6,Low,DEV_0002734,26ed655213aa32b2
NDM_002735,Oshakati,2344,Standard,USSD,Android,1682.72,4,Low,DEV_0002735,548e73d8c234e27a
NDM_002736,Windhoek,3070,Premium,USSD,Android,930.66,4,Low,DEV_0002736,8ca796074edc1d6f
NDM_002737,Oshakati,1584,Standard,USSD,Android,354.51,7,Medium,DEV_0002737,03668f50d2f6a798
NDM_002738,Rundu,2035,Standard,USSD,Android,1442.11,5,Low,DEV_0002738,a240e166ad0bc4dd
NDM_002739,Windhoek,983,Standard,Mobile_App,Android,582.87,4,Medium,DEV_0002739,e8fbb62415891cad
NDM_002740,Windhoek,705,Standard,Web,Android,226.14,7,High,DEV_0002740,306da07ce0bfa8a4
NDM_002741,Rundu,673,Standard,Web,iOS,485.85,3,Low,DEV_0002741,5c924c44bcb6c999
NDM_002742,Windhoek,2111,Standard,Web,iOS,206.48,4,Medium,DEV_0002742,a1023cb304f13192
NDM_002743,Oshakati,3224,Standard,USSD,Android,271.73,7,Low,DEV_0002743,1d19cce5b232c44f
NDM_002744,Windhoek,1218,Standard,Web,Android,1186.22,4,High,DEV_0002744,15664432a736a7c3
NDM_002745,Windhoek,2846,Premium,Web,Android,3304.31,6,Medium,DEV_0002745,78c61cdd84f96224
NDM_002746,Windhoek,995,Premium,Web,Android,164.79,3,Low,DEV_0002746,209a9abcd8054725
NDM_002747,Swakopmund,776,Standard,USSD,Android,2400.55,1,Medium,DEV_0002747,8a3a7d4fb6b350ba
NDM_002748,Windhoek,1270,Standard,USSD,iOS,2982.77,4,Medium,DEV_0002748,e9c84aacef1f3464
NDM_002749,Windhoek,2830,Standard,Web,iOS,305.21,5,Low,DEV_0002749,dfcb2a9b93756507
NDM_002750,Windhoek,1246,Standard,Web,iOS,123.13,2,Low,DEV_0002750,4f9fba1405e663a4
NDM_002751,Windhoek,2582,Standard,USSD,iOS,483.86,3,Low,DEV_0002751,b31cdacad78a9589
NDM_002752,Keetmanshoop,116,Business,Web,Android,269.69,4,Low,DEV_0002752,20b8c36246ebe2a1
NDM_002753,Rundu,530,Standard,USSD,iOS,714.04,8,Low,DEV_0002753,3240dc7ef72a9503
NDM_002754,Oshakati,1256,Standard,USSD,iOS,223.49,6,Medium,DEV_0002754,ce960e6bb5468d59
NDM_002755,Windhoek,1147,Standard,USSD,Android,292.95,5,Low,DEV_0002755,f482868277e6ce41
NDM_002756,Windhoek,1220,Business,USSD,iOS,324.48,9,Low,DEV_0002756,a5db9fabb4a6fefe
NDM_002757,Windhoek,1761,Standard,USSD,Android,580.06,3,Low,DEV_0002757,57d095a3d42a900d
NDM_002758,Oshakati,3010,Premium,USSD,iOS,743.12,2,Low,DEV_0002758,47edea3ed23c1a84
NDM_002759,Walvis Bay,813,Standard,USSD,Android,387.23,3,Low,DEV_0002759,e0f8c1d677632aa1
NDM_002760,Windhoek,465,Standard,USSD,Android,1312.4,3,Low,DEV_0002760,bfd1740a8bfbc9f5
NDM_002761,Swakopmund,1723,Premium,USSD,Android,1098.92,5,Low,DEV_0002761,bb35e4c2c566ab4a
NDM_002762,Rundu,307,Standard,Web,iOS,703.66,4,Low,DEV_0002762,8d89e1ad0f5ad4b0
NDM_002763,Rundu,914,Standard,Web,iOS,655.52,4,High,DEV_0002763,d6cb2dad0372822d
NDM_002764,Rundu,783,Standard,USSD,Android,1046.67,7,Low,DEV_0002764,a8496061a141d009
NDM_002765,Swakopmund,1005,Standard,USSD,Android,467.93,5,Low,DEV_0002765,b872bc440e99cace
NDM_002766,Swakopmund,1600,Standard,USSD,Android,224.49,2,Low,DEV_0002766,ff29369d5f064eb1
NDM_002767,Swakopmund,2710,Standard,Web,Android,815.37,4,Low,DEV_0002767,4bfd6c0285e72833
NDM_002768,Rundu,2967,Standard,USSD,iOS,297.86,4,Low,DEV_0002768,1a4567f95c72b269
NDM_002769,Walvis Bay,1967,Standard,USSD,Android,727.55,3,Low,DEV_0002769,a38f1d11ec20831a
NDM_002770,Windhoek,2078,Standard,Web,Android,864.23,7,Low,DEV_0002770,b8041712a7617f6d
NDM_002771,Rundu,2720,Standard,USSD,Android,737.13,4,Low,DEV_0002771,08abd343af7ce7fa
NDM_002772,Walvis Bay,196,Premium,USSD,Android,188.78,5,High,DEV_0002772,3787ce9351452397
NDM_002773,Rundu,758,Standard,Mobile_App,Android,1905.32,5,High,DEV_0002773,d1be0f141e9c0bb3
NDM_002774,Walvis Bay,3496,Standard,USSD,Android,1415.29,3,Low,DEV_0002774,9843455e0eb103da
NDM_002775,Oshakati,796,Standard,USSD,Android,347.31,2,Low,DEV_0002775,e4bef64ec96cd7fa
NDM_002776,Windhoek,554,Standard,Web,Android,192.25,2,Low,DEV_0002776,7045797bd79df6b2
NDM_002777,Windhoek,851,Standard,USSD,Android,452.22,4,Low,DEV_0002777,68c858e9aa06868b
NDM_002778,Walvis Bay,3169,Standard,USSD,iOS,206.63,1,Low,DEV_0002778,51737243030dc1a5
NDM_002779,Windhoek,89,Standard,Web,Android,85.61,5,Low,DEV_0002779,5e72d08db8fea981
NDM_002780,Oshakati,2232,Standard,Web,Android,506.07,3,Low,DEV_0002780,095d8a6753270dea
NDM_002781,Swakopmund,662,Standard,Web,Android,206.94,4,Low,DEV_0002781,c6f8ad0ce0167319
NDM_002782,Windhoek,2458,Standard,Web,Android,446.16,2,High,DEV_0002782,5b50739472d24a07
NDM_002783,Rundu,512,Standard,Web,Android,294.44,1,Low,DEV_0002783,f32a53d67d28826a
NDM_002784,Walvis Bay,2131,Standard,USSD,Android,179.71,2,Low,DEV_0002784,5e2e47120f375f63
NDM_002785,Swakopmund,2591,Standard,Mobile_App,Android,591.8,5,Low,DEV_0002785,63482a9b4d44cd06
NDM_002786,Oshakati,1671,Standard,Web,Android,1160.27,6,Low,DEV_0002786,9947bca4d83d02b2
NDM_002787,Windhoek,2079,Standard,USSD,iOS,411.44,3,Low,DEV_0002787,3226f1c51dddcd63
NDM_002788,Keetmanshoop,657,Standard,Web,Android,424.58,4,Low,DEV_0002788,efc0c39ccd0aee5e
NDM_002789,Windhoek,2607,Standard,Web,Android,1681.56,3,Low,DEV_0002789,94cab1bde657326d
NDM_002790,Windhoek,2980,Standard,Web,Android,328.37,3,High,DEV_0002790,23290b94a05a2a36
NDM_002791,Windhoek,1628,Standard,Web,Android,569.26,3,Low,DEV_0002791,08050420bcd5b417
NDM_002792,Windhoek,1374,Premium,USSD,Android,128.02,7,Low,DEV_0002792,25c58778cbe3ea1b
NDM_002793,Keetmanshoop,3381,Premium,USSD,Android,293.8,8,Medium,DEV_0002793,84bf2274f0daebea
NDM_002794,Oshakati,1736,Premium,USSD,Android,671.65,1,Medium,DEV_0002794,9f05b6e683e5498c
NDM_002795,Oshakati,1297,Standard,Web,Android,178.02,4,Medium,DEV_0002795,ea36e740252a33dd
NDM_002796,Keetmanshoop,2996,Standard,Web,Android,369.59,6,Low,DEV_0002796,1f9825b49c1dd1e6
NDM_002797,Windhoek,2862,Standard,USSD,iOS,292.34,6,Low,DEV_0002797,2d6e9d80f7c615c0
NDM_002798,Walvis Bay,801,Standard,USSD,iOS,275.85,3,Low,DEV_0002798,444ecfeed01a8678
NDM_002799,Keetmanshoop,2675,Standard,USSD,Android,179.77,3,Low,DEV_0002799,01ee67ac547bf933
NDM_002800,Rundu,2173,Standard,Mobile_App,Android,1107.09,2,Low,DEV_0002800,e121b40033118297
NDM_002801,Rundu,1189,Standard,USSD,Android,400.5,6,Low,DEV_0002801,a1f11b1101b0498a
NDM_002802,Windhoek,2618,Standard,USSD,Android,760.03,3,Low,DEV_0002802,3e94e4bbad46a5ef
NDM_002803,Swakopmund,2949,Standard,USSD,Android,214.68,4,Low,DEV_0002803,2594176869b05fa2
NDM_002804,Windhoek,2139,Standard,Web,iOS,236.32,5,Medium,DEV_0002804,6e0362d79181f496
NDM_002805,Swakopmund,2433,Standard,Web,Android,596.21,3,Medium,DEV_0002805,0a28bcf6f437503a
NDM_002806,Windhoek,2543,Standard,Web,Android,708.35,2,Low,DEV_0002806,55285c7834b74408
NDM_002807,Walvis Bay,3163,Premium,Mobile_App,Android,647.11,4,Low,DEV_0002807,30b81ee23d8b187d
NDM_002808,Oshakati,1301,Standard,USSD,Android,3181.24,3,Low,DEV_0002808,fb5474d6f6d74973
NDM_002809,Oshakati,3413,Standard,USSD,iOS,359.28,5,High,DEV_0002809,bc95fe954de2dad3
NDM_002810,Windhoek,1602,Standard,USSD,iOS,509.83,6,Low,DEV_0002810,743adead0fae26b3
NDM_002811,Oshakati,2566,Premium,USSD,Android,797.31,2,Low,DEV_0002811,0fc6876969892d30
NDM_002812,Swakopmund,1274,Standard,USSD,Android,277.64,4,Low,DEV_0002812,79a7f435936c7f17
NDM_002813,Walvis Bay,1177,Standard,Mobile_App,iOS,478.19,6,Medium,DEV_0002813,c7878f820694cf5e
NDM_002814,Keetmanshoop,1621,Standard,Web,Android,1391.76,3,Low,DEV_0002814,4fced69bf7a71fff
NDM_002815,Swakopmund,3402,Standard,Web,Android,1269.56,1,Low,DEV_0002815,c71d2bf2f2f7dd9b
NDM_002816,Oshakati,2854,Premium,Mobile_App,Android,593.3,6,Low,DEV_0002816,60e504d5ec7479fc
NDM_002817,Keetmanshoop,345,Premium,USSD,Android,936.42,5,Low,DEV_0002817,bf374f959adc9584
NDM_002818,Windhoek,1913,Premium,Web,iOS,619.7,6,Low,DEV_0002818,cdf5deb3d255c27c
NDM_002819,Windhoek,2381,Standard,Web,Android,399.87,5,Low,DEV_0002819,98e90d1d60b6de9a
NDM_002820,Keetmanshoop,3077,Standard,USSD,Android,366.75,2,Low,DEV_0002820,31b7e8143cd70a1c
NDM_002821,Walvis Bay,290,Premium,USSD,iOS,573.23,3,Low,DEV_0002821,216f1e889b84efd5
NDM_002822,Swakopmund,2362,Standard,Web,iOS,336.66,6,Low,DEV_0002822,92c4b2383c737b0b
NDM_002823,Windhoek,3447,Business,USSD,iOS,831.67,7,Low,DEV_0002823,2f3543258d70219a
NDM_002824,Rundu,2868,Standard,USSD,Android,170.14,5,Medium,DEV_0002824,d3f56cde284085e5
NDM_002825,Rundu,2108,Standard,USSD,iOS,346.61,4,Low,DEV_0002825,70f4586d5ddae82f
NDM_002826,Windhoek,3380,Premium,Web,Android,425.48,12,Medium,DEV_0002826,01cbc2d01aa2885b
NDM_002827,Swakopmund,909,Premium,Web,Android,592.08,6,Low,DEV_0002827,2a51ca4bab09b5dd
NDM_002828,Windhoek,3399,Standard,USSD,Android,2121.43,2,Low,DEV_0002828,e8ba41a779910080
NDM_002829,Swakopmund,3000,Standard,Web,iOS,160.31,4,Low,DEV_0002829,7b8b43ee8c1dfe66
NDM_002830,Oshakati,874,Standard,Mobile_App,Android,1935.5,5,Low,DEV_0002830,04b5bc11a63368d6
NDM_002831,Rundu,3032,Standard,Mobile_App,Android,164.42,2,Low,DEV_0002831,c6e91eca9a28758a
NDM_002832,Windhoek,945,Standard,USSD,Android,480.2,5,Low,DEV_0002832,5b4203164ff352e4
NDM_002833,Oshakati,1605,Standard,Web,iOS,931.96,4,Low,DEV_0002833,ff5f63c314baf4ef
NDM_002834,Walvis Bay,1789,Premium,USSD,iOS,1196.19,5,Low,DEV_0002834,c170ad3c49ffe89d
NDM_002835,Swakopmund,1084,Standard,Web,Android,366.77,3,Low,DEV_0002835,16b8b7f7c30d41bc
NDM_002836,Windhoek,1971,Standard,USSD,iOS,257.94,3,Low,DEV_0002836,e2ad712aead46192
NDM_002837,Windhoek,861,Standard,Mobile_App,Android,511.67,4,Low,DEV_0002837,ce14a11e0f8abcad
NDM_002838,Walvis Bay,928,Standard,USSD,iOS,905.04,4,High,DEV_0002838,672655fb0fb5fa82
NDM_002839,Swakopmund,3403,Standard,Web,iOS,712.39,3,Low,DEV_0002839,d58b1ec45de019cf
NDM_002840,Windhoek,2166,Standard,USSD,iOS,914.01,3,Medium,DEV_0002840,516e0b5ff1f7853d
NDM_002841,Oshakati,1020,Standard,USSD,Android,916.27,6,Low,DEV_0002841,0337253a5b773936
NDM_002842,Oshakati,1558,Standard,Web,Android,475.82,4,Low,DEV_0002842,c1c191e0c2842555
NDM_002843,Windhoek,2907,Premium,USSD,Android,764.66,6,Low,DEV_0002843,c988df7fffb0c97f
NDM_002844,Swakopmund,255,Standard,USSD,Android,836.0,6,Low,DEV_0002844,77eaffe94fdf47e7
NDM_002845,Windhoek,3223,Standard,Mobile_App,Android,843.0,6,High,DEV_0002845,febd0f4362e3b4d4
NDM_002846,Walvis Bay,3254,Standard,USSD,Android,179.65,4,Low,DEV_0002846,febb2c865a519e81
NDM_002847,Keetmanshoop,2138,Standard,USSD,Android,485.74,2,Medium,DEV_0002847,9d713da3962295aa
NDM_002848,Windhoek,900,Standard,USSD,Android,511.84,10,High,DEV_0002848,0d84c7a9489ee428
NDM_002849,Walvis Bay,956,Standard,Web,Android,335.27,2,Medium,DEV_0002849,aa022b7b9209e64c
NDM_002850,Oshakati,1181,Standard,USSD,iOS,238.97,5,Low,DEV_0002850,90a5da8453ffe2af
NDM_002851,Windhoek,149,Standard,USSD,Android,136.07,5,Low,DEV_0002851,60e257bf93224a4a
NDM_002852,Windhoek,3577,Standard,USSD,Android,387.47,5,Medium,DEV_0002852,d5e8497abb0466dd
NDM_002853,Swakopmund,1671,Standard,Web,Android,2134.9,8,Medium,DEV_0002853,54cc22c23c77f603
NDM_002854,Windhoek,3576,Standard,USSD,Android,422.99,7,Low,DEV_0002854,900e194a22ecf6e5
NDM_002855,Keetmanshoop,2164,Standard,USSD,iOS,155.92,5,Low,DEV_0002855,f4714a979bbba9c4
NDM_002856,Swakopmund,3636,Premium,Web,iOS,118.23,1,Low,DEV_0002856,0057dbbe4c3b274f
NDM_002857,Swakopmund,2443,Standard,USSD,iOS,643.07,3,Low,DEV_0002857,72bf4b46bbb4c7d4
NDM_002858,Walvis Bay,1924,Standard,USSD,Android,2334.94,2,Low,DEV_0002858,fab2fd2e0106aab8
NDM_002859,Keetmanshoop,1103,Premium,USSD,Android,592.57,3,Low,DEV_0002859,ccf7c80cd236adb5
NDM_002860,Swakopmund,1652,Premium,USSD,Android,674.75,2,Low,DEV_0002860,fbcf1680c45f0aa5
NDM_002861,Rundu,2449,Standard,Web,iOS,220.59,2,Low,DEV_0002861,cbb31e4cb475a043
NDM_002862,Keetmanshoop,3156,Standard,Web,iOS,1934.36,3,Low,DEV_0002862,10c30011bfef68ef
NDM_002863,Keetmanshoop,1694,Premium,USSD,iOS,332.95,5,Low,DEV_0002863,9ca1245551ee8272
NDM_002864,Rundu,2398,Standard,USSD,Android,486.78,4,Low,DEV_0002864,6a871ba5d29d4285
NDM_002865,Swakopmund,1332,Premium,USSD,Android,1223.51,5,Low,DEV_0002865,e3b4f638a1721867
NDM_002866,Swakopmund,1167,Standard,Mobile_App,Android,167.52,4,Low,DEV_0002866,c50e1009bc1aa6ce
NDM_002867,Swakopmund,3271,Standard,Web,iOS,1121.25,6,Low,DEV_0002867,91e6cd218d6e6b7f
NDM_002868,Swakopmund,2716,Standard,USSD,Android,459.71,1,Low,DEV_0002868,e6becce21c7b1ec5
NDM_002869,Walvis Bay,2065,Standard,USSD,Android,604.48,8,Low,DEV_0002869,93ac7afd3c215e07
NDM_002870,Swakopmund,3000,Standard,Mobile_App,Android,196.05,3,Low,DEV_0002870,d3d1c616ecffbccc
NDM_002871,Windhoek,1070,Standard,Web,iOS,674.33,2,Low,DEV_0002871,d1023165242e756a
NDM_002872,Oshakati,1728,Premium,USSD,Android,101.1,5,Low,DEV_0002872,41732c8d8807c0e9
NDM_002873,Windhoek,266,Standard,USSD,Android,98.29,4,Low,DEV_0002873,34fdbc990d69d4dc
NDM_002874,Windhoek,1529,Standard,Mobile_App,iOS,761.84,6,Low,DEV_0002874,c9a86a6748b23650
NDM_002875,Rundu,3051,Standard,USSD,Android,303.16,4,Low,DEV_0002875,bccc05383f809bad
NDM_002876,Windhoek,567,Premium,Web,iOS,1366.69,2,Medium,DEV_0002876,36351b8e924bdfc1
NDM_002877,Windhoek,217,Standard,USSD,Android,880.8,5,Low,DEV_0002877,64c22c15ae0199d3
NDM_002878,Keetmanshoop,2248,Premium,Web,Android,880.67,6,Low,DEV_0002878,168398586f64875b
NDM_002879,Swakopmund,3555,Standard,USSD,Android,117.83,5,Low,DEV_0002879,776df7428caf0d9f
NDM_002880,Walvis Bay,1117,Business,Web,Android,365.46,6,Low,DEV_0002880,dce1c48a0bfc04d6
NDM_002881,Windhoek,2157,Premium,USSD,Android,1000.55,2,Low,DEV_0002881,39ce9ac12613a7e2
NDM_002882,Oshakati,2760,Standard,USSD,iOS,583.01,4,Medium,DEV_0002882,8b736ed1c7865686
NDM_002883,Swakopmund,2080,Standard,Web,Android,1933.08,3,Low,DEV_0002883,96634cf2e64fab97
NDM_002884,Windhoek,1564,Standard,Mobile_App,iOS,189.72,3,Low,DEV_0002884,4bef90cbae98d97c
NDM_002885,Oshakati,2643,Standard,Web,Android,750.45,3,High,DEV_0002885,b5e7a61dc7dd129b
NDM_002886,Windhoek,2653,Standard,Web,Android,405.28,4,Medium,DEV_0002886,f7406683b617ce10
NDM_002887,Windhoek,1623,Standard,Web,Android,452.98,1,Low,DEV_0002887,724d2561951282ef
NDM_002888,Walvis Bay,1481,Premium,USSD,Android,478.08,1,Medium,DEV_0002888,81f13354e0ede8fe
NDM_002889,Windhoek,2156,Standard,Web,iOS,525.49,6,Low,DEV_0002889,0ecda2d0c81f5eeb
NDM_002890,Keetmanshoop,1133,Premium,USSD,Android,596.87,1,Low,DEV_0002890,357a64ff61548d2e
NDM_002891,Windhoek,2641,Premium,USSD,iOS,1666.4,2,Medium,DEV_0002891,28a23a64bd996ba5
NDM_002892,Walvis Bay,1715,Standard,Mobile_App,iOS,1022.77,3,Low,DEV_0002892,95fcc13d21359a09
NDM_002893,Swakopmund,2380,Standard,USSD,Android,249.59,4,Low,DEV_0002893,d29bf95c48ba7ade
NDM_002894,Rundu,1371,Standard,USSD,Android,326.84,5,Low,DEV_0002894,c33b98d4c7932c85
NDM_002895,Windhoek,1886,Premium,Web,iOS,594.89,2,Low,DEV_0002895,119deec0c427e00c
NDM_002896,Windhoek,2866,Standard,USSD,Android,1043.93,1,Low,DEV_0002896,ec2e045c49ebd322
NDM_002897,Swakopmund,2114,Premium,Web,Android,530.11,2,Low,DEV_0002897,e64bd53a3810439c
NDM_002898,Swakopmund,171,Standard,USSD,iOS,450.87,2,High,DEV_0002898,1233633dd5a811e0
NDM_002899,Oshakati,2439,Standard,USSD,iOS,1104.94,5,Low,DEV_0002899,7ddcc7db80f99b7c
NDM_002900,Swakopmund,3140,Standard,Mobile_App,Android,909.2,3,Low,DEV_0002900,507e53e919b4048d
NDM_002901,Swakopmund,91,Standard,USSD,Android,184.14,5,Low,DEV_0002901,a77c6d8e3a8dfa9f
NDM_002902,Windhoek,294,Standard,USSD,Android,245.43,2,Low,DEV_0002902,e3e70998bf319787
NDM_002903,Swakopmund,2729,Standard,USSD,Android,296.0,2,Medium,DEV_0002903,4bc8bea8dda703ab
NDM_002904,Windhoek,1902,Standard,USSD,Android,817.94,2,Low,DEV_0002904,b61a4624e9be51ea
NDM_002905,Windhoek,3301,Standard,USSD,iOS,360.81,5,Low,DEV_0002905,40ef02d412c33a8d
NDM_002906,Windhoek,1247,Standard,Web,Android,499.31,5,Low,DEV_0002906,7c015ba97c714b58
NDM_002907,Keetmanshoop,1798,Premium,USSD,Android,273.09,6,Low,DEV_0002907,1f367f7ca23336d0
NDM_002908,Walvis Bay,691,Standard,USSD,Android,378.28,5,Low,DEV_0002908,c24c98dd9e06bb6c
NDM_002909,Windhoek,337,Premium,Web,Android,562.18,5,Low,DEV_0002909,ee4aa17bacd0f568
NDM_002910,Swakopmund,2312,Standard,Web,Android,361.63,6,Medium,DEV_0002910,e41d490670df62f0
NDM_002911,Rundu,3140,Standard,Web,iOS,1019.79,4,Low,DEV_0002911,04c3e09c157ebb28
NDM_002912,Windhoek,2988,Standard,USSD,iOS,503.01,4,Low,DEV_0002912,51ca7e26cbd77f6a
NDM_002913,Oshakati,1192,Standard,USSD,Android,355.86,6,Low,DEV_0002913,551e34f1aa22dc36
NDM_002914,Rundu,368,Standard,Web,Android,973.05,5,Low,DEV_0002914,a7d0cf1f37b091ee
NDM_002915,Windhoek,2089,Premium,USSD,Android,207.49,5,High,DEV_0002915,a47bc60c261ec2ec
NDM_002916,Oshakati,3002,Standard,USSD,iOS,826.67,1,Low,DEV_0002916,36f3c6605371a25d
NDM_002917,Walvis Bay,2603,Standard,Mobile_App,Android,1455.94,5,Medium,DEV_0002917,8f5076c59a3fc32a
NDM_002918,Windhoek,2571,Standard,Web,Android,969.4,3,Low,DEV_0002918,4341cc66291d0162
NDM_002919,Rundu,3366,Standard,USSD,Android,188.32,3,Medium,DEV_0002919,b0753f1a15faf3b4
NDM_002920,Oshakati,2825,Premium,USSD,Android,232.7,2,Low,DEV_0002920,3a6df8f70c6ae302
NDM_002921,Windhoek,3134,Standard,USSD,Android,284.88,1,High,DEV_0002921,a545e8a35a081b15
NDM_002922,Keetmanshoop,2866,Standard,USSD,Android,221.93,3,Low,DEV_0002922,034c05d8f244c1fb
NDM_002923,Walvis Bay,1503,Standard,USSD,Android,276.87,8,Low,DEV_0002923,d5c467feec89e8ab
NDM_002924,Windhoek,1868,Standard,Web,Android,623.46,5,Low,DEV_0002924,c8142cfdad91ac6a
NDM_002925,Oshakati,121,Standard,USSD,Android,108.74,6,Low,DEV_0002925,619e6bb22df111c7
NDM_002926,Windhoek,3572,Standard,Web,Android,203.93,3,Low,DEV_0002926,19263a309fde1457
NDM_002927,Swakopmund,1926,Standard,USSD,Android,353.24,2,Low,DEV_0002927,74c57d5901c3eebe
NDM_002928,Rundu,1275,Standard,USSD,Android,608.83,4,Medium,DEV_0002928,8cb77577a7e1435a
NDM_002929,Oshakati,3580,Standard,Web,Android,264.65,3,Low,DEV_0002929,0d99ec0ba0a7409b
NDM_002930,Rundu,1006,Premium,USSD,Android,765.31,7,Medium,DEV_0002930,e7aecf469f5a2c3e
NDM_002931,Walvis Bay,1863,Standard,Web,Android,1537.39,3,Low,DEV_0002931,d5472a07bfb1863b
NDM_002932,Keetmanshoop,1375,Standard,Web,Android,1350.54,2,Low,DEV_0002932,711557087d13e8ad
NDM_002933,Swakopmund,2482,Standard,Mobile_App,iOS,231.2,4,Medium,DEV_0002933,dbab4fddcd38d510
NDM_002934,Swakopmund,918,Standard,Web,Android,517.02,5,Medium,DEV_0002934,e87c1cbddb40f129
NDM_002935,Swakopmund,882,Standard,Web,iOS,963.38,6,Low,DEV_0002935,5507123fe4244570
NDM_002936,Swakopmund,1399,Standard,Mobile_App,Android,794.4,6,Low,DEV_0002936,31d3f1f9b6a66e4f
NDM_002937,Windhoek,3164,Standard,USSD,Android,100.8,5,Medium,DEV_0002937,b67c38b137e769d9
NDM_002938,Walvis Bay,3591,Standard,Web,Android,682.85,5,Low,DEV_0002938,d3fc873d7a0c7bb3
NDM_002939,Windhoek,2951,Premium,USSD,iOS,1100.48,4,Medium,DEV_0002939,a5d2803247c0606d
NDM_002940,Windhoek,2812,Standard,USSD,Android,338.31,4,Low,DEV_0002940,671ac991447b8782
NDM_002941,Swakopmund,644,Standard,Web,Android,164.59,4,Low,DEV_0002941,65835a36ee35811b
NDM_002942,Windhoek,716,Premium,USSD,iOS,528.26,2,Low,DEV_0002942,2338b087630eb6f4
NDM_002943,Windhoek,460,Standard,Web,iOS,612.13,3,Medium,DEV_0002943,9df59c95073d7d97
NDM_002944,Walvis Bay,3381,Standard,USSD,Android,1905.12,2,Low,DEV_0002944,58b91cd29f2a7617
NDM_002945,Oshakati,1814,Standard,USSD,iOS,161.12,7,Low,DEV_0002945,e3a94f0efa0289f7
NDM_002946,Windhoek,265,Standard,USSD,Android,222.23,5,Low,DEV_0002946,e2b791bd63a53ef6
NDM_002947,Keetmanshoop,2779,Standard,USSD,Android,1137.2,3,Low,DEV_0002947,ee379024b1a976f3
NDM_002948,Windhoek,1350,Premium,USSD,iOS,1275.37,4,Low,DEV_0002948,f7e1d265487f2f67
NDM_002949,Windhoek,2349,Standard,Web,iOS,308.42,3,Low,DEV_0002949,6e02d3ab31c2903c
NDM_002950,Windhoek,2762,Standard,Mobile_App,Android,544.98,3,Low,DEV_0002950,94ae1607e8fa65a8
NDM_002951,Windhoek,399,Standard,Mobile_App,Android,517.04,5,Medium,DEV_0002951,7ea1a9006009bbb5
NDM_002952,Windhoek,2869,Standard,USSD,Android,422.09,5,Low,DEV_0002952,d4a6ce5ee44f13c2
NDM_002953,Walvis Bay,3068,Standard,USSD,Android,394.32,3,Low,DEV_0002953,be9d274ab0441319
NDM_002954,Windhoek,2077,Standard,USSD,Android,80.76,2,Medium,DEV_0002954,12b8b668b958162d
NDM_002955,Walvis Bay,588,Standard,Web,iOS,81.65,2,Medium,DEV_0002955,99396e9956ac3b34
NDM_002956,Keetmanshoop,2573,Standard,USSD,Android,791.27,5,Low,DEV_0002956,c63fb5c57d445580
NDM_002957,Swakopmund,2121,Standard,Mobile_App,Android,245.27,4,Low,DEV_0002957,1705448cf8bddb5c
NDM_002958,Keetmanshoop,831,Standard,USSD,iOS,241.7,3,Low,DEV_0002958,b93d0c7aa6ef585b
NDM_002959,Walvis Bay,351,Premium,USSD,Android,289.98,6,Low,DEV_0002959,52aee66060c62d61
NDM_002960,Windhoek,211,Business,USSD,Android,375.49,5,Low,DEV_0002960,ea5357f78db0474f
NDM_002961,Windhoek,903,Standard,Web,Android,273.77,6,Low,DEV_0002961,09644761d3115f90
NDM_002962,Oshakati,341,Standard,USSD,Android,442.16,4,Low,DEV_0002962,16d8d07ced8e6710
NDM_002963,Windhoek,1392,Standard,USSD,Android,1705.81,7,Low,DEV_0002963,4383a6a6cc5b633f
NDM_002964,Oshakati,1318,Standard,USSD,Android,544.93,1,Low,DEV_0002964,cae4a360a340457d
NDM_002965,Swakopmund,1748,Standard,USSD,Android,360.19,3,Low,DEV_0002965,a044d9d42c38b87b
NDM_002966,Swakopmund,2501,Standard,USSD,Android,943.99,6,Low,DEV_0002966,90999f0b6b1bbeb8
NDM_002967,Windhoek,2807,Standard,Web,Android,444.55,3,Medium,DEV_0002967,e2dfcbf9733fd130
NDM_002968,Walvis Bay,2626,Standard,USSD,Android,648.64,1,Low,DEV_0002968,8118244bd591f1c9
NDM_002969,Swakopmund,3475,Premium,Web,iOS,1496.72,2,Low,DEV_0002969,57784dd3acd2e9a3
NDM_002970,Windhoek,1637,Standard,USSD,Android,355.43,4,Medium,DEV_0002970,32c03723137e6c3e
NDM_002971,Windhoek,69,Standard,USSD,Android,193.19,3,Medium,DEV_0002971,7555dbc38cb1c02a
NDM_002972,Rundu,3571,Standard,USSD,Android,383.9,2,Low,DEV_0002972,b406403afcbb188f
NDM_002973,Keetmanshoop,1023,Standard,USSD,Android,224.28,2,Low,DEV_0002973,644186c093f8a838
NDM_002974,Swakopmund,543,Standard,Web,Android,105.49,8,Low,DEV_0002974,3ced2346a134d5b1
NDM_002975,Windhoek,2846,Standard,USSD,Android,597.68,4,Low,DEV_0002975,4fa3cb2e0a44574f
NDM_002976,Windhoek,1200,Premium,USSD,Android,241.08,4,Low,DEV_0002976,6684a9982d3db97b
NDM_002977,Walvis Bay,2568,Standard,USSD,Android,311.94,5,Medium,DEV_0002977,8145d40390094366
NDM_002978,Swakopmund,3050,Standard,USSD,Android,1340.42,4,Medium,DEV_0002978,4a5d02f0e558ee1c
NDM_002979,Keetmanshoop,2360,Standard,USSD,Android,550.94,7,Low,DEV_0002979,0321d8ef686d8c44
NDM_002980,Rundu,2852,Standard,Mobile_App,Android,373.72,4,Low,DEV_0002980,6b7994806ffa8065
NDM_002981,Windhoek,2976,Standard,USSD,Android,1272.95,2,Low,DEV_0002981,b6019353a2bc6db6
NDM_002982,Swakopmund,2253,Standard,Mobile_App,Android,532.37,3,Low,DEV_0002982,61b17b01e2a23cdf
NDM_002983,Swakopmund,3636,Standard,USSD,Android,1020.39,4,Low,DEV_0002983,b22e17b118da91d8
NDM_002984,Walvis Bay,369,Standard,USSD,Android,398.51,5,Low,DEV_0002984,8d663a8e92179f3b
NDM_002985,Keetmanshoop,702,Premium,USSD,Android,154.32,3,Low,DEV_0002985,28ecbe0289bf1540
NDM_002986,Walvis Bay,3584,Standard,USSD,iOS,450.72,4,Low,DEV_0002986,f261ebe927616967
NDM_002987,Oshakati,1648,Standard,USSD,Android,396.42,1,Low,DEV_0002987,225baeb3b67772d0
NDM_002988,Keetmanshoop,413,Premium,USSD,iOS,694.24,5,Low,DEV_0002988,a628447e61f24716
NDM_002989,Windhoek,535,Standard,USSD,iOS,786.34,4,Low,DEV_0002989,7aa6f7ae82897cdb
NDM_002990,Keetmanshoop,1596,Standard,Web,Android,601.9,4,Low,DEV_0002990,50616909459fb8ca
NDM_002991,Windhoek,896,Standard,Web,Android,778.31,4,Low,DEV_0002991,c57d51df267ffc34
NDM_002992,Windhoek,3014,Standard,Mobile_App,Android,158.55,2,Medium,DEV_0002992,c90a71a8a2001b10
NDM_002993,Windhoek,815,Standard,USSD,Android,465.25,6,Low,DEV_0002993,f3df0df6881c1107
NDM_002994,Oshakati,2664,Standard,USSD,Android,405.93,5,Medium,DEV_0002994,6e5d004c05a439e3
NDM_002995,Windhoek,474,Standard,Web,Android,741.15,1,Low,DEV_0002995,6166b37f7465d407
NDM_002996,Windhoek,2516,Standard,USSD,iOS,681.48,4,Low,DEV_0002996,d139775b7f886d78
NDM_002997,Walvis Bay,3446,Premium,USSD,iOS,623.3,5,Low,DEV_0002997,14b19ddb9a185930
NDM_002998,Rundu,576,Standard,USSD,Android,1312.67,3,Low,DEV_0002998,288d1558ed89989f
NDM_002999,Swakopmund,588,Business,Web,iOS,440.91,5,Low,DEV_0002999,0c4efe4d2984f1de
NDM_003000,Windhoek,1431,Premium,USSD,Android,1325.91,7,Low,DEV_0003000,5445cf943b6e9c49
NDM_003001,Walvis Bay,101,Standard,USSD,Android,198.0,6,Low,DEV_0003001,9f19ae5922ab4f25
NDM_003002,Windhoek,2762,Standard,USSD,Android,505.9,4,Medium,DEV_0003002,0c2bd4ef2b024381
NDM_003003,Oshakati,3359,Standard,USSD,Android,1814.63,3,Low,DEV_0003003,aedb5fe1b536d1d4
NDM_003004,Swakopmund,99,Standard,USSD,Android,2955.04,4,Low,DEV_0003004,6374e41f418b65e5
NDM_003005,Keetmanshoop,1691,Standard,Web,Android,1824.77,2,High,DEV_0003005,e639946e16aaaf83
NDM_003006,Windhoek,2962,Standard,USSD,Android,393.76,2,Low,DEV_0003006,607e2efa923b614d
NDM_003007,Keetmanshoop,161,Standard,USSD,iOS,162.68,6,Low,DEV_0003007,0be454405c17230d
NDM_003008,Windhoek,2770,Standard,USSD,Android,2394.48,3,Medium,DEV_0003008,7a5bd9af50505f0d
NDM_003009,Oshakati,1918,Standard,Mobile_App,Android,392.39,3,Low,DEV_0003009,72e18626eabb6f27
NDM_003010,Windhoek,1678,Standard,Mobile_App,Android,137.57,4,Low,DEV_0003010,9215ca2a1fbba2d5
NDM_003011,Swakopmund,3253,Premium,Web,Android,1122.64,6,Low,DEV_0003011,f33829bc0f03a0c0
NDM_003012,Oshakati,1673,Premium,USSD,Android,260.07,6,Low,DEV_0003012,29e5e42f4a086ca1
NDM_003013,Windhoek,120,Standard,Mobile_App,Android,390.87,3,Low,DEV_0003013,05222ac4bfd3b4ae
NDM_003014,Walvis Bay,1104,Premium,USSD,Android,95.95,3,Low,DEV_0003014,7c29bcec55282143
NDM_003015,Swakopmund,1919,Standard,USSD,Android,561.99,6,Low,DEV_0003015,94360e2c344a5a26
NDM_003016,Keetmanshoop,900,Premium,USSD,Android,222.21,6,Low,DEV_0003016,d0b1bad6183331fd
NDM_003017,Rundu,79,Standard,USSD,Android,5080.43,3,Medium,DEV_0003017,4ea27177489a3d2d
NDM_003018,Swakopmund,2625,Standard,USSD,iOS,303.32,4,Low,DEV_0003018,06f8888d62389f87
NDM_003019,Windhoek,398,Standard,USSD,Android,541.86,6,Low,DEV_0003019,2d89497063d5c9ce
NDM_003020,Windhoek,3123,Standard,USSD,Android,217.08,2,Low,DEV_0003020,d7f100a46cb5f164
NDM_003021,Windhoek,2620,Standard,USSD,iOS,422.37,1,Medium,DEV_0003021,320b98675bf4f6ad
NDM_003022,Oshakati,2116,Standard,USSD,iOS,213.87,2,Low,DEV_0003022,638cbd37886b8197
NDM_003023,Windhoek,2406,Standard,USSD,Android,571.81,5,Low,DEV_0003023,11537e4715aba172
NDM_003024,Oshakati,437,Standard,Web,Android,147.6,6,Low,DEV_0003024,5c284164cb7b8ebe
NDM_003025,Rundu,2208,Standard,USSD,Android,148.99,7,Medium,DEV_0003025,2c07be55de634a60
NDM_003026,Windhoek,1602,Standard,USSD,Android,82.07,4,Low,DEV_0003026,9e9ba5e1d384a55e
NDM_003027,Walvis Bay,1093,Business,USSD,Android,1652.13,4,Low,DEV_0003027,1a1f02fd3d21204b
NDM_003028,Windhoek,3366,Standard,USSD,iOS,713.03,4,Low,DEV_0003028,60725e2f03fe09c7
NDM_003029,Windhoek,1943,Standard,USSD,Android,1210.43,5,Medium,DEV_0003029,2b72b57e9fd487f8
NDM_003030,Windhoek,2228,Standard,USSD,Android,527.13,5,Medium,DEV_0003030,5491ed9bb65970ff
NDM_003031,Windhoek,3123,Standard,Web,Android,96.28,5,Low,DEV_0003031,a8ba79a8671479b0
NDM_003032,Keetmanshoop,1522,Standard,USSD,Android,538.93,7,Medium,DEV_0003032,e6fcca7ae30276dc
NDM_003033,Rundu,2408,Standard,USSD,Android,98.36,3,Low,DEV_0003033,ffa23b7080e2fafc
NDM_003034,Windhoek,1742,Standard,USSD,Android,859.28,3,Low,DEV_0003034,8763a86dc5e637ad
NDM_003035,Windhoek,3497,Standard,Mobile_App,Android,408.96,6,Low,DEV_0003035,8615747500316a06
NDM_003036,Walvis Bay,2067,Premium,USSD,Android,759.49,3,Low,DEV_0003036,dcee93f4104f341d
NDM_003037,Swakopmund,904,Standard,USSD,Android,1622.46,6,Low,DEV_0003037,565bdee92ff9a82f
NDM_003038,Windhoek,1841,Premium,Web,Android,469.77,4,Low,DEV_0003038,30c1172dc6b3cfb7
NDM_003039,Windhoek,3320,Standard,Web,Android,417.04,6,Low,DEV_0003039,1ad7686a3cdc40f2
NDM_003040,Windhoek,2172,Standard,USSD,Android,504.26,3,Low,DEV_0003040,d960ddbb7d91dfd6
NDM_003041,Swakopmund,2910,Standard,Web,Android,320.92,3,Medium,DEV_0003041,2d035353edcf4cec
NDM_003042,Oshakati,1842,Premium,Web,Android,530.98,5,Low,DEV_0003042,6a83a2b2acb386a2
NDM_003043,Swakopmund,2215,Standard,USSD,Android,181.32,5,Low,DEV_0003043,fef1c82e6a32573c
NDM_003044,Keetmanshoop,375,Standard,Web,Android,710.68,2,Low,DEV_0003044,832774a42366ea5d
NDM_003045,Swakopmund,2990,Standard,USSD,Android,524.63,3,Medium,DEV_0003045,9e8731d0fd38cd2f
NDM_003046,Rundu,1188,Standard,Web,Android,1178.38,8,Medium,DEV_0003046,b03f13e9c99b813e
NDM_003047,Keetmanshoop,102,Standard,Web,iOS,687.05,4,Low,DEV_0003047,730cb03eeb7ce149
NDM_003048,Oshakati,295,Premium,USSD,iOS,310.9,4,Low,DEV_0003048,fc09dde1841fac22
NDM_003049,Oshakati,1052,Standard,USSD,iOS,688.58,2,Low,DEV_0003049,86b7de6c8697cd08
NDM_003050,Walvis Bay,604,Standard,USSD,Android,662.47,7,Low,DEV_0003050,e37d1e907b957c16
NDM_003051,Windhoek,1246,Standard,Web,iOS,314.17,4,Medium,DEV_0003051,7683a5ca177d3b15
NDM_003052,Windhoek,1551,Standard,USSD,Android,516.46,6,Low,DEV_0003052,6cda5b0223f959e8
NDM_003053,Windhoek,2142,Standard,Web,iOS,2304.18,4,Low,DEV_0003053,175249330244297a
NDM_003054,Windhoek,3558,Premium,USSD,Android,1085.14,6,Medium,DEV_0003054,1696a49f933f159f
NDM_003055,Walvis Bay,2649,Standard,USSD,Android,132.87,3,Low,DEV_0003055,3c8653e6c9e7fd28
NDM_003056,Windhoek,687,Premium,USSD,iOS,216.15,2,Low,DEV_0003056,bd81fca13860d42b
NDM_003057,Swakopmund,1406,Standard,USSD,Android,560.93,6,Low,DEV_0003057,348605f06b211ff3
NDM_003058,Swakopmund,1205,Standard,USSD,Android,330.18,3,Low,DEV_0003058,f95bc9b101e5aef6
NDM_003059,Windhoek,1981,Premium,Mobile_App,Android,497.47,3,Low,DEV_0003059,b3b3961b07181f1d
NDM_003060,Windhoek,1267,Standard,Web,Android,827.57,3,Medium,DEV_0003060,5e228069300f8473
NDM_003061,Oshakati,1367,Standard,USSD,Android,365.55,4,Low,DEV_0003061,d717f24ef62de106
NDM_003062,Windhoek,3264,Premium,USSD,Android,197.73,4,Medium,DEV_0003062,2a175f4b63a79af1
NDM_003063,Rundu,3061,Premium,Web,Android,320.23,3,Low,DEV_0003063,364ce03fb5d3894a
NDM_003064,Windhoek,1405,Standard,USSD,Android,635.88,6,Low,DEV_0003064,eda99ed37885296f
NDM_003065,Keetmanshoop,795,Standard,Web,Android,694.17,4,Low,DEV_0003065,5bea092435236313
NDM_003066,Swakopmund,657,Standard,USSD,iOS,288.86,4,Low,DEV_0003066,ae476ea70a63975a
NDM_003067,Windhoek,1556,Standard,USSD,Android,380.31,4,Low,DEV_0003067,59bf48eff58e4f90
NDM_003068,Walvis Bay,1062,Business,USSD,Android,364.74,2,Low,DEV_0003068,6f6495f0771096f8
NDM_003069,Swakopmund,3316,Standard,Web,iOS,623.76,2,Low,DEV_0003069,108874b3b970a0aa
NDM_003070,Windhoek,3494,Standard,Web,Android,172.82,1,Low,DEV_0003070,1cbb385cd628a99f
NDM_003071,Windhoek,1642,Standard,USSD,Android,389.7,5,Low,DEV_0003071,abe22e7a32d8ad84
NDM_003072,Keetmanshoop,2199,Standard,USSD,Android,153.96,4,Medium,DEV_0003072,630148a4d2349a07
NDM_003073,Keetmanshoop,3252,Premium,Web,Android,567.68,4,High,DEV_0003073,b6556fe5bbaffd72
NDM_003074,Windhoek,3359,Standard,USSD,Android,194.53,2,Low,DEV_0003074,9f384907a0cbb8af
NDM_003075,Oshakati,229,Standard,USSD,Android,350.76,2,Low,DEV_0003075,08e96ce574e75b6a
NDM_003076,Windhoek,2617,Standard,USSD,iOS,262.65,4,Low,DEV_0003076,8db68f4865c85b42
NDM_003077,Windhoek,1434,Standard,USSD,Android,345.5,2,Low,DEV_0003077,4c8c0ffcbb6cf789
NDM_003078,Rundu,526,Standard,Mobile_App,Android,347.13,4,Low,DEV_0003078,5c6ba3358e526a68
NDM_003079,Rundu,2474,Premium,USSD,iOS,589.58,4,Low,DEV_0003079,be62773c212f9244
NDM_003080,Oshakati,925,Standard,USSD,Android,327.72,7,Low,DEV_0003080,3e354ef6c82d360e
NDM_003081,Windhoek,528,Standard,USSD,iOS,254.85,4,Low,DEV_0003081,20a4b0ea4cbbf56a
NDM_003082,Walvis Bay,2177,Business,USSD,iOS,1523.76,1,Low,DEV_0003082,d2f077636da41b07
NDM_003083,Swakopmund,964,Standard,USSD,iOS,2291.0,4,Low,DEV_0003083,cd89c0ca52a2517a
NDM_003084,Walvis Bay,724,Standard,USSD,Android,611.25,2,Low,DEV_0003084,d9a74142e65d36c8
NDM_003085,Windhoek,3122,Standard,USSD,Android,511.33,5,Low,DEV_0003085,cc77f6fd00f4d3e5
NDM_003086,Walvis Bay,1221,Standard,USSD,Android,546.14,1,Low,DEV_0003086,01d5a3f8e4bfbf5d
NDM_003087,Windhoek,2117,Standard,Web,Android,1121.11,3,Low,DEV_0003087,0d3add8fd089a510
NDM_003088,Oshakati,2957,Standard,Web,Android,795.94,4,Low,DEV_0003088,58a1346a30c5cfe3
NDM_003089,Swakopmund,253,Standard,USSD,Android,915.02,3,Low,DEV_0003089,8fb7ae42c0bdd3af
NDM_003090,Oshakati,998,Standard,USSD,Android,567.24,3,Low,DEV_0003090,e9b47d208992a803
NDM_003091,Windhoek,3469,Standard,Mobile_App,Android,257.33,5,Low,DEV_0003091,85829754278bd0f2
NDM_003092,Walvis Bay,1613,Standard,Web,Android,334.74,12,Low,DEV_0003092,d6c6cb92aa45ad2c
NDM_003093,Windhoek,443,Standard,USSD,Android,329.15,2,Low,DEV_0003093,065258e726a1f2fe
NDM_003094,Rundu,2848,Standard,USSD,Android,371.3,5,Low,DEV_0003094,e9b0705c460501ce
NDM_003095,Windhoek,3046,Standard,Web,iOS,809.35,2,Low,DEV_0003095,62d28ab862a930c4
NDM_003096,Swakopmund,2878,Premium,Mobile_App,Android,330.99,3,Medium,DEV_0003096,245f78299bb7d44a
NDM_003097,Swakopmund,2313,Standard,USSD,Android,638.73,5,Low,DEV_0003097,45c50e28406c2279
NDM_003098,Oshakati,1255,Standard,USSD,iOS,417.94,1,Low,DEV_0003098,6e1df45084eb697b
NDM_003099,Swakopmund,1025,Premium,Web,Android,1328.29,2,Medium,DEV_0003099,a5c2453afcbf7979
NDM_003100,Walvis Bay,1750,Standard,USSD,Android,526.74,1,Low,DEV_0003100,0e18625f331abda6
NDM_003101,Oshakati,3492,Standard,USSD,Android,1590.92,5,Low,DEV_0003101,227c7147e2d4d830
NDM_003102,Windhoek,2553,Standard,Mobile_App,Android,1085.96,3,Medium,DEV_0003102,e9b55e37cfe6c93f
NDM_003103,Windhoek,721,Standard,USSD,iOS,962.34,4,Low,DEV_0003103,808df33b83ec7cf8
NDM_003104,Oshakati,725,Premium,USSD,Android,288.9,2,Low,DEV_0003104,46e078f5bdb34976
NDM_003105,Windhoek,948,Standard,Web,Android,52.93,4,Low,DEV_0003105,45bdfcca7cceed82
NDM_003106,Rundu,1978,Standard,USSD,Android,235.78,1,High,DEV_0003106,5e506a5de8fd2ac2
NDM_003107,Windhoek,2556,Standard,USSD,Android,411.67,3,Low,DEV_0003107,74170cab75692c89
NDM_003108,Windhoek,199,Standard,Web,Android,251.0,4,Low,DEV_0003108,6d3000392c8679a2
NDM_003109,Windhoek,501,Standard,USSD,Android,919.33,4,Low,DEV_0003109,82fd59a5a28dd727
NDM_003110,Swakopmund,3634,Standard,USSD,Android,988.31,2,Low,DEV_0003110,e2c2228a9585fa06
NDM_003111,Rundu,1923,Business,Web,Android,221.33,1,Low,DEV_0003111,ab8282947b034575
NDM_003112,Walvis Bay,3470,Standard,Web,Android,598.74,5,Medium,DEV_0003112,dea6c369656ad366
NDM_003113,Walvis Bay,1880,Premium,USSD,Android,937.22,6,Low,DEV_0003113,e33fa2ba3f8b9671
NDM_003114,Windhoek,186,Standard,USSD,Android,1285.93,3,Low,DEV_0003114,b86ace5be04726c7
NDM_003115,Rundu,3551,Standard,USSD,Android,799.65,3,Low,DEV_0003115,bff7dd34e4eb50a1
NDM_003116,Rundu,1446,Standard,USSD,Android,644.36,5,Low,DEV_0003116,af00113cc944b922
NDM_003117,Oshakati,1494,Business,USSD,Android,445.33,5,Low,DEV_0003117,dbf69a9f70895c7f
NDM_003118,Windhoek,3413,Premium,USSD,iOS,441.12,3,Low,DEV_0003118,e01a36f84afd81e3
NDM_003119,Windhoek,1617,Standard,USSD,Android,212.61,3,Low,DEV_0003119,d2beb993c314650d
NDM_003120,Windhoek,201,Standard,USSD,Android,130.72,4,Low,DEV_0003120,0809045e7d77afb4
NDM_003121,Swakopmund,3247,Standard,USSD,iOS,181.12,5,Medium,DEV_0003121,da3b32dc4ca1d757
NDM_003122,Swakopmund,1794,Standard,Mobile_App,Android,253.19,6,Low,DEV_0003122,9e7858acccc43377
NDM_003123,Windhoek,1652,Standard,USSD,Android,1029.86,3,Low,DEV_0003123,fad364b0ff569097
NDM_003124,Keetmanshoop,3486,Standard,Web,Android,572.93,7,Low,DEV_0003124,ffd5ed2b1b6799f7
NDM_003125,Windhoek,57,Standard,Web,Android,304.78,3,Low,DEV_0003125,7a958fb3e29ab3f7
NDM_003126,Keetmanshoop,1386,Standard,Web,Android,748.05,6,Low,DEV_0003126,4deb3ff0b51d62b0
NDM_003127,Rundu,2644,Standard,USSD,Android,327.21,4,Low,DEV_0003127,29829810a8bca3ba
NDM_003128,Oshakati,628,Business,USSD,Android,228.36,1,Low,DEV_0003128,04e785a11ff7f1e7
NDM_003129,Windhoek,3378,Standard,Web,Android,298.28,3,Low,DEV_0003129,672c4aef419239f7
NDM_003130,Walvis Bay,2326,Premium,USSD,iOS,818.48,5,Low,DEV_0003130,1368477ac389a31d
NDM_003131,Oshakati,2692,Standard,USSD,Android,372.01,1,Low,DEV_0003131,a80ad468c55d49df
NDM_003132,Rundu,1815,Standard,USSD,Android,170.56,3,Low,DEV_0003132,c07df8abfc03a5e1
NDM_003133,Windhoek,428,Standard,USSD,Android,403.52,5,Medium,DEV_0003133,87c0b628f3f4943c
NDM_003134,Keetmanshoop,1584,Standard,Mobile_App,iOS,130.32,5,Low,DEV_0003134,bb50dab5eecdd2f4
NDM_003135,Walvis Bay,927,Standard,USSD,Android,597.23,8,Low,DEV_0003135,84616b3bc14a0d7d
NDM_003136,Rundu,1082,Standard,USSD,Android,274.54,2,Low,DEV_0003136,dda011a241eaf4ef
NDM_003137,Windhoek,105,Standard,USSD,Android,262.31,1,Low,DEV_0003137,3ad829346e9d871a
NDM_003138,Windhoek,2812,Standard,Web,iOS,1029.17,5,Low,DEV_0003138,06920f36f8695b1d
NDM_003139,Walvis Bay,225,Standard,Web,Android,585.8,3,Low,DEV_0003139,f362dd986821b16e
NDM_003140,Oshakati,1826,Standard,USSD,Android,802.38,3,Low,DEV_0003140,019e24e68f29588b
NDM_003141,Oshakati,3296,Standard,Web,Android,389.02,3,Low,DEV_0003141,5eae8368cd4b94fa
NDM_003142,Windhoek,1331,Standard,USSD,Android,826.07,5,Low,DEV_0003142,85e26e8e317ac19f
NDM_003143,Windhoek,849,Standard,USSD,iOS,1046.82,3,Low,DEV_0003143,befb9e513bc8f26a
NDM_003144,Swakopmund,3048,Standard,Web,iOS,788.98,2,Low,DEV_0003144,25db209c49b7380e
NDM_003145,Walvis Bay,3583,Premium,USSD,Android,198.7,1,Low,DEV_0003145,9da910377ce466b7
NDM_003146,Rundu,1916,Premium,USSD,iOS,474.08,2,Low,DEV_0003146,340a020b0386aedb
NDM_003147,Oshakati,1738,Standard,Mobile_App,iOS,347.2,5,Low,DEV_0003147,58f46f44bbf56ccf
NDM_003148,Swakopmund,461,Standard,Web,Android,498.78,5,Low,DEV_0003148,7201e3d2537fbc68
NDM_003149,Windhoek,1363,Standard,USSD,iOS,392.06,9,Low,DEV_0003149,decb1cfa3045ab9a
NDM_003150,Windhoek,1516,Standard,USSD,Android,544.04,4,Low,DEV_0003150,c6732a8fe949e0c5
NDM_003151,Walvis Bay,1244,Standard,USSD,Android,1311.64,5,Low,DEV_0003151,1be3daebcbd9b268
NDM_003152,Windhoek,70,Standard,Web,Android,254.28,4,Medium,DEV_0003152,754898a7ef33fca0
NDM_003153,Oshakati,3463,Standard,Mobile_App,iOS,468.49,2,Medium,DEV_0003153,a40fc633be4880d8
NDM_003154,Walvis Bay,1329,Standard,USSD,Android,829.38,4,Low,DEV_0003154,8785e444a8ddcecb
NDM_003155,Swakopmund,1930,Standard,USSD,Android,967.87,3,Low,DEV_0003155,55d2640a508e6c47
NDM_003156,Windhoek,374,Standard,USSD,Android,518.92,4,Low,DEV_0003156,101f3958a111791d
NDM_003157,Windhoek,3302,Standard,USSD,Android,507.03,4,Low,DEV_0003157,53be4f7da7680c9c
NDM_003158,Windhoek,1996,Standard,USSD,Android,838.94,5,Low,DEV_0003158,5a43817a89325146
NDM_003159,Walvis Bay,122,Premium,Mobile_App,Android,705.25,7,Low,DEV_0003159,c7050ea624997f55
NDM_003160,Windhoek,832,Standard,USSD,Android,783.31,3,Low,DEV_0003160,9158be20b35f6ac8
NDM_003161,Oshakati,289,Standard,USSD,Android,1983.13,2,Low,DEV_0003161,b11674887885f4c4
NDM_003162,Oshakati,498,Standard,Web,Android,193.48,6,Low,DEV_0003162,c1e5b08fcced6233
NDM_003163,Walvis Bay,1884,Standard,USSD,Android,506.62,4,Low,DEV_0003163,3c8b47e785776b61
NDM_003164,Walvis Bay,1493,Standard,USSD,Android,642.24,3,Low,DEV_0003164,46a93616bc99e924
NDM_003165,Swakopmund,765,Standard,USSD,iOS,416.02,3,Low,DEV_0003165,62deceed0e73a96b
NDM_003166,Windhoek,3475,Standard,Web,Android,183.48,4,Low,DEV_0003166,9ab9ba1c8147803b
NDM_003167,Windhoek,3463,Standard,USSD,Android,916.1,8,Low,DEV_0003167,55185917282061fb
NDM_003168,Walvis Bay,2394,Standard,USSD,iOS,571.42,4,Low,DEV_0003168,832fdf0793a9291a
NDM_003169,Windhoek,3159,Standard,USSD,iOS,437.06,4,Low,DEV_0003169,fc934d952d73a6ea
NDM_003170,Walvis Bay,1193,Standard,Mobile_App,iOS,349.67,3,Low,DEV_0003170,bd5230fa90643adb
NDM_003171,Windhoek,1931,Standard,USSD,Android,104.57,5,Medium,DEV_0003171,6973f6a815c70490
NDM_003172,Windhoek,3546,Standard,USSD,iOS,504.42,2,Low,DEV_0003172,2e12ef46e336f2d1
NDM_003173,Walvis Bay,1476,Standard,Web,Android,374.2,7,Low,DEV_0003173,546d005e6fa97f21
NDM_003174,Windhoek,288,Standard,USSD,iOS,2092.68,2,Low,DEV_0003174,c42baa02541643a5
NDM_003175,Walvis Bay,1803,Standard,USSD,Android,1278.64,5,Low,DEV_0003175,43de4cf6e9568c48
NDM_003176,Rundu,3549,Premium,USSD,Android,2130.61,3,Medium,DEV_0003176,4e78bad006d936fd
NDM_003177,Windhoek,764,Standard,Web,Android,461.82,3,Low,DEV_0003177,e1dea17a6941177f
NDM_003178,Oshakati,2416,Standard,USSD,Android,1354.25,4,Low,DEV_0003178,9201985223242b51
NDM_003179,Swakopmund,3137,Standard,USSD,Android,1534.25,4,Low,DEV_0003179,84211f82842895b3
NDM_003180,Swakopmund,3178,Standard,Web,Android,470.03,6,Medium,DEV_0003180,eed94832a46d3bf0
NDM_003181,Walvis Bay,2706,Premium,USSD,iOS,877.82,6,Low,DEV_0003181,83c5fef0d6ed6e16
NDM_003182,Swakopmund,2703,Standard,USSD,iOS,198.81,3,Low,DEV_0003182,8ae206dbaa37f675
NDM_003183,Keetmanshoop,2622,Standard,Mobile_App,Android,255.16,2,High,DEV_0003183,c7b22d6018707bdc
NDM_003184,Walvis Bay,3039,Standard,USSD,iOS,380.85,3,Low,DEV_0003184,a86701a348d06b68
NDM_003185,Windhoek,532,Standard,USSD,iOS,231.05,5,High,DEV_0003185,27fa6188a426e427
NDM_003186,Keetmanshoop,2231,Business,USSD,Android,227.09,5,Low,DEV_0003186,d93f4b10fc002ce8
NDM_003187,Keetmanshoop,1431,Standard,USSD,iOS,154.97,3,Low,DEV_0003187,d43b094998047817
NDM_003188,Rundu,1856,Premium,USSD,iOS,165.14,7,Low,DEV_0003188,e9b86397614592b0
NDM_003189,Windhoek,998,Premium,USSD,iOS,155.35,6,Low,DEV_0003189,730987df133ccb10
NDM_003190,Walvis Bay,1921,Premium,USSD,Android,252.77,3,Low,DEV_0003190,6345fdd4d5adecd9
NDM_003191,Swakopmund,2890,Standard,USSD,Android,310.73,5,Low,DEV_0003191,4404f9aa5a63e992
NDM_003192,Windhoek,942,Standard,Web,iOS,403.44,2,Low,DEV_0003192,6c217b4dbf469e3c
NDM_003193,Windhoek,1705,Standard,USSD,Android,287.01,5,High,DEV_0003193,a29668bdf9cc81b7
NDM_003194,Swakopmund,958,Standard,Web,Android,960.8,4,Low,DEV_0003194,6647e4af8a394e19
NDM_003195,Windhoek,441,Premium,USSD,Android,357.94,3,Medium,DEV_0003195,8d36194431f26bf4
NDM_003196,Walvis Bay,2250,Standard,USSD,iOS,368.18,2,Low,DEV_0003196,8bca6f8c08c729e4
NDM_003197,Swakopmund,553,Standard,USSD,Android,309.74,7,Low,DEV_0003197,21cd30bbffa071a6
NDM_003198,Windhoek,3330,Standard,Mobile_App,Android,835.01,2,High,DEV_0003198,e5810e1adbd4170f
NDM_003199,Windhoek,2085,Business,USSD,Android,157.28,7,Low,DEV_0003199,84ab86b06f3e50c7
NDM_003200,Windhoek,3068,Standard,Web,Android,371.07,9,Low,DEV_0003200,8cc97204e1e64a00
NDM_003201,Keetmanshoop,185,Business,Web,Android,258.02,3,Low,DEV_0003201,0f9f10b9029728f3
NDM_003202,Swakopmund,1028,Standard,USSD,Android,507.23,3,Low,DEV_0003202,647150dd4bd92068
NDM_003203,Swakopmund,2719,Standard,Web,iOS,704.67,3,Low,DEV_0003203,bff2381318f868ba
NDM_003204,Walvis Bay,1450,Premium,USSD,Android,261.18,8,Low,DEV_0003204,17df7b0f7e02eebe
NDM_003205,Windhoek,3233,Standard,USSD,iOS,473.22,3,Medium,DEV_0003205,9f85d7a0cd6b2785
NDM_003206,Windhoek,1200,Premium,Web,iOS,140.51,5,Low,DEV_0003206,5fdf3c657f173060
NDM_003207,Windhoek,1101,Standard,USSD,Android,1059.08,3,Low,DEV_0003207,f907670af05576dd
NDM_003208,Walvis Bay,2464,Standard,USSD,iOS,280.15,6,Low,DEV_0003208,c34e0bbcef4f1c0e
NDM_003209,Swakopmund,1866,Standard,Mobile_App,Android,855.9,5,Medium,DEV_0003209,b179cd11111aabe0
NDM_003210,Walvis Bay,2275,Standard,Mobile_App,Android,135.05,4,Low,DEV_0003210,0fd86958e1dc6188
NDM_003211,Walvis Bay,3610,Standard,Web,Android,759.63,4,Low,DEV_0003211,468434e92496778e
NDM_003212,Walvis Bay,2279,Premium,Mobile_App,iOS,1025.55,3,Low,DEV_0003212,9760b2177a8ae323
NDM_003213,Walvis Bay,3080,Premium,Mobile_App,iOS,154.78,5,Medium,DEV_0003213,1539eba4cd29329a
NDM_003214,Windhoek,3116,Standard,Web,iOS,611.2,2,Low,DEV_0003214,655e63937ae8b0b2
NDM_003215,Swakopmund,1861,Standard,Web,Android,260.29,7,Low,DEV_0003215,30dd315089fd8799
NDM_003216,Windhoek,3026,Standard,USSD,Android,1073.63,5,Medium,DEV_0003216,35e19c78556397a7
NDM_003217,Swakopmund,3590,Standard,Web,Android,620.69,3,High,DEV_0003217,c7604a23a2b23e1e
NDM_003218,Rundu,2503,Standard,USSD,iOS,785.15,4,Low,DEV_0003218,b84ea4c8f02d6a09
NDM_003219,Windhoek,1955,Premium,Mobile_App,Android,342.75,4,Medium,DEV_0003219,16ac2a123a5da972
NDM_003220,Keetmanshoop,179,Premium,USSD,iOS,378.2,1,Low,DEV_0003220,1a0f3e7d29094864
NDM_003221,Windhoek,1408,Standard,Web,iOS,430.96,3,Low,DEV_0003221,1a3938a51efa1862
NDM_003222,Windhoek,2198,Standard,USSD,Android,140.91,3,Low,DEV_0003222,b8f007a146628fc1
NDM_003223,Walvis Bay,2945,Standard,USSD,iOS,169.35,3,Low,DEV_0003223,cdfd958d50303852
NDM_003224,Windhoek,81,Standard,Web,Android,173.49,7,Low,DEV_0003224,61bca12820c4934b
NDM_003225,Oshakati,1079,Premium,USSD,Android,970.81,2,Low,DEV_0003225,dd735f69531f9dce
NDM_003226,Swakopmund,1048,Standard,USSD,Android,556.17,5,Medium,DEV_0003226,12b7d40268e520f6
NDM_003227,Oshakati,3104,Standard,USSD,Android,257.84,5,Low,DEV_0003227,9611821d15805a9f
NDM_003228,Swakopmund,174,Standard,USSD,Android,216.99,3,Low,DEV_0003228,5a44726ff4f973ba
NDM_003229,Swakopmund,3451,Standard,USSD,iOS,731.95,5,Low,DEV_0003229,e13df3f695f95733
NDM_003230,Oshakati,620,Standard,USSD,Android,711.75,5,High,DEV_0003230,686de0f95eb568c5
NDM_003231,Walvis Bay,649,Standard,Web,Android,1469.23,4,Low,DEV_0003231,6924af6705da18ee
NDM_003232,Rundu,221,Business,USSD,Android,454.41,6,Low,DEV_0003232,4d1cf44e4ee83e26
NDM_003233,Windhoek,2417,Standard,Web,iOS,2072.06,5,Low,DEV_0003233,ba4bcc1f9f77a908
NDM_003234,Windhoek,3311,Standard,Web,Android,859.11,5,Low,DEV_0003234,9b353ae239b7c0c8
NDM_003235,Windhoek,653,Standard,USSD,iOS,272.42,3,Low,DEV_0003235,438e092abc8ea7a9
NDM_003236,Windhoek,1640,Standard,USSD,Android,1279.35,6,Low,DEV_0003236,8a7b502cbe4cf33a
NDM_003237,Windhoek,3066,Standard,Web,Android,1070.42,3,Medium,DEV_0003237,8ecd85a98b006386
NDM_003238,Windhoek,1246,Standard,Web,iOS,262.27,2,Low,DEV_0003238,e899df39dfd610fd
NDM_003239,Oshakati,1315,Standard,USSD,iOS,540.47,2,Medium,DEV_0003239,c0d7b1bcea6d3175
NDM_003240,Keetmanshoop,1917,Standard,Web,Android,50.84,2,Low,DEV_0003240,eb49a5272c52ba66
NDM_003241,Oshakati,3649,Standard,USSD,iOS,929.15,5,Low,DEV_0003241,ffd1273912e6912b
NDM_003242,Swakopmund,1440,Standard,USSD,Android,1750.01,4,Low,DEV_0003242,cfac7b144105768f
NDM_003243,Keetmanshoop,1501,Standard,Web,iOS,417.38,6,Low,DEV_0003243,52bdffe704246e9f
NDM_003244,Windhoek,2718,Premium,USSD,Android,1941.52,3,Low,DEV_0003244,6b2b50b2f304c5e7
NDM_003245,Windhoek,906,Premium,USSD,Android,323.19,4,High,DEV_0003245,6d1059baf4b88b23
NDM_003246,Keetmanshoop,1405,Standard,Mobile_App,Android,149.96,5,Medium,DEV_0003246,2a5491173b06d674
NDM_003247,Oshakati,2494,Standard,Web,iOS,208.89,4,Low,DEV_0003247,360740e25b796dfb
NDM_003248,Windhoek,1678,Standard,USSD,iOS,680.91,4,Medium,DEV_0003248,113c6c714e8d6c10
NDM_003249,Rundu,2433,Standard,Web,iOS,200.18,5,Low,DEV_0003249,7d9031b141bcee57
NDM_003250,Oshakati,570,Standard,Web,Android,179.9,2,Low,DEV_0003250,db5fb34e4c13d013
NDM_003251,Walvis Bay,3334,Standard,Web,iOS,461.51,3,Low,DEV_0003251,ad8a65c662033a7f
NDM_003252,Windhoek,2370,Standard,USSD,Android,496.45,6,Low,DEV_0003252,d06f15d3c20549bf
NDM_003253,Swakopmund,2376,Standard,USSD,Android,1924.54,4,High,DEV_0003253,1cffc34d44ae874a
NDM_003254,Windhoek,2004,Business,USSD,Android,363.85,6,High,DEV_0003254,357c49aa6eb63bf3
NDM_003255,Swakopmund,1892,Standard,USSD,Android,472.54,2,Low,DEV_0003255,da724c18b4c90d21
NDM_003256,Windhoek,2890,Premium,Web,Android,102.08,4,Medium,DEV_0003256,2f45b0bcd280481d
NDM_003257,Oshakati,1848,Premium,Mobile_App,iOS,178.37,3,Low,DEV_0003257,197567d445a69fa2
NDM_003258,Oshakati,529,Standard,Web,Android,351.27,4,Low,DEV_0003258,d4e6d14628957ad3
NDM_003259,Oshakati,643,Standard,Web,Android,526.13,4,High,DEV_0003259,97a10c09b62aa4a0
NDM_003260,Windhoek,3572,Standard,Web,Android,666.34,3,Medium,DEV_0003260,38d37fc0426b7376
NDM_003261,Walvis Bay,2551,Standard,Web,iOS,796.25,5,Low,DEV_0003261,b1c5e9b77245f493
NDM_003262,Swakopmund,764,Standard,Web,Android,1541.77,4,Low,DEV_0003262,3595b8a013b10fd2
NDM_003263,Walvis Bay,123,Standard,USSD,Android,358.86,5,Low,DEV_0003263,d2b481a634c20aee
NDM_003264,Windhoek,2332,Business,Mobile_App,Android,367.15,4,Medium,DEV_0003264,06ee8e933565f580
NDM_003265,Windhoek,1756,Standard,USSD,Android,469.34,4,Medium,DEV_0003265,efe78d75be2868d9
NDM_003266,Swakopmund,3067,Standard,USSD,Android,307.69,5,Low,DEV_0003266,865926868e03684b
NDM_003267,Walvis Bay,1560,Standard,USSD,Android,3001.43,5,Medium,DEV_0003267,d649230306507420
NDM_003268,Walvis Bay,1116,Standard,Web,Android,525.14,1,Low,DEV_0003268,30243b4dfe4e6831
NDM_003269,Windhoek,2883,Standard,Web,Android,353.55,3,Medium,DEV_0003269,00f0263fa2e2d026
NDM_003270,Windhoek,698,Standard,Web,Android,192.49,3,Low,DEV_0003270,e73bbdae549e3631
NDM_003271,Walvis Bay,2161,Standard,Web,Android,632.42,6,Low,DEV_0003271,0c6aeac9d18d9f5b
NDM_003272,Windhoek,1355,Standard,USSD,Android,347.17,3,Medium,DEV_0003272,6953a8b583183fef
NDM_003273,Windhoek,2765,Standard,Web,Android,138.95,4,Low,DEV_0003273,4517da26e9271c11
NDM_003274,Walvis Bay,1082,Standard,USSD,Android,812.3,4,Low,DEV_0003274,77641af42e3b7571
NDM_003275,Windhoek,1653,Premium,USSD,iOS,335.27,7,Medium,DEV_0003275,fc62680de63c5454
NDM_003276,Walvis Bay,1815,Premium,USSD,iOS,156.1,3,Low,DEV_0003276,8144048fbf690452
NDM_003277,Oshakati,2880,Premium,USSD,iOS,445.32,3,Low,DEV_0003277,a2c5ce5deaaf58d7
NDM_003278,Walvis Bay,2904,Standard,USSD,Android,1970.86,3,Low,DEV_0003278,97886ec6df93cf28
NDM_003279,Swakopmund,2242,Standard,USSD,Android,1215.96,5,Medium,DEV_0003279,90cd855b59e12730
NDM_003280,Walvis Bay,2165,Premium,USSD,iOS,2259.78,4,High,DEV_0003280,3c52cd84f2a49981
NDM_003281,Windhoek,3120,Standard,USSD,iOS,258.34,6,Low,DEV_0003281,57f98bf90a8fb468
NDM_003282,Windhoek,2609,Standard,USSD,Android,275.61,3,Low,DEV_0003282,a61a2aad01604b0e
NDM_003283,Walvis Bay,587,Standard,USSD,Android,176.33,2,Low,DEV_0003283,a7f4265c47020714
NDM_003284,Rundu,1244,Standard,USSD,iOS,922.71,4,Low,DEV_0003284,288b38c63848ea48
NDM_003285,Rundu,2574,Standard,Web,iOS,1331.94,2,Low,DEV_0003285,fd6aea4394e76c60
NDM_003286,Windhoek,3495,Standard,USSD,Android,691.39,3,Low,DEV_0003286,cb491ecaa7f1044f
NDM_003287,Walvis Bay,210,Standard,Mobile_App,Android,616.52,2,Low,DEV_0003287,a06aee8483c227ba
NDM_003288,Rundu,2075,Standard,USSD,Android,742.71,6,Low,DEV_0003288,48ba266ff2958812
NDM_003289,Windhoek,971,Standard,USSD,iOS,160.92,3,Medium,DEV_0003289,04debdcc52cc3a4d
NDM_003290,Keetmanshoop,2093,Standard,USSD,iOS,690.55,3,Low,DEV_0003290,5c25f72d4d48b927
NDM_003291,Walvis Bay,1144,Standard,USSD,Android,285.95,5,Medium,DEV_0003291,ae40c76355d67eb5
NDM_003292,Swakopmund,2530,Standard,USSD,Android,484.22,4,Low,DEV_0003292,6c6e6f529ab3c124
NDM_003293,Walvis Bay,2499,Standard,USSD,Android,782.34,3,Low,DEV_0003293,ab6498e999895604
NDM_003294,Swakopmund,2087,Standard,USSD,Android,1720.33,4,Medium,DEV_0003294,0c004b23cfb0e493
NDM_003295,Swakopmund,1294,Standard,USSD,Android,2327.77,9,Low,DEV_0003295,ab1e118e3a1b2ba0
NDM_003296,Windhoek,3107,Premium,Web,iOS,1036.01,5,Low,DEV_0003296,79e2a5cc73406c1b
NDM_003297,Oshakati,205,Premium,USSD,iOS,283.58,6,Low,DEV_0003297,cc45ac31d0531936
NDM_003298,Windhoek,1368,Standard,Web,iOS,466.37,5,Low,DEV_0003298,842fa3b8c2ffb5ac
NDM_003299,Walvis Bay,592,Standard,USSD,Android,197.99,4,Medium,DEV_0003299,96bdf0a992c89095
NDM_003300,Windhoek,841,Premium,Web,iOS,1397.19,4,Low,DEV_0003300,9b264c1bcb55d45a
NDM_003301,Windhoek,2135,Premium,USSD,iOS,938.97,2,Low,DEV_0003301,70fe8c89477f864b
NDM_003302,Oshakati,1031,Standard,USSD,Android,634.15,7,Low,DEV_0003302,63c1c9ac221f83b2
NDM_003303,Rundu,2292,Standard,USSD,iOS,349.43,5,Low,DEV_0003303,b65bf62918d1b92a
NDM_003304,Rundu,3516,Premium,USSD,iOS,890.81,5,Medium,DEV_0003304,e09aa4a1455af063
NDM_003305,Windhoek,2198,Standard,USSD,iOS,405.61,3,Low,DEV_0003305,16ec1ee904210dd2
NDM_003306,Oshakati,319,Standard,USSD,Android,1038.89,2,Low,DEV_0003306,e72953b1e4dc9d3c
NDM_003307,Keetmanshoop,302,Standard,Web,Android,5537.18,3,Low,DEV_0003307,cd6b0d6d0b17554e
NDM_003308,Oshakati,2249,Standard,Web,iOS,1159.44,5,Low,DEV_0003308,8623f8c51e100c0a
NDM_003309,Windhoek,3258,Premium,Mobile_App,Android,1272.83,5,Low,DEV_0003309,c60c9f7455b45aed
NDM_003310,Windhoek,1682,Standard,Mobile_App,Android,514.66,6,High,DEV_0003310,3b09f87f4ac20153
NDM_003311,Windhoek,961,Standard,Mobile_App,Android,502.52,3,Low,DEV_0003311,daef3a27d7b5d877
NDM_003312,Oshakati,387,Standard,Mobile_App,iOS,3861.4,3,Medium,DEV_0003312,83277647d66b19ba
NDM_003313,Windhoek,1946,Standard,USSD,Android,833.28,2,Medium,DEV_0003313,5868a54e8de08ecc
NDM_003314,Oshakati,1567,Standard,USSD,Android,1498.48,5,High,DEV_0003314,b1080dc741c1ac2a
NDM_003315,Oshakati,2497,Standard,USSD,Android,576.37,5,Low,DEV_0003315,c055516e77c74883
NDM_003316,Swakopmund,79,Standard,Web,Android,249.94,3,Low,DEV_0003316,2bc9cc89d7d26b5c
NDM_003317,Windhoek,3466,Standard,USSD,Android,1108.18,4,Low,DEV_0003317,b79aa922ee2680cb
NDM_003318,Windhoek,2747,Standard,USSD,Android,200.15,2,Low,DEV_0003318,218ffbc69f9c59eb
NDM_003319,Windhoek,3480,Premium,USSD,iOS,449.97,8,Low,DEV_0003319,7bc4d307fbddd04b
NDM_003320,Walvis Bay,3341,Premium,Web,iOS,1127.92,3,Low,DEV_0003320,5ba1652cd1ff35ec
NDM_003321,Windhoek,3425,Standard,USSD,Android,398.06,2,Low,DEV_0003321,756a1ac49bea0195
NDM_003322,Windhoek,662,Standard,USSD,Android,1126.97,2,Medium,DEV_0003322,7010f176dc09d13d
NDM_003323,Windhoek,1519,Standard,Mobile_App,Android,759.35,4,Medium,DEV_0003323,305951c467876f68
NDM_003324,Rundu,950,Standard,USSD,Android,672.14,3,Low,DEV_0003324,a7d013fb91d8d3db
NDM_003325,Oshakati,2896,Standard,USSD,Android,1434.09,4,Low,DEV_0003325,b03a3c4b94c1fe63
NDM_003326,Windhoek,1963,Standard,USSD,Android,418.38,7,Low,DEV_0003326,45a98bd63a2ce902
NDM_003327,Walvis Bay,2032,Premium,USSD,Android,3465.94,3,High,DEV_0003327,aaf2d6e0f54f0481
NDM_003328,Windhoek,1438,Standard,USSD,Android,198.54,4,Low,DEV_0003328,efdc18f6e5700dfb
NDM_003329,Windhoek,587,Business,USSD,Android,462.09,5,Low,DEV_0003329,a396ded5c9cafa6b
NDM_003330,Oshakati,1197,Standard,USSD,Android,204.47,3,Medium,DEV_0003330,02fba1c10498808d
NDM_003331,Walvis Bay,1314,Standard,USSD,Android,1084.53,2,Medium,DEV_0003331,c8e059740a976ef6
NDM_003332,Oshakati,1234,Standard,Web,Android,781.02,7,Low,DEV_0003332,c8c77aea930b123e
NDM_003333,Keetmanshoop,2614,Standard,USSD,Android,205.05,2,Medium,DEV_0003333,e0cdce02c46c55ea
NDM_003334,Oshakati,1706,Standard,USSD,Android,319.45,4,Low,DEV_0003334,571a6b955ca604c8
NDM_003335,Walvis Bay,730,Standard,USSD,Android,628.52,4,Low,DEV_0003335,00f81da9bff9cc02
NDM_003336,Rundu,348,Premium,USSD,iOS,197.21,6,Low,DEV_0003336,34dff3245bffbc75
NDM_003337,Windhoek,377,Standard,USSD,Android,2181.35,2,Low,DEV_0003337,3b11063a2c819a7a
NDM_003338,Rundu,1969,Premium,USSD,iOS,1718.19,4,Low,DEV_0003338,aadf20970476db8c
NDM_003339,Windhoek,3385,Standard,Web,Android,358.66,5,Medium,DEV_0003339,0f6ef7758346b1e4
NDM_003340,Keetmanshoop,2233,Standard,USSD,Android,234.41,2,High,DEV_0003340,55f12a3abcf3fb2d
NDM_003341,Windhoek,2163,Standard,Web,iOS,121.48,2,Medium,DEV_0003341,7ba9a0b35f63fb65
NDM_003342,Oshakati,2874,Premium,USSD,Android,274.45,4,Low,DEV_0003342,490c4d3756fd70e8
NDM_003343,Windhoek,3500,Standard,USSD,Android,391.68,4,Low,DEV_0003343,416f33f36d43ce9b
NDM_003344,Windhoek,655,Standard,USSD,iOS,111.23,4,Low,DEV_0003344,497b54a3ec1733da
NDM_003345,Windhoek,738,Standard,USSD,Android,879.47,7,Low,DEV_0003345,f74a058c3d9ab64e
NDM_003346,Swakopmund,370,Standard,USSD,Android,203.56,4,Low,DEV_0003346,7b84021384e64f33
NDM_003347,Windhoek,2503,Standard,USSD,iOS,301.97,4,Low,DEV_0003347,6f7199d20c52ead5
NDM_003348,Oshakati,864,Standard,USSD,iOS,1431.24,2,High,DEV_0003348,49501c0f77618062
NDM_003349,Walvis Bay,3325,Standard,USSD,iOS,129.35,4,Low,DEV_0003349,7cc2546a85031f38
NDM_003350,Oshakati,2303,Standard,Web,iOS,347.98,2,Low,DEV_0003350,6ba7b98528d3c6e5
NDM_003351,Walvis Bay,1219,Premium,Web,Android,1486.6,6,Low,DEV_0003351,d03faac9a26e03a4
NDM_003352,Oshakati,2400,Standard,Mobile_App,Android,310.7,3,Low,DEV_0003352,8e77cba5a0326f86
NDM_003353,Swakopmund,2223,Standard,Mobile_App,Android,660.16,2,Medium,DEV_0003353,b7f7c02ddbb14a0f
NDM_003354,Swakopmund,396,Standard,Web,Android,1039.78,4,Low,DEV_0003354,e86484e271827eaa
NDM_003355,Keetmanshoop,2538,Standard,Web,Android,233.18,5,Low,DEV_0003355,671ba471fde68a68
NDM_003356,Windhoek,1204,Premium,USSD,Android,507.21,4,Medium,DEV_0003356,8c30a85b69fbfd4e
NDM_003357,Windhoek,2814,Standard,USSD,Android,2240.66,3,Low,DEV_0003357,c6a41b706755d64c
NDM_003358,Windhoek,856,Standard,USSD,Android,257.32,3,Low,DEV_0003358,f182764434bc71d7
NDM_003359,Windhoek,1574,Premium,Web,Android,126.99,2,Low,DEV_0003359,ac3ad18c9b45487a
NDM_003360,Keetmanshoop,866,Standard,USSD,Android,221.04,3,Low,DEV_0003360,236718c98ce3a838
NDM_003361,Walvis Bay,2185,Premium,USSD,Android,1064.04,4,Medium,DEV_0003361,569b6bbee6e8b707
NDM_003362,Keetmanshoop,2664,Standard,USSD,iOS,287.6,3,Low,DEV_0003362,637bfd4009c3b039
NDM_003363,Oshakati,3153,Premium,USSD,iOS,3653.0,2,Medium,DEV_0003363,a1c91ebad3ba963e
NDM_003364,Oshakati,1088,Premium,USSD,Android,989.42,3,Low,DEV_0003364,97697d5e2966428e
NDM_003365,Walvis Bay,1817,Standard,Web,Android,386.08,7,Low,DEV_0003365,7578bcedf2cbe8c1
NDM_003366,Windhoek,3003,Premium,Web,iOS,1630.04,5,Low,DEV_0003366,df05b224e8231c8b
NDM_003367,Keetmanshoop,194,Standard,USSD,iOS,288.57,5,Medium,DEV_0003367,dd5840028b6f930c
NDM_003368,Keetmanshoop,1366,Standard,USSD,Android,1270.58,7,Low,DEV_0003368,8f0d37e6ca4f2bab
NDM_003369,Swakopmund,410,Premium,Web,Android,312.06,5,Low,DEV_0003369,f0da414c90dafd2c
NDM_003370,Windhoek,1424,Standard,Web,Android,115.13,8,Low,DEV_0003370,c34fcb36de990f4b
NDM_003371,Oshakati,2378,Standard,Web,Android,482.58,2,Low,DEV_0003371,b04fbc1cad06b875
NDM_003372,Walvis Bay,284,Premium,Web,iOS,210.74,4,Low,DEV_0003372,dcc9d21b4741ed39
NDM_003373,Windhoek,1351,Standard,USSD,Android,321.71,5,High,DEV_0003373,56d2391e9bf7fcbe
NDM_003374,Oshakati,3291,Business,Web,iOS,275.92,3,Low,DEV_0003374,24f8ce7de5a594d9
NDM_003375,Windhoek,3257,Standard,USSD,Android,256.36,2,Low,DEV_0003375,f00ddc33760b9827
NDM_003376,Windhoek,1360,Standard,USSD,Android,317.01,3,Low,DEV_0003376,d71a5bd2f7e63ee7
NDM_003377,Windhoek,3189,Standard,Mobile_App,Android,203.22,5,Low,DEV_0003377,cbc7439d00484127
NDM_003378,Windhoek,3215,Standard,USSD,Android,793.01,3,High,DEV_0003378,81f0f38ff0c0b29e
NDM_003379,Windhoek,675,Business,USSD,Android,437.95,3,Low,DEV_0003379,855afabd87c9083f
NDM_003380,Rundu,3080,Standard,USSD,iOS,743.31,3,High,DEV_0003380,2219e5ce38aeacb1
NDM_003381,Windhoek,1550,Standard,USSD,iOS,170.57,3,Low,DEV_0003381,455dba7220a178e4
NDM_003382,Windhoek,2995,Standard,USSD,Android,714.37,3,Low,DEV_0003382,840a7c3149bfc329
NDM_003383,Keetmanshoop,1781,Standard,USSD,Android,211.12,2,Medium,DEV_0003383,627b4caa1a5422f7
NDM_003384,Windhoek,2084,Premium,Web,Android,784.53,2,Low,DEV_0003384,f7e4bc7d3a49d9a3
NDM_003385,Oshakati,1282,Standard,Mobile_App,Android,173.84,2,Low,DEV_0003385,ad6c32da30728826
NDM_003386,Windhoek,384,Standard,USSD,iOS,510.94,5,Low,DEV_0003386,fade31466d817415
NDM_003387,Swakopmund,1843,Standard,USSD,Android,259.66,6,Low,DEV_0003387,193c72492ef29870
NDM_003388,Swakopmund,855,Standard,USSD,Android,388.93,7,Low,DEV_0003388,c9f38ab48eeea7dd
NDM_003389,Windhoek,3279,Standard,Web,Android,1098.91,4,Low,DEV_0003389,72f1653437b3bb1c
NDM_003390,Walvis Bay,1546,Business,USSD,Android,256.55,4,Medium,DEV_0003390,9b921b9658624273
NDM_003391,Oshakati,3138,Standard,Web,Android,358.54,4,Low,DEV_0003391,a94ac1b6876c7235
NDM_003392,Windhoek,2223,Premium,USSD,iOS,497.45,12,Medium,DEV_0003392,6e5fa4edfed75d84
NDM_003393,Swakopmund,3569,Standard,USSD,iOS,108.3,3,Medium,DEV_0003393,ad446c034bc58d1c
NDM_003394,Walvis Bay,2136,Standard,Web,iOS,294.49,3,Low,DEV_0003394,0de6540829b301be
NDM_003395,Swakopmund,1887,Standard,USSD,Android,591.03,7,Medium,DEV_0003395,1d824b9fb15482e5
NDM_003396,Windhoek,1908,Standard,USSD,Android,757.66,2,Low,DEV_0003396,f02cf85b5184b8c9
NDM_003397,Windhoek,84,Business,Web,Android,1376.38,3,Low,DEV_0003397,487dd6c347a5eb55
NDM_003398,Swakopmund,2503,Standard,USSD,iOS,687.2,7,Low,DEV_0003398,deb6db31093ac48c
NDM_003399,Walvis Bay,3559,Standard,USSD,Android,969.36,4,Low,DEV_0003399,2f9c3df8653dd2f1
NDM_003400,Oshakati,154,Standard,USSD,Android,908.3,4,Low,DEV_0003400,2ce6fca88576d830
NDM_003401,Windhoek,1747,Standard,Web,Android,306.05,4,Low,DEV_0003401,6fb2f4b15d707c18
NDM_003402,Oshakati,2927,Standard,Web,Android,134.71,4,Medium,DEV_0003402,82cf2fba76c5b451
NDM_003403,Swakopmund,1275,Premium,USSD,Android,667.33,4,Low,DEV_0003403,06746d0a95808976
NDM_003404,Windhoek,672,Premium,Web,Android,1043.28,2,Low,DEV_0003404,86053fcc01c7c294
NDM_003405,Windhoek,570,Standard,USSD,iOS,921.65,6,Low,DEV_0003405,e0684c710c562f8d
NDM_003406,Rundu,3278,Business,USSD,Android,166.21,2,Low,DEV_0003406,4ceb527ed4d215ad
NDM_003407,Windhoek,635,Standard,USSD,iOS,2537.79,4,Low,DEV_0003407,66188ff7f1da1c73
NDM_003408,Swakopmund,1904,Premium,Mobile_App,Android,318.93,4,High,DEV_0003408,b7238d2d9b1b0c2c
NDM_003409,Walvis Bay,736,Standard,Web,Android,1011.7,3,Low,DEV_0003409,f4a0180b4a61e32a
NDM_003410,Oshakati,3607,Premium,USSD,iOS,795.38,3,Low,DEV_0003410,2f47a7c58ad24dc8
NDM_003411,Rundu,494,Premium,USSD,Android,867.43,5,Low,DEV_0003411,14f62d9dce5e1ca9
NDM_003412,Rundu,2011,Standard,Web,iOS,384.07,7,Medium,DEV_0003412,f30fab6f1f0ce039
NDM_003413,Windhoek,3061,Standard,Web,Android,590.84,5,Low,DEV_0003413,225518d60eef10c6
NDM_003414,Windhoek,2326,Standard,USSD,Android,2380.04,4,Medium,DEV_0003414,4f9c5471f431d2c8
NDM_003415,Windhoek,517,Standard,USSD,Android,1437.77,4,Low,DEV_0003415,95cd7ea8e5e0e1b9
NDM_003416,Windhoek,750,Standard,Web,iOS,87.93,5,Low,DEV_0003416,53c871a3609c99ae
NDM_003417,Walvis Bay,1356,Standard,Web,Android,935.98,3,Low,DEV_0003417,01d601c34bb05e19
NDM_003418,Windhoek,2902,Standard,USSD,Android,934.05,2,Low,DEV_0003418,76c7b41a8deff39f
NDM_003419,Walvis Bay,110,Standard,Web,Android,375.61,5,Low,DEV_0003419,3f039dfc24d1d74f
NDM_003420,Windhoek,2825,Standard,USSD,Android,1400.41,2,Low,DEV_0003420,7d0def035eec6d63
NDM_003421,Windhoek,859,Business,USSD,Android,464.04,2,High,DEV_0003421,7705184d662cb02b
NDM_003422,Swakopmund,3504,Standard,USSD,Android,945.86,3,Low,DEV_0003422,24687159b9e0ed5d
NDM_003423,Windhoek,888,Standard,USSD,Android,1117.24,2,Low,DEV_0003423,45a5aa437e2c16f3
NDM_003424,Windhoek,1553,Standard,USSD,Android,486.76,1,Low,DEV_0003424,6d7cbee6d4ba2809
NDM_003425,Walvis Bay,2525,Premium,USSD,Android,548.41,7,Low,DEV_0003425,0e3d4d7eae80ed8d
NDM_003426,Swakopmund,2103,Standard,USSD,Android,485.36,6,Low,DEV_0003426,b24f73c41ea35e11
NDM_003427,Swakopmund,771,Standard,USSD,Android,422.41,3,Low,DEV_0003427,999bca29af8e753c
NDM_003428,Windhoek,2113,Standard,USSD,iOS,439.63,3,Low,DEV_0003428,d138851f699e9dc5
NDM_003429,Windhoek,2444,Standard,USSD,iOS,403.7,2,Low,DEV_0003429,d5389b0437105a1b
NDM_003430,Oshakati,1375,Premium,USSD,Android,452.96,4,Low,DEV_0003430,164de81461437237
NDM_003431,Rundu,1696,Standard,Web,iOS,400.22,8,Low,DEV_0003431,b7833160d7c28405
NDM_003432,Keetmanshoop,2533,Standard,Web,iOS,1240.12,6,Low,DEV_0003432,7ada1c07b3c25b86
NDM_003433,Walvis Bay,1547,Standard,USSD,Android,568.42,2,Low,DEV_0003433,ca47323f39335139
NDM_003434,Windhoek,2767,Standard,USSD,Android,747.69,5,Low,DEV_0003434,99917e56a827836d
NDM_003435,Windhoek,2316,Premium,USSD,Android,532.71,4,High,DEV_0003435,32e3a4d5bfd4ac99
NDM_003436,Windhoek,1562,Standard,Web,Android,321.07,4,Low,DEV_0003436,1c64624e8e1fbd48
NDM_003437,Windhoek,196,Standard,USSD,Android,1223.05,3,High,DEV_0003437,6b9883379776a413
NDM_003438,Windhoek,2472,Premium,USSD,Android,506.13,4,Low,DEV_0003438,4fe0a81d49dfc68c
NDM_003439,Keetmanshoop,1141,Standard,USSD,Android,618.97,3,Low,DEV_0003439,24edc6a94f6f0f9b
NDM_003440,Windhoek,2266,Standard,USSD,Android,435.47,3,Medium,DEV_0003440,a3ae67e5372c3a4b
NDM_003441,Windhoek,213,Standard,Web,iOS,393.02,5,Low,DEV_0003441,117970ba17af0540
NDM_003442,Windhoek,895,Standard,USSD,Android,125.38,2,Medium,DEV_0003442,861b50459d9e437c
NDM_003443,Rundu,2014,Standard,USSD,Android,439.86,4,Low,DEV_0003443,9692e9621c1fd17e
NDM_003444,Windhoek,3470,Standard,USSD,iOS,526.02,4,Low,DEV_0003444,e155a87a37b360f5
NDM_003445,Rundu,962,Standard,USSD,iOS,272.95,4,Low,DEV_0003445,c88cb0934e253cb5
NDM_003446,Windhoek,1242,Premium,USSD,Android,448.59,2,Medium,DEV_0003446,bd4269abe890346c
NDM_003447,Rundu,1522,Business,Web,Android,389.47,5,Low,DEV_0003447,7d89cc4c4efd9f96
NDM_003448,Windhoek,2211,Standard,Mobile_App,iOS,283.25,3,Medium,DEV_0003448,3bde1a1a0edf7ef1
NDM_003449,Walvis Bay,1930,Standard,USSD,iOS,284.18,7,Low,DEV_0003449,9edd21b6066fa0c9
NDM_003450,Windhoek,693,Premium,USSD,Android,826.27,7,Medium,DEV_0003450,488618127587ec7e
NDM_003451,Windhoek,3577,Standard,USSD,Android,681.62,3,Low,DEV_0003451,1fbf8e8507d7f181
NDM_003452,Swakopmund,1409,Premium,USSD,Android,502.23,3,Low,DEV_0003452,0da8ee27815bb26d
NDM_003453,Windhoek,3585,Standard,USSD,Android,639.15,1,Low,DEV_0003453,e897a9af8e468150
NDM_003454,Walvis Bay,1525,Standard,Web,Android,910.02,9,Low,DEV_0003454,5b6f32005fae007c
NDM_003455,Windhoek,774,Standard,USSD,Android,813.59,5,Low,DEV_0003455,a0ec36116d39ca4e
NDM_003456,Swakopmund,1518,Standard,USSD,Android,926.48,2,Low,DEV_0003456,d1986781a040ce07
NDM_003457,Swakopmund,1178,Standard,USSD,iOS,510.0,6,Low,DEV_0003457,47f00f62f9295e17
NDM_003458,Walvis Bay,2474,Standard,Mobile_App,Android,1517.9,6,Low,DEV_0003458,90e386072150604f
NDM_003459,Keetmanshoop,2363,Premium,Web,Android,311.3,8,Low,DEV_0003459,1aa5b66ab2bbfc8b
NDM_003460,Swakopmund,298,Standard,USSD,iOS,228.06,6,Low,DEV_0003460,89ac1affbe082338
NDM_003461,Keetmanshoop,1320,Standard,Web,Android,584.45,6,Low,DEV_0003461,0ffbe2d96ebc290c
NDM_003462,Swakopmund,460,Standard,Web,Android,1086.05,5,Low,DEV_0003462,7154c4dd95b5f471
NDM_003463,Windhoek,1748,Standard,USSD,iOS,260.13,3,Low,DEV_0003463,d28f3cc8d783c097
NDM_003464,Windhoek,2033,Standard,USSD,iOS,1156.41,5,Low,DEV_0003464,ced6e3898c85d87d
NDM_003465,Windhoek,926,Standard,USSD,Android,772.81,5,Low,DEV_0003465,005372081041fe9c
NDM_003466,Walvis Bay,1067,Standard,Mobile_App,iOS,288.31,2,Low,DEV_0003466,4c0d9705181e9650
NDM_003467,Walvis Bay,1007,Standard,Web,iOS,750.86,4,Low,DEV_0003467,5781b098e9ad9696
NDM_003468,Walvis Bay,1546,Premium,USSD,Android,484.97,5,Low,DEV_0003468,4c89ec610e8cedb0
NDM_003469,Keetmanshoop,849,Business,USSD,iOS,281.18,7,Low,DEV_0003469,71aa8ce0f16a0032
NDM_003470,Windhoek,863,Standard,USSD,iOS,585.56,3,Medium,DEV_0003470,6979da78941c298b
NDM_003471,Swakopmund,906,Standard,USSD,Android,373.98,3,Low,DEV_0003471,c55018f2b803e395
NDM_003472,Windhoek,1693,Premium,Web,iOS,335.18,2,Low,DEV_0003472,2922ae712a2c911d
NDM_003473,Windhoek,2713,Standard,Web,iOS,1110.6,6,High,DEV_0003473,c3789b81012d18d0
NDM_003474,Windhoek,976,Standard,USSD,Android,202.47,6,Low,DEV_0003474,eae1a8eb4925866a
NDM_003475,Rundu,2737,Premium,USSD,iOS,1912.17,5,Low,DEV_0003475,399309a446a1d8c6
NDM_003476,Windhoek,1008,Business,Web,Android,377.04,2,Low,DEV_0003476,c473cf7bb65705e9
NDM_003477,Swakopmund,1184,Business,Web,Android,762.34,4,Low,DEV_0003477,ef0f7cc29b740aba
NDM_003478,Windhoek,2786,Standard,USSD,iOS,398.58,3,Low,DEV_0003478,18e451c0d067e89f
NDM_003479,Windhoek,1753,Standard,Web,Android,273.08,6,Low,DEV_0003479,f4b81bf22c2f3a76
NDM_003480,Swakopmund,1245,Premium,USSD,Android,256.35,1,Low,DEV_0003480,8c4baa2c4aaf103c
NDM_003481,Oshakati,499,Standard,Web,iOS,326.3,4,Low,DEV_0003481,29d47c711e6b1426
NDM_003482,Oshakati,3566,Standard,USSD,Android,270.22,4,Low,DEV_0003482,4d3d76ae16ec8e24
NDM_003483,Rundu,941,Standard,USSD,Android,931.24,6,Low,DEV_0003483,2bdf1e49a5f6a449
NDM_003484,Keetmanshoop,1795,Standard,USSD,iOS,516.28,3,Low,DEV_0003484,474d33533ddafdd2
NDM_003485,Keetmanshoop,2418,Standard,USSD,iOS,415.91,5,Low,DEV_0003485,e55518f838191135
NDM_003486,Windhoek,78,Standard,Mobile_App,Android,1002.54,2,Low,DEV_0003486,fc3492ba06c57d90
NDM_003487,Swakopmund,1551,Standard,USSD,iOS,429.44,2,Low,DEV_0003487,e97d3a1986a108b1
NDM_003488,Windhoek,1027,Standard,Web,Android,780.96,5,Medium,DEV_0003488,ee883d2758bc70f1
NDM_003489,Windhoek,1338,Standard,USSD,Android,407.82,4,Low,DEV_0003489,cb12bf193d3970b1
NDM_003490,Windhoek,924,Premium,Mobile_App,iOS,594.02,1,Medium,DEV_0003490,005342f85e3bf128
NDM_003491,Windhoek,1835,Standard,USSD,Android,1393.39,7,Medium,DEV_0003491,017a613087df1185
NDM_003492,Windhoek,770,Premium,USSD,Android,131.21,4,Low,DEV_0003492,d0e04b47fca8b2bd
NDM_003493,Rundu,581,Standard,USSD,Android,1287.08,1,Low,DEV_0003493,6446b5d8fad1193d
NDM_003494,Windhoek,2367,Standard,Mobile_App,Android,265.31,5,Low,DEV_0003494,de4193a11a059bc6
NDM_003495,Windhoek,288,Standard,USSD,iOS,637.12,3,Low,DEV_0003495,81261bc130e1c7bd
NDM_003496,Walvis Bay,2641,Premium,USSD,Android,536.99,3,Low,DEV_0003496,55411bc8d99ed1d1
NDM_003497,Oshakati,3387,Standard,USSD,Android,786.01,3,Medium,DEV_0003497,ad7cd1e5a88f70e7
NDM_003498,Walvis Bay,606,Standard,Web,Android,374.01,7,Low,DEV_0003498,d26874c9d3b4b007
NDM_003499,Windhoek,1213,Standard,Web,Android,353.13,3,Low,DEV_0003499,ab99f7b2f10dd969
NDM_003500,Rundu,541,Standard,USSD,iOS,119.11,4,Low,DEV_0003500,5ff66a4ce1c6a4a3
NDM_003501,Windhoek,794,Standard,USSD,iOS,465.58,6,Medium,DEV_0003501,fe0ead5207638f23
NDM_003502,Oshakati,2640,Standard,Web,Android,1007.0,5,Medium,DEV_0003502,23574c4fa1a289c9
NDM_003503,Windhoek,1211,Standard,USSD,iOS,2707.76,3,Medium,DEV_0003503,c63101a0e685f451
NDM_003504,Windhoek,2611,Standard,USSD,Android,498.57,2,Low,DEV_0003504,1eaa98ea963a1c6f
NDM_003505,Windhoek,692,Standard,USSD,Android,491.96,4,Low,DEV_0003505,9ebeb38c4a9d220e
NDM_003506,Windhoek,1124,Standard,USSD,iOS,307.56,3,Low,DEV_0003506,55ff561b6aac9ea8
NDM_003507,Windhoek,2176,Standard,Web,Android,186.67,2,Low,DEV_0003507,929bd3dd0463a6f6
NDM_003508,Swakopmund,428,Standard,USSD,Android,501.42,6,Low,DEV_0003508,dbb96e3980bc5d85
NDM_003509,Rundu,937,Standard,Web,Android,2006.59,2,Low,DEV_0003509,34743c286ba56114
NDM_003510,Windhoek,2861,Standard,USSD,iOS,76.78,8,Low,DEV_0003510,23afd340f6bc5c8d
NDM_003511,Windhoek,3330,Standard,Web,Android,1843.86,5,Medium,DEV_0003511,d4e7eb22cfd796bd
NDM_003512,Swakopmund,3047,Standard,USSD,Android,1369.8,3,Medium,DEV_0003512,eece831289acd989
NDM_003513,Oshakati,2208,Standard,Web,Android,750.94,4,Medium,DEV_0003513,233bcf75c0a1c36e
NDM_003514,Windhoek,1912,Standard,USSD,Android,670.94,3,Low,DEV_0003514,343bd1be656934ad
NDM_003515,Rundu,2953,Standard,USSD,Android,232.84,6,Low,DEV_0003515,0b0822fb8abdce4f
NDM_003516,Oshakati,3428,Standard,Web,Android,176.84,2,Medium,DEV_0003516,2a2c8f5c95c2a6b8
NDM_003517,Windhoek,1611,Standard,Web,Android,373.74,8,High,DEV_0003517,bb9ee0031018decc
NDM_003518,Swakopmund,3507,Standard,USSD,Android,78.92,6,Low,DEV_0003518,a7467a3cf5471178
NDM_003519,Swakopmund,1842,Premium,USSD,Android,176.48,5,Low,DEV_0003519,5358beab69405006
NDM_003520,Keetmanshoop,2585,Standard,USSD,Android,523.47,2,Low,DEV_0003520,1d9b303001471f85
NDM_003521,Windhoek,1063,Standard,USSD,Android,1553.47,4,Low,DEV_0003521,43beab3734a3bdcd
NDM_003522,Swakopmund,1407,Standard,USSD,Android,278.06,2,Low,DEV_0003522,00ec6aef5f3f0bd6
NDM_003523,Windhoek,764,Standard,USSD,iOS,443.57,5,Medium,DEV_0003523,eb290bccf5b8b61f
NDM_003524,Windhoek,2862,Standard,USSD,Android,426.71,4,Low,DEV_0003524,813515c4eac7f671
NDM_003525,Windhoek,3146,Business,USSD,iOS,1388.85,2,Low,DEV_0003525,06ad81f20aad0fd8
NDM_003526,Windhoek,3000,Standard,USSD,Android,1033.14,2,Low,DEV_0003526,a81f7ea5594a6144
NDM_003527,Windhoek,1896,Premium,Web,iOS,1561.72,6,Low,DEV_0003527,463754715a2c7325
NDM_003528,Windhoek,570,Standard,Web,iOS,422.05,3,Low,DEV_0003528,b6a2cb9f8ece50e1
NDM_003529,Keetmanshoop,1289,Standard,USSD,Android,669.81,5,Low,DEV_0003529,34693b9bdfbcc9b4
NDM_003530,Windhoek,3257,Standard,Web,iOS,1564.56,3,Low,DEV_0003530,55b5383ced6ea0cd
NDM_003531,Windhoek,1664,Standard,Web,iOS,877.11,6,High,DEV_0003531,ce2aedd6ad7a42bb
NDM_003532,Rundu,1727,Standard,USSD,Android,264.92,6,Low,DEV_0003532,bf9f76f67fa83359
NDM_003533,Keetmanshoop,537,Standard,USSD,Android,579.25,5,Low,DEV_0003533,09d6f00a30fd4023
NDM_003534,Swakopmund,1484,Business,Web,Android,300.74,2,Low,DEV_0003534,58000a69c551601d
NDM_003535,Swakopmund,2785,Standard,USSD,iOS,469.87,10,Low,DEV_0003535,505daadbd37d357d
NDM_003536,Windhoek,865,Standard,USSD,Android,309.64,4,Low,DEV_0003536,c58a27cbc4bb6b40
NDM_003537,Windhoek,2081,Standard,Web,Android,1734.92,4,Medium,DEV_0003537,d6715ce865947b78
NDM_003538,Rundu,3329,Standard,USSD,Android,454.98,2,Low,DEV_0003538,7f6f53fe65b7c82e
NDM_003539,Rundu,1750,Premium,Mobile_App,iOS,2259.49,2,Low,DEV_0003539,2508fdbc41a53b9e
NDM_003540,Windhoek,2530,Standard,USSD,iOS,1488.36,4,Medium,DEV_0003540,1f48cee7634ba61e
NDM_003541,Windhoek,835,Standard,USSD,Android,1238.72,4,Low,DEV_0003541,f0d6f12e5983d76c
NDM_003542,Rundu,2511,Standard,USSD,Android,515.52,3,Low,DEV_0003542,78311127831181f9
NDM_003543,Oshakati,281,Standard,USSD,Android,226.51,4,Low,DEV_0003543,83825825256d28c5
NDM_003544,Keetmanshoop,3629,Business,USSD,Android,327.19,6,Low,DEV_0003544,17e46a6a847ce94f
NDM_003545,Windhoek,1116,Premium,USSD,iOS,457.29,6,Low,DEV_0003545,9d974b0c97abb839
NDM_003546,Swakopmund,2895,Standard,Web,iOS,579.19,6,Low,DEV_0003546,b28db624166b1652
NDM_003547,Windhoek,2258,Standard,Web,Android,182.89,3,Medium,DEV_0003547,93edca03e4600fe0
NDM_003548,Windhoek,2396,Business,USSD,Android,176.83,9,Low,DEV_0003548,895ac9a280a8f3b2
NDM_003549,Windhoek,3081,Standard,USSD,iOS,949.01,1,Low,DEV_0003549,bac36c983aa39c65
NDM_003550,Swakopmund,2223,Standard,USSD,Android,879.6,4,Low,DEV_0003550,bb8c28013e6c3052
NDM_003551,Rundu,1734,Premium,USSD,Android,595.26,6,Low,DEV_0003551,da455ef68181679e
NDM_003552,Oshakati,3454,Standard,USSD,iOS,105.74,3,Low,DEV_0003552,8f60375040b62071
NDM_003553,Windhoek,1597,Standard,USSD,Android,3214.05,2,Low,DEV_0003553,b03ebf74ab6b9660
NDM_003554,Windhoek,118,Standard,USSD,Android,932.57,4,Low,DEV_0003554,f2f23017c74594f1
NDM_003555,Windhoek,989,Standard,USSD,iOS,127.97,4,Low,DEV_0003555,d56ec8cd109d1d00
NDM_003556,Windhoek,1947,Standard,USSD,iOS,327.3,2,Medium,DEV_0003556,0fead1ffe4fd1209
NDM_003557,Keetmanshoop,2833,Business,USSD,Android,900.07,4,Low,DEV_0003557,9a3b55c269d2e66a
NDM_003558,Oshakati,1266,Business,USSD,Android,2269.66,8,Low,DEV_0003558,5f200c919a4809ae
NDM_003559,Windhoek,2231,Standard,USSD,Android,610.8,2,Low,DEV_0003559,ccd63df7453cfb7f
NDM_003560,Windhoek,602,Business,USSD,iOS,654.22,6,Low,DEV_0003560,57b41c151026c3c4
NDM_003561,Windhoek,1096,Standard,Mobile_App,Android,447.21,4,Medium,DEV_0003561,5b4360f843fe6af7
NDM_003562,Windhoek,194,Standard,Web,iOS,673.92,3,Low,DEV_0003562,e4958be39a7d332f
NDM_003563,Walvis Bay,882,Standard,Web,Android,203.28,3,Low,DEV_0003563,3b1bc642c8ad3813
NDM_003564,Swakopmund,1887,Standard,Web,Android,110.11,2,Medium,DEV_0003564,328a0c9cab871084
NDM_003565,Swakopmund,3497,Business,USSD,iOS,782.44,4,Low,DEV_0003565,0b51b5ffbe0cb542
NDM_003566,Rundu,478,Business,USSD,Android,1771.97,5,Medium,DEV_0003566,6955773686dea753
NDM_003567,Windhoek,3615,Standard,USSD,iOS,343.69,3,Medium,DEV_0003567,182e1a776a74b339
NDM_003568,Swakopmund,191,Standard,USSD,Android,340.41,3,Medium,DEV_0003568,0e2e912a40be4c63
NDM_003569,Swakopmund,2332,Standard,Web,iOS,392.36,3,Medium,DEV_0003569,c5b7b34114cc1833
NDM_003570,Walvis Bay,689,Premium,USSD,Android,548.1,6,Low,DEV_0003570,b74da2910cf29334
NDM_003571,Windhoek,1473,Standard,USSD,Android,373.48,2,Low,DEV_0003571,a3e4be81b75dffc0
NDM_003572,Oshakati,616,Standard,Web,Android,442.78,2,Low,DEV_0003572,98df71b422d6da9c
NDM_003573,Swakopmund,1051,Premium,USSD,iOS,259.19,4,Medium,DEV_0003573,16eb80f4d99ea916
NDM_003574,Walvis Bay,1205,Standard,USSD,Android,665.72,5,Medium,DEV_0003574,d1b6353e31b11af2
NDM_003575,Swakopmund,986,Standard,Web,iOS,344.32,5,Medium,DEV_0003575,b5505c3acd4fa1da
NDM_003576,Keetmanshoop,2635,Premium,Web,iOS,547.68,2,Low,DEV_0003576,e3ceded22d3cac9a
NDM_003577,Windhoek,3427,Standard,USSD,iOS,565.74,5,Low,DEV_0003577,49d9381295407dc3
NDM_003578,Walvis Bay,3559,Premium,USSD,Android,561.9,6,Medium,DEV_0003578,b2a2397dea5062e9
NDM_003579,Windhoek,1779,Standard,Mobile_App,Android,202.21,2,Low,DEV_0003579,cab58fe6c034b8ac
NDM_003580,Swakopmund,3645,Standard,USSD,iOS,963.83,8,Low,DEV_0003580,49ffde2c37979e49
NDM_003581,Windhoek,3181,Premium,USSD,Android,347.37,5,Low,DEV_0003581,758b3dfd97c5319f
NDM_003582,Windhoek,2143,Standard,USSD,Android,492.15,3,Low,DEV_0003582,1e4fe33e3754ad07
NDM_003583,Rundu,2749,Standard,Web,iOS,830.12,1,Low,DEV_0003583,d1d7f73063a8763f
NDM_003584,Windhoek,1082,Standard,Mobile_App,Android,286.9,1,Low,DEV_0003584,10400eefb1532ad8
NDM_003585,Windhoek,1269,Standard,Web,iOS,547.88,2,Low,DEV_0003585,aa0d806b0565a26d
NDM_003586,Windhoek,3136,Standard,USSD,Android,396.91,3,Low,DEV_0003586,13398027109881bc
NDM_003587,Swakopmund,3238,Standard,USSD,Android,1058.93,4,Low,DEV_0003587,8b189df7eb69747d
NDM_003588,Windhoek,1672,Standard,USSD,Android,726.68,3,Low,DEV_0003588,497819fac6ee8fd6
NDM_003589,Swakopmund,91,Standard,Mobile_App,Android,105.93,2,Medium,DEV_0003589,8652c22daaa6a406
NDM_003590,Windhoek,1539,Standard,Web,iOS,481.97,3,Medium,DEV_0003590,14d2b0b560eac344
NDM_003591,Windhoek,1635,Standard,Mobile_App,Android,406.43,5,Medium,DEV_0003591,7ca9865ad69c10d9
NDM_003592,Windhoek,946,Standard,USSD,Android,445.92,4,Medium,DEV_0003592,f28671df4b92bd03
NDM_003593,Oshakati,445,Standard,Web,iOS,1940.76,5,Medium,DEV_0003593,2aa60820f90658af
NDM_003594,Windhoek,1108,Premium,Web,Android,1051.52,4,Medium,DEV_0003594,aefadf51ace0c144
NDM_003595,Windhoek,309,Standard,USSD,iOS,345.38,5,Low,DEV_0003595,006b4b707da670e8
NDM_003596,Swakopmund,3458,Standard,Mobile_App,Android,287.36,6,Low,DEV_0003596,1015f1855f4fde56
NDM_003597,Windhoek,875,Standard,Web,Android,1036.6,5,Low,DEV_0003597,89faa9070e51fcdd
NDM_003598,Windhoek,3182,Standard,Mobile_App,iOS,590.47,3,Low,DEV_0003598,dfe92a6cecb85a17
NDM_003599,Windhoek,2968,Standard,Web,Android,596.58,7,Low,DEV_0003599,2f6fc4034b67ac7a
NDM_003600,Swakopmund,3563,Business,USSD,iOS,854.93,5,Medium,DEV_0003600,572f069c3fd6b30b
NDM_003601,Walvis Bay,1622,Standard,USSD,Android,383.87,4,Low,DEV_0003601,37c2fae3ae6d89ac
NDM_003602,Windhoek,1581,Standard,Web,Android,768.51,4,Low,DEV_0003602,58d9337005fdf836
NDM_003603,Windhoek,2983,Standard,Web,iOS,276.41,4,Low,DEV_0003603,913d8034bf60920d
NDM_003604,Rundu,646,Standard,Web,Android,342.09,2,Low,DEV_0003604,a6513b88dc4005c7
NDM_003605,Rundu,3142,Standard,USSD,Android,535.56,2,Low,DEV_0003605,cd4319873622a90a
NDM_003606,Swakopmund,1794,Standard,Web,iOS,865.67,5,High,DEV_0003606,71cdf7f814d3fba6
NDM_003607,Walvis Bay,475,Premium,Web,Android,601.47,3,Low,DEV_0003607,d789157e8084d8ce
NDM_003608,Walvis Bay,404,Standard,USSD,Android,854.82,5,Low,DEV_0003608,55061cdf16d6299e
NDM_003609,Windhoek,549,Standard,USSD,iOS,878.15,4,High,DEV_0003609,c032630959c24d63
NDM_003610,Windhoek,534,Standard,USSD,Android,625.53,4,Low,DEV_0003610,f15578b78c393612
NDM_003611,Oshakati,2508,Standard,USSD,Android,448.31,9,Medium,DEV_0003611,d217e48b25bd8011
NDM_003612,Windhoek,2525,Standard,Web,Android,934.68,3,Low,DEV_0003612,d399ceceaf392752
NDM_003613,Windhoek,3617,Standard,USSD,Android,99.74,5,Low,DEV_0003613,8d79fd9c2c0b3e39
NDM_003614,Oshakati,3174,Standard,USSD,Android,848.85,5,Low,DEV_0003614,3451854f57702109
NDM_003615,Windhoek,297,Business,USSD,Android,1353.58,5,Medium,DEV_0003615,3b3453bcdd3b9945
NDM_003616,Swakopmund,1598,Standard,USSD,Android,682.94,5,Low,DEV_0003616,4dc23e17e720d986
NDM_003617,Walvis Bay,2607,Premium,USSD,Android,363.93,5,Medium,DEV_0003617,309375eef38cd6f5
NDM_003618,Windhoek,2136,Premium,USSD,iOS,333.59,1,Low,DEV_0003618,6d81e4df0cd293fc
NDM_003619,Swakopmund,972,Standard,Mobile_App,Android,270.22,6,Medium,DEV_0003619,c469f0ff1511e54f
NDM_003620,Windhoek,770,Standard,USSD,iOS,777.74,4,Low,DEV_0003620,a2bd283323ba69a8
NDM_003621,Windhoek,3636,Premium,Web,Android,641.56,4,Low,DEV_0003621,f5aa66ff96537145
NDM_003622,Walvis Bay,521,Standard,USSD,iOS,285.08,1,Low,DEV_0003622,659c2868763cbf20
NDM_003623,Windhoek,873,Standard,USSD,Android,2447.15,1,High,DEV_0003623,1121305f16454100
NDM_003624,Swakopmund,849,Premium,USSD,Android,368.34,5,Low,DEV_0003624,51a05f4395e289b4
NDM_003625,Walvis Bay,985,Standard,Web,Android,1610.14,4,Medium,DEV_0003625,46bf412eb44a8d49
NDM_003626,Rundu,593,Standard,USSD,Android,432.93,2,Low,DEV_0003626,d01ac561964f00b5
NDM_003627,Rundu,152,Premium,Mobile_App,iOS,323.17,7,Low,DEV_0003627,6e7a1415b7f32710
NDM_003628,Keetmanshoop,1150,Premium,USSD,Android,922.6,4,Low,DEV_0003628,9dea1ac334a737f6
NDM_003629,Swakopmund,3618,Standard,USSD,Android,291.55,2,Low,DEV_0003629,b08837063ab2293b
NDM_003630,Windhoek,522,Standard,Mobile_App,Android,3826.59,3,Low,DEV_0003630,1be226aee0e01b48
NDM_003631,Windhoek,2402,Premium,Web,Android,700.24,5,Low,DEV_0003631,df2b6f19344ea177
NDM_003632,Swakopmund,1361,Standard,USSD,iOS,313.36,8,Low,DEV_0003632,29e143dc45a766e8
NDM_003633,Windhoek,2957,Standard,Web,iOS,753.65,5,High,DEV_0003633,b3ccdca94d83ef8f
NDM_003634,Walvis Bay,2586,Standard,Web,Android,249.93,3,Medium,DEV_0003634,2dd3f9475db7657d
NDM_003635,Windhoek,182,Standard,Web,Android,617.45,10,Medium,DEV_0003635,24557e1ce9c6af6f
NDM_003636,Swakopmund,1938,Standard,Web,Android,445.24,2,Low,DEV_0003636,0b853a9060eca278
NDM_003637,Walvis Bay,791,Standard,USSD,Android,1492.87,3,Low,DEV_0003637,b833c8cbaa9e413a
NDM_003638,Keetmanshoop,2869,Standard,Mobile_App,Android,417.11,5,Medium,DEV_0003638,29968e1d2ebb6c4d
NDM_003639,Walvis Bay,3020,Standard,USSD,Android,427.16,3,Low,DEV_0003639,1981344bcb175c55
NDM_003640,Rundu,1143,Standard,USSD,Android,266.61,5,Medium,DEV_0003640,fc31c17c18a80397
NDM_003641,Windhoek,1932,Standard,USSD,Android,858.57,3,Low,DEV_0003641,33f7306766f9b4af
NDM_003642,Rundu,3146,Standard,USSD,Android,652.76,5,Medium,DEV_0003642,c500f27be74bd027
NDM_003643,Rundu,713,Standard,USSD,Android,532.27,9,Medium,DEV_0003643,1b084ee7deffb14d
NDM_003644,Swakopmund,1770,Premium,USSD,Android,671.71,6,Medium,DEV_0003644,8a4b6d70ddaac95a
NDM_003645,Windhoek,394,Standard,Web,Android,230.67,4,Low,DEV_0003645,7dd7fc840dc639dd
NDM_003646,Oshakati,2116,Standard,USSD,Android,191.22,2,High,DEV_0003646,627038213a99f455
NDM_003647,Windhoek,1685,Standard,Web,Android,483.94,9,Low,DEV_0003647,8e1d06d7d0f90d1e
NDM_003648,Keetmanshoop,1513,Standard,USSD,Android,1267.48,4,Low,DEV_0003648,ae7d675659c32e69
NDM_003649,Windhoek,2902,Standard,Web,iOS,383.77,4,Medium,DEV_0003649,9bb986fa0737025a
NDM_003650,Swakopmund,1014,Premium,USSD,Android,95.5,6,Medium,DEV_0003650,23a71d52e85fbe74
NDM_003651,Keetmanshoop,1092,Standard,USSD,iOS,261.46,7,Low,DEV_0003651,a31f9ef9bf954a04
NDM_003652,Rundu,3214,Standard,USSD,iOS,261.53,6,Low,DEV_0003652,a830a59ea8b37344
NDM_003653,Oshakati,2810,Standard,Web,iOS,303.0,2,Low,DEV_0003653,e0b905df72ed9310
NDM_003654,Keetmanshoop,1600,Standard,Web,Android,137.64,3,Low,DEV_0003654,2072f2c7e7addcb4
NDM_003655,Walvis Bay,679,Standard,USSD,iOS,531.91,3,Low,DEV_0003655,793bc2830d7392f5
NDM_003656,Windhoek,2269,Standard,Web,iOS,590.07,8,Low,DEV_0003656,4b29027308f43057
NDM_003657,Windhoek,2826,Standard,USSD,iOS,1018.42,3,Low,DEV_0003657,0536a09ccc33fc36
NDM_003658,Windhoek,2529,Standard,USSD,Android,1629.57,3,Medium,DEV_0003658,c849bac6719d4a28
NDM_003659,Windhoek,2793,Premium,USSD,Android,671.99,6,Low,DEV_0003659,3e94f3fe4019345c
NDM_003660,Walvis Bay,634,Standard,USSD,Android,1002.93,4,Low,DEV_0003660,b976712102423a35
NDM_003661,Swakopmund,911,Standard,USSD,Android,1052.27,3,Low,DEV_0003661,4bd5d1a2fe65ad9a
NDM_003662,Windhoek,2960,Standard,USSD,iOS,644.75,3,Low,DEV_0003662,41f21eda788920df
NDM_003663,Windhoek,1163,Standard,USSD,Android,296.69,2,Low,DEV_0003663,7e4bb11fb6f1c2e7
NDM_003664,Keetmanshoop,2115,Standard,Web,iOS,360.76,3,Low,DEV_0003664,57ecca3b296af834
NDM_003665,Keetmanshoop,2336,Premium,Mobile_App,iOS,1413.84,4,Low,DEV_0003665,edb51f27788e8bc5
NDM_003666,Rundu,53,Premium,USSD,Android,1350.6,4,Low,DEV_0003666,8043a3f32442d484
NDM_003667,Walvis Bay,67,Standard,USSD,Android,435.09,5,Medium,DEV_0003667,eef356f8388117ad
NDM_003668,Swakopmund,2401,Standard,Web,iOS,1013.12,3,High,DEV_0003668,6791853583c9c132
NDM_003669,Swakopmund,1646,Premium,USSD,Android,552.73,5,Low,DEV_0003669,4e36fca6fbfbdc76
NDM_003670,Keetmanshoop,1015,Standard,USSD,Android,1250.14,3,Low,DEV_0003670,132a2d9bffc1e402
NDM_003671,Windhoek,3222,Standard,USSD,Android,149.1,5,Medium,DEV_0003671,138560b9f176f8e5
NDM_003672,Oshakati,911,Standard,USSD,iOS,890.61,6,Low,DEV_0003672,95e6e14f693f31aa
NDM_003673,Keetmanshoop,1316,Standard,Web,iOS,197.76,4,Low,DEV_0003673,da6a25dd14f640c2
NDM_003674,Walvis Bay,1036,Premium,USSD,Android,1481.1,3,High,DEV_0003674,7ff744cd6023a817
NDM_003675,Walvis Bay,2331,Standard,USSD,iOS,1932.33,7,Low,DEV_0003675,55eca77ed57a1236
NDM_003676,Keetmanshoop,3365,Standard,USSD,Android,228.8,3,Low,DEV_0003676,3f623a60fd13a71d
NDM_003677,Rundu,723,Business,Web,iOS,348.52,2,Low,DEV_0003677,a43f7a28603ec9ee
NDM_003678,Rundu,1282,Business,USSD,Android,291.66,3,Low,DEV_0003678,dc3dd3ea4e7cce7e
NDM_003679,Windhoek,1589,Premium,USSD,Android,3111.77,5,Low,DEV_0003679,7f27a0cade0afa79
NDM_003680,Windhoek,1523,Standard,USSD,Android,873.04,4,Medium,DEV_0003680,8ff8ec9ae05ccbf9
NDM_003681,Swakopmund,1020,Standard,Mobile_App,Android,1309.14,4,Medium,DEV_0003681,55391a49812ca931
NDM_003682,Windhoek,2770,Standard,USSD,iOS,724.17,1,Medium,DEV_0003682,13ed873825239f48
NDM_003683,Oshakati,1974,Standard,USSD,iOS,103.67,3,Low,DEV_0003683,e568a433bb8333cf
NDM_003684,Windhoek,1860,Standard,USSD,Android,3438.39,3,Low,DEV_0003684,ea7774249aaae742
NDM_003685,Walvis Bay,2524,Premium,Web,iOS,2597.76,3,Medium,DEV_0003685,872547d39a3ee8a3
NDM_003686,Rundu,1319,Standard,USSD,iOS,1103.63,5,Low,DEV_0003686,6fcd43f69616367d
NDM_003687,Windhoek,1332,Standard,USSD,Android,351.52,6,High,DEV_0003687,9837383c9af1372f
NDM_003688,Keetmanshoop,3161,Premium,USSD,iOS,202.95,5,Low,DEV_0003688,faf5938be70db649
NDM_003689,Windhoek,1718,Standard,USSD,Android,1074.92,6,Low,DEV_0003689,2e379130160ec8d1
NDM_003690,Windhoek,1376,Premium,Web,Android,667.79,4,Low,DEV_0003690,d92668b0fd4220fa
NDM_003691,Windhoek,1189,Standard,USSD,Android,735.41,4,Low,DEV_0003691,e941f1372079e8b3
NDM_003692,Walvis Bay,3296,Standard,USSD,Android,773.53,5,Low,DEV_0003692,8fc7babefe5308fa
NDM_003693,Swakopmund,102,Standard,Web,Android,1010.8,5,Low,DEV_0003693,3b71f13155d1672d
NDM_003694,Swakopmund,2175,Standard,Web,Android,85.3,7,Low,DEV_0003694,05659b487ab5e5fd
NDM_003695,Windhoek,1218,Business,USSD,iOS,755.62,5,Low,DEV_0003695,fb061530e359c5e3
NDM_003696,Walvis Bay,3000,Standard,USSD,Android,1017.52,2,Medium,DEV_0003696,7ccb25051b55697c
NDM_003697,Windhoek,1466,Standard,USSD,Android,217.23,4,Low,DEV_0003697,0365a08f0dad9e7c
NDM_003698,Rundu,2107,Standard,USSD,Android,283.48,3,Low,DEV_0003698,2449c57fe0c21367
NDM_003699,Windhoek,2549,Standard,USSD,Android,36.03,6,Medium,DEV_0003699,ca6ab43f2b8695ef
NDM_003700,Windhoek,2330,Standard,USSD,Android,389.56,5,Low,DEV_0003700,93a5ccea47c46aa4
NDM_003701,Windhoek,693,Standard,USSD,iOS,1683.91,3,Medium,DEV_0003701,4059c4be57255dba
NDM_003702,Oshakati,396,Standard,USSD,Android,629.18,5,Low,DEV_0003702,ae6370a6cfe02526
NDM_003703,Windhoek,628,Standard,Web,iOS,114.39,3,Low,DEV_0003703,39cd2d8c56cd66d3
NDM_003704,Walvis Bay,3640,Standard,USSD,Android,832.67,3,Medium,DEV_0003704,170745c7123fbf5c
NDM_003705,Rundu,3499,Standard,Web,Android,361.23,6,Low,DEV_0003705,c8ad57c04daa1664
NDM_003706,Rundu,469,Premium,USSD,iOS,1285.36,6,Medium,DEV_0003706,302f553b9ace38eb
NDM_003707,Windhoek,1350,Business,Mobile_App,iOS,533.87,3,Low,DEV_0003707,9cab8c855e0c097d
NDM_003708,Windhoek,2154,Business,USSD,Android,199.85,1,Low,DEV_0003708,74b3443e6047a9e3
NDM_003709,Swakopmund,161,Standard,Mobile_App,Android,242.62,3,Medium,DEV_0003709,d8d6b17542b75183
NDM_003710,Keetmanshoop,2809,Standard,Web,Android,268.98,2,Medium,DEV_0003710,10e0544fd315cd03
NDM_003711,Swakopmund,2509,Standard,USSD,Android,351.19,3,Low,DEV_0003711,e872d22d3cfdaf89
NDM_003712,Swakopmund,928,Premium,USSD,Android,157.43,1,Low,DEV_0003712,6f291e8d0284dfb5
NDM_003713,Swakopmund,2625,Standard,USSD,Android,102.6,3,Low,DEV_0003713,07c04e5e399bdbe3
NDM_003714,Walvis Bay,2320,Premium,Web,Android,1818.46,4,Low,DEV_0003714,6909f145738bd0f7
NDM_003715,Rundu,3248,Premium,USSD,iOS,262.26,1,Low,DEV_0003715,a375e5dd9d7c83da
NDM_003716,Walvis Bay,2275,Standard,Mobile_App,iOS,205.73,5,Low,DEV_0003716,17bff0ecd0c1e223
NDM_003717,Oshakati,1729,Standard,USSD,iOS,842.55,4,Low,DEV_0003717,d0330dfb30b21feb
NDM_003718,Swakopmund,208,Standard,Web,Android,226.84,4,Low,DEV_0003718,723d8a8818f87596
NDM_003719,Walvis Bay,2098,Premium,Mobile_App,iOS,319.14,7,Low,DEV_0003719,8008800d7df3698f
NDM_003720,Windhoek,723,Premium,USSD,iOS,570.19,10,Low,DEV_0003720,f4bbf55d520df6f5
NDM_003721,Oshakati,1195,Standard,Web,iOS,655.59,3,Low,DEV_0003721,7d932347c0a9a1dd
NDM_003722,Keetmanshoop,742,Business,Web,Android,676.31,3,Low,DEV_0003722,b39a5701e46e7c77
NDM_003723,Windhoek,3364,Standard,USSD,Android,1528.73,4,Low,DEV_0003723,aa0db29702fc0645
NDM_003724,Oshakati,573,Standard,Mobile_App,Android,657.16,1,Low,DEV_0003724,233ff0a5ed9bdcff
NDM_003725,Swakopmund,354,Standard,Mobile_App,iOS,339.2,3,Low,DEV_0003725,9e5da1e5c45168a3
NDM_003726,Walvis Bay,1329,Premium,USSD,iOS,382.19,7,Low,DEV_0003726,c693a4a36485fc85
NDM_003727,Swakopmund,1970,Standard,Web,Android,319.03,3,Low,DEV_0003727,9eea5f7fa993f199
NDM_003728,Oshakati,1374,Premium,USSD,Android,1058.99,1,Medium,DEV_0003728,ef703a8eeae52ddf
NDM_003729,Windhoek,1711,Standard,USSD,iOS,1748.77,2,Low,DEV_0003729,166ffe81ce8356d4
NDM_003730,Keetmanshoop,3353,Standard,Mobile_App,Android,317.32,6,Medium,DEV_0003730,db27560d7da835ea
NDM_003731,Rundu,1855,Premium,Mobile_App,iOS,275.72,6,High,DEV_0003731,66aba9038bcfc8d2
NDM_003732,Walvis Bay,1935,Premium,Web,Android,241.18,5,Low,DEV_0003732,2eed08dd2dbb1faf
NDM_003733,Windhoek,1697,Premium,Web,Android,498.77,4,Low,DEV_0003733,ff72f668628053a3
NDM_003734,Keetmanshoop,802,Standard,Mobile_App,iOS,401.36,7,Low,DEV_0003734,92e3ed698e03e598
NDM_003735,Oshakati,1355,Standard,USSD,iOS,1675.73,6,Low,DEV_0003735,bf40cfb254829393
NDM_003736,Windhoek,3211,Standard,Web,Android,950.91,2,Low,DEV_0003736,fc53c97128f48da9
NDM_003737,Windhoek,2266,Standard,USSD,iOS,1083.15,1,Medium,DEV_0003737,941afc4766fa78b3
NDM_003738,Windhoek,2980,Premium,USSD,Android,2541.91,6,Low,DEV_0003738,31e82e006d3b3928
NDM_003739,Rundu,1476,Business,USSD,Android,639.49,2,Medium,DEV_0003739,1267260bee1012d0
NDM_003740,Walvis Bay,1200,Standard,Web,Android,1661.1,4,Low,DEV_0003740,698ea496cb6a316d
NDM_003741,Walvis Bay,149,Standard,USSD,iOS,378.51,8,Low,DEV_0003741,e510d3d53423122f
NDM_003742,Windhoek,2578,Standard,Web,Android,291.48,2,Low,DEV_0003742,be7f5b271ae1b07a
NDM_003743,Swakopmund,546,Standard,Web,Android,442.4,3,High,DEV_0003743,82e9481e9df44435
NDM_003744,Swakopmund,3038,Standard,Web,iOS,198.79,3,Medium,DEV_0003744,30d5f33c54cb690a
NDM_003745,Windhoek,294,Standard,USSD,Android,528.06,2,Low,DEV_0003745,18ee9561c39dc789
NDM_003746,Rundu,1945,Standard,Mobile_App,Android,698.77,8,High,DEV_0003746,606a347001681815
NDM_003747,Oshakati,437,Premium,USSD,iOS,835.62,5,Low,DEV_0003747,9b6c8e22750dbebb
NDM_003748,Windhoek,3090,Standard,USSD,Android,686.18,3,Low,DEV_0003748,24215ccd7a97d729
NDM_003749,Walvis Bay,114,Standard,USSD,Android,560.76,10,Medium,DEV_0003749,b4f3074ef074acb3
NDM_003750,Swakopmund,823,Standard,USSD,iOS,519.37,7,Low,DEV_0003750,64a7f5c9044d8924
NDM_003751,Windhoek,398,Premium,USSD,iOS,281.64,4,Low,DEV_0003751,7cad9a287a92f22d
NDM_003752,Windhoek,1904,Standard,USSD,Android,1789.11,2,Low,DEV_0003752,96625a64536d9a27
NDM_003753,Windhoek,1344,Standard,USSD,Android,1984.99,5,Low,DEV_0003753,bc0bbe46336596e7
NDM_003754,Windhoek,858,Standard,USSD,Android,315.62,6,High,DEV_0003754,364c8ead1b5d61db
NDM_003755,Oshakati,1444,Standard,Web,Android,1903.17,5,High,DEV_0003755,76d1082f74049296
NDM_003756,Oshakati,508,Premium,USSD,Android,916.55,3,Low,DEV_0003756,28b791db9015283e
NDM_003757,Walvis Bay,566,Premium,USSD,Android,164.39,7,Low,DEV_0003757,3678af04a5c6e151
NDM_003758,Walvis Bay,3112,Standard,USSD,Android,1292.02,4,Low,DEV_0003758,4a5f7e0a50d5f309
NDM_003759,Keetmanshoop,2853,Standard,USSD,Android,1044.33,6,Low,DEV_0003759,a7ca3004b48522c0
NDM_003760,Oshakati,1765,Standard,USSD,Android,531.64,4,High,DEV_0003760,608b9deea8d15d0f
NDM_003761,Windhoek,3326,Standard,USSD,Android,705.08,2,Low,DEV_0003761,80b864832b289768
NDM_003762,Windhoek,603,Standard,USSD,Android,879.54,6,Low,DEV_0003762,ef65bcec74cb7c68
NDM_003763,Windhoek,2311,Standard,USSD,iOS,120.03,6,Low,DEV_0003763,b64274983048ef96
NDM_003764,Windhoek,1573,Standard,USSD,Android,326.69,3,Low,DEV_0003764,afc05897737ba95d
NDM_003765,Windhoek,2068,Standard,USSD,iOS,1310.79,2,Low,DEV_0003765,c0e4d977c345c85e
NDM_003766,Windhoek,1909,Standard,USSD,Android,133.09,5,Low,DEV_0003766,3ed074fcedad26d2
NDM_003767,Keetmanshoop,1260,Standard,USSD,Android,167.89,6,Low,DEV_0003767,b35b31b48449e8dd
NDM_003768,Walvis Bay,1439,Business,USSD,iOS,682.85,5,Low,DEV_0003768,632ac758c2df30f7
NDM_003769,Windhoek,487,Business,USSD,Android,167.98,5,Low,DEV_0003769,03ec5bb79b316f07
NDM_003770,Oshakati,3045,Premium,USSD,iOS,512.79,2,Low,DEV_0003770,03cacee0de3dc179
NDM_003771,Swakopmund,333,Standard,Web,Android,1580.1,3,Medium,DEV_0003771,5d5ddb52aa75858d
NDM_003772,Windhoek,2048,Premium,USSD,Android,1004.92,3,Low,DEV_0003772,14b7881f874bf6fa
NDM_003773,Keetmanshoop,522,Premium,USSD,iOS,1020.45,3,Low,DEV_0003773,2f807e032e1a8599
NDM_003774,Oshakati,1195,Standard,USSD,Android,742.5,5,Low,DEV_0003774,c559e9f7b5b7de0f
NDM_003775,Windhoek,1426,Standard,Web,Android,445.64,5,Low,DEV_0003775,f099ec997a93e2b7
NDM_003776,Windhoek,1513,Standard,USSD,Android,328.81,7,Low,DEV_0003776,66b5feba3724c206
NDM_003777,Windhoek,3026,Standard,Mobile_App,Android,891.33,3,Low,DEV_0003777,93db0e2dce48ca3a
NDM_003778,Windhoek,2549,Premium,Mobile_App,Android,719.66,4,Low,DEV_0003778,2208ef6b65b85e76
NDM_003779,Windhoek,825,Standard,USSD,Android,520.6,2,Medium,DEV_0003779,5d1d1a60cc9f2b9b
NDM_003780,Walvis Bay,1950,Standard,USSD,Android,575.39,5,Medium,DEV_0003780,1283d2137f71f851
NDM_003781,Windhoek,1278,Premium,USSD,Android,205.74,4,Low,DEV_0003781,f722d9c5d7da3aed
NDM_003782,Windhoek,1054,Standard,USSD,iOS,1984.68,7,Low,DEV_0003782,e72eeb94d0a69e16
NDM_003783,Swakopmund,2571,Premium,USSD,Android,384.67,1,Low,DEV_0003783,399e509cb5761145
NDM_003784,Swakopmund,2193,Standard,USSD,Android,141.66,4,Low,DEV_0003784,4c367f741f954638
NDM_003785,Swakopmund,1596,Standard,Web,Android,394.1,6,Low,DEV_0003785,d8f57a667c84c9c6
NDM_003786,Windhoek,1427,Standard,USSD,iOS,624.89,5,Low,DEV_0003786,437747f823e9b67d
NDM_003787,Swakopmund,2915,Standard,Web,Android,360.53,2,Low,DEV_0003787,1d104552bea58a64
NDM_003788,Windhoek,3175,Standard,Web,Android,559.8,3,Medium,DEV_0003788,d9d04bd5771e1629
NDM_003789,Windhoek,1538,Premium,USSD,Android,291.56,4,Medium,DEV_0003789,97625784c8f70cee
NDM_003790,Rundu,2084,Standard,Web,Android,703.69,2,Medium,DEV_0003790,21aa138042afcc03
NDM_003791,Windhoek,2641,Standard,Web,Android,694.55,3,Low,DEV_0003791,396d74c8e3ead9ee
NDM_003792,Windhoek,265,Standard,Mobile_App,Android,202.75,3,Low,DEV_0003792,5e9db03b5e8fee0d
NDM_003793,Windhoek,2546,Premium,Mobile_App,Android,784.92,6,Medium,DEV_0003793,5bbe08a2506f39aa
NDM_003794,Oshakati,2223,Standard,Mobile_App,Android,1098.99,3,Low,DEV_0003794,dbffec83b21a07f3
NDM_003795,Walvis Bay,802,Standard,USSD,iOS,471.8,3,Low,DEV_0003795,07d30de90add14fc
NDM_003796,Rundu,2511,Standard,USSD,Android,722.58,3,Low,DEV_0003796,a2580564b923d1b4
NDM_003797,Oshakati,2021,Standard,USSD,Android,610.03,2,Low,DEV_0003797,5ba02c353623e788
NDM_003798,Rundu,198,Business,USSD,Android,236.56,4,Low,DEV_0003798,f93be24c050b61f1
NDM_003799,Windhoek,1127,Standard,USSD,Android,486.06,5,Low,DEV_0003799,0041cb4ce30c9fbd
NDM_003800,Windhoek,2789,Standard,USSD,iOS,139.07,5,Low,DEV_0003800,3cd93499c7f0f2a6
NDM_003801,Windhoek,3504,Standard,Web,iOS,717.81,6,Low,DEV_0003801,58fdd92f916b83df
NDM_003802,Rundu,1591,Standard,Web,Android,687.3,3,Low,DEV_0003802,02a06394b1227703
NDM_003803,Oshakati,3617,Standard,USSD,Android,321.24,4,Low,DEV_0003803,edc630bef27a79fc
NDM_003804,Windhoek,346,Standard,Web,Android,1509.55,4,Low,DEV_0003804,ef2b5563d121c7d7
NDM_003805,Windhoek,3479,Standard,USSD,Android,614.66,4,Low,DEV_0003805,06605f3965793324
NDM_003806,Swakopmund,811,Standard,USSD,iOS,724.06,4,Medium,DEV_0003806,1c464e19aa257ffd
NDM_003807,Rundu,2079,Standard,Web,Android,455.2,2,High,DEV_0003807,5a0ef8167f966672
NDM_003808,Windhoek,1264,Business,Mobile_App,iOS,646.18,2,Medium,DEV_0003808,2b3cfcb3ec0a521c
NDM_003809,Oshakati,214,Standard,Web,Android,1685.15,3,Low,DEV_0003809,ba21b2daec241171
NDM_003810,Walvis Bay,727,Standard,Web,Android,678.86,7,Low,DEV_0003810,56f3027cd7fade45
NDM_003811,Swakopmund,2439,Standard,USSD,Android,359.4,4,Low,DEV_0003811,7b5e4cac9504f1bd
NDM_003812,Swakopmund,2534,Business,USSD,iOS,361.24,3,Medium,DEV_0003812,4768c9387b77dbfa
NDM_003813,Oshakati,1741,Standard,USSD,Android,92.24,2,High,DEV_0003813,aaa7858813a4c552
NDM_003814,Windhoek,3331,Standard,Mobile_App,Android,379.33,5,High,DEV_0003814,5be4a6cf51b16dc4
NDM_003815,Windhoek,1970,Standard,USSD,Android,735.98,7,Low,DEV_0003815,28da8c824686a7fb
NDM_003816,Windhoek,2304,Standard,USSD,Android,781.88,4,Low,DEV_0003816,dd3d306463832a47
NDM_003817,Windhoek,2356,Standard,USSD,iOS,936.51,8,Low,DEV_0003817,6495d5d39d3e051f
NDM_003818,Rundu,2991,Standard,Mobile_App,iOS,644.68,5,Low,DEV_0003818,06cf62ec7957e04b
NDM_003819,Keetmanshoop,1569,Premium,USSD,Android,2706.28,3,High,DEV_0003819,eaab8076a79dab25
NDM_003820,Windhoek,403,Standard,USSD,iOS,380.52,6,Low,DEV_0003820,acb110528ecdc968
NDM_003821,Windhoek,2464,Standard,Web,Android,159.89,1,Low,DEV_0003821,3672ef5fe7a5a3ce
NDM_003822,Rundu,2843,Standard,USSD,iOS,112.75,5,Low,DEV_0003822,8dd97f25ec3665f1
NDM_003823,Windhoek,3578,Standard,Mobile_App,iOS,350.0,4,Medium,DEV_0003823,2b571e49a797098c
NDM_003824,Rundu,374,Business,USSD,Android,518.21,7,Low,DEV_0003824,afbbcf131fe824dd
NDM_003825,Oshakati,702,Business,USSD,Android,269.01,4,Low,DEV_0003825,04d0823ad7656484
NDM_003826,Swakopmund,2525,Premium,USSD,Android,336.03,5,Low,DEV_0003826,d4a66648d7ef519a
NDM_003827,Swakopmund,724,Business,USSD,Android,1261.94,5,Low,DEV_0003827,69675eb69128bb86
NDM_003828,Keetmanshoop,178,Standard,Web,Android,3387.99,6,Low,DEV_0003828,0f510ca30d2ece5f
NDM_003829,Windhoek,675,Standard,USSD,iOS,150.34,7,Medium,DEV_0003829,9859a30e42ebbf18
NDM_003830,Rundu,3346,Premium,USSD,iOS,672.69,5,Medium,DEV_0003830,66a86d79dc2c1b7e
NDM_003831,Swakopmund,72,Standard,USSD,iOS,901.6,1,Low,DEV_0003831,65508b3331fa2bc9
NDM_003832,Windhoek,3472,Standard,Web,iOS,941.52,4,Medium,DEV_0003832,a64e441e2d558ce8
NDM_003833,Keetmanshoop,2616,Standard,Mobile_App,Android,651.04,4,High,DEV_0003833,ade9bd574d5a2b72
NDM_003834,Walvis Bay,2704,Standard,USSD,iOS,500.4,2,Low,DEV_0003834,80452809282646bc
NDM_003835,Walvis Bay,2136,Standard,USSD,Android,552.11,2,Low,DEV_0003835,408870ba70d4d579
NDM_003836,Windhoek,3327,Standard,USSD,Android,451.3,6,Low,DEV_0003836,5cada7505c7e9c8b
NDM_003837,Swakopmund,1382,Premium,Mobile_App,Android,286.52,4,Low,DEV_0003837,063f03418a695b25
NDM_003838,Windhoek,1108,Standard,USSD,Android,881.49,5,Low,DEV_0003838,5354c0e173945f45
NDM_003839,Windhoek,3059,Premium,USSD,iOS,377.34,5,Medium,DEV_0003839,9ebb7708c276c1bd
NDM_003840,Rundu,1317,Standard,USSD,Android,366.1,2,Low,DEV_0003840,5ca7199965e168d3
NDM_003841,Windhoek,3260,Standard,USSD,iOS,102.42,5,Low,DEV_0003841,f1a1dca35bc7d650
NDM_003842,Keetmanshoop,3203,Standard,Web,Android,265.81,6,Low,DEV_0003842,a89f8a738257bc46
NDM_003843,Keetmanshoop,2832,Standard,USSD,iOS,867.32,3,Low,DEV_0003843,c8a537930ad412b1
NDM_003844,Swakopmund,724,Standard,USSD,Android,676.74,2,Low,DEV_0003844,475b17624c3b074e
NDM_003845,Oshakati,506,Standard,Mobile_App,Android,380.48,1,Low,DEV_0003845,3358ba6e32c59971
NDM_003846,Keetmanshoop,3434,Standard,Web,Android,1239.41,4,Low,DEV_0003846,1cd0cb57e6fe7543
NDM_003847,Windhoek,3320,Premium,Mobile_App,Android,315.21,1,Low,DEV_0003847,9f6e9817f4ebc00e
NDM_003848,Oshakati,3225,Standard,USSD,iOS,331.61,1,Low,DEV_0003848,336290ef3577ceea
NDM_003849,Oshakati,1795,Premium,USSD,iOS,600.53,4,Low,DEV_0003849,355b45a084ce8c53
NDM_003850,Windhoek,2842,Standard,Web,Android,386.5,4,Low,DEV_0003850,3049ff3f014e0d16
NDM_003851,Oshakati,1173,Business,USSD,Android,293.29,7,Low,DEV_0003851,c7fb183be0c20d96
NDM_003852,Keetmanshoop,2477,Standard,Mobile_App,iOS,920.15,3,Low,DEV_0003852,764bf31860f4ebab
NDM_003853,Windhoek,3241,Business,USSD,iOS,1252.67,3,Low,DEV_0003853,6b670a048fe53eec
NDM_003854,Walvis Bay,875,Standard,USSD,Android,115.54,4,Low,DEV_0003854,10df5047c6a53c48
NDM_003855,Windhoek,2115,Standard,Web,Android,164.57,3,Low,DEV_0003855,57d3a4c0db0092b9
NDM_003856,Swakopmund,575,Standard,Web,Android,239.1,1,Low,DEV_0003856,50555c95260b25d9
NDM_003857,Swakopmund,1035,Standard,USSD,Android,255.83,3,Low,DEV_0003857,70df186a0434df6f
NDM_003858,Windhoek,2189,Standard,USSD,iOS,1223.13,4,Medium,DEV_0003858,79d037ac60510847
NDM_003859,Windhoek,884,Premium,Web,Android,1026.68,7,Low,DEV_0003859,f12799624943d488
NDM_003860,Windhoek,3589,Standard,USSD,Android,1338.64,3,Low,DEV_0003860,80925a6521970772
NDM_003861,Walvis Bay,808,Premium,USSD,Android,362.69,4,Low,DEV_0003861,dfcc1e2ca38c0bc1
NDM_003862,Swakopmund,1857,Standard,USSD,Android,109.16,4,Low,DEV_0003862,6fa78b70b21a5f1a
NDM_003863,Keetmanshoop,1335,Premium,USSD,Android,961.54,1,Low,DEV_0003863,c65170b0b76f7310
NDM_003864,Walvis Bay,3316,Premium,USSD,iOS,217.56,3,Low,DEV_0003864,87e48516ec39af1c
NDM_003865,Windhoek,1737,Premium,USSD,Android,620.31,4,Medium,DEV_0003865,6b9afb39482a3631
NDM_003866,Oshakati,1886,Standard,Mobile_App,Android,2033.51,3,Low,DEV_0003866,71ae0d7444efe14b
NDM_003867,Swakopmund,2915,Standard,USSD,Android,556.66,2,Medium,DEV_0003867,6bc5b7d0e60b8d24
NDM_003868,Windhoek,1067,Premium,USSD,iOS,323.25,5,Low,DEV_0003868,16b6ecb85295db10
NDM_003869,Windhoek,3628,Standard,USSD,iOS,2154.2,3,Medium,DEV_0003869,458f2a9df86e217f
NDM_003870,Windhoek,2153,Standard,Mobile_App,Android,485.53,4,Low,DEV_0003870,a0c527de5683dedd
NDM_003871,Keetmanshoop,3577,Standard,Web,Android,185.45,4,Low,DEV_0003871,6d6aa2a76fa17958
NDM_003872,Windhoek,1760,Premium,USSD,Android,478.56,3,Low,DEV_0003872,c08afc8b269ea1e6
NDM_003873,Swakopmund,3360,Standard,Mobile_App,iOS,242.8,1,Low,DEV_0003873,2431846a785b1fd0
NDM_003874,Swakopmund,655,Premium,USSD,Android,930.72,7,Low,DEV_0003874,0475a73af76b261c
NDM_003875,Keetmanshoop,3293,Standard,USSD,Android,398.02,3,Low,DEV_0003875,b8a963642b247cc8
NDM_003876,Rundu,318,Premium,Web,Android,290.2,5,Low,DEV_0003876,087002a259700fbc
NDM_003877,Keetmanshoop,1094,Standard,Web,Android,401.93,5,Low,DEV_0003877,890be3d45a98cd29
NDM_003878,Windhoek,118,Business,USSD,iOS,566.03,6,Low,DEV_0003878,e682676f94451b4b
NDM_003879,Windhoek,1440,Premium,USSD,Android,562.07,4,Low,DEV_0003879,5229656c00ab5420
NDM_003880,Windhoek,2075,Standard,USSD,iOS,238.66,6,Medium,DEV_0003880,b7a6fae4334be775
NDM_003881,Swakopmund,222,Standard,Mobile_App,Android,529.5,5,Low,DEV_0003881,318dcd1f3adccc75
NDM_003882,Windhoek,2725,Standard,USSD,Android,1943.69,2,Low,DEV_0003882,c6e8d8a5b3a48fc0
NDM_003883,Walvis Bay,2896,Standard,Web,Android,1755.18,5,Low,DEV_0003883,1ed30a685bff8ddf
NDM_003884,Windhoek,3138,Standard,USSD,Android,219.22,4,Low,DEV_0003884,2c49bd91f018469a
NDM_003885,Walvis Bay,1123,Standard,Web,Android,343.8,6,Low,DEV_0003885,fd89e73679d98033
NDM_003886,Oshakati,3283,Standard,USSD,Android,352.44,3,Low,DEV_0003886,e8755b1a6c8e7e2d
NDM_003887,Rundu,1838,Standard,Web,iOS,96.54,4,Low,DEV_0003887,abd0723d3906a11b
NDM_003888,Keetmanshoop,43,Premium,USSD,Android,1923.54,3,Low,DEV_0003888,132e373174c3f5be
NDM_003889,Rundu,1757,Premium,USSD,Android,440.78,4,Low,DEV_0003889,7ad260fd1130fa8a
NDM_003890,Windhoek,2459,Standard,USSD,iOS,171.41,5,Medium,DEV_0003890,49bbc22971da30fe
NDM_003891,Swakopmund,838,Premium,USSD,Android,510.73,5,Low,DEV_0003891,bdfa50c976c35ba1
NDM_003892,Keetmanshoop,592,Premium,USSD,Android,407.49,6,Low,DEV_0003892,ea4aa777a20a2ba7
NDM_003893,Windhoek,2998,Premium,Mobile_App,iOS,199.42,2,Low,DEV_0003893,c3155abc139a61d5
NDM_003894,Walvis Bay,1353,Standard,Mobile_App,iOS,278.66,3,High,DEV_0003894,242c3f68d6f757b3
NDM_003895,Windhoek,668,Standard,USSD,Android,345.88,9,Low,DEV_0003895,8cc17c39d942a5ab
NDM_003896,Oshakati,2767,Business,Web,iOS,469.23,3,Low,DEV_0003896,9a8f353ccd16765b
NDM_003897,Swakopmund,1281,Premium,USSD,Android,629.93,4,Low,DEV_0003897,5ddd415eef0de281
NDM_003898,Windhoek,2015,Standard,Mobile_App,Android,763.63,2,Low,DEV_0003898,12f2906089542fa4
NDM_003899,Windhoek,376,Premium,Web,Android,493.43,4,Medium,DEV_0003899,374e3915f34c9c3f
NDM_003900,Oshakati,1624,Premium,USSD,Android,298.3,4,Low,DEV_0003900,25b5ff23e5af900c
NDM_003901,Walvis Bay,2266,Standard,USSD,Android,320.56,4,Low,DEV_0003901,70f26bac7d37d27c
NDM_003902,Walvis Bay,2350,Standard,USSD,Android,505.45,5,Low,DEV_0003902,a214fffabd367c6e
NDM_003903,Keetmanshoop,2093,Standard,USSD,iOS,976.0,6,Low,DEV_0003903,5b52150004e75b9a
NDM_003904,Windhoek,2640,Standard,Web,Android,401.56,3,Medium,DEV_0003904,5cc00e3d4c510f9a
NDM_003905,Windhoek,1409,Standard,USSD,iOS,588.79,1,Low,DEV_0003905,d75f0502c5a18817
NDM_003906,Windhoek,2841,Standard,USSD,Android,665.97,3,Low,DEV_0003906,f9826af6f4539429
NDM_003907,Windhoek,1127,Standard,USSD,Android,636.51,4,Low,DEV_0003907,37d2512cb644b628
NDM_003908,Oshakati,38,Premium,USSD,Android,136.03,4,Medium,DEV_0003908,ee320acdec668d26
NDM_003909,Walvis Bay,3342,Premium,USSD,iOS,90.69,8,Low,DEV_0003909,e4aaa5433826bfc0
NDM_003910,Swakopmund,934,Premium,Web,Android,546.61,2,Low,DEV_0003910,6f542503aa921208
NDM_003911,Windhoek,275,Standard,USSD,Android,548.18,4,High,DEV_0003911,52013522ef504da6
NDM_003912,Oshakati,328,Standard,USSD,Android,497.9,2,Low,DEV_0003912,c15a5036dc6da87c
NDM_003913,Windhoek,2260,Standard,Web,iOS,438.05,3,Low,DEV_0003913,4d6daa07fcd760bf
NDM_003914,Oshakati,66,Standard,USSD,Android,225.94,2,Low,DEV_0003914,07251728060e5c58
NDM_003915,Swakopmund,3390,Standard,USSD,iOS,1116.07,4,Low,DEV_0003915,4310d7f5119e81cd
NDM_003916,Windhoek,3149,Standard,USSD,iOS,227.11,7,Low,DEV_0003916,3f857f4e0666a4da
NDM_003917,Oshakati,2037,Premium,Web,Android,708.4,5,Low,DEV_0003917,79167b1858813c7c
NDM_003918,Windhoek,2654,Standard,USSD,Android,953.98,3,Low,DEV_0003918,ce7491c05ec8880c
NDM_003919,Windhoek,1960,Standard,USSD,Android,1207.17,5,Low,DEV_0003919,8db71dd94a7031d4
NDM_003920,Rundu,3469,Premium,Web,Android,302.7,7,Low,DEV_0003920,7f508dd4edbe336c
NDM_003921,Windhoek,2821,Standard,USSD,iOS,195.28,4,Low,DEV_0003921,e352a39bdc69acb1
NDM_003922,Windhoek,2800,Standard,USSD,iOS,111.38,5,Low,DEV_0003922,1896af5fb8873d8c
NDM_003923,Walvis Bay,1559,Standard,USSD,iOS,119.15,8,Medium,DEV_0003923,28729818f410e470
NDM_003924,Walvis Bay,761,Standard,Web,iOS,601.94,3,Low,DEV_0003924,4ed87d45b3a6db6a
NDM_003925,Windhoek,1480,Standard,Mobile_App,Android,631.89,5,Medium,DEV_0003925,89d3898dd137fd77
NDM_003926,Windhoek,2525,Standard,USSD,Android,552.79,4,Low,DEV_0003926,37f17397f2fb1dd6
NDM_003927,Oshakati,1429,Standard,USSD,iOS,1273.23,3,Medium,DEV_0003927,9f1648a8154da76e
NDM_003928,Keetmanshoop,3604,Standard,USSD,iOS,2268.22,4,Low,DEV_0003928,9a8cb24d11183df3
NDM_003929,Oshakati,2160,Standard,Web,Android,2388.3,4,Low,DEV_0003929,dd69aff03dd6d4f8
NDM_003930,Windhoek,3362,Standard,USSD,iOS,407.83,6,Medium,DEV_0003930,22df6197a53b2426
NDM_003931,Oshakati,1570,Premium,Web,Android,232.5,4,Low,DEV_0003931,da5428be50dab51f
NDM_003932,Windhoek,3588,Standard,USSD,Android,213.36,5,Low,DEV_0003932,12275d730e598e18
NDM_003933,Windhoek,1590,Premium,USSD,Android,583.59,3,High,DEV_0003933,740663a60af38cc5
NDM_003934,Walvis Bay,3291,Premium,Web,Android,402.87,4,Low,DEV_0003934,84b40ba5bbb3ac5f
NDM_003935,Oshakati,827,Standard,USSD,Android,312.04,5,Medium,DEV_0003935,573cb153124cf54a
NDM_003936,Walvis Bay,507,Standard,Web,iOS,194.77,4,Low,DEV_0003936,7dba96d101d5e939
NDM_003937,Swakopmund,2527,Business,USSD,Android,1029.72,3,Low,DEV_0003937,a8364f5dd3f01f32
NDM_003938,Swakopmund,2334,Standard,USSD,Android,560.06,3,Low,DEV_0003938,759571811298bd08
NDM_003939,Rundu,3290,Standard,USSD,Android,669.0,3,Medium,DEV_0003939,ad86dbe289a1d7d0
NDM_003940,Walvis Bay,1301,Premium,USSD,Android,558.56,1,Low,DEV_0003940,3c18e86bf9661b0d
NDM_003941,Keetmanshoop,996,Standard,Web,iOS,385.42,5,Low,DEV_0003941,2ebb2076033c7805
NDM_003942,Swakopmund,747,Standard,USSD,Android,966.63,4,Low,DEV_0003942,e6d4c15dcb5558c3
NDM_003943,Windhoek,3490,Standard,Web,Android,299.2,2,Medium,DEV_0003943,7345a105ab44ff87
NDM_003944,Rundu,1969,Premium,USSD,iOS,200.43,4,Medium,DEV_0003944,7e6e2a751c5fabf7
NDM_003945,Windhoek,976,Standard,Web,Android,215.14,1,Low,DEV_0003945,629988add35471ca
NDM_003946,Oshakati,1724,Standard,Web,iOS,840.5,6,Low,DEV_0003946,8d05a84097392cb8
NDM_003947,Rundu,2435,Standard,USSD,Android,319.06,6,Medium,DEV_0003947,81116d45a38ad547
NDM_003948,Walvis Bay,741,Standard,Mobile_App,Android,2065.24,3,Low,DEV_0003948,308461ceacec189e
NDM_003949,Windhoek,3395,Standard,USSD,Android,654.39,3,Low,DEV_0003949,a9ffc91f7f845738
NDM_003950,Windhoek,1491,Business,USSD,Android,327.14,3,High,DEV_0003950,da9647285ada1661
NDM_003951,Windhoek,2424,Standard,USSD,iOS,945.62,5,Medium,DEV_0003951,d97ec363b108e84b
NDM_003952,Walvis Bay,2282,Premium,Web,iOS,1833.33,4,High,DEV_0003952,26f30ba883d2945e
NDM_003953,Windhoek,48,Standard,USSD,Android,665.58,3,Low,DEV_0003953,5ef5b3625e88f75d
NDM_003954,Walvis Bay,2709,Standard,USSD,iOS,299.49,4,Medium,DEV_0003954,ee3308f7a0b0e0cb
NDM_003955,Walvis Bay,1352,Standard,Mobile_App,iOS,1536.66,4,Low,DEV_0003955,165ec33246514538
NDM_003956,Oshakati,1709,Standard,USSD,Android,300.71,4,Medium,DEV_0003956,9b65cc01241b94af
NDM_003957,Swakopmund,2393,Standard,Web,Android,1491.52,2,Low,DEV_0003957,55447f687509ce2a
NDM_003958,Windhoek,3273,Standard,Web,iOS,261.11,2,Medium,DEV_0003958,4f5d4710598a36e6
NDM_003959,Windhoek,2047,Standard,USSD,Android,728.79,4,Low,DEV_0003959,cb3d56046cbea7a4
NDM_003960,Oshakati,1066,Standard,USSD,Android,616.49,3,Low,DEV_0003960,8a5133100bfd50f9
NDM_003961,Swakopmund,1433,Standard,Web,Android,182.69,2,Low,DEV_0003961,ed6464758dadcbe9
NDM_003962,Windhoek,2872,Standard,USSD,Android,1016.64,2,Low,DEV_0003962,360de34f0af7226f
NDM_003963,Windhoek,2938,Premium,USSD,Android,365.02,3,Medium,DEV_0003963,e8b8e1dfc13126ba
NDM_003964,Oshakati,2285,Standard,Web,Android,335.97,2,Medium,DEV_0003964,9cc924988dd00b8d
NDM_003965,Swakopmund,1213,Standard,Web,Android,358.96,6,Low,DEV_0003965,10a01dd47eb559ed
NDM_003966,Keetmanshoop,3071,Standard,USSD,Android,761.72,2,Low,DEV_0003966,8f1e6efd4218957f
NDM_003967,Windhoek,2778,Standard,USSD,iOS,1418.95,6,Low,DEV_0003967,2e107b031549a364
NDM_003968,Windhoek,1301,Standard,USSD,Android,697.48,6,Medium,DEV_0003968,fec63ba49ec54f62
NDM_003969,Swakopmund,2161,Standard,USSD,Android,473.33,4,Low,DEV_0003969,95275f44094da4f8
NDM_003970,Windhoek,2270,Standard,USSD,Android,69.26,4,Medium,DEV_0003970,a79b93feb4cbf1ad
NDM_003971,Windhoek,573,Premium,USSD,Android,937.46,7,Low,DEV_0003971,d7640c657fe80453
NDM_003972,Walvis Bay,2255,Standard,Mobile_App,Android,303.15,4,Low,DEV_0003972,5ede2c154558a71d
NDM_003973,Walvis Bay,2242,Premium,USSD,Android,1091.38,1,Low,DEV_0003973,cfac67786f14bfab
NDM_003974,Rundu,1569,Premium,USSD,Android,945.23,2,Low,DEV_0003974,2dc6ddcad3ebe35d
NDM_003975,Oshakati,726,Premium,USSD,Android,563.37,3,Low,DEV_0003975,ccf6a0806292b75a
NDM_003976,Windhoek,1735,Business,USSD,Android,574.88,7,Low,DEV_0003976,cae495a69a4b93c0
NDM_003977,Swakopmund,869,Standard,USSD,Android,394.56,6,Medium,DEV_0003977,407a934b8c5238c2
NDM_003978,Windhoek,3260,Premium,USSD,Android,266.62,5,Medium,DEV_0003978,439582a6f50f55cb
NDM_003979,Rundu,284,Standard,Web,iOS,178.03,6,Low,DEV_0003979,c6238942b8d6c675
NDM_003980,Windhoek,2822,Premium,Web,Android,556.36,2,Low,DEV_0003980,6475c00eafbe2aac
NDM_003981,Swakopmund,1966,Standard,Web,Android,1707.98,4,Low,DEV_0003981,f02bf142b46735d4
NDM_003982,Windhoek,3594,Business,USSD,Android,713.26,4,Low,DEV_0003982,7faa3aa0f659a783
NDM_003983,Walvis Bay,663,Standard,Web,Android,314.37,4,Low,DEV_0003983,e93d141eeb3971c3
NDM_003984,Windhoek,2094,Standard,USSD,Android,751.52,3,Low,DEV_0003984,66d408198b3b7826
NDM_003985,Windhoek,1492,Standard,Web,Android,1014.22,5,Low,DEV_0003985,b29e012f37d71cc2
NDM_003986,Windhoek,1762,Premium,USSD,Android,102.93,5,Low,DEV_0003986,d064f19f4030e500
NDM_003987,Windhoek,1835,Business,USSD,Android,363.47,5,Low,DEV_0003987,456a8e8eb76d951d
NDM_003988,Oshakati,1740,Standard,USSD,Android,1394.63,1,Low,DEV_0003988,f48a3222e112e000
NDM_003989,Walvis Bay,2228,Standard,USSD,iOS,132.88,6,Low,DEV_0003989,a0b5c5d99b038970
NDM_003990,Keetmanshoop,2383,Business,USSD,Android,829.76,4,Low,DEV_0003990,6d27b4e4cbb4593c
NDM_003991,Swakopmund,1287,Standard,USSD,iOS,126.82,7,Low,DEV_0003991,0bd973b17f82a146
NDM_003992,Windhoek,482,Standard,USSD,Android,238.65,6,Low,DEV_0003992,049fc2fc922d92ab
NDM_003993,Swakopmund,2733,Standard,USSD,Android,148.15,2,Low,DEV_0003993,bfc60682cee64259
NDM_003994,Oshakati,3055,Standard,USSD,Android,2721.3,4,Low,DEV_0003994,d8737707dbf7a3a8
NDM_003995,Oshakati,32,Standard,USSD,Android,595.42,5,Low,DEV_0003995,5c22c3c1374de873
NDM_003996,Oshakati,3107,Premium,USSD,iOS,771.14,1,High,DEV_0003996,b72aff0333c1434f
NDM_003997,Oshakati,1358,Premium,USSD,iOS,218.66,6,Medium,DEV_0003997,b04d6ec2b57e9225
NDM_003998,Windhoek,1561,Standard,USSD,iOS,841.46,2,Low,DEV_0003998,2c1841c42a761a1f
NDM_003999,Swakopmund,860,Business,USSD,Android,191.85,3,Low,DEV_0003999,bfa2e1d9766bc44b
NDM_004000,Rundu,274,Standard,USSD,Android,1036.49,2,Low,DEV_0004000,573b149fe5ffdba8
NDM_004001,Windhoek,3618,Standard,USSD,iOS,744.19,2,Low,DEV_0004001,c8720e7ec0033cf5
NDM_004002,Swakopmund,3223,Premium,USSD,iOS,2842.0,3,Medium,DEV_0004002,2d8872bc05e13da3
NDM_004003,Swakopmund,1850,Standard,USSD,iOS,275.87,4,High,DEV_0004003,577e6bbf0d98c240
NDM_004004,Windhoek,449,Standard,Web,Android,382.06,3,Low,DEV_0004004,cc80671f7b1df46d
NDM_004005,Swakopmund,2765,Premium,Web,Android,272.82,6,Medium,DEV_0004005,11e3a4ae988dac61
NDM_004006,Windhoek,1386,Standard,USSD,Android,600.18,5,Low,DEV_0004006,076ea20757945d4e
NDM_004007,Swakopmund,939,Standard,USSD,Android,224.22,4,Medium,DEV_0004007,16822bd977476190
NDM_004008,Rundu,1046,Standard,Web,iOS,954.32,4,Medium,DEV_0004008,0982311ac8d52c12
NDM_004009,Swakopmund,1785,Standard,Web,Android,1132.74,3,Low,DEV_0004009,11c4cd494e55dbac
NDM_004010,Walvis Bay,1426,Premium,USSD,Android,218.52,5,Low,DEV_0004010,098fed69adcc241d
NDM_004011,Windhoek,1513,Standard,Web,Android,155.07,5,Low,DEV_0004011,2eba2b7ffd2614b0
NDM_004012,Windhoek,3465,Standard,USSD,iOS,305.67,4,Medium,DEV_0004012,dfb916145260170b
NDM_004013,Oshakati,3455,Standard,USSD,iOS,452.77,3,Low,DEV_0004013,57faf61432074ec9
NDM_004014,Rundu,3561,Standard,Web,iOS,1223.9,2,Medium,DEV_0004014,b9a39696a7946194
NDM_004015,Rundu,890,Standard,USSD,iOS,330.25,3,High,DEV_0004015,c662f32ad0332bb4
NDM_004016,Windhoek,265,Standard,Mobile_App,Android,446.84,4,Low,DEV_0004016,068c8d19765c4129
NDM_004017,Walvis Bay,3649,Standard,Web,Android,1201.41,3,Low,DEV_0004017,8c4bda6b8c326121
NDM_004018,Windhoek,1156,Standard,USSD,Android,830.31,6,Low,DEV_0004018,66f6e7997cc0e405
NDM_004019,Swakopmund,300,Standard,USSD,iOS,384.39,4,Low,DEV_0004019,2b11ac14233be753
NDM_004020,Oshakati,2130,Standard,USSD,iOS,218.71,4,High,DEV_0004020,5cfda62f26799bbd
NDM_004021,Swakopmund,1249,Premium,USSD,iOS,1128.32,2,Medium,DEV_0004021,50b881ee8d9235dd
NDM_004022,Oshakati,2466,Standard,Mobile_App,Android,717.63,4,Low,DEV_0004022,f38a73214cb4671b
NDM_004023,Windhoek,1990,Standard,USSD,Android,350.11,4,Medium,DEV_0004023,521019e0a9f55c98
NDM_004024,Rundu,149,Standard,USSD,Android,1022.46,3,Low,DEV_0004024,fc87b91fd1391da1
NDM_004025,Swakopmund,550,Premium,USSD,Android,236.78,7,Low,DEV_0004025,239fc7a309b47c50
NDM_004026,Oshakati,1654,Standard,USSD,Android,272.83,3,Low,DEV_0004026,c1ca3ffccbfae6d2
NDM_004027,Swakopmund,2776,Standard,USSD,Android,3979.95,8,High,DEV_0004027,9f6d9d73aafe2d43
NDM_004028,Windhoek,962,Standard,USSD,Android,837.09,4,Low,DEV_0004028,758fdcb41ab74e26
NDM_004029,Walvis Bay,3640,Standard,USSD,Android,337.04,2,Medium,DEV_0004029,de6e9ba87f816f67
NDM_004030,Windhoek,2075,Standard,Web,iOS,568.73,2,Low,DEV_0004030,3522cd0603490352
NDM_004031,Windhoek,1232,Standard,USSD,Android,128.49,5,Low,DEV_0004031,21ef7cc311b8447f
NDM_004032,Windhoek,1652,Business,USSD,Android,57.13,3,Low,DEV_0004032,7c458f9d42d1919b
NDM_004033,Windhoek,3229,Premium,USSD,Android,612.74,4,Low,DEV_0004033,775c90212963c8d8
NDM_004034,Walvis Bay,1011,Standard,USSD,iOS,577.55,2,Low,DEV_0004034,dc2b00bf1fd518a7
NDM_004035,Windhoek,3025,Standard,USSD,Android,563.86,5,Low,DEV_0004035,800c2508f514a1d9
NDM_004036,Windhoek,331,Premium,USSD,iOS,371.45,3,Low,DEV_0004036,45c1982636d7202b
NDM_004037,Walvis Bay,2619,Standard,Web,Android,682.61,6,High,DEV_0004037,b69fad4bf30491de
NDM_004038,Swakopmund,697,Standard,USSD,Android,903.23,4,Low,DEV_0004038,2c551919b6f4e1ba
NDM_004039,Swakopmund,96,Standard,USSD,Android,266.22,4,Low,DEV_0004039,475fbd4854445db8
NDM_004040,Windhoek,582,Standard,USSD,Android,645.14,7,Low,DEV_0004040,f1d0c8a43aee2de5
NDM_004041,Keetmanshoop,2198,Standard,USSD,Android,507.6,5,Low,DEV_0004041,8c9a3c503a117d1b
NDM_004042,Windhoek,1913,Standard,USSD,Android,374.38,6,Low,DEV_0004042,d53cc2c3db3dbacc
NDM_004043,Windhoek,495,Standard,USSD,iOS,167.62,7,Low,DEV_0004043,97f9feb7043498cf
NDM_004044,Swakopmund,2354,Standard,Web,Android,1183.41,5,Low,DEV_0004044,777998c8e1d5fc98
NDM_004045,Windhoek,1639,Standard,Web,Android,951.53,2,Low,DEV_0004045,7e0edfb53a6e98d7
NDM_004046,Walvis Bay,3019,Premium,USSD,Android,224.66,4,Low,DEV_0004046,eb9862c76f0d2949
NDM_004047,Keetmanshoop,2239,Premium,Web,Android,717.8,7,Medium,DEV_0004047,6908b41ae1fddf33
NDM_004048,Swakopmund,2297,Premium,USSD,Android,842.77,6,Medium,DEV_0004048,ef9e83cd7701dc5e
NDM_004049,Oshakati,1086,Standard,USSD,Android,1098.1,4,Low,DEV_0004049,77fde159d763b1f6
NDM_004050,Windhoek,2509,Standard,USSD,Android,135.09,4,Low,DEV_0004050,214265454a482052
NDM_004051,Keetmanshoop,2200,Premium,Web,iOS,223.93,4,Low,DEV_0004051,f4b5d3a9e500a911
NDM_004052,Oshakati,780,Standard,USSD,Android,390.15,3,Low,DEV_0004052,3d69f72334ceb5f9
NDM_004053,Walvis Bay,970,Standard,USSD,Android,612.73,4,Medium,DEV_0004053,1bc61d5c80e03467
NDM_004054,Windhoek,903,Standard,USSD,Android,214.23,7,Low,DEV_0004054,223f4d2c2ef5bdef
NDM_004055,Windhoek,456,Premium,USSD,Android,601.94,6,Low,DEV_0004055,a3102242bcb40c19
NDM_004056,Walvis Bay,665,Standard,Web,Android,525.6,2,Medium,DEV_0004056,01e22ece088c2aa7
NDM_004057,Windhoek,3629,Standard,USSD,iOS,219.04,3,Medium,DEV_0004057,586c8cf324fda084
NDM_004058,Keetmanshoop,1038,Premium,Web,Android,209.85,3,Low,DEV_0004058,5a4af80427b21b75
NDM_004059,Windhoek,355,Standard,USSD,iOS,332.95,5,Medium,DEV_0004059,d392423b583e1912
NDM_004060,Windhoek,170,Premium,Mobile_App,Android,691.69,5,Low,DEV_0004060,1a9a29f85fd97d56
NDM_004061,Rundu,1170,Standard,USSD,Android,1492.31,6,Medium,DEV_0004061,023fd73706554cf5
NDM_004062,Windhoek,2168,Business,USSD,Android,434.11,8,High,DEV_0004062,a5106054ae5dab58
NDM_004063,Walvis Bay,2846,Standard,USSD,Android,668.11,2,Low,DEV_0004063,32120b2496222b33
NDM_004064,Walvis Bay,2278,Standard,USSD,Android,169.55,4,Low,DEV_0004064,85b8cc88a16f2bc0
NDM_004065,Walvis Bay,2100,Standard,Web,Android,267.39,5,Low,DEV_0004065,1f4bed2011b2f72e
NDM_004066,Walvis Bay,1198,Standard,USSD,Android,617.48,4,Low,DEV_0004066,1034681b7504e91a
NDM_004067,Rundu,1956,Standard,Mobile_App,Android,241.3,5,Low,DEV_0004067,7e0bc212f0451d38
NDM_004068,Windhoek,3603,Premium,USSD,Android,222.68,6,Medium,DEV_0004068,b69c49191f3ecdb0
NDM_004069,Rundu,2683,Standard,USSD,Android,310.06,6,Low,DEV_0004069,e96c3a43b8972379
NDM_004070,Walvis Bay,242,Standard,USSD,Android,510.75,4,Low,DEV_0004070,b6feee38f1d7701f
NDM_004071,Windhoek,1151,Premium,USSD,Android,148.57,5,High,DEV_0004071,2ec4cb448526187c
NDM_004072,Oshakati,32,Standard,USSD,Android,892.42,8,Low,DEV_0004072,6cec37412627b941
NDM_004073,Oshakati,2992,Standard,USSD,iOS,776.18,6,Low,DEV_0004073,f1389c6e55666370
NDM_004074,Swakopmund,2179,Standard,USSD,Android,1641.96,6,Low,DEV_0004074,389edfcd8e94768c
NDM_004075,Oshakati,250,Standard,USSD,Android,536.15,5,Low,DEV_0004075,e1aa14ec0d2b01b8
NDM_004076,Walvis Bay,679,Standard,Web,iOS,301.6,4,Low,DEV_0004076,4accd95ccd93524c
NDM_004077,Windhoek,2217,Standard,Web,iOS,166.05,4,Medium,DEV_0004077,7ce196bd797f6480
NDM_004078,Oshakati,3354,Standard,Mobile_App,Android,288.5,4,High,DEV_0004078,a04cf44fe98e617c
NDM_004079,Walvis Bay,651,Standard,USSD,Android,2219.8,7,Low,DEV_0004079,67a80201fb4021c3
NDM_004080,Swakopmund,1277,Standard,Mobile_App,iOS,307.17,3,Low,DEV_0004080,0607f8e3aa681b60
NDM_004081,Windhoek,965,Standard,USSD,Android,576.66,3,Low,DEV_0004081,8d4f57e0faf19e6d
NDM_004082,Windhoek,1245,Premium,USSD,Android,800.75,3,Low,DEV_0004082,03c46c1f31069e8b
NDM_004083,Rundu,3457,Standard,USSD,Android,1148.06,6,Low,DEV_0004083,a6d2a92d4d9608f8
NDM_004084,Windhoek,2641,Standard,USSD,iOS,568.84,2,Low,DEV_0004084,9dd6dc1f2e5a7093
NDM_004085,Walvis Bay,1156,Standard,Web,iOS,189.06,3,Medium,DEV_0004085,678cb5430685a194
NDM_004086,Windhoek,3534,Standard,Web,Android,395.27,7,Medium,DEV_0004086,65e3f0babef6468f
NDM_004087,Swakopmund,3224,Standard,USSD,Android,455.85,4,Low,DEV_0004087,e62fee10fed0241c
NDM_004088,Windhoek,3457,Standard,USSD,Android,1095.3,4,Medium,DEV_0004088,5295d1b927b12f73
NDM_004089,Windhoek,1436,Standard,USSD,Android,639.64,5,Medium,DEV_0004089,1a49f50c774b9bc2
NDM_004090,Keetmanshoop,867,Standard,USSD,Android,392.59,2,Low,DEV_0004090,9c16f43c9f48bf1e
NDM_004091,Walvis Bay,2786,Standard,USSD,Android,634.29,7,Low,DEV_0004091,2c57257ee7032325
NDM_004092,Windhoek,2381,Standard,USSD,Android,373.49,5,Low,DEV_0004092,b86c613357587ed3
NDM_004093,Oshakati,3059,Standard,Web,Android,80.01,8,Low,DEV_0004093,1ed3f59e31aef741
NDM_004094,Windhoek,1060,Standard,Mobile_App,iOS,311.53,5,Low,DEV_0004094,5b766975ea8cd14e
NDM_004095,Walvis Bay,1002,Standard,USSD,Android,4103.51,4,Low,DEV_0004095,1c4b1c1116e509d7
NDM_004096,Swakopmund,1577,Premium,USSD,Android,285.49,5,High,DEV_0004096,d9383571bd6806e5
NDM_004097,Windhoek,128,Standard,USSD,iOS,564.24,6,Low,DEV_0004097,c58de0a547e26105
NDM_004098,Walvis Bay,3545,Standard,USSD,Android,356.69,3,Low,DEV_0004098,6512e65b789be1c4
NDM_004099,Windhoek,2302,Standard,Web,Android,369.36,5,Medium,DEV_0004099,9e6f5afacf8aac9b
NDM_004100,Windhoek,2955,Standard,USSD,Android,107.78,6,Low,DEV_0004100,a4403c29d943a197
NDM_004101,Keetmanshoop,2095,Premium,USSD,Android,517.86,7,Low,DEV_0004101,1549f3849648e631
NDM_004102,Swakopmund,2247,Premium,USSD,Android,200.52,2,Low,DEV_0004102,be8ad17a14a53200
NDM_004103,Walvis Bay,734,Premium,Web,Android,163.86,5,Low,DEV_0004103,30df6c9939268faa
NDM_004104,Windhoek,2162,Standard,USSD,iOS,1043.26,6,Medium,DEV_0004104,08588e38302d1deb
NDM_004105,Rundu,1048,Standard,USSD,Android,514.69,3,Low,DEV_0004105,8da676e45b2ede27
NDM_004106,Rundu,3446,Standard,USSD,iOS,2254.21,5,Low,DEV_0004106,1a310cab2df16503
NDM_004107,Walvis Bay,1180,Standard,Web,Android,1387.91,3,Low,DEV_0004107,5fcd066c49b267d2
NDM_004108,Walvis Bay,244,Standard,Web,Android,263.27,4,Medium,DEV_0004108,ac3ae47ad0e291d4
NDM_004109,Swakopmund,3042,Standard,Web,Android,680.31,8,Low,DEV_0004109,3105b7fa0e10412c
NDM_004110,Keetmanshoop,669,Premium,USSD,iOS,281.68,6,Medium,DEV_0004110,27cdf36c614514d0
NDM_004111,Windhoek,914,Premium,USSD,Android,457.22,4,Low,DEV_0004111,dbe301250d002065
NDM_004112,Windhoek,1941,Standard,USSD,Android,958.04,6,Low,DEV_0004112,1167ddbe24f84f8a
NDM_004113,Keetmanshoop,3553,Standard,Mobile_App,Android,178.55,5,Low,DEV_0004113,fdb44616bb47f6d7
NDM_004114,Walvis Bay,1057,Standard,USSD,Android,422.67,5,Low,DEV_0004114,5bb84a06ccf01ed6
NDM_004115,Oshakati,2357,Standard,USSD,Android,321.15,5,Medium,DEV_0004115,dfdfd2dcc9418e57
NDM_004116,Rundu,477,Standard,USSD,iOS,1028.19,5,Low,DEV_0004116,2098a073ed3dd720
NDM_004117,Walvis Bay,1769,Premium,Web,Android,352.2,3,Low,DEV_0004117,740e22c937d534cc
NDM_004118,Windhoek,281,Standard,Mobile_App,Android,1494.14,4,Low,DEV_0004118,e8cc27b340c75118
NDM_004119,Windhoek,3255,Premium,Web,Android,698.0,5,Low,DEV_0004119,d0b9323ed25f4897
NDM_004120,Rundu,1290,Standard,USSD,Android,2636.73,4,Low,DEV_0004120,794de83ade01603d
NDM_004121,Keetmanshoop,2334,Standard,Web,Android,621.68,7,Medium,DEV_0004121,4de63b8ca383a6c8
NDM_004122,Keetmanshoop,207,Standard,Web,Android,1014.56,5,Low,DEV_0004122,127769f9bff089fd
NDM_004123,Oshakati,1916,Standard,Mobile_App,Android,1443.0,8,Medium,DEV_0004123,8bcc2eb98514c013
NDM_004124,Keetmanshoop,2170,Premium,Mobile_App,Android,177.49,2,Low,DEV_0004124,d3913ccbcb233ab1
NDM_004125,Windhoek,2073,Premium,USSD,Android,238.18,5,Low,DEV_0004125,c82990229d077006
NDM_004126,Windhoek,2267,Standard,USSD,Android,496.12,3,Medium,DEV_0004126,a9ac0aa9b5d0581c
NDM_004127,Swakopmund,2794,Standard,USSD,iOS,1400.3,4,Low,DEV_0004127,9542f0fcaf4f8ef1
NDM_004128,Walvis Bay,3506,Standard,Web,Android,461.97,4,Low,DEV_0004128,b20676c7d5df2070
NDM_004129,Keetmanshoop,875,Standard,USSD,Android,370.53,3,Low,DEV_0004129,e9953c0a305cc755
NDM_004130,Windhoek,2149,Standard,USSD,Android,1622.89,6,Low,DEV_0004130,d0c175db71ceaeae
NDM_004131,Windhoek,181,Standard,USSD,iOS,1425.57,4,Medium,DEV_0004131,79d591dcc54d082c
NDM_004132,Keetmanshoop,2803,Standard,USSD,Android,236.51,6,Low,DEV_0004132,4b6fc385fb031a57
NDM_004133,Windhoek,2685,Standard,USSD,Android,156.04,9,Low,DEV_0004133,6261da9d8a9d4ab1
NDM_004134,Walvis Bay,2054,Premium,USSD,iOS,227.65,5,Low,DEV_0004134,22697efc12812fce
NDM_004135,Swakopmund,3488,Premium,USSD,Android,774.64,2,Medium,DEV_0004135,67fd567fe56614cc
NDM_004136,Swakopmund,2656,Standard,USSD,Android,1288.61,2,Medium,DEV_0004136,2816191b729c7377
NDM_004137,Windhoek,157,Standard,USSD,iOS,184.42,3,Low,DEV_0004137,a3a3dc6cdf1c20bc
NDM_004138,Windhoek,972,Standard,USSD,Android,992.67,4,Low,DEV_0004138,7cbd09329f9fe462
NDM_004139,Windhoek,3121,Standard,Mobile_App,Android,282.46,3,Low,DEV_0004139,a44124d1c08009e0
NDM_004140,Windhoek,1684,Standard,USSD,iOS,1236.11,3,Low,DEV_0004140,9e1c569be51a5446
NDM_004141,Rundu,3151,Standard,USSD,Android,983.97,4,Low,DEV_0004141,26c1bf03c89ddc59
NDM_004142,Windhoek,2229,Standard,USSD,Android,221.92,4,High,DEV_0004142,33ddcad10674185f
NDM_004143,Rundu,879,Standard,USSD,Android,557.24,2,Medium,DEV_0004143,47df1aa9175679f2
NDM_004144,Windhoek,1603,Standard,Mobile_App,iOS,422.61,2,Medium,DEV_0004144,296de412ace3bef9
NDM_004145,Swakopmund,1575,Premium,USSD,Android,575.45,8,Low,DEV_0004145,821921219f44222c
NDM_004146,Windhoek,1355,Premium,USSD,Android,425.49,4,Low,DEV_0004146,0d8d31326ecc053c
NDM_004147,Rundu,1516,Standard,USSD,Android,433.06,2,Medium,DEV_0004147,0a75b832730f1f82
NDM_004148,Keetmanshoop,1149,Standard,Web,iOS,1941.57,7,Low,DEV_0004148,04037d8b70708a4d
NDM_004149,Swakopmund,3376,Standard,Web,Android,2734.19,2,Low,DEV_0004149,9355567ee57f8ce1
NDM_004150,Keetmanshoop,3451,Premium,USSD,Android,830.76,4,Low,DEV_0004150,ec0becbcf1abe5df
NDM_004151,Swakopmund,2461,Standard,USSD,Android,227.69,3,Low,DEV_0004151,a565247c94a25b1c
NDM_004152,Windhoek,248,Standard,Web,Android,262.41,5,Low,DEV_0004152,c50e730bb48071f9
NDM_004153,Walvis Bay,3425,Standard,USSD,iOS,287.99,2,Medium,DEV_0004153,06778a15fca8cb6f
NDM_004154,Oshakati,1498,Premium,USSD,Android,824.83,5,Medium,DEV_0004154,9d008bb65c442e1c
NDM_004155,Keetmanshoop,3389,Premium,Mobile_App,iOS,846.28,5,Medium,DEV_0004155,a81c19d7811df7d7
NDM_004156,Windhoek,1822,Standard,USSD,iOS,429.68,9,Medium,DEV_0004156,db44807e0a95580b
NDM_004157,Walvis Bay,2735,Premium,Web,Android,590.09,3,Low,DEV_0004157,f483b2e12ab7a9b5
NDM_004158,Walvis Bay,3385,Business,Web,Android,507.44,6,Low,DEV_0004158,2746f38e093385e5
NDM_004159,Swakopmund,1675,Standard,USSD,iOS,460.92,5,Low,DEV_0004159,2aa5ead0f9b069ad
NDM_004160,Windhoek,3621,Standard,USSD,Android,942.24,4,Low,DEV_0004160,4dcedbc7cb8c42f4
NDM_004161,Swakopmund,1672,Standard,Mobile_App,Android,732.21,4,Low,DEV_0004161,e49df294235eae91
NDM_004162,Rundu,2776,Standard,Mobile_App,Android,386.72,5,Medium,DEV_0004162,0fa58350368f2afe
NDM_004163,Windhoek,2882,Standard,USSD,Android,859.86,4,Low,DEV_0004163,c57ba8b0c1d5c015
NDM_004164,Oshakati,2293,Standard,Web,Android,1035.44,6,Low,DEV_0004164,4cede7c5ce926814
NDM_004165,Swakopmund,554,Premium,USSD,Android,71.08,2,Low,DEV_0004165,daedaaf580aa16d3
NDM_004166,Swakopmund,728,Standard,USSD,Android,304.76,2,Low,DEV_0004166,24c1a48d20c717a5
NDM_004167,Oshakati,1268,Business,Web,Android,623.27,2,Low,DEV_0004167,f67d48e77938c80d
NDM_004168,Swakopmund,675,Standard,Web,Android,1345.16,7,Low,DEV_0004168,48b074c71d0678d4
NDM_004169,Walvis Bay,980,Standard,USSD,Android,813.17,6,Low,DEV_0004169,0592e756bcdf6ac2
NDM_004170,Windhoek,852,Standard,USSD,iOS,343.48,5,Low,DEV_0004170,a5969dc88d497752
NDM_004171,Windhoek,293,Standard,Web,Android,476.05,4,Medium,DEV_0004171,86190385172d86f9
NDM_004172,Swakopmund,62,Standard,USSD,iOS,361.16,3,Low,DEV_0004172,35f48bf974f8a60d
NDM_004173,Rundu,3539,Premium,USSD,Android,2457.19,4,Low,DEV_0004173,2312c33e1173ed5c
NDM_004174,Rundu,1440,Standard,USSD,Android,246.19,5,Low,DEV_0004174,1334882974d6a1a9
NDM_004175,Windhoek,3160,Standard,Web,Android,356.74,2,Low,DEV_0004175,5ced15ece923e212
NDM_004176,Windhoek,3332,Standard,Web,Android,857.18,2,Low,DEV_0004176,199053639eb9eaa1
NDM_004177,Rundu,2878,Standard,USSD,Android,49.0,4,Low,DEV_0004177,cdcae6b2d7988ec1
NDM_004178,Windhoek,2736,Standard,USSD,Android,274.74,2,Low,DEV_0004178,4f33e25631b6cb80
NDM_004179,Windhoek,3211,Standard,USSD,Android,375.07,5,Low,DEV_0004179,b5bcf68aaf9e5e44
NDM_004180,Walvis Bay,1907,Standard,USSD,iOS,406.88,7,Low,DEV_0004180,bbe65f19fe2147da
NDM_004181,Walvis Bay,1163,Standard,Mobile_App,Android,1248.72,4,Low,DEV_0004181,8cbb6ab3b42893da
NDM_004182,Rundu,2916,Standard,Mobile_App,Android,1220.33,6,High,DEV_0004182,d7d7daa13b11aa48
NDM_004183,Oshakati,2961,Standard,USSD,Android,430.99,5,Low,DEV_0004183,4f2d52dfca4776d1
NDM_004184,Rundu,945,Business,Web,Android,115.38,3,Medium,DEV_0004184,df9e3483e6031305
NDM_004185,Walvis Bay,2183,Standard,Web,iOS,809.17,5,Low,DEV_0004185,700bf5a1c5c350ea
NDM_004186,Oshakati,2989,Standard,USSD,Android,638.37,5,Low,DEV_0004186,053e6388a82d0b3a
NDM_004187,Windhoek,2076,Standard,Web,iOS,275.5,3,Low,DEV_0004187,42651b51dd55e66c
NDM_004188,Swakopmund,725,Standard,Web,Android,1023.0,4,Low,DEV_0004188,bbc2c8fd291516df
NDM_004189,Walvis Bay,1666,Standard,USSD,iOS,1038.96,3,Medium,DEV_0004189,e1dae2b3627cd67e
NDM_004190,Windhoek,3414,Standard,USSD,Android,243.45,2,Low,DEV_0004190,4e58680ca7eefa2e
NDM_004191,Windhoek,3026,Standard,Web,Android,215.41,2,Low,DEV_0004191,23289c0d23d284ca
NDM_004192,Oshakati,1971,Standard,Mobile_App,Android,106.09,3,Medium,DEV_0004192,bccf52921a1b3b9e
NDM_004193,Rundu,1606,Premium,USSD,iOS,1586.41,2,High,DEV_0004193,c35a0ff81d47845f
NDM_004194,Swakopmund,3210,Standard,Web,iOS,133.73,3,Low,DEV_0004194,b4ad4512807304b3
NDM_004195,Windhoek,576,Standard,Web,Android,483.73,5,Low,DEV_0004195,3942ae0e04de5a9b
NDM_004196,Oshakati,1601,Standard,Web,Android,390.62,5,Low,DEV_0004196,830b34b18c2ba4da
NDM_004197,Walvis Bay,1317,Standard,Web,Android,500.62,4,Low,DEV_0004197,d1a8b00a409875be
NDM_004198,Windhoek,3444,Standard,Web,iOS,185.82,4,Medium,DEV_0004198,98b8a317a340cef5
NDM_004199,Walvis Bay,2187,Standard,USSD,Android,374.91,5,Low,DEV_0004199,2143571b50fb0697
NDM_004200,Windhoek,3292,Standard,USSD,Android,1758.31,4,Low,DEV_0004200,ffa09d1bc3b855bc
NDM_004201,Swakopmund,3145,Standard,USSD,Android,1748.74,2,High,DEV_0004201,13c1bb23321c57da
NDM_004202,Swakopmund,3103,Standard,Mobile_App,iOS,392.09,7,Medium,DEV_0004202,89726e8fb127798f
NDM_004203,Windhoek,1550,Standard,USSD,iOS,742.53,4,Medium,DEV_0004203,14ada9c67352f228
NDM_004204,Keetmanshoop,2331,Standard,USSD,Android,306.87,4,Low,DEV_0004204,100a4466bacc1f5d
NDM_004205,Windhoek,3418,Premium,Web,Android,957.2,3,Low,DEV_0004205,54da6fb51641b55e
NDM_004206,Windhoek,3476,Standard,USSD,iOS,136.37,1,Low,DEV_0004206,28df52f388fc6335
NDM_004207,Windhoek,1834,Standard,USSD,iOS,253.07,4,Low,DEV_0004207,f8ea5a4e827fdbf7
NDM_004208,Windhoek,726,Standard,USSD,Android,532.93,2,Low,DEV_0004208,7db25d9360dc6b9d
NDM_004209,Keetmanshoop,1111,Standard,USSD,Android,1750.87,6,Low,DEV_0004209,47fd0dd762fa0cf5
NDM_004210,Windhoek,1965,Premium,USSD,Android,1286.82,1,Low,DEV_0004210,684302df9aee7cfe
NDM_004211,Oshakati,3225,Premium,Web,iOS,297.16,4,Medium,DEV_0004211,46d2dd8c575cf095
NDM_004212,Keetmanshoop,1279,Standard,USSD,Android,132.97,5,Low,DEV_0004212,e0a6f4f5b2527bce
NDM_004213,Oshakati,155,Standard,USSD,iOS,1353.94,5,Medium,DEV_0004213,afc140b92331fbe0
NDM_004214,Windhoek,1624,Standard,USSD,Android,240.88,4,Medium,DEV_0004214,c03705c7d336b7fa
NDM_004215,Walvis Bay,2208,Standard,USSD,iOS,191.14,4,Low,DEV_0004215,3cb077fbd8a54d22
NDM_004216,Rundu,3576,Premium,USSD,iOS,186.75,4,Low,DEV_0004216,c73ed17c7b212375
NDM_004217,Walvis Bay,2464,Standard,USSD,iOS,1361.04,1,Medium,DEV_0004217,e006151cc0d76a31
NDM_004218,Windhoek,2859,Premium,Web,Android,1128.18,3,Medium,DEV_0004218,863ec4801d01fa4a
NDM_004219,Windhoek,1211,Standard,Web,Android,312.37,4,Medium,DEV_0004219,c83c4f41eb4b8cbf
NDM_004220,Swakopmund,3405,Business,Mobile_App,Android,339.85,4,Low,DEV_0004220,66f615c6ba4e6177
NDM_004221,Walvis Bay,803,Standard,USSD,iOS,94.66,3,Low,DEV_0004221,bff899060f3ac7e7
NDM_004222,Walvis Bay,1355,Standard,USSD,Android,1535.32,7,Low,DEV_0004222,eadb009ed20cda9f
NDM_004223,Walvis Bay,1903,Premium,Web,Android,703.36,3,Low,DEV_0004223,79606057beb9c24b
NDM_004224,Swakopmund,1004,Standard,USSD,Android,699.29,4,Low,DEV_0004224,ce3eb051a053d9d5
NDM_004225,Windhoek,2047,Business,USSD,iOS,328.65,3,Medium,DEV_0004225,b54a13b8cec840d3
NDM_004226,Swakopmund,131,Premium,USSD,iOS,498.68,2,Low,DEV_0004226,548a464d892a9162
NDM_004227,Walvis Bay,2030,Standard,Web,iOS,459.98,5,Low,DEV_0004227,ac6e7fa584e24905
NDM_004228,Oshakati,718,Premium,Web,Android,412.86,10,Low,DEV_0004228,7eed9830f14625d4
NDM_004229,Windhoek,2096,Standard,USSD,Android,2009.14,6,Medium,DEV_0004229,d6f33b90ec34d3e5
NDM_004230,Rundu,601,Standard,Web,Android,915.34,2,Low,DEV_0004230,9a039650ce3b63d8
NDM_004231,Oshakati,3463,Standard,USSD,Android,1557.62,4,Low,DEV_0004231,6ec2005617285ffc
NDM_004232,Windhoek,440,Standard,USSD,Android,481.28,1,Low,DEV_0004232,bfafa4a7b7bf91e6
NDM_004233,Windhoek,2475,Standard,Web,Android,116.98,3,Medium,DEV_0004233,51a08b7f92ab7ffa
NDM_004234,Windhoek,3356,Standard,USSD,iOS,664.74,4,Low,DEV_0004234,6fc065d6f82bff75
NDM_004235,Windhoek,3546,Premium,USSD,Android,905.06,1,Low,DEV_0004235,7c59c841f66a01d2
NDM_004236,Windhoek,2974,Standard,Web,iOS,894.93,5,Low,DEV_0004236,c25ba23cf31dbcee
NDM_004237,Windhoek,3617,Standard,USSD,iOS,200.43,1,Low,DEV_0004237,a6ace04085d718ef
NDM_004238,Windhoek,332,Business,USSD,Android,703.51,5,Low,DEV_0004238,75cc1850d3874744
NDM_004239,Rundu,642,Standard,USSD,Android,305.46,4,Low,DEV_0004239,a8c6b1c1ba978042
NDM_004240,Windhoek,303,Standard,Web,Android,750.74,6,Low,DEV_0004240,ecc56b6a4e0bebf4
NDM_004241,Windhoek,3051,Standard,USSD,Android,306.1,2,Medium,DEV_0004241,d580e06645815fb3
NDM_004242,Rundu,2552,Premium,USSD,iOS,288.63,4,Low,DEV_0004242,1e43ca156f0607c1
NDM_004243,Oshakati,2984,Standard,Web,Android,115.68,6,Low,DEV_0004243,d8f75a5054e28f63
NDM_004244,Oshakati,1898,Standard,USSD,Android,347.32,4,Low,DEV_0004244,974d03c5cedf8cf5
NDM_004245,Windhoek,2950,Standard,USSD,Android,675.95,5,Low,DEV_0004245,7457a8256b4d8704
NDM_004246,Windhoek,2713,Standard,USSD,iOS,483.76,4,Low,DEV_0004246,760b4795bf7991db
NDM_004247,Rundu,2612,Standard,USSD,Android,290.26,9,Low,DEV_0004247,bea8fb063f1e9fb4
NDM_004248,Windhoek,3171,Premium,Web,Android,229.01,3,Low,DEV_0004248,4a807ef5d68fb73e
NDM_004249,Walvis Bay,2023,Standard,USSD,iOS,232.62,4,Low,DEV_0004249,0a365f04dd84542c
NDM_004250,Rundu,1543,Standard,USSD,iOS,363.66,4,Low,DEV_0004250,6e98d1b1d9b9a059
NDM_004251,Oshakati,3369,Premium,Mobile_App,Android,1058.37,3,Low,DEV_0004251,d9faef06c26e3eef
NDM_004252,Walvis Bay,1077,Standard,USSD,iOS,294.23,3,Low,DEV_0004252,0a8aedb0907b2138
NDM_004253,Swakopmund,1197,Standard,USSD,Android,255.63,6,High,DEV_0004253,4cb1cd4fbde288bf
NDM_004254,Rundu,2073,Standard,USSD,Android,1163.49,4,High,DEV_0004254,c293610bccd7fdef
NDM_004255,Walvis Bay,2729,Standard,Web,Android,632.7,4,Low,DEV_0004255,5bd5fe9671b8dff3
NDM_004256,Windhoek,2763,Standard,USSD,Android,133.5,5,Low,DEV_0004256,acc3ebebea9d0bdb
NDM_004257,Rundu,848,Standard,USSD,Android,2402.05,5,High,DEV_0004257,b7669d3d50c7bf59
NDM_004258,Windhoek,900,Standard,USSD,Android,298.16,4,Low,DEV_0004258,31ed04535b27451c
NDM_004259,Windhoek,2175,Standard,USSD,iOS,896.67,7,Medium,DEV_0004259,1cbe1d07bca4bce0
NDM_004260,Windhoek,2418,Standard,Mobile_App,iOS,419.59,1,Low,DEV_0004260,e10dd55e77cdea9f
NDM_004261,Windhoek,271,Standard,Mobile_App,Android,653.97,4,Low,DEV_0004261,892ff9b6b92ad8c5
NDM_004262,Swakopmund,2235,Standard,Web,Android,488.43,5,Low,DEV_0004262,6d35d92704dbc9c2
NDM_004263,Windhoek,1339,Standard,USSD,iOS,442.91,5,High,DEV_0004263,af288271c48add44
NDM_004264,Windhoek,1430,Premium,USSD,iOS,721.17,6,Low,DEV_0004264,ac20224a7c5ad5ec
NDM_004265,Keetmanshoop,2770,Standard,Web,Android,645.01,5,Low,DEV_0004265,1726a9cf7e14f62d
NDM_004266,Windhoek,1096,Business,USSD,Android,699.17,5,Medium,DEV_0004266,9b006f9b2414ad17
NDM_004267,Walvis Bay,1264,Standard,Mobile_App,Android,485.31,5,Low,DEV_0004267,b28b5c0442482763
NDM_004268,Swakopmund,1023,Standard,Web,Android,468.34,3,Low,DEV_0004268,0d37626ff464961d
NDM_004269,Keetmanshoop,1654,Premium,Web,Android,552.07,4,Low,DEV_0004269,8f3560701ca7f15f
NDM_004270,Oshakati,1720,Standard,USSD,iOS,187.16,7,Low,DEV_0004270,8fd20ff0debca1f3
NDM_004271,Windhoek,401,Standard,USSD,iOS,751.27,5,Medium,DEV_0004271,b4959c0795149ec8
NDM_004272,Walvis Bay,1593,Standard,USSD,Android,151.22,3,Low,DEV_0004272,8420f29a8897f7dc
NDM_004273,Walvis Bay,1851,Standard,USSD,iOS,220.58,5,Low,DEV_0004273,7bc25f0f3a6d58ee
NDM_004274,Windhoek,610,Standard,Web,Android,1045.35,3,Low,DEV_0004274,d9fb06882dc250ad
NDM_004275,Windhoek,3394,Standard,USSD,Android,4451.33,7,Low,DEV_0004275,b323668d2f5ef3d9
NDM_004276,Windhoek,2538,Standard,Web,iOS,682.17,2,Medium,DEV_0004276,9999f470facee78e
NDM_004277,Walvis Bay,2902,Premium,USSD,Android,858.4,1,Low,DEV_0004277,fa971ba14d54fc30
NDM_004278,Windhoek,1728,Standard,USSD,Android,183.85,3,Low,DEV_0004278,e3792fa46fe5054f
NDM_004279,Walvis Bay,688,Premium,USSD,iOS,640.46,3,Low,DEV_0004279,28befe08c0dadbbc
NDM_004280,Windhoek,2848,Standard,USSD,iOS,92.55,3,Low,DEV_0004280,e2b49fd2cbcbb3ad
NDM_004281,Swakopmund,3200,Standard,USSD,Android,884.54,7,Low,DEV_0004281,7fe9235aeb3b0c6c
NDM_004282,Windhoek,416,Standard,USSD,Android,131.9,3,Low,DEV_0004282,871e89787a09f2e6
NDM_004283,Oshakati,2954,Standard,USSD,iOS,713.31,8,Low,DEV_0004283,a191a92fd1b8c41c
NDM_004284,Windhoek,224,Standard,Mobile_App,Android,124.29,5,Low,DEV_0004284,c9f91d447d29dd62
NDM_004285,Windhoek,1453,Standard,USSD,iOS,108.56,4,Low,DEV_0004285,feef8c901393f86a
NDM_004286,Rundu,557,Standard,USSD,Android,869.92,3,Low,DEV_0004286,f01ed1782723d881
NDM_004287,Windhoek,2513,Premium,Web,Android,411.98,5,Medium,DEV_0004287,a63d58a88d44a9d5
NDM_004288,Swakopmund,768,Premium,Mobile_App,iOS,715.19,4,Medium,DEV_0004288,e1afe257173b4e72
NDM_004289,Swakopmund,2703,Standard,USSD,Android,1027.35,6,Low,DEV_0004289,0ffa75f5c24a4bb5
NDM_004290,Walvis Bay,1675,Premium,USSD,Android,999.09,5,Low,DEV_0004290,1a80be76718d14d6
NDM_004291,Swakopmund,2062,Standard,USSD,Android,1413.17,4,Medium,DEV_0004291,c683f24ec54bf62f
NDM_004292,Windhoek,683,Standard,USSD,Android,387.53,4,High,DEV_0004292,96d354f7b9a50cfe
NDM_004293,Oshakati,2701,Standard,Mobile_App,iOS,1119.49,4,Medium,DEV_0004293,4d17ac588145e4dd
NDM_004294,Swakopmund,76,Standard,USSD,Android,1601.01,4,Low,DEV_0004294,65957fddc51d31b0
NDM_004295,Walvis Bay,1294,Standard,USSD,Android,221.3,3,Low,DEV_0004295,1b97e164cf6757d9
NDM_004296,Walvis Bay,3256,Premium,USSD,iOS,678.42,1,Low,DEV_0004296,a80bd680f5f20416
NDM_004297,Windhoek,3022,Standard,USSD,iOS,399.6,5,Low,DEV_0004297,d6c4cc14ca467250
NDM_004298,Keetmanshoop,2457,Premium,Web,iOS,1161.02,2,Low,DEV_0004298,60965bb29f83194d
NDM_004299,Windhoek,1527,Standard,USSD,iOS,379.51,6,Low,DEV_0004299,34bf65a7153d818b
NDM_004300,Swakopmund,493,Standard,Web,Android,325.57,8,Low,DEV_0004300,3b8d00ed399fa037
NDM_004301,Swakopmund,63,Standard,USSD,Android,381.52,7,Low,DEV_0004301,0c4ed57b538a63d3
NDM_004302,Walvis Bay,3630,Standard,USSD,iOS,320.62,4,Low,DEV_0004302,004771a8ab0e53e2
NDM_004303,Rundu,2912,Premium,Web,Android,134.55,4,Medium,DEV_0004303,ba69129d8d0a4072
NDM_004304,Swakopmund,1476,Standard,USSD,Android,145.5,6,Low,DEV_0004304,1b943f958d08777c
NDM_004305,Rundu,320,Standard,Mobile_App,iOS,1572.35,4,Low,DEV_0004305,7bdfea9d49824dfe
NDM_004306,Windhoek,2354,Standard,USSD,iOS,1143.83,2,Low,DEV_0004306,43b8f7fbebe03d87
NDM_004307,Swakopmund,595,Standard,Mobile_App,iOS,1039.78,5,Medium,DEV_0004307,addf6edaad8e8d65
NDM_004308,Walvis Bay,2825,Standard,USSD,Android,463.16,2,Low,DEV_0004308,d63db3f2731a9124
NDM_004309,Windhoek,1043,Standard,USSD,Android,398.98,4,Medium,DEV_0004309,6a0c156cb738276c
NDM_004310,Windhoek,2812,Standard,USSD,Android,445.02,3,Low,DEV_0004310,88bf88e5e3fbe381
NDM_004311,Swakopmund,1980,Standard,USSD,Android,185.6,7,Medium,DEV_0004311,9642460d300cec8a
NDM_004312,Windhoek,2455,Business,Web,Android,2215.2,4,Medium,DEV_0004312,63dd4d88efb50db8
NDM_004313,Rundu,1297,Standard,USSD,iOS,1024.77,4,Low,DEV_0004313,5202005b5335997b
NDM_004314,Swakopmund,1201,Standard,Web,Android,665.39,4,Low,DEV_0004314,205863f78f10b289
NDM_004315,Oshakati,2411,Standard,USSD,Android,1218.83,8,Low,DEV_0004315,9e00e62db7515e27
NDM_004316,Rundu,3383,Standard,USSD,Android,486.52,5,Medium,DEV_0004316,20b187164d22ca69
NDM_004317,Swakopmund,2278,Standard,Mobile_App,Android,654.75,3,Low,DEV_0004317,b86e0460eab77d05
NDM_004318,Windhoek,2852,Standard,Web,Android,1104.85,5,Low,DEV_0004318,80cb351000e7d949
NDM_004319,Keetmanshoop,1615,Standard,USSD,iOS,701.64,5,Low,DEV_0004319,2943c8e72f504f19
NDM_004320,Windhoek,1279,Premium,USSD,iOS,765.82,5,Medium,DEV_0004320,743ca7df7cfa9a53
NDM_004321,Rundu,416,Standard,USSD,Android,290.8,5,Low,DEV_0004321,0d7d2766c465bb61
NDM_004322,Walvis Bay,2673,Standard,Web,Android,341.28,3,Low,DEV_0004322,95578be7420147ae
NDM_004323,Windhoek,2120,Standard,USSD,iOS,658.35,5,Low,DEV_0004323,390d2dcfddd4566f
NDM_004324,Windhoek,764,Standard,USSD,iOS,667.68,7,Medium,DEV_0004324,58644552a68865dd
NDM_004325,Windhoek,1440,Standard,USSD,Android,493.29,4,Low,DEV_0004325,1af747cfccb6e911
NDM_004326,Walvis Bay,797,Standard,Web,Android,1568.38,4,Low,DEV_0004326,72134bb9b99f5386
NDM_004327,Windhoek,815,Standard,Web,Android,329.48,5,Low,DEV_0004327,380c16ff92667c71
NDM_004328,Windhoek,2923,Premium,USSD,iOS,92.96,8,Low,DEV_0004328,ee53244d8bd738dd
NDM_004329,Windhoek,1801,Standard,Mobile_App,iOS,293.85,4,Low,DEV_0004329,7bf1e539bd70648c
NDM_004330,Windhoek,2359,Standard,USSD,Android,182.54,3,Low,DEV_0004330,d55a42897458c6a3
NDM_004331,Windhoek,1634,Premium,USSD,iOS,500.1,6,Low,DEV_0004331,7379bec70594d6b7
NDM_004332,Windhoek,3334,Standard,USSD,Android,303.98,3,High,DEV_0004332,6fbb372eb0afbe09
NDM_004333,Windhoek,2926,Standard,Mobile_App,Android,266.8,5,Low,DEV_0004333,0f557d0372f22e71
NDM_004334,Keetmanshoop,327,Standard,Mobile_App,iOS,272.08,4,Low,DEV_0004334,e1859d99d2531e08
NDM_004335,Oshakati,98,Standard,Web,Android,427.41,4,Medium,DEV_0004335,e5b39ba86b7f1f92
NDM_004336,Walvis Bay,2662,Standard,Mobile_App,Android,538.25,2,Low,DEV_0004336,e7680020c8ebfc82
NDM_004337,Keetmanshoop,2483,Standard,USSD,Android,1984.85,1,Low,DEV_0004337,268e158973992f40
NDM_004338,Rundu,2210,Standard,Mobile_App,iOS,1064.2,6,Low,DEV_0004338,a33dc0a54a9ee02c
NDM_004339,Oshakati,817,Standard,Web,Android,552.85,4,Low,DEV_0004339,6ed6a69e65ec6f0f
NDM_004340,Walvis Bay,3488,Standard,USSD,Android,876.92,3,Low,DEV_0004340,8cb894c08985a23c
NDM_004341,Oshakati,3225,Standard,USSD,Android,671.54,1,Low,DEV_0004341,9cadb3a26b551b66
NDM_004342,Keetmanshoop,2569,Standard,Web,Android,30.91,6,Low,DEV_0004342,6a841c9dc1c328c0
NDM_004343,Walvis Bay,2000,Premium,USSD,iOS,143.31,3,Low,DEV_0004343,be5c477e217d5c79
NDM_004344,Windhoek,3001,Standard,USSD,Android,981.8,2,Medium,DEV_0004344,e9a2130078cef1f0
NDM_004345,Walvis Bay,2492,Standard,USSD,Android,678.4,1,Low,DEV_0004345,aa6caf6001c715f4
NDM_004346,Windhoek,1578,Standard,Web,Android,263.52,3,Medium,DEV_0004346,ab134730b3f7c453
NDM_004347,Keetmanshoop,1201,Premium,Web,Android,821.03,3,Low,DEV_0004347,37af51955de21362
NDM_004348,Oshakati,423,Standard,Web,Android,165.89,6,Low,DEV_0004348,73ba22cc45d5dd7c
NDM_004349,Windhoek,547,Standard,Web,Android,772.69,7,Medium,DEV_0004349,ec2849c9662b702a
NDM_004350,Windhoek,2434,Standard,USSD,Android,62.93,6,Low,DEV_0004350,ea36a6a4bc9929bc
NDM_004351,Swakopmund,2860,Premium,Web,iOS,555.83,1,Low,DEV_0004351,2d7ef27c206a6a0e
NDM_004352,Swakopmund,2647,Premium,Web,Android,284.4,6,Low,DEV_0004352,d35020049c84d89c
NDM_004353,Oshakati,1877,Standard,Mobile_App,Android,118.6,4,Low,DEV_0004353,609be64ebfe75885
NDM_004354,Oshakati,581,Premium,USSD,Android,234.42,2,Low,DEV_0004354,ca75592fd9d807d8
NDM_004355,Windhoek,259,Premium,USSD,Android,332.23,3,Low,DEV_0004355,7040efc08282d64a
NDM_004356,Oshakati,2295,Standard,Web,iOS,636.71,5,Low,DEV_0004356,3e720f840b9095be
NDM_004357,Keetmanshoop,516,Standard,Web,Android,154.35,4,Low,DEV_0004357,1207387c5fe146b4
NDM_004358,Windhoek,3143,Standard,USSD,iOS,160.93,7,Low,DEV_0004358,df8b51731e4f7f3e
NDM_004359,Windhoek,3243,Standard,USSD,Android,317.08,5,Low,DEV_0004359,1a6b837565b8108e
NDM_004360,Windhoek,511,Standard,USSD,Android,1405.75,4,Low,DEV_0004360,7ca3fc37e8a1d2bf
NDM_004361,Swakopmund,1442,Standard,USSD,Android,155.57,3,Low,DEV_0004361,5c3aa592039f710e
NDM_004362,Windhoek,2861,Standard,USSD,Android,554.83,4,Low,DEV_0004362,d49b2e14de74462f
NDM_004363,Rundu,1279,Business,USSD,iOS,1112.81,4,Medium,DEV_0004363,de370c7bae6c077c
NDM_004364,Oshakati,191,Standard,Web,Android,811.94,5,Low,DEV_0004364,872f6cb759052495
NDM_004365,Walvis Bay,2464,Premium,Web,Android,198.47,2,Low,DEV_0004365,c1678d8cb6d171ac
NDM_004366,Windhoek,201,Standard,Web,Android,174.88,4,High,DEV_0004366,d9f7cc46a72a9e3e
NDM_004367,Walvis Bay,2220,Standard,USSD,Android,301.01,2,Low,DEV_0004367,3ff41c97fdbb0f6c
NDM_004368,Swakopmund,1978,Standard,USSD,iOS,755.8,3,Low,DEV_0004368,7ffd7e7f706df40f
NDM_004369,Oshakati,2497,Standard,Web,iOS,673.68,6,Low,DEV_0004369,b009ba3ccd6c0b31
NDM_004370,Oshakati,1975,Business,Mobile_App,Android,424.63,2,Low,DEV_0004370,638d0bc0d21a343d
NDM_004371,Windhoek,332,Standard,USSD,iOS,1908.76,5,Low,DEV_0004371,85acd9890501003a
NDM_004372,Walvis Bay,1241,Standard,USSD,Android,308.16,3,Low,DEV_0004372,bbb78a7ab3cacaa6
NDM_004373,Rundu,1373,Standard,USSD,iOS,1108.23,3,Low,DEV_0004373,77fad35bd11e8380
NDM_004374,Windhoek,1097,Standard,USSD,Android,204.36,1,Low,DEV_0004374,6b640fb7f694470c
NDM_004375,Oshakati,891,Standard,Mobile_App,Android,975.31,5,Low,DEV_0004375,bc37b9d9609b7864
NDM_004376,Oshakati,175,Standard,USSD,Android,509.86,2,Medium,DEV_0004376,cc70d8fea5f00ba1
NDM_004377,Windhoek,2305,Standard,USSD,iOS,1089.7,4,Low,DEV_0004377,f8c7de26ba99fe9b
NDM_004378,Rundu,1410,Standard,USSD,Android,877.73,3,Low,DEV_0004378,2c7a94fc8e99edd2
NDM_004379,Windhoek,902,Standard,Web,Android,292.31,3,Low,DEV_0004379,58be7b3b9c33a787
NDM_004380,Windhoek,818,Business,Web,Android,1232.46,2,Medium,DEV_0004380,adfb8f118764b783
NDM_004381,Walvis Bay,690,Standard,USSD,Android,2122.43,4,High,DEV_0004381,4eb1195728bdea28
NDM_004382,Windhoek,101,Standard,USSD,Android,349.81,5,Medium,DEV_0004382,3b2331f92332f775
NDM_004383,Swakopmund,3544,Standard,USSD,Android,707.63,5,Low,DEV_0004383,16bf7125fe779c7f
NDM_004384,Windhoek,566,Standard,USSD,iOS,172.6,4,Low,DEV_0004384,ae4952007862dc63
NDM_004385,Walvis Bay,51,Standard,USSD,Android,312.01,2,Low,DEV_0004385,abbb2234fcec86b0
NDM_004386,Walvis Bay,1233,Standard,Web,Android,905.62,5,High,DEV_0004386,793ff1d65573ff7d
NDM_004387,Oshakati,3230,Standard,USSD,Android,624.02,6,Low,DEV_0004387,6cedb5a52035741b
NDM_004388,Walvis Bay,3558,Premium,Mobile_App,Android,599.21,2,Low,DEV_0004388,08184243f6e842d1
NDM_004389,Swakopmund,2697,Standard,USSD,Android,473.75,2,Low,DEV_0004389,68058f57a5e60c1b
NDM_004390,Walvis Bay,495,Standard,USSD,Android,852.25,3,Medium,DEV_0004390,ceb0866e651ab09e
NDM_004391,Oshakati,1672,Standard,USSD,iOS,550.71,2,Low,DEV_0004391,803a55c7b6d4c7da
NDM_004392,Windhoek,1199,Standard,Web,Android,297.07,3,Low,DEV_0004392,65c2ed0121d97065
NDM_004393,Swakopmund,1876,Standard,USSD,Android,1607.38,6,Low,DEV_0004393,37277e11eedcfeaa
NDM_004394,Keetmanshoop,2283,Premium,USSD,Android,509.11,5,Medium,DEV_0004394,d148465ca594967c
NDM_004395,Rundu,1688,Standard,Web,Android,195.35,3,Low,DEV_0004395,478513bf88ead94f
NDM_004396,Walvis Bay,2464,Standard,USSD,Android,990.72,2,Low,DEV_0004396,0804fca9bad2f05f
NDM_004397,Oshakati,3396,Standard,USSD,Android,148.78,3,Low,DEV_0004397,ed5312e8e42118ff
NDM_004398,Swakopmund,654,Standard,USSD,Android,137.25,3,Low,DEV_0004398,6e489a2aca806598
NDM_004399,Windhoek,2043,Premium,USSD,Android,464.98,5,Low,DEV_0004399,990deeea8d0029c4
NDM_004400,Windhoek,1724,Standard,USSD,Android,403.49,3,Low,DEV_0004400,6a8194069eb1d28b
NDM_004401,Rundu,2825,Standard,Mobile_App,Android,692.88,3,Low,DEV_0004401,9961f4a589cd48ba
NDM_004402,Rundu,422,Standard,USSD,Android,980.64,2,High,DEV_0004402,4136d8a95714c0ef
NDM_004403,Windhoek,2836,Standard,USSD,Android,1493.12,1,Low,DEV_0004403,f244521a56050d13
NDM_004404,Walvis Bay,47,Standard,Web,Android,691.36,3,Low,DEV_0004404,afb380cf97156f14
NDM_004405,Windhoek,2190,Premium,USSD,Android,576.27,5,Low,DEV_0004405,2d26e3087b824a8e
NDM_004406,Windhoek,2167,Premium,USSD,iOS,1145.74,1,Medium,DEV_0004406,d3a6b8f9d2dfd9de
NDM_004407,Walvis Bay,534,Standard,USSD,Android,555.11,7,Medium,DEV_0004407,643995c8a14a1b99
NDM_004408,Oshakati,860,Business,Mobile_App,Android,223.57,6,Low,DEV_0004408,72b7f1fc865858b6
NDM_004409,Windhoek,877,Standard,USSD,Android,431.54,5,Low,DEV_0004409,3756a16713bb65ee
NDM_004410,Rundu,3139,Standard,USSD,iOS,864.87,3,Low,DEV_0004410,dea452f293994757
NDM_004411,Windhoek,2164,Standard,Web,iOS,514.72,5,Low,DEV_0004411,0b51bb5d50f4de51
NDM_004412,Windhoek,63,Standard,USSD,Android,393.78,3,Low,DEV_0004412,455dfe4e5024fe0e
NDM_004413,Swakopmund,1830,Standard,Mobile_App,iOS,535.35,7,Low,DEV_0004413,25273a2ba8882b57
NDM_004414,Swakopmund,1636,Business,USSD,Android,431.8,6,Low,DEV_0004414,0c14dd079c8584c0
NDM_004415,Windhoek,2746,Standard,USSD,Android,164.41,5,Medium,DEV_0004415,a9dde0cf770d3240
NDM_004416,Walvis Bay,1607,Standard,USSD,Android,742.22,6,Medium,DEV_0004416,8f762a4aebd86ca7
NDM_004417,Keetmanshoop,1525,Premium,USSD,Android,493.75,5,Low,DEV_0004417,b676f0ba85b46b38
NDM_004418,Rundu,556,Premium,USSD,iOS,883.17,4,Low,DEV_0004418,738cd9286f698526
NDM_004419,Oshakati,2113,Standard,Web,iOS,309.44,2,Low,DEV_0004419,88473f2ea3354d71
NDM_004420,Windhoek,2631,Standard,Web,Android,1276.55,1,Medium,DEV_0004420,4c37fe01efad66d3
NDM_004421,Swakopmund,900,Standard,USSD,Android,452.38,6,Low,DEV_0004421,360158e150bffce3
NDM_004422,Windhoek,1470,Standard,Web,iOS,1333.98,4,Low,DEV_0004422,733b337467a9b1c7
NDM_004423,Walvis Bay,2774,Standard,USSD,Android,1058.49,3,Low,DEV_0004423,e1fddcede9166bfa
NDM_004424,Oshakati,1870,Standard,Web,Android,541.96,3,Low,DEV_0004424,b1bc353acddc45bb
NDM_004425,Swakopmund,2212,Standard,Mobile_App,Android,799.74,4,Low,DEV_0004425,03f916d09483b58a
NDM_004426,Windhoek,1000,Standard,USSD,Android,201.71,5,Low,DEV_0004426,c2bda51ba917ec52
NDM_004427,Swakopmund,2362,Standard,Web,Android,1340.1,3,Medium,DEV_0004427,0d88cafac13a74dd
NDM_004428,Windhoek,1158,Premium,Web,Android,786.28,3,Low,DEV_0004428,12be8f2404254735
NDM_004429,Oshakati,1898,Standard,USSD,Android,1383.49,5,Low,DEV_0004429,4e1cf37d183e1476
NDM_004430,Walvis Bay,3104,Standard,USSD,Android,401.87,4,Low,DEV_0004430,03272b366889560f
NDM_004431,Walvis Bay,69,Premium,Web,iOS,311.34,2,Low,DEV_0004431,472d91963d4669e8
NDM_004432,Swakopmund,1198,Standard,USSD,iOS,1469.77,2,Low,DEV_0004432,d81621c58821e1e4
NDM_004433,Oshakati,1708,Standard,USSD,iOS,466.48,4,Low,DEV_0004433,1401be9b9b13972f
NDM_004434,Windhoek,2029,Standard,Web,Android,145.98,6,Low,DEV_0004434,1fbbe8d97b1c5d92
NDM_004435,Windhoek,2459,Standard,USSD,iOS,497.86,6,Medium,DEV_0004435,13a0a983a7e7d7a0
NDM_004436,Swakopmund,1214,Standard,USSD,iOS,3116.31,3,High,DEV_0004436,ccd9d0302a95bfe6
NDM_004437,Oshakati,614,Standard,USSD,Android,225.83,4,Low,DEV_0004437,141782f2a20c8f5c
NDM_004438,Keetmanshoop,2040,Premium,USSD,Android,1006.97,9,Medium,DEV_0004438,9ea496bec34111de
NDM_004439,Rundu,152,Standard,USSD,Android,384.92,4,Low,DEV_0004439,71168a71fe86338e
NDM_004440,Windhoek,910,Standard,Web,Android,1066.25,4,Low,DEV_0004440,06df83aa3f41e745
NDM_004441,Windhoek,2761,Premium,USSD,Android,693.05,7,Low,DEV_0004441,3a9e6bdb3ed7808c
NDM_004442,Windhoek,547,Premium,USSD,iOS,335.67,4,Low,DEV_0004442,618812626f280a85
NDM_004443,Rundu,1426,Standard,USSD,Android,609.87,1,Low,DEV_0004443,e443cb9f0a7e22ac
NDM_004444,Keetmanshoop,2805,Standard,Web,Android,91.17,6,Low,DEV_0004444,c32ed0fc3c3c9507
NDM_004445,Windhoek,191,Standard,USSD,iOS,327.31,1,Low,DEV_0004445,44bafefdd6720ad3
NDM_004446,Windhoek,3615,Premium,USSD,Android,183.65,5,Low,DEV_0004446,8ce5928479707261
NDM_004447,Walvis Bay,1236,Standard,Mobile_App,Android,109.11,3,Low,DEV_0004447,16fe39fd15466c76
NDM_004448,Windhoek,2480,Standard,USSD,Android,256.08,5,Low,DEV_0004448,728eee6f38064ac0
NDM_004449,Keetmanshoop,1054,Premium,USSD,iOS,745.5,4,Medium,DEV_0004449,1c561808562ff4db
NDM_004450,Keetmanshoop,3483,Standard,USSD,iOS,435.35,5,Low,DEV_0004450,7840a633ba9f6062
NDM_004451,Windhoek,3624,Standard,Web,iOS,321.4,6,Low,DEV_0004451,ed7a43f3937fe723
NDM_004452,Walvis Bay,827,Standard,USSD,Android,439.98,6,Low,DEV_0004452,16c5eee4b751fb0b
NDM_004453,Keetmanshoop,440,Standard,USSD,Android,98.51,7,Low,DEV_0004453,b0f85b3b9fe0e223
NDM_004454,Windhoek,2163,Standard,USSD,iOS,391.88,5,Medium,DEV_0004454,92ed341f0e92bd90
NDM_004455,Rundu,2894,Standard,USSD,iOS,1066.8,2,Low,DEV_0004455,ac5aab48087f8a20
NDM_004456,Walvis Bay,3470,Standard,Mobile_App,Android,119.01,5,Low,DEV_0004456,c8f1ae2a568ebc82
NDM_004457,Rundu,413,Standard,USSD,iOS,458.72,6,High,DEV_0004457,dafd43ce22169235
NDM_004458,Windhoek,1828,Standard,USSD,Android,903.63,2,Low,DEV_0004458,80699bdc2f1ac2b3
NDM_004459,Windhoek,456,Standard,Mobile_App,iOS,161.01,3,Low,DEV_0004459,8bf6ed889ff9e3e4
NDM_004460,Rundu,1924,Business,USSD,Android,461.99,2,Low,DEV_0004460,0dd69584b2ad1b4b
NDM_004461,Windhoek,249,Premium,Web,Android,1451.51,3,Low,DEV_0004461,3db795d5b6c03d02
NDM_004462,Windhoek,551,Standard,USSD,iOS,683.78,2,Low,DEV_0004462,ce6ef3ca961da443
NDM_004463,Walvis Bay,2018,Standard,USSD,Android,629.91,1,Low,DEV_0004463,3b4e674030cfafb4
NDM_004464,Walvis Bay,487,Premium,Web,Android,703.44,4,Low,DEV_0004464,8386f8fe7c6b53f6
NDM_004465,Walvis Bay,2347,Premium,USSD,iOS,696.9,4,Low,DEV_0004465,043573ec7a7084bf
NDM_004466,Windhoek,2244,Standard,USSD,iOS,453.1,4,Low,DEV_0004466,6dd0f98442232036
NDM_004467,Swakopmund,1131,Standard,USSD,iOS,171.28,2,Medium,DEV_0004467,9a401bffd5cee8c1
NDM_004468,Walvis Bay,1116,Standard,USSD,Android,1869.85,3,Medium,DEV_0004468,7693b9238e2128fb
NDM_004469,Windhoek,2425,Standard,USSD,iOS,312.99,2,Low,DEV_0004469,de5aab0e4c846379
NDM_004470,Rundu,2745,Standard,USSD,iOS,1804.13,6,Medium,DEV_0004470,c9a3c8513b124f2a
NDM_004471,Windhoek,2054,Premium,USSD,Android,542.71,3,Low,DEV_0004471,1e4d988baf47d31b
NDM_004472,Rundu,426,Standard,Web,Android,573.52,9,Medium,DEV_0004472,129b3d55b9b0ce92
NDM_004473,Windhoek,391,Standard,Web,iOS,256.37,6,Low,DEV_0004473,953923614ac4282f
NDM_004474,Oshakati,691,Business,USSD,Android,1211.48,5,Medium,DEV_0004474,6f6e96b202831401
NDM_004475,Oshakati,2362,Standard,Web,Android,477.74,6,Low,DEV_0004475,8c61a66fd5034c9b
NDM_004476,Windhoek,1365,Standard,USSD,iOS,119.74,4,Medium,DEV_0004476,803d6295a2445ae1
NDM_004477,Windhoek,2363,Standard,USSD,Android,536.45,3,Low,DEV_0004477,e50c9a9f47574795
NDM_004478,Windhoek,3023,Standard,USSD,Android,372.96,4,Low,DEV_0004478,232fa15d2864001a
NDM_004479,Windhoek,1216,Standard,USSD,Android,184.64,3,Medium,DEV_0004479,ac51b6256a4b81cb
NDM_004480,Windhoek,3288,Standard,USSD,Android,2576.51,6,Low,DEV_0004480,9cbdff945986cad6
NDM_004481,Oshakati,264,Standard,USSD,Android,748.1,5,Medium,DEV_0004481,4df0b0baca958914
NDM_004482,Walvis Bay,3469,Standard,USSD,iOS,502.81,3,High,DEV_0004482,545bd0cc2f61567b
NDM_004483,Windhoek,2444,Standard,USSD,Android,157.34,5,Low,DEV_0004483,1dcb1ebf23431391
NDM_004484,Oshakati,3223,Standard,USSD,Android,295.49,7,Low,DEV_0004484,0a088cb91cd52b58
NDM_004485,Oshakati,1359,Standard,USSD,Android,1242.17,4,Low,DEV_0004485,8d4a7339caa2ef4f
NDM_004486,Oshakati,2747,Standard,USSD,Android,353.3,3,Low,DEV_0004486,756d6707f74a8ab4
NDM_004487,Windhoek,2903,Standard,Web,iOS,428.03,3,Low,DEV_0004487,d6f81c01c886b940
NDM_004488,Swakopmund,3141,Standard,USSD,Android,255.11,7,Low,DEV_0004488,ed439308c60d20a9
NDM_004489,Windhoek,2504,Standard,Web,Android,1902.3,4,Low,DEV_0004489,523d6234004b075a
NDM_004490,Rundu,1058,Premium,USSD,Android,558.07,6,Medium,DEV_0004490,df2379885b7b64ae
NDM_004491,Swakopmund,2492,Standard,USSD,Android,94.96,2,Low,DEV_0004491,5500b00217395246
NDM_004492,Windhoek,3044,Business,USSD,Android,427.51,3,Low,DEV_0004492,9e145e039b655f08
NDM_004493,Walvis Bay,2934,Premium,Mobile_App,iOS,129.07,5,Low,DEV_0004493,46b735fdcebe1509
NDM_004494,Windhoek,3252,Standard,USSD,Android,1197.8,4,Low,DEV_0004494,c823d8d5cf428676
NDM_004495,Swakopmund,3293,Standard,Web,iOS,1440.99,7,Medium,DEV_0004495,0744e175b8c42a48
NDM_004496,Windhoek,948,Standard,USSD,Android,835.23,3,Low,DEV_0004496,0048cd7597a60ccb
NDM_004497,Windhoek,1146,Standard,Web,Android,929.5,8,Medium,DEV_0004497,b7b6e96ef9a1e0df
NDM_004498,Windhoek,45,Premium,Web,Android,517.2,6,Low,DEV_0004498,cf674d88796e07cd
NDM_004499,Oshakati,2696,Standard,Mobile_App,iOS,364.02,5,Medium,DEV_0004499,ddd5ffb63c46f419
NDM_004500,Windhoek,1184,Standard,USSD,iOS,251.38,3,Low,DEV_0004500,ea66dff1cafca2fc
NDM_004501,Oshakati,2037,Standard,Mobile_App,iOS,1975.52,3,Low,DEV_0004501,dbf20a291d63e75d
NDM_004502,Walvis Bay,2862,Standard,USSD,Android,462.57,7,Low,DEV_0004502,497f2b741e25a8c6
NDM_004503,Walvis Bay,951,Standard,USSD,Android,2828.12,5,Low,DEV_0004503,39ab5b7aff119f17
NDM_004504,Walvis Bay,1862,Standard,USSD,Android,527.45,3,Medium,DEV_0004504,048b33d5cd0ed98c
NDM_004505,Oshakati,784,Standard,USSD,Android,467.66,8,Low,DEV_0004505,17d63ad3b9aea795
NDM_004506,Windhoek,3330,Standard,USSD,Android,518.7,4,Medium,DEV_0004506,be6c9273383c0423
NDM_004507,Windhoek,76,Standard,Mobile_App,iOS,117.46,4,Low,DEV_0004507,d5da9982d598ab2b
NDM_004508,Windhoek,3000,Standard,USSD,Android,231.77,3,Low,DEV_0004508,e5f9b5b50529559a
NDM_004509,Windhoek,1009,Standard,Mobile_App,Android,755.0,2,Medium,DEV_0004509,1b09131e43cc8c71
NDM_004510,Keetmanshoop,868,Premium,USSD,Android,457.95,3,Low,DEV_0004510,eb51764e13a3a08a
NDM_004511,Windhoek,1733,Standard,Mobile_App,Android,846.66,3,Medium,DEV_0004511,7bc025d2eff682ac
NDM_004512,Windhoek,828,Premium,USSD,iOS,675.95,5,High,DEV_0004512,979dc016af26bc85
NDM_004513,Rundu,2596,Standard,USSD,Android,365.07,6,Low,DEV_0004513,426bb8ad42039b1f
NDM_004514,Walvis Bay,2487,Standard,USSD,Android,156.6,1,Low,DEV_0004514,7018f32367d1b365
NDM_004515,Rundu,814,Standard,Web,Android,139.15,1,Low,DEV_0004515,e80ff073f8083e4f
NDM_004516,Windhoek,2247,Standard,Mobile_App,Android,1442.39,3,Low,DEV_0004516,61c543b2bd82bc5b
NDM_004517,Windhoek,2699,Standard,Web,iOS,452.81,4,Low,DEV_0004517,7abd04eccd7d7ee9
NDM_004518,Swakopmund,970,Standard,USSD,Android,231.52,4,Medium,DEV_0004518,dacabcc5fcd0122d
NDM_004519,Keetmanshoop,3073,Standard,Web,iOS,611.22,5,Low,DEV_0004519,2027bd0f8cd8de43
NDM_004520,Swakopmund,3417,Standard,USSD,Android,533.35,6,Medium,DEV_0004520,00a3c0796936eab6
NDM_004521,Walvis Bay,3063,Standard,USSD,Android,2454.55,2,Low,DEV_0004521,9312cf8f3f1a01db
NDM_004522,Windhoek,3525,Premium,USSD,Android,1424.01,5,Low,DEV_0004522,7ef69d97be4dd9f4
NDM_004523,Windhoek,1874,Standard,Web,Android,1320.91,9,Low,DEV_0004523,2ad65dd0093ce35b
NDM_004524,Walvis Bay,1478,Standard,USSD,Android,848.74,5,Medium,DEV_0004524,e69b4b24bf2b2f0f
NDM_004525,Oshakati,1798,Standard,USSD,Android,342.55,3,Medium,DEV_0004525,17c7bcd7c39d5be6
NDM_004526,Oshakati,1111,Standard,Web,iOS,335.65,4,Low,DEV_0004526,f0f17405c8feb918
NDM_004527,Keetmanshoop,309,Premium,USSD,Android,526.54,7,Low,DEV_0004527,3afce7565aefd1be
NDM_004528,Walvis Bay,3007,Standard,Web,iOS,645.04,2,Low,DEV_0004528,5bff52b106427080
NDM_004529,Windhoek,1436,Premium,USSD,iOS,659.65,3,High,DEV_0004529,52c0e2da613694ef
NDM_004530,Rundu,2873,Premium,USSD,Android,412.66,3,High,DEV_0004530,3ec43e022f05e49b
NDM_004531,Windhoek,519,Standard,USSD,Android,556.54,2,Medium,DEV_0004531,21ff8b4cd67b833e
NDM_004532,Walvis Bay,169,Standard,Web,Android,607.77,9,High,DEV_0004532,7e077432ad573b0b
NDM_004533,Rundu,3088,Standard,Web,Android,550.45,7,Low,DEV_0004533,6da62bbd9e60b880
NDM_004534,Windhoek,258,Standard,USSD,iOS,1446.61,5,Low,DEV_0004534,3bc059615639a2dd
NDM_004535,Windhoek,718,Standard,Web,Android,924.31,6,Low,DEV_0004535,d2f39e8b260da7bb
NDM_004536,Walvis Bay,1219,Standard,USSD,Android,350.06,5,Low,DEV_0004536,8335c5c7aaa34cec
NDM_004537,Windhoek,3243,Standard,Web,Android,570.08,3,Low,DEV_0004537,c419d4e56ab40a9e
NDM_004538,Swakopmund,912,Standard,USSD,Android,461.72,4,Low,DEV_0004538,a4e470a3f92f3f14
NDM_004539,Windhoek,803,Standard,Web,iOS,1964.22,3,Medium,DEV_0004539,80a85821f899c9be
NDM_004540,Rundu,2335,Standard,USSD,Android,259.98,2,Low,DEV_0004540,e7257b811e694dc6
NDM_004541,Oshakati,3552,Premium,USSD,Android,289.33,4,Low,DEV_0004541,9e25e6a5f0072842
NDM_004542,Windhoek,1805,Premium,USSD,Android,437.06,6,Low,DEV_0004542,502fb3d859621aa9
NDM_004543,Windhoek,3257,Premium,USSD,Android,239.04,4,Low,DEV_0004543,f6e44dab8c332127
NDM_004544,Rundu,987,Premium,USSD,Android,320.37,3,High,DEV_0004544,a05033c8ea58042b
NDM_004545,Windhoek,1372,Standard,Web,Android,466.13,3,Low,DEV_0004545,6d4cee150b913389
NDM_004546,Windhoek,2868,Standard,USSD,Android,367.71,4,High,DEV_0004546,9e8410abd54cb78a
NDM_004547,Swakopmund,3332,Premium,USSD,Android,3793.36,6,Low,DEV_0004547,f49aa080ce7165df
NDM_004548,Windhoek,595,Standard,USSD,Android,630.27,4,Low,DEV_0004548,d9308be91405d543
NDM_004549,Rundu,2359,Premium,USSD,Android,3953.79,4,Medium,DEV_0004549,45b904da2fdc01ef
NDM_004550,Windhoek,2204,Standard,Web,Android,729.19,4,Low,DEV_0004550,20e4c51c53787728
NDM_004551,Windhoek,199,Standard,USSD,iOS,456.34,8,Low,DEV_0004551,a98798f6a53c905f
NDM_004552,Walvis Bay,2062,Standard,Web,Android,379.25,1,Medium,DEV_0004552,58b62ef107dadf61
NDM_004553,Rundu,970,Premium,USSD,iOS,315.94,5,Low,DEV_0004553,ce3eba44a7b0698d
NDM_004554,Walvis Bay,1318,Standard,USSD,iOS,1529.59,4,Medium,DEV_0004554,07d76d1563c6819d
NDM_004555,Keetmanshoop,696,Premium,Web,Android,564.14,9,Low,DEV_0004555,4b43443849e71429
NDM_004556,Windhoek,584,Standard,USSD,Android,1851.41,3,Low,DEV_0004556,0ad1ba515e8b57d3
NDM_004557,Windhoek,3440,Standard,USSD,Android,172.71,4,Low,DEV_0004557,5581f0df975650ec
NDM_004558,Walvis Bay,2205,Standard,USSD,Android,251.64,2,Low,DEV_0004558,d4b4cdbf7769bc1f
NDM_004559,Rundu,1305,Standard,Mobile_App,Android,1097.37,3,Low,DEV_0004559,9e59697c895b63c1
NDM_004560,Walvis Bay,1216,Standard,USSD,iOS,652.47,4,Medium,DEV_0004560,89d693a21a5fb591
NDM_004561,Windhoek,1004,Standard,USSD,iOS,2633.03,4,Low,DEV_0004561,139b8ec0546c6b28
NDM_004562,Windhoek,2734,Standard,Web,Android,1530.13,4,Low,DEV_0004562,8f7969cf4ebfd2a5
NDM_004563,Walvis Bay,1947,Standard,USSD,Android,112.57,3,Low,DEV_0004563,37ff82e4ecdb1760
NDM_004564,Oshakati,2030,Premium,USSD,Android,906.66,3,Low,DEV_0004564,1365387dc7c7a7ba
NDM_004565,Swakopmund,3453,Standard,Web,Android,1270.85,2,Low,DEV_0004565,cef0a708255578cc
NDM_004566,Windhoek,3268,Premium,Web,Android,571.1,4,Low,DEV_0004566,9a1880c73cec3bf9
NDM_004567,Windhoek,2699,Standard,USSD,Android,3663.75,4,Low,DEV_0004567,70d5e6a8678ccc7b
NDM_004568,Rundu,1597,Standard,Web,Android,272.14,2,Medium,DEV_0004568,00a604a99c923b82
NDM_004569,Oshakati,457,Standard,Web,Android,1050.49,4,Low,DEV_0004569,46b6e6453b8ddee9
NDM_004570,Windhoek,2447,Standard,USSD,Android,1613.9,5,Low,DEV_0004570,29e544add5c35247
NDM_004571,Windhoek,1125,Standard,USSD,Android,458.4,3,Medium,DEV_0004571,a2fa8f1844492196
NDM_004572,Oshakati,2381,Standard,Web,iOS,904.37,4,Low,DEV_0004572,11fc53c50d24eaaa
NDM_004573,Windhoek,481,Premium,Web,Android,354.62,8,Medium,DEV_0004573,1adb4bcd9333f4ea
NDM_004574,Windhoek,1891,Standard,USSD,Android,176.17,2,Low,DEV_0004574,0b1a51f750fe6ce8
NDM_004575,Windhoek,2073,Standard,USSD,Android,795.91,4,Medium,DEV_0004575,728e64daa112cb19
NDM_004576,Walvis Bay,2541,Standard,Web,Android,1143.88,4,Low,DEV_0004576,9ceb1b87620a4c01
NDM_004577,Swakopmund,2475,Standard,Web,Android,617.05,2,Low,DEV_0004577,aaa0957b3d17a94e
NDM_004578,Windhoek,3469,Premium,USSD,Android,442.31,4,Low,DEV_0004578,ddecf0c58deb2af3
NDM_004579,Walvis Bay,349,Premium,USSD,Android,356.99,6,Medium,DEV_0004579,44da5ff51fe9c7e2
NDM_004580,Windhoek,129,Standard,USSD,iOS,200.26,2,Low,DEV_0004580,fc54cd47b25f0bee
NDM_004581,Walvis Bay,1892,Standard,USSD,Android,255.1,2,Low,DEV_0004581,9b028281e922ad46
NDM_004582,Rundu,798,Standard,Web,iOS,296.12,4,Low,DEV_0004582,af222207b3ec9695
NDM_004583,Rundu,2163,Standard,USSD,Android,958.14,2,Low,DEV_0004583,58eca539b943213b
NDM_004584,Windhoek,54,Standard,USSD,iOS,227.92,4,Low,DEV_0004584,7088bcfa69415412
NDM_004585,Windhoek,2607,Standard,USSD,iOS,241.49,6,Low,DEV_0004585,208d57992c679149
NDM_004586,Windhoek,2884,Premium,USSD,Android,826.68,2,Low,DEV_0004586,755af1d22b52296e
NDM_004587,Windhoek,537,Standard,USSD,Android,165.87,2,Low,DEV_0004587,dfe219ce6c7b9ee8
NDM_004588,Windhoek,1647,Standard,Web,Android,862.48,5,Low,DEV_0004588,be0c335f758f43e1
NDM_004589,Oshakati,207,Business,Mobile_App,iOS,705.13,2,Low,DEV_0004589,0ab6afb1a9574945
NDM_004590,Swakopmund,366,Business,USSD,iOS,1651.86,6,Low,DEV_0004590,fbe2c934bb0e889a
NDM_004591,Windhoek,2852,Standard,Web,Android,220.47,3,Low,DEV_0004591,b64b3b09a32a2781
NDM_004592,Oshakati,566,Standard,USSD,Android,1042.04,5,Low,DEV_0004592,0d815c4dd9a5d86e
NDM_004593,Windhoek,243,Standard,Web,Android,494.78,2,Medium,DEV_0004593,9fe3a986e4d945c1
NDM_004594,Rundu,2283,Standard,USSD,Android,678.5,7,Low,DEV_0004594,0ee4496ed906eb9e
NDM_004595,Windhoek,1884,Standard,USSD,Android,473.15,5,Low,DEV_0004595,364ec91f27ebb0a4
NDM_004596,Windhoek,3123,Standard,USSD,iOS,317.68,5,High,DEV_0004596,8fbc9d73084ae0b8
NDM_004597,Windhoek,3433,Premium,USSD,Android,627.53,4,Low,DEV_0004597,0972e04d056de3b6
NDM_004598,Windhoek,620,Standard,USSD,Android,182.0,3,Low,DEV_0004598,6fd5abab85e59f86
NDM_004599,Rundu,2121,Standard,Web,Android,258.73,1,Low,DEV_0004599,40b1cfd58cd2eca1
NDM_004600,Walvis Bay,3412,Standard,USSD,iOS,588.6,4,Low,DEV_0004600,66236f4305999383
NDM_004601,Swakopmund,1872,Standard,Web,Android,612.65,1,Low,DEV_0004601,fca0f6aa4342ef53
NDM_004602,Windhoek,458,Premium,USSD,Android,1169.03,8,Low,DEV_0004602,09a8cdd0178fdca5
NDM_004603,Swakopmund,2892,Premium,USSD,Android,1162.93,4,Low,DEV_0004603,01625f08943f9ced
NDM_004604,Walvis Bay,1132,Premium,USSD,Android,189.16,6,Low,DEV_0004604,237f45ae3d5d2fe6
NDM_004605,Windhoek,1519,Standard,USSD,iOS,863.71,6,Low,DEV_0004605,9f2e42b15c3d4457
NDM_004606,Walvis Bay,2251,Standard,USSD,Android,679.75,1,Low,DEV_0004606,3c39b5ecb236446e
NDM_004607,Swakopmund,3617,Standard,Web,iOS,388.31,1,Low,DEV_0004607,518c3dfe8711a883
NDM_004608,Windhoek,2765,Standard,Mobile_App,iOS,178.2,3,Low,DEV_0004608,7392f5238bef1bf2
NDM_004609,Windhoek,476,Standard,USSD,Android,702.27,5,Low,DEV_0004609,091b00864501d38c
NDM_004610,Rundu,131,Premium,USSD,Android,166.73,3,Low,DEV_0004610,ca337ab2fea8b3c5
NDM_004611,Windhoek,1862,Premium,Web,iOS,555.96,3,Low,DEV_0004611,b5c6046103dd03f3
NDM_004612,Windhoek,2127,Standard,USSD,Android,336.08,4,Low,DEV_0004612,5e274496c7838757
NDM_004613,Windhoek,240,Standard,USSD,Android,318.7,5,Low,DEV_0004613,80ff6eca5cd6d2d5
NDM_004614,Rundu,299,Standard,Web,Android,183.14,2,Low,DEV_0004614,45fd0696ff79de4f
NDM_004615,Walvis Bay,2207,Standard,Web,Android,539.31,7,Medium,DEV_0004615,bb4b6d8f87aaaffb
NDM_004616,Windhoek,867,Standard,USSD,Android,142.02,4,Medium,DEV_0004616,fad3c378cdf21eeb
NDM_004617,Swakopmund,294,Standard,USSD,iOS,169.78,3,High,DEV_0004617,2f0b2effc4d4cc4b
NDM_004618,Walvis Bay,2279,Standard,USSD,iOS,422.31,3,Low,DEV_0004618,c83506d9610d220e
NDM_004619,Walvis Bay,2097,Business,USSD,Android,386.53,4,Medium,DEV_0004619,a9ca321a829fe3af
NDM_004620,Rundu,2262,Standard,USSD,Android,577.46,7,Low,DEV_0004620,12f7cae74f4764bd
NDM_004621,Walvis Bay,868,Standard,Web,Android,464.34,7,Low,DEV_0004621,e96b109dc9917b3b
NDM_004622,Swakopmund,1689,Standard,USSD,Android,675.01,2,Low,DEV_0004622,53cc92f2386b7a20
NDM_004623,Swakopmund,666,Standard,USSD,Android,697.29,3,Low,DEV_0004623,c903b1aa0b9654c6
NDM_004624,Oshakati,3319,Standard,USSD,iOS,89.37,4,Low,DEV_0004624,ead6ed789cfd8ab3
NDM_004625,Windhoek,3380,Standard,USSD,Android,273.19,2,Low,DEV_0004625,1b29a0902d9529f7
NDM_004626,Walvis Bay,979,Standard,USSD,Android,833.09,4,Medium,DEV_0004626,0a2b7cff9249e463
NDM_004627,Oshakati,2061,Standard,USSD,iOS,315.42,4,Low,DEV_0004627,db2f4917aa2f6c42
NDM_004628,Walvis Bay,449,Standard,Mobile_App,iOS,253.62,5,Low,DEV_0004628,5dc920d2f3f4e67c
NDM_004629,Windhoek,2622,Standard,USSD,iOS,326.97,6,Medium,DEV_0004629,af11d1f240b37262
NDM_004630,Oshakati,234,Standard,Web,Android,397.67,4,Low,DEV_0004630,d6ef49c57a83c10d
NDM_004631,Windhoek,1706,Standard,USSD,Android,71.89,5,Low,DEV_0004631,981e8ab1e4d2a65b
NDM_004632,Walvis Bay,2360,Standard,USSD,Android,237.54,4,Low,DEV_0004632,519d3da71aafc7f6
NDM_004633,Windhoek,1734,Premium,Web,Android,413.59,4,Low,DEV_0004633,e91b8bcffefbcdce
NDM_004634,Windhoek,3035,Business,USSD,iOS,754.1,4,Low,DEV_0004634,1cd7c43f4e9e8f9e
NDM_004635,Swakopmund,283,Standard,USSD,Android,135.36,3,Low,DEV_0004635,5e65056fe5be1a49
NDM_004636,Swakopmund,1206,Premium,USSD,Android,239.42,3,Low,DEV_0004636,b5152aa74b02404e
NDM_004637,Windhoek,85,Standard,USSD,Android,264.77,3,Low,DEV_0004637,3e0b1f00f2fc5a63
NDM_004638,Rundu,2002,Standard,USSD,iOS,672.48,4,Low,DEV_0004638,44930060f041139f
NDM_004639,Windhoek,1969,Premium,USSD,Android,472.42,3,Low,DEV_0004639,9e3c99a2b7dfbbed
NDM_004640,Swakopmund,2364,Standard,USSD,Android,1151.41,6,Low,DEV_0004640,ac97976266cdcd41
NDM_004641,Swakopmund,2928,Standard,USSD,Android,229.73,1,Low,DEV_0004641,454b3bc3994de9eb
NDM_004642,Rundu,1738,Standard,Web,Android,275.6,5,Low,DEV_0004642,57b38a85894db2b9
NDM_004643,Walvis Bay,2156,Standard,USSD,Android,1408.4,3,Low,DEV_0004643,f8b453860bc935c9
NDM_004644,Windhoek,1333,Standard,Mobile_App,iOS,443.79,9,Medium,DEV_0004644,0275f32715d4601f
NDM_004645,Swakopmund,342,Standard,Mobile_App,iOS,901.15,5,Low,DEV_0004645,9bb497faf524b5de
NDM_004646,Windhoek,2548,Standard,USSD,iOS,279.53,6,Low,DEV_0004646,465f79b0878703e9
NDM_004647,Windhoek,1403,Standard,Web,iOS,725.58,6,Low,DEV_0004647,486a09d39832e192
NDM_004648,Walvis Bay,2914,Standard,Web,iOS,723.6,6,Medium,DEV_0004648,918c3b1fa8fcea11
NDM_004649,Windhoek,2181,Premium,USSD,Android,466.56,6,Low,DEV_0004649,b0786086e20e792d
NDM_004650,Rundu,388,Business,USSD,Android,991.18,3,Low,DEV_0004650,5289c594e7c11596
NDM_004651,Swakopmund,1922,Standard,Web,Android,1296.54,3,Medium,DEV_0004651,842b4e1918fd5af6
NDM_004652,Windhoek,1880,Premium,Web,iOS,501.17,5,Low,DEV_0004652,737d031b9b4be67b
NDM_004653,Oshakati,3372,Standard,Web,iOS,566.73,3,Medium,DEV_0004653,c03a3bd629765b96
NDM_004654,Windhoek,156,Standard,Web,iOS,3486.54,2,Low,DEV_0004654,3444156b8e3b239a
NDM_004655,Windhoek,3112,Standard,Web,Android,990.25,6,Low,DEV_0004655,cd626f131cf897e3
NDM_004656,Swakopmund,3446,Standard,USSD,Android,345.24,2,Low,DEV_0004656,b3743ebfb756419e
NDM_004657,Windhoek,2707,Premium,USSD,Android,143.19,2,Low,DEV_0004657,c2cdb2723c968796
NDM_004658,Windhoek,612,Premium,USSD,Android,400.02,6,Low,DEV_0004658,55c5a6547716a4f0
NDM_004659,Walvis Bay,1667,Standard,Web,Android,368.78,6,Low,DEV_0004659,cb144ef5f606dcfe
NDM_004660,Windhoek,716,Premium,USSD,Android,334.39,6,Low,DEV_0004660,b4e5de8cf3fa8de8
NDM_004661,Walvis Bay,3362,Standard,USSD,Android,211.69,3,Low,DEV_0004661,ec8ea1aab69d39bd
NDM_004662,Windhoek,3629,Standard,Mobile_App,Android,425.0,6,Low,DEV_0004662,1df437f6e956d553
NDM_004663,Swakopmund,2716,Standard,Web,Android,637.45,9,Low,DEV_0004663,27157cb2b868c292
NDM_004664,Windhoek,3424,Premium,USSD,iOS,756.44,2,Low,DEV_0004664,c77cbe84bd97f389
NDM_004665,Swakopmund,1533,Standard,USSD,iOS,834.27,7,Low,DEV_0004665,e304ad21ee8d6363
NDM_004666,Walvis Bay,2872,Standard,USSD,Android,320.09,4,Low,DEV_0004666,7f0cac81932f8bff
NDM_004667,Oshakati,2389,Standard,USSD,Android,2182.04,2,Low,DEV_0004667,9a0c966b437c2d3a
NDM_004668,Oshakati,2237,Standard,USSD,Android,1224.37,3,Low,DEV_0004668,89af539e1f436157
NDM_004669,Walvis Bay,2504,Standard,USSD,Android,314.22,4,Medium,DEV_0004669,537b5ed5c2edfc3f
NDM_004670,Walvis Bay,2427,Standard,Web,Android,1013.12,3,Low,DEV_0004670,e92fec2c87f9d990
NDM_004671,Walvis Bay,729,Standard,USSD,Android,335.29,6,Low,DEV_0004671,0b7db023c54a84d8
NDM_004672,Windhoek,292,Standard,USSD,Android,89.15,3,Low,DEV_0004672,02bc58e7dfbb838e
NDM_004673,Oshakati,375,Standard,Web,iOS,468.68,4,Low,DEV_0004673,876e8f2aaaf56439
NDM_004674,Windhoek,874,Standard,USSD,Android,340.49,4,Low,DEV_0004674,20e1a51233cba55a
NDM_004675,Windhoek,1920,Standard,Mobile_App,iOS,168.6,3,Low,DEV_0004675,fa0aa73a00521ed6
NDM_004676,Windhoek,3090,Standard,USSD,iOS,1119.31,3,Low,DEV_0004676,3c9e9a4286c441ee
NDM_004677,Keetmanshoop,1346,Standard,USSD,iOS,928.41,3,Low,DEV_0004677,0a94a5a09cd0dda9
NDM_004678,Oshakati,1984,Standard,USSD,Android,755.41,6,Low,DEV_0004678,be4e451d26642a39
NDM_004679,Windhoek,120,Standard,Web,Android,808.3,3,Low,DEV_0004679,f6356bc252c4a56d
NDM_004680,Windhoek,1071,Premium,Web,iOS,451.15,6,Low,DEV_0004680,086040a7203523d0
NDM_004681,Oshakati,1111,Standard,USSD,Android,1993.29,5,Low,DEV_0004681,689caea83993e626
NDM_004682,Walvis Bay,3456,Standard,USSD,Android,2385.18,5,Low,DEV_0004682,c7cb9fff26c9d9d1
NDM_004683,Windhoek,1858,Standard,Web,iOS,223.78,6,Low,DEV_0004683,4dcd91465c6f1c5b
NDM_004684,Swakopmund,1609,Standard,USSD,iOS,183.23,5,Low,DEV_0004684,27492dd4bcc707a3
NDM_004685,Walvis Bay,1367,Premium,Web,Android,990.75,4,Medium,DEV_0004685,f02e723ec6e1068e
NDM_004686,Walvis Bay,1892,Standard,USSD,Android,123.05,3,Low,DEV_0004686,6a69e9ad7ae8065e
NDM_004687,Windhoek,199,Premium,USSD,Android,556.7,4,High,DEV_0004687,6d81778bfb6d2e0a
NDM_004688,Walvis Bay,2343,Business,Mobile_App,iOS,216.48,6,Low,DEV_0004688,cc32bd7c3b4d93d1
NDM_004689,Walvis Bay,1522,Premium,Web,Android,244.51,5,Low,DEV_0004689,ae3721ffb60c23ee
NDM_004690,Windhoek,1925,Standard,USSD,Android,224.92,7,Low,DEV_0004690,92018a43c99d481b
NDM_004691,Windhoek,1758,Standard,USSD,Android,828.87,3,Medium,DEV_0004691,da803d6c2fe181a2
NDM_004692,Walvis Bay,3369,Standard,USSD,iOS,559.63,5,Low,DEV_0004692,e65a3fcec3052a14
NDM_004693,Swakopmund,947,Standard,USSD,iOS,511.59,1,Low,DEV_0004693,007012693393d1a7
NDM_004694,Windhoek,876,Standard,USSD,iOS,1347.49,3,Medium,DEV_0004694,70cd56635b6b99a3
NDM_004695,Windhoek,1401,Standard,Web,iOS,477.39,6,Medium,DEV_0004695,934631c800321824
NDM_004696,Windhoek,1640,Standard,USSD,Android,207.44,5,Low,DEV_0004696,c837d853797a3d73
NDM_004697,Oshakati,2931,Standard,USSD,Android,170.01,3,Low,DEV_0004697,5c95d88897293cce
NDM_004698,Windhoek,1480,Standard,Web,iOS,338.71,3,Low,DEV_0004698,ea59d504c3728816
NDM_004699,Oshakati,1688,Standard,Web,Android,601.96,4,Low,DEV_0004699,e7795a0d851235ee
NDM_004700,Keetmanshoop,1036,Standard,Mobile_App,Android,504.49,6,Low,DEV_0004700,cf038a4d8768bc0d
NDM_004701,Swakopmund,978,Standard,USSD,iOS,2596.88,6,Low,DEV_0004701,5089a8bb57cd72e4
NDM_004702,Keetmanshoop,2415,Business,USSD,Android,318.43,1,Low,DEV_0004702,3e32f260ed993c79
NDM_004703,Walvis Bay,2450,Standard,USSD,iOS,625.74,2,Low,DEV_0004703,578555b084bdbd90
NDM_004704,Oshakati,1649,Premium,Web,Android,1500.33,4,Low,DEV_0004704,3f349dc9951d01dc
NDM_004705,Rundu,3034,Premium,USSD,iOS,422.14,2,Medium,DEV_0004705,a1e74c39ad73573b
NDM_004706,Keetmanshoop,3254,Premium,Web,Android,709.75,4,Low,DEV_0004706,811ce5ec0051b72c
NDM_004707,Rundu,2970,Standard,USSD,Android,634.85,4,Low,DEV_0004707,47eda3a9ad2b88bd
NDM_004708,Windhoek,1094,Standard,USSD,iOS,352.7,2,Low,DEV_0004708,7de9025c70aac628
NDM_004709,Walvis Bay,2170,Standard,USSD,Android,1741.9,5,High,DEV_0004709,cb412db9305c785a
NDM_004710,Keetmanshoop,2228,Premium,USSD,iOS,522.15,3,Low,DEV_0004710,4a74daaf94f80c84
NDM_004711,Swakopmund,1440,Standard,USSD,Android,222.74,3,Low,DEV_0004711,4b589255ac8a6c32
NDM_004712,Walvis Bay,369,Standard,Web,Android,608.28,3,Low,DEV_0004712,279b21393a62d99c
NDM_004713,Windhoek,3285,Standard,USSD,Android,633.4,5,Low,DEV_0004713,edfd6545a40fb572
NDM_004714,Swakopmund,1500,Standard,USSD,iOS,202.69,4,Low,DEV_0004714,af412811c9080c82
NDM_004715,Windhoek,3414,Standard,Web,iOS,260.52,5,Low,DEV_0004715,00fb5fd9e6a9ae74
NDM_004716,Windhoek,3142,Premium,USSD,Android,1475.44,4,Low,DEV_0004716,458c81e07f967dbe
NDM_004717,Windhoek,2240,Premium,Mobile_App,Android,1342.78,8,Low,DEV_0004717,a036d88a1507ce3a
NDM_004718,Windhoek,1478,Business,Web,iOS,878.95,4,Medium,DEV_0004718,d2fe18db50feb2f7
NDM_004719,Windhoek,2316,Premium,USSD,iOS,213.72,6,Low,DEV_0004719,3033772e7b9c4901
NDM_004720,Windhoek,2508,Standard,USSD,Android,152.75,4,Medium,DEV_0004720,aeaa81b947e29047
NDM_004721,Swakopmund,977,Standard,Mobile_App,iOS,1408.16,6,Low,DEV_0004721,810381240efed964
NDM_004722,Walvis Bay,3404,Premium,Mobile_App,iOS,306.29,4,Low,DEV_0004722,29f9a713ac0f9957
NDM_004723,Walvis Bay,1495,Standard,USSD,Android,927.74,2,Low,DEV_0004723,a764448d5e7f4090
NDM_004724,Keetmanshoop,2670,Standard,USSD,Android,526.08,3,Low,DEV_0004724,ec13584728d97b35
NDM_004725,Windhoek,3253,Business,Web,iOS,670.75,6,Medium,DEV_0004725,6d4865bd0076701c
NDM_004726,Windhoek,1209,Standard,USSD,Android,1058.19,1,Low,DEV_0004726,d8562671cf7feb02
NDM_004727,Windhoek,2593,Standard,USSD,Android,1652.62,3,Medium,DEV_0004727,42c5c66a4b77da73
NDM_004728,Oshakati,2628,Standard,USSD,iOS,535.65,4,Low,DEV_0004728,a2a51d6e4998ab9b
NDM_004729,Keetmanshoop,3282,Standard,USSD,iOS,204.06,4,Low,DEV_0004729,5a56d3c70622a8da
NDM_004730,Rundu,1760,Standard,Web,Android,812.42,5,Low,DEV_0004730,db25bc33d25bd185
NDM_004731,Windhoek,1029,Standard,USSD,iOS,1228.22,2,Low,DEV_0004731,cec59e333670e3b3
NDM_004732,Windhoek,1974,Standard,Mobile_App,Android,1367.02,5,Low,DEV_0004732,efd0f86d42ece1e0
NDM_004733,Oshakati,2411,Standard,USSD,iOS,743.92,5,Medium,DEV_0004733,5ebaa9d4cfe0845e
NDM_004734,Oshakati,1779,Standard,USSD,Android,743.94,4,Low,DEV_0004734,32ff574061cdd496
NDM_004735,Oshakati,2363,Standard,USSD,iOS,430.54,7,Low,DEV_0004735,89ff07893a153d8d
NDM_004736,Walvis Bay,2469,Standard,USSD,iOS,367.89,2,Low,DEV_0004736,71384375c373c45b
NDM_004737,Windhoek,2041,Standard,USSD,Android,1366.35,6,Low,DEV_0004737,ed685d1fc24368ed
NDM_004738,Rundu,2146,Standard,Web,iOS,970.74,2,Low,DEV_0004738,3d09716ad6d7e3d1
NDM_004739,Windhoek,1302,Standard,USSD,iOS,296.43,7,Low,DEV_0004739,80b22a2f772d11d9
NDM_004740,Rundu,71,Standard,Web,iOS,153.89,6,Low,DEV_0004740,3554e791bf465584
NDM_004741,Swakopmund,1229,Premium,USSD,iOS,1215.75,1,Low,DEV_0004741,fdb6cc17669632d8
NDM_004742,Windhoek,973,Standard,USSD,Android,140.79,3,Low,DEV_0004742,961c7bf8906ed9b5
NDM_004743,Walvis Bay,2623,Standard,USSD,Android,521.8,4,Medium,DEV_0004743,9761d5cfe4ef1cd6
NDM_004744,Walvis Bay,396,Standard,Web,iOS,1209.45,6,Medium,DEV_0004744,a58d909b851c7a97
NDM_004745,Windhoek,2933,Standard,Web,Android,306.43,5,Low,DEV_0004745,e260b59d8dddec82
NDM_004746,Windhoek,2146,Standard,USSD,Android,1332.63,3,Medium,DEV_0004746,d71ab77ce85da6a8
NDM_004747,Windhoek,757,Standard,Web,Android,1032.62,4,Low,DEV_0004747,b91d59fde5d9414a
NDM_004748,Rundu,1152,Standard,USSD,Android,1294.76,4,Low,DEV_0004748,7ec0c50e7c105d57
NDM_004749,Swakopmund,2664,Standard,Web,iOS,569.7,2,Low,DEV_0004749,6e46d31baca74efe
NDM_004750,Swakopmund,3587,Premium,Web,Android,1338.45,5,Low,DEV_0004750,45785f7726d70ad3
NDM_004751,Windhoek,1990,Standard,USSD,iOS,531.29,6,Low,DEV_0004751,0b5ac16b01e64019
NDM_004752,Windhoek,3537,Standard,USSD,Android,270.79,2,Low,DEV_0004752,a20f77c90d4fb1e6
NDM_004753,Swakopmund,2167,Standard,USSD,Android,639.62,2,Low,DEV_0004753,5d597f92d7f6b548
NDM_004754,Oshakati,2447,Standard,USSD,Android,919.26,4,Medium,DEV_0004754,85a1826201d073c6
NDM_004755,Rundu,2903,Standard,USSD,iOS,595.55,6,Low,DEV_0004755,1e6a6c90b36329d1
NDM_004756,Walvis Bay,1019,Standard,USSD,iOS,697.27,2,Low,DEV_0004756,dfd605f6dcfd7f30
NDM_004757,Windhoek,3141,Standard,USSD,Android,262.32,5,Medium,DEV_0004757,02c722e33bc6f6ef
NDM_004758,Walvis Bay,1796,Standard,Web,Android,415.78,4,Low,DEV_0004758,2a8b2f41fbe6b446
NDM_004759,Rundu,2927,Standard,Web,Android,624.8,4,Low,DEV_0004759,a39d9bcc37776011
NDM_004760,Windhoek,460,Premium,Web,Android,397.43,5,Low,DEV_0004760,5b73f757ddc99c94
NDM_004761,Windhoek,2227,Standard,USSD,Android,853.0,3,Low,DEV_0004761,b299dafd76da1149
NDM_004762,Walvis Bay,1503,Standard,USSD,Android,519.19,6,Low,DEV_0004762,58d03dee5d4823d0
NDM_004763,Windhoek,1212,Premium,Web,Android,343.02,6,Low,DEV_0004763,61aa6b74fdb4d920
NDM_004764,Keetmanshoop,762,Standard,USSD,Android,658.65,3,Low,DEV_0004764,9edd8d0be807525f
NDM_004765,Swakopmund,2003,Standard,USSD,iOS,299.41,4,Low,DEV_0004765,5ff724cccd8b6082
NDM_004766,Rundu,1155,Standard,USSD,Android,178.34,2,Low,DEV_0004766,ea7cfad71ab6b5a3
NDM_004767,Walvis Bay,3443,Premium,USSD,Android,379.08,1,Medium,DEV_0004767,ff915603f65ee350
NDM_004768,Swakopmund,2206,Standard,USSD,Android,647.31,5,Medium,DEV_0004768,c59d07dca98f7595
NDM_004769,Swakopmund,3282,Standard,Web,Android,794.5,5,Low,DEV_0004769,00bae795ce7ab9e2
NDM_004770,Swakopmund,1556,Standard,USSD,iOS,1095.97,4,Low,DEV_0004770,e2d3f1d717526611
NDM_004771,Windhoek,989,Standard,USSD,Android,218.63,5,Low,DEV_0004771,80c3742ab678f555
NDM_004772,Rundu,3565,Business,Web,Android,184.07,4,Low,DEV_0004772,0334935b53d28d8f
NDM_004773,Windhoek,1666,Premium,USSD,Android,634.56,2,Low,DEV_0004773,6cd2012ad312efbf
NDM_004774,Windhoek,1934,Standard,Web,iOS,359.6,3,Low,DEV_0004774,aeab48470a104a18
NDM_004775,Oshakati,364,Premium,Web,iOS,988.1,3,Low,DEV_0004775,889f5e4e1577e4f7
NDM_004776,Windhoek,2874,Standard,USSD,Android,110.79,5,Low,DEV_0004776,78bcf8d6803ea37e
NDM_004777,Oshakati,1772,Standard,Web,Android,395.17,5,Medium,DEV_0004777,6fc7721e699ff272
NDM_004778,Windhoek,2167,Standard,USSD,iOS,151.59,3,Low,DEV_0004778,4ce468a74ecff4aa
NDM_004779,Oshakati,2027,Standard,Web,Android,344.01,2,Low,DEV_0004779,055eacf3ceb26e1e
NDM_004780,Keetmanshoop,638,Standard,USSD,iOS,487.01,3,Low,DEV_0004780,324d51ad7a31d40a
NDM_004781,Windhoek,2077,Standard,Web,Android,363.24,3,Low,DEV_0004781,538b24e56378d68d
NDM_004782,Windhoek,337,Business,Mobile_App,Android,360.26,1,Low,DEV_0004782,5ae3f934522c49ce
NDM_004783,Windhoek,2478,Standard,Web,Android,488.51,4,Medium,DEV_0004783,bab492e748f18205
NDM_004784,Windhoek,3305,Premium,Web,Android,178.01,2,Low,DEV_0004784,ea49d7ed3f06dbd8
NDM_004785,Oshakati,421,Standard,Mobile_App,iOS,417.23,4,Low,DEV_0004785,8b271ab3da09f68a
NDM_004786,Windhoek,2695,Standard,USSD,iOS,628.27,2,Low,DEV_0004786,906a2822081df00d
NDM_004787,Swakopmund,2460,Standard,Web,Android,857.94,4,Low,DEV_0004787,2bfba78dcbf9e7f5
NDM_004788,Walvis Bay,1459,Premium,Web,iOS,153.33,4,Low,DEV_0004788,8513fa4e1891c394
NDM_004789,Rundu,1730,Standard,Web,Android,2640.28,5,Medium,DEV_0004789,581a821ed2a304d3
NDM_004790,Windhoek,3189,Standard,Web,Android,557.73,6,Low,DEV_0004790,a927b5744c30b1a9
NDM_004791,Rundu,2508,Standard,Mobile_App,Android,383.14,2,Low,DEV_0004791,d9375e6f50a77751
NDM_004792,Windhoek,3122,Business,USSD,Android,424.15,4,High,DEV_0004792,1280452f19e6791a
NDM_004793,Keetmanshoop,3198,Standard,Web,Android,274.38,5,Low,DEV_0004793,c254a557485565cf
NDM_004794,Walvis Bay,2235,Standard,USSD,iOS,640.19,2,Low,DEV_0004794,825113173659d9e2
NDM_004795,Windhoek,1864,Standard,USSD,iOS,718.52,7,Low,DEV_0004795,b2127f0ae934d949
NDM_004796,Windhoek,1657,Standard,USSD,Android,1078.46,7,Low,DEV_0004796,cd0df55495bf8893
NDM_004797,Rundu,2270,Standard,Mobile_App,Android,1132.31,4,Medium,DEV_0004797,28fd2748782f89f4
NDM_004798,Rundu,39,Standard,USSD,Android,580.82,4,High,DEV_0004798,641f764f8e3e29c3
NDM_004799,Windhoek,1471,Standard,Web,Android,1836.32,4,Medium,DEV_0004799,8ddb9fd4686e1e7c
NDM_004800,Keetmanshoop,1777,Standard,USSD,Android,645.24,6,Medium,DEV_0004800,85ab46fab2bbcd99
NDM_004801,Rundu,1501,Standard,USSD,iOS,175.88,6,Low,DEV_0004801,a66847b56577e024
NDM_004802,Keetmanshoop,907,Standard,USSD,Android,2290.2,4,Medium,DEV_0004802,6e0a767c9696be5e
NDM_004803,Walvis Bay,3191,Standard,USSD,Android,999.86,2,Low,DEV_0004803,b10e803652981fc8
NDM_004804,Swakopmund,55,Standard,Web,iOS,532.25,3,Medium,DEV_0004804,f8d4f8573a02775a
NDM_004805,Windhoek,490,Standard,Web,Android,1315.68,4,Medium,DEV_0004805,6f113d7b246ee75b
NDM_004806,Windhoek,2124,Standard,USSD,Android,350.36,3,Low,DEV_0004806,25a8853681a079b3
NDM_004807,Windhoek,3062,Business,Web,Android,747.24,2,Medium,DEV_0004807,0681a2d5ac0463cd
NDM_004808,Walvis Bay,1277,Standard,USSD,iOS,647.6,3,Low,DEV_0004808,9369c9e0aacd40ee
NDM_004809,Swakopmund,511,Standard,Web,Android,2202.79,6,Low,DEV_0004809,e918e039b12ebcca
NDM_004810,Walvis Bay,3460,Standard,USSD,Android,201.54,2,Medium,DEV_0004810,1eb508cc37c8eea0
NDM_004811,Oshakati,3181,Standard,USSD,Android,308.72,3,Low,DEV_0004811,db2032bf7ea261ac
NDM_004812,Oshakati,592,Standard,Web,iOS,113.31,7,Low,DEV_0004812,16cf5e8936c0b344
NDM_004813,Windhoek,154,Standard,USSD,Android,819.16,1,Medium,DEV_0004813,7d907c05baba2dd4
NDM_004814,Oshakati,2256,Premium,USSD,Android,934.67,2,Low,DEV_0004814,1bd7c838dc427663
NDM_004815,Windhoek,3135,Standard,Mobile_App,Android,526.29,3,Low,DEV_0004815,840f4a8c29acff45
NDM_004816,Rundu,86,Standard,USSD,Android,849.86,2,Low,DEV_0004816,a9969f2f8d83f02b
NDM_004817,Windhoek,2783,Standard,USSD,iOS,381.91,5,Medium,DEV_0004817,b73dac07e0a47a62
NDM_004818,Windhoek,104,Premium,Mobile_App,iOS,388.23,4,Low,DEV_0004818,f1c31979f2ae2423
NDM_004819,Walvis Bay,2925,Standard,USSD,iOS,231.32,6,Medium,DEV_0004819,5757073be1a4be06
NDM_004820,Walvis Bay,1083,Business,Web,Android,868.1,2,Low,DEV_0004820,4a9cd33917ad7155
NDM_004821,Windhoek,1779,Standard,USSD,Android,392.0,2,Low,DEV_0004821,0fb145d678a7531b
NDM_004822,Windhoek,1775,Standard,Mobile_App,Android,347.1,4,Low,DEV_0004822,484996b4247dfa55
NDM_004823,Rundu,1664,Premium,USSD,Android,1560.27,1,Low,DEV_0004823,361dcf148434994a
NDM_004824,Walvis Bay,1302,Premium,Web,Android,273.45,6,Low,DEV_0004824,eb7d4a328e9fc8da
NDM_004825,Windhoek,3342,Standard,Web,Android,371.25,7,Low,DEV_0004825,e953e0bb66e83d47
NDM_004826,Rundu,674,Standard,USSD,Android,180.88,6,Low,DEV_0004826,76ff29daf3fb283d
NDM_004827,Windhoek,73,Standard,Web,Android,504.71,3,Low,DEV_0004827,1f718ae684770b07
NDM_004828,Oshakati,352,Standard,USSD,Android,373.56,3,Low,DEV_0004828,be377387e80fdc4b
NDM_004829,Windhoek,335,Standard,Web,iOS,379.05,3,Low,DEV_0004829,d69e977bc502bb02
NDM_004830,Windhoek,1413,Premium,Mobile_App,Android,2089.61,4,Medium,DEV_0004830,f74bb3c6358d6719
NDM_004831,Keetmanshoop,309,Business,Web,Android,644.63,4,Low,DEV_0004831,6cfcead83cec29dc
NDM_004832,Walvis Bay,1217,Standard,USSD,Android,450.75,3,Low,DEV_0004832,9bdc9c38a69f05b9
NDM_004833,Windhoek,152,Standard,USSD,Android,1990.94,3,Low,DEV_0004833,57369ce35f16f487
NDM_004834,Swakopmund,500,Standard,USSD,Android,690.16,4,Low,DEV_0004834,d5b2d3e101144257
NDM_004835,Swakopmund,671,Standard,USSD,Android,817.12,5,Medium,DEV_0004835,d2ec2160443b86d2
NDM_004836,Oshakati,2812,Standard,USSD,Android,782.63,3,Low,DEV_0004836,d2b03ec9dd6735ba
NDM_004837,Keetmanshoop,3431,Standard,USSD,Android,3663.42,2,Low,DEV_0004837,5882dfec9a9c818d
NDM_004838,Keetmanshoop,1329,Standard,USSD,iOS,1557.22,3,Low,DEV_0004838,939dd230fba73215
NDM_004839,Windhoek,3521,Premium,USSD,iOS,373.54,1,Low,DEV_0004839,db52480b9b3c6317
NDM_004840,Windhoek,1740,Premium,Web,Android,371.7,4,Low,DEV_0004840,ee693411fc615d0c
NDM_004841,Windhoek,165,Standard,Mobile_App,iOS,206.93,7,Medium,DEV_0004841,db94e8c018b038d1
NDM_004842,Keetmanshoop,1659,Standard,USSD,Android,181.67,4,Low,DEV_0004842,f373147500a06f5b
NDM_004843,Swakopmund,1390,Premium,Web,Android,231.95,4,Low,DEV_0004843,b43bda7058385762
NDM_004844,Oshakati,831,Standard,USSD,Android,283.03,3,Low,DEV_0004844,b0f19c88b7db0cb6
NDM_004845,Swakopmund,1066,Standard,Web,Android,139.8,4,Low,DEV_0004845,370c8435c9c19b8e
NDM_004846,Oshakati,1461,Standard,USSD,Android,123.47,7,Low,DEV_0004846,2b7b75df9f8b919a
NDM_004847,Windhoek,2338,Standard,USSD,Android,574.08,6,Low,DEV_0004847,ab3714af8ec977e9
NDM_004848,Oshakati,1953,Business,Web,Android,52.85,4,Low,DEV_0004848,bcd09db0741e887e
NDM_004849,Windhoek,3163,Standard,USSD,iOS,653.25,3,High,DEV_0004849,6462a266b79d6b13
NDM_004850,Rundu,3627,Standard,USSD,Android,429.5,3,Low,DEV_0004850,54ca5394d737e852
NDM_004851,Windhoek,1644,Business,USSD,Android,477.52,3,Low,DEV_0004851,8e974e59ae94b3e6
NDM_004852,Windhoek,3173,Premium,Mobile_App,Android,381.46,6,Low,DEV_0004852,0f86ba5f701e64a1
NDM_004853,Windhoek,215,Standard,Mobile_App,iOS,603.9,5,Medium,DEV_0004853,94e1e61610302ff0
NDM_004854,Windhoek,3061,Standard,USSD,Android,752.03,4,Medium,DEV_0004854,d73c0225e8aeffc6
NDM_004855,Oshakati,3648,Standard,Web,iOS,563.0,1,Low,DEV_0004855,483400523cf601a4
NDM_004856,Keetmanshoop,3137,Standard,USSD,iOS,647.71,3,Low,DEV_0004856,aec16e1453ebab54
NDM_004857,Walvis Bay,59,Standard,Web,Android,810.58,6,Low,DEV_0004857,a6a777f54e6f5678
NDM_004858,Walvis Bay,1845,Standard,USSD,Android,458.09,2,Low,DEV_0004858,e6a9b1becc1a77ac
NDM_004859,Oshakati,619,Standard,USSD,Android,457.9,2,Low,DEV_0004859,4f4d98f8c12c0a36
NDM_004860,Windhoek,1662,Premium,Web,Android,386.64,4,Low,DEV_0004860,ad931d188c52e665
NDM_004861,Windhoek,62,Standard,Mobile_App,Android,688.47,4,Low,DEV_0004861,0ceae3639bf51644
NDM_004862,Walvis Bay,1749,Standard,Mobile_App,Android,474.74,4,Low,DEV_0004862,8a7c8dcbd4e9bfae
NDM_004863,Windhoek,2096,Standard,USSD,iOS,201.02,6,Low,DEV_0004863,bf00e9b741a8211a
NDM_004864,Windhoek,979,Standard,USSD,Android,602.26,4,Low,DEV_0004864,0d2bb71b96fbb959
NDM_004865,Windhoek,1413,Business,USSD,iOS,244.48,7,Low,DEV_0004865,0313a57e2419e2b6
NDM_004866,Windhoek,2646,Standard,Web,iOS,434.3,2,Low,DEV_0004866,fa92c21d3d4cffba
NDM_004867,Walvis Bay,2456,Standard,USSD,Android,917.23,2,Medium,DEV_0004867,1d4388f7ca0c652d
NDM_004868,Windhoek,2498,Business,Web,Android,257.87,6,Low,DEV_0004868,396d83b49cb4b291
NDM_004869,Keetmanshoop,1967,Standard,Mobile_App,iOS,938.66,4,Medium,DEV_0004869,adc1d2fd554ce9d1
NDM_004870,Walvis Bay,1481,Premium,USSD,iOS,357.93,7,Low,DEV_0004870,67a76c373333f40c
NDM_004871,Keetmanshoop,1357,Standard,Web,Android,441.48,2,Low,DEV_0004871,89b592de2f3dde6d
NDM_004872,Windhoek,844,Standard,USSD,Android,395.49,2,Low,DEV_0004872,d517a48f0b6bc2d6
NDM_004873,Oshakati,3162,Standard,Web,Android,324.57,2,Low,DEV_0004873,e417110f080a4ea5
NDM_004874,Windhoek,3268,Standard,USSD,Android,216.63,2,Medium,DEV_0004874,1cfceff81daf251f
NDM_004875,Windhoek,896,Standard,Web,Android,338.34,5,Low,DEV_0004875,e02d06c9cd643a73
NDM_004876,Keetmanshoop,411,Standard,USSD,Android,453.72,2,Low,DEV_0004876,e9f40d8d33c911b7
NDM_004877,Keetmanshoop,1259,Standard,Mobile_App,Android,353.73,4,Low,DEV_0004877,3118e288e6c4a6c8
NDM_004878,Windhoek,245,Standard,USSD,iOS,540.05,6,Low,DEV_0004878,f9c82e613b2a3757
NDM_004879,Swakopmund,2382,Business,USSD,Android,252.13,1,Low,DEV_0004879,d8180ad569ff8ef4
NDM_004880,Keetmanshoop,920,Standard,USSD,Android,771.71,1,Low,DEV_0004880,d3e4ea7f65cdccd2
NDM_004881,Windhoek,1725,Standard,USSD,iOS,399.83,4,Low,DEV_0004881,a1a511daf94d82ff
NDM_004882,Swakopmund,2448,Standard,USSD,Android,1037.76,1,Low,DEV_0004882,0ee829418b40d4e3
NDM_004883,Windhoek,2083,Business,USSD,Android,311.47,4,Low,DEV_0004883,bfbe8cdcde2c6a1d
NDM_004884,Windhoek,1242,Standard,Web,iOS,737.25,2,Low,DEV_0004884,756b384e86df7af6
NDM_004885,Rundu,1879,Standard,USSD,iOS,1072.52,5,Low,DEV_0004885,5801ce7c882b92d0
NDM_004886,Windhoek,1296,Standard,Web,iOS,468.59,4,Low,DEV_0004886,2d685ef6eba43e59
NDM_004887,Oshakati,2625,Premium,USSD,Android,696.46,9,Low,DEV_0004887,2558d34d73575e40
NDM_004888,Windhoek,1984,Standard,USSD,iOS,615.11,4,Low,DEV_0004888,0811ff016eb33028
NDM_004889,Windhoek,761,Standard,USSD,iOS,178.02,4,Medium,DEV_0004889,c0226d977f208e13
NDM_004890,Windhoek,2226,Standard,Web,Android,1475.72,1,Medium,DEV_0004890,69173de0df179a14
NDM_004891,Windhoek,2960,Standard,USSD,Android,1863.56,5,Low,DEV_0004891,f32adb2bdd9fe2c1
NDM_004892,Rundu,483,Standard,USSD,Android,251.58,3,Low,DEV_0004892,efa1142a23923405
NDM_004893,Keetmanshoop,2190,Standard,Mobile_App,Android,380.7,3,Medium,DEV_0004893,fc9a883b2052e8c4
NDM_004894,Windhoek,2859,Premium,USSD,Android,674.64,3,Low,DEV_0004894,6927bd70fc478ef3
NDM_004895,Swakopmund,3029,Premium,Mobile_App,iOS,998.8,3,Low,DEV_0004895,32a1d999ac830aee
NDM_004896,Keetmanshoop,2256,Premium,Web,Android,165.81,2,Low,DEV_0004896,95765f71b3342ecf
NDM_004897,Keetmanshoop,1281,Standard,USSD,Android,127.26,6,Low,DEV_0004897,09e4103e36630716
NDM_004898,Keetmanshoop,523,Standard,USSD,Android,1041.79,3,Low,DEV_0004898,7898a04a553dd6b0
NDM_004899,Walvis Bay,71,Business,USSD,Android,467.18,3,Medium,DEV_0004899,3912da30d09a5265
NDM_004900,Swakopmund,3536,Standard,USSD,Android,713.6,3,Low,DEV_0004900,0ee40407b25fc580
NDM_004901,Walvis Bay,2540,Premium,USSD,Android,372.27,5,Low,DEV_0004901,719f6cc1c9b4a46a
NDM_004902,Keetmanshoop,83,Standard,Web,Android,724.48,6,Low,DEV_0004902,ecf234d04d794670
NDM_004903,Windhoek,1327,Standard,USSD,Android,857.23,3,Low,DEV_0004903,8fd787c554bf5cf1
NDM_004904,Windhoek,3403,Premium,USSD,iOS,224.93,2,Low,DEV_0004904,f2f4ab981566256c
NDM_004905,Walvis Bay,571,Standard,Web,Android,753.57,1,Low,DEV_0004905,1f60f6665517e815
NDM_004906,Swakopmund,399,Standard,USSD,iOS,232.16,3,Low,DEV_0004906,087c1cb05aceafed
NDM_004907,Keetmanshoop,700,Standard,Web,Android,283.38,2,Low,DEV_0004907,669b35038903b44c
NDM_004908,Rundu,275,Standard,USSD,Android,439.55,4,Low,DEV_0004908,5df24e28f73b0d47
NDM_004909,Keetmanshoop,2417,Standard,Web,iOS,698.03,4,Low,DEV_0004909,5edd0a8c37948111
NDM_004910,Windhoek,2848,Standard,USSD,Android,138.74,5,Low,DEV_0004910,6c9f702a555c059e
NDM_004911,Swakopmund,2134,Standard,USSD,Android,1062.94,6,Low,DEV_0004911,edddd03114a0fbba
NDM_004912,Oshakati,3302,Premium,Web,Android,259.73,4,Low,DEV_0004912,782ae2d9a4680cac
NDM_004913,Windhoek,892,Standard,USSD,iOS,928.2,5,Low,DEV_0004913,0c3139602d31b9b6
NDM_004914,Keetmanshoop,3044,Standard,USSD,Android,353.16,5,Low,DEV_0004914,1fd24249ee784936
NDM_004915,Rundu,2246,Standard,USSD,iOS,423.91,5,Medium,DEV_0004915,73fa800bc28aaeae
NDM_004916,Windhoek,2133,Standard,Mobile_App,Android,458.2,3,Low,DEV_0004916,f536dd02e2916711
NDM_004917,Oshakati,1608,Standard,USSD,Android,348.51,1,Medium,DEV_0004917,5bd2bd442b014f09
NDM_004918,Windhoek,1863,Standard,USSD,Android,225.33,5,Low,DEV_0004918,468fa2bb0c7edaf9
NDM_004919,Walvis Bay,3648,Premium,Web,iOS,595.55,5,High,DEV_0004919,e88f6a8cf0819d74
NDM_004920,Walvis Bay,450,Standard,USSD,Android,1792.69,8,Low,DEV_0004920,10151eddcc012b38
NDM_004921,Windhoek,2016,Standard,USSD,Android,757.03,6,Medium,DEV_0004921,7b9c02686a458a4c
NDM_004922,Swakopmund,262,Premium,USSD,Android,650.49,3,Low,DEV_0004922,5d20c94bad261066
NDM_004923,Windhoek,3509,Standard,Mobile_App,iOS,374.85,5,Low,DEV_0004923,82aa8b04598c2154
NDM_004924,Oshakati,646,Standard,USSD,Android,91.44,3,Low,DEV_0004924,da8da906e062c068
NDM_004925,Windhoek,1795,Standard,Mobile_App,iOS,400.15,6,Low,DEV_0004925,70261b6a469c2f69
NDM_004926,Windhoek,2825,Premium,Mobile_App,Android,351.75,4,Low,DEV_0004926,45bf93b78e61b06d
NDM_004927,Swakopmund,451,Standard,USSD,Android,1708.68,3,Low,DEV_0004927,5af79e297048dc5d
NDM_004928,Rundu,264,Standard,USSD,iOS,231.54,4,Low,DEV_0004928,ad9bcf71e231fda7
NDM_004929,Rundu,2080,Premium,Web,iOS,456.12,6,Medium,DEV_0004929,58f478383fa1e8a8
NDM_004930,Keetmanshoop,953,Standard,USSD,Android,1316.55,3,Low,DEV_0004930,2b7e38c8799141d2
NDM_004931,Windhoek,1429,Standard,Web,iOS,780.08,3,Low,DEV_0004931,de510fbe9b68ceb9
NDM_004932,Windhoek,101,Business,USSD,iOS,375.56,3,Low,DEV_0004932,f780006f36c1cc05
NDM_004933,Rundu,3191,Standard,USSD,Android,242.01,3,Medium,DEV_0004933,6bdbea3d7f522d2a
NDM_004934,Walvis Bay,362,Standard,USSD,Android,169.36,7,High,DEV_0004934,03fccdf89257d285
NDM_004935,Windhoek,1092,Standard,Web,Android,286.32,7,High,DEV_0004935,6c9a75378217b079
NDM_004936,Walvis Bay,3177,Premium,Web,Android,254.95,2,Low,DEV_0004936,6aca6931f95f5c3f
NDM_004937,Windhoek,3309,Premium,USSD,iOS,419.48,2,Medium,DEV_0004937,a0bffcfaa0c487c1
NDM_004938,Walvis Bay,273,Standard,USSD,Android,74.91,4,Low,DEV_0004938,5ad8fe49b9fd19d6
NDM_004939,Walvis Bay,265,Premium,USSD,Android,204.1,3,Low,DEV_0004939,85047434debe2406
NDM_004940,Walvis Bay,2727,Standard,USSD,iOS,638.91,4,Low,DEV_0004940,94abe451ddb37912
NDM_004941,Windhoek,3430,Standard,USSD,iOS,741.74,4,Low,DEV_0004941,b35e241ebdc889bd
NDM_004942,Windhoek,1350,Standard,Web,Android,511.2,3,Medium,DEV_0004942,73e7f2b1be687eab
NDM_004943,Windhoek,3520,Standard,USSD,Android,383.42,3,Low,DEV_0004943,7d96be20c177498e
NDM_004944,Windhoek,558,Standard,Web,Android,437.47,6,Low,DEV_0004944,f6a08f2831695843
NDM_004945,Oshakati,3301,Premium,USSD,iOS,322.13,2,Low,DEV_0004945,35a1ea60c159e83b
NDM_004946,Windhoek,2290,Standard,USSD,Android,114.17,3,Medium,DEV_0004946,527bdeac2db2310c
NDM_004947,Windhoek,492,Premium,Web,Android,146.21,2,Medium,DEV_0004947,ab2bf12e56aa2fb4
NDM_004948,Windhoek,3355,Standard,Web,iOS,266.0,1,Medium,DEV_0004948,48ea5acb61147913
NDM_004949,Swakopmund,456,Business,USSD,Android,778.54,4,Low,DEV_0004949,9136b75c4f85c6ec
NDM_004950,Oshakati,267,Premium,Web,iOS,473.5,2,Low,DEV_0004950,a62b3c63b6b3ba97
NDM_004951,Oshakati,1704,Premium,USSD,Android,244.66,6,Low,DEV_0004951,7c2d115a06eca685
NDM_004952,Windhoek,442,Standard,USSD,Android,649.47,4,Low,DEV_0004952,ef46ee7954143207
NDM_004953,Windhoek,1768,Standard,USSD,Android,808.55,3,Low,DEV_0004953,b9a0e0fb7b5aeb8b
NDM_004954,Windhoek,3213,Premium,Web,Android,2801.56,4,Low,DEV_0004954,2e5085dae9b5b866
NDM_004955,Keetmanshoop,2088,Premium,USSD,iOS,187.62,3,Low,DEV_0004955,65eaf87f7caed438
NDM_004956,Windhoek,2183,Standard,USSD,Android,159.48,6,Low,DEV_0004956,1b72b71b94ea8e0f
NDM_004957,Swakopmund,2277,Premium,USSD,Android,1122.93,3,Low,DEV_0004957,00689f5420b2ba79
NDM_004958,Oshakati,1728,Standard,USSD,Android,503.54,4,Medium,DEV_0004958,2b491e73cb167095
NDM_004959,Walvis Bay,3123,Business,USSD,Android,341.88,2,Low,DEV_0004959,9984681b19d6033e
NDM_004960,Windhoek,3129,Standard,Web,iOS,425.12,1,Low,DEV_0004960,4fb477fa9c7d9ad8
NDM_004961,Windhoek,2626,Standard,Web,iOS,516.36,3,Low,DEV_0004961,d14b00357583a377
NDM_004962,Swakopmund,1652,Standard,USSD,Android,509.17,5,Low,DEV_0004962,9c69256c2a1372fb
NDM_004963,Windhoek,2935,Standard,Web,Android,135.06,4,Low,DEV_0004963,9398a22e48bdf697
NDM_004964,Windhoek,3317,Premium,Web,Android,827.17,9,Low,DEV_0004964,1b833b463b662de6
NDM_004965,Windhoek,1641,Standard,USSD,Android,553.68,5,Medium,DEV_0004965,31c0271f49ff2918
NDM_004966,Walvis Bay,2141,Standard,USSD,Android,570.32,5,Low,DEV_0004966,5862652bd874dc02
NDM_004967,Oshakati,3537,Standard,USSD,Android,465.48,3,Low,DEV_0004967,96eee10848fb5909
NDM_004968,Oshakati,3543,Premium,USSD,Android,166.47,2,Low,DEV_0004968,865a6624882cb7cf
NDM_004969,Rundu,1263,Standard,USSD,iOS,124.65,3,Low,DEV_0004969,0f55630dd8dcb8f2
NDM_004970,Windhoek,2604,Standard,Web,Android,1051.14,3,Low,DEV_0004970,059413a3f3d3de55
NDM_004971,Keetmanshoop,1761,Premium,Web,iOS,1015.26,3,Low,DEV_0004971,79e801fb4ed0059b
NDM_004972,Walvis Bay,3555,Standard,USSD,iOS,297.96,6,Low,DEV_0004972,c8c15cfd12cfcc5b
NDM_004973,Rundu,1080,Standard,USSD,iOS,202.43,5,Low,DEV_0004973,a2ae39f11362a74d
NDM_004974,Keetmanshoop,2859,Standard,USSD,Android,555.14,3,Low,DEV_0004974,35bb788d9a56bf2b
NDM_004975,Oshakati,2935,Premium,USSD,Android,396.14,6,Low,DEV_0004975,d66ef961dd3b1e20
NDM_004976,Swakopmund,134,Standard,USSD,Android,367.32,3,Medium,DEV_0004976,8bee197007c19f15
NDM_004977,Rundu,1836,Standard,USSD,Android,463.29,4,Low,DEV_0004977,923e009a47d795ad
NDM_004978,Windhoek,3106,Standard,USSD,Android,583.85,3,Low,DEV_0004978,dfe50df2de9b2a56
NDM_004979,Oshakati,185,Standard,Web,Android,762.0,7,Low,DEV_0004979,5f38c66e86f4a2a0
NDM_004980,Rundu,1596,Premium,USSD,Android,387.63,4,Low,DEV_0004980,81215231351e4d46
NDM_004981,Swakopmund,336,Standard,USSD,Android,221.92,3,Low,DEV_0004981,9197bef32fafc23f
NDM_004982,Walvis Bay,240,Premium,USSD,iOS,1116.91,3,Medium,DEV_0004982,b145ddaddef8fa73
NDM_004983,Rundu,1596,Standard,USSD,Android,260.96,4,Low,DEV_0004983,b967a52dbd4d25f2
NDM_004984,Oshakati,2104,Standard,USSD,iOS,75.35,1,Low,DEV_0004984,f8ffc40a11748928
NDM_004985,Windhoek,243,Standard,USSD,Android,278.86,2,Low,DEV_0004985,e6b28bc293fad62a
NDM_004986,Windhoek,3525,Standard,Web,Android,1774.21,4,Low,DEV_0004986,0b031a2adf7245f6
NDM_004987,Walvis Bay,1703,Standard,Web,Android,545.6,1,Low,DEV_0004987,aff3694ca6afa632
NDM_004988,Windhoek,1299,Premium,USSD,Android,1678.9,1,Low,DEV_0004988,e96665d3fd654b79
NDM_004989,Windhoek,3274,Standard,USSD,Android,446.84,2,Low,DEV_0004989,0ffdc50ab91c96f0
NDM_004990,Windhoek,3345,Premium,USSD,Android,1179.82,4,Medium,DEV_0004990,5d777466a1731591
NDM_004991,Swakopmund,2428,Standard,USSD,Android,223.1,2,Low,DEV_0004991,85b83a5813e8317d
NDM_004992,Windhoek,2033,Standard,USSD,Android,548.51,3,Low,DEV_0004992,3b1f237659db264b
NDM_004993,Windhoek,1420,Standard,Web,Android,1314.6,5,Low,DEV_0004993,10724bd5fff2f75b
NDM_004994,Walvis Bay,447,Standard,USSD,Android,2263.11,4,Medium,DEV_0004994,0dca5cdefe9404e0
NDM_004995,Windhoek,702,Standard,Web,iOS,521.53,7,Low,DEV_0004995,8ce5c36234c4ecd1
NDM_004996,Rundu,3380,Standard,USSD,Android,304.18,3,Low,DEV_0004996,b8bf60c7195eed6a
NDM_004997,Windhoek,1027,Standard,USSD,iOS,1142.18,2,Low,DEV_0004997,173b3e766f00c597
NDM_004998,Walvis Bay,2918,Premium,USSD,Android,898.5,1,Low,DEV_0004998,5d14fa81c79fec99
NDM_004999,Swakopmund,3369,Standard,USSD,Android,259.83,3,Medium,DEV_0004999,12c228db3d1d68e6
NDM_005000,Oshakati,2372,Standard,USSD,Android,4244.65,3,Low,DEV_0005000,4f121745aebb77f5
