ticket_id,timestamp,account_id,text,priority,scenario_label,category
TICKET_001926,2026-09-03 08:35:02,NDM_000001,I am travelling and cannot access my normal device.,Low,LEGITIMATE,
TICKET_000926,2026-09-19 02:10:10,NDM_000002,There is no problem with my account; I need assistance with a payment.,Medium,LEGITIMATE,
TICKET_000416,2026-09-02 16:08:33,NDM_000003,My account is locked after several login attempts.,Medium,LEGITIMATE,
ATO_TICKET_NDM_000003,2026-09-20 23:55:22,NDM_000003,I received an OTP that I did not request.,High,ATO,Unauthorised Transaction
ATO_TICKET_NDM_000008,2026-09-27 22:25:47,NDM_000008,My SIM card was replaced and I cannot log in.,Medium,ATO,Unauthorised Transaction
TICKET_001865,2026-09-28 07:50:34,NDM_000008,I am travelling and cannot access my normal device.,Medium,LEGITIMATE,
ATO_TICKET_NDM_000009,2026-09-29 20:33:51,NDM_000009,There was a transaction on my account that I did not make.,High,ATO,Unauthorised Transaction
TICKET_001418,2026-09-25 09:52:50,NDM_000010,I cannot access my account and my password no longer works.,Medium,LEGITIMATE,
TICKET_001137,2026-09-16 06:14:07,NDM_000012,My SIM card was replaced and I cannot log in.,Low,LEGITIMATE,
ATO_TICKET_NDM_000012,2026-09-28 17:09:30,NDM_000012,There was a transaction on my account that I did not make.,High,ATO,Unauthorised Transaction
ATO_TICKET_NDM_000015,2026-09-20 08:25:40,NDM_000015,There was a transaction on my account that I did not make.,High,ATO,Unauthorised Transaction
ATO_TICKET_NDM_000016,2026-09-30 06:42:35,NDM_000016,I received an OTP that I did not request.,High,ATO,Unauthorised Transaction
TICKET_001289,2026-09-19 14:06:05,NDM_000018,Please help me update my registered mobile number.,High,LEGITIMATE,
ATO_TICKET_NDM_000019,2026-09-12 15:07:05,NDM_000019,My SIM card was replaced and I cannot log in.,High,ATO,Unauthorised Transaction
TICKET_001796,2026-09-23 07:28:12,NDM_000019,I noticed a transfer that I do not recognise.,Low,LEGITIMATE,
TICKET_001069,2026-09-24 13:25:58,NDM_000019,I received an OTP that I did not request.,Low,LEGITIMATE,
TICKET_000400,2026-09-15 08:34:06,NDM_000020,I cannot access my account and my password no longer works.,Low,LEGITIMATE,
ATO_TICKET_NDM_000020,2026-09-26 09:33:07,NDM_000020,There was a transaction on my account that I did not make.,High,ATO,Unauthorised Transaction
TICKET_000271,2026-09-26 08:46:57,NDM_000022,I made this transaction myself but it is showing as pending.,High,LEGITIMATE,
TICKET_000548,2026-09-20 16:06:53,NDM_000023,There is no problem with my account; I need assistance with a payment.,Low,LEGITIMATE,
TICKET_000833,2026-09-12 15:53:58,NDM_000024,I noticed a transfer that I do not recognise.,Low,LEGITIMATE,
TICKET_001984,2026-09-28 15:17:05,NDM_000024,I am travelling and cannot access my normal device.,Medium,LEGITIMATE,
ATO_TICKET_NDM_000025,2026-09-30 02:58:16,NDM_000025,My SIM card was replaced and I cannot log in.,High,ATO,Unauthorised Transaction
TICKET_000805,2026-09-15 07:06:55,NDM_000027,I noticed a transfer that I do not recognise.,Low,LEGITIMATE,
ATO_TICKET_NDM_000030,2026-09-28 05:35:00,NDM_000030,My SIM card was replaced and I cannot log in.,High,ATO,Unauthorised Transaction
ATO_TICKET_NDM_000032,2026-09-30 02:08:12,NDM_000032,I received an OTP that I did not request.,High,ATO,Unauthorised Transaction
ATO_TICKET_NDM_000033,2026-09-29 23:52:30,NDM_000033,I noticed a transfer that I do not recognise.,High,ATO,Unauthorised Transaction
TICKET_000552,2026-09-11 12:20:32,NDM_000034,I made this transaction myself but it is showing as pending.,Low,LEGITIMATE,
ATO_TICKET_NDM_000035,2026-09-30 17:30:41,NDM_000035,There was a transaction on my account that I did not make.,Medium,ATO,Unauthorised Transaction
ATO_TICKET_NDM_000037,2026-09-29 20:04:52,NDM_000037,There was a transaction on my account that I did not make.,High,ATO,Unauthorised Transaction
TICKET_001587,2026-09-28 14:07:42,NDM_000038,I cannot access my account and my password no longer works.,Low,LEGITIMATE,
ATO_TICKET_NDM_000039,2026-09-26 17:14:02,NDM_000039,My SIM card was replaced and I cannot log in.,High,ATO,Unauthorised Transaction
TICKET_001125,2026-09-02 00:42:49,NDM_000043,My phone was lost and I need to secure my account.,Low,LEGITIMATE,
TICKET_000456,2026-09-22 10:07:02,NDM_000043,My phone was lost and I need to secure my account.,Low,LEGITIMATE,
TICKET_000605,2026-09-14 09:57:34,NDM_000045,My account is locked after several login attempts.,Low,LEGITIMATE,
TICKET_000535,2026-09-02 00:53:36,NDM_000046,I made this transaction myself but it is showing as pending.,Medium,LEGITIMATE,
TICKET_001434,2026-09-09 03:56:20,NDM_000048,My phone was lost and I need to secure my account.,Low,LEGITIMATE,
ATO_TICKET_NDM_000050,2026-09-28 06:10:02,NDM_000050,My phone was lost and I need to secure my account.,High,ATO,Unauthorised Transaction
TICKET_000648,2026-09-13 09:33:09,NDM_000053,There is no problem with my account; I need assistance with a payment.,Low,LEGITIMATE,
TICKET_001708,2026-09-23 12:00:06,NDM_000053,My phone was lost and I need to secure my account.,Low,LEGITIMATE,
ATO_TICKET_NDM_000054,2026-09-20 07:39:40,NDM_000054,I received an OTP that I did not request.,High,ATO,Unauthorised Transaction
TICKET_001138,2026-09-26 05:27:01,NDM_000054,I changed my phone and need help accessing my account.,Low,LEGITIMATE,
TICKET_001970,2026-09-29 09:22:52,NDM_000055,I am travelling and cannot access my normal device.,Low,LEGITIMATE,
TICKET_001913,2026-09-07 19:41:07,NDM_000057,I am travelling and cannot access my normal device.,Medium,LEGITIMATE,
ATO_TICKET_NDM_000058,2026-09-28 03:04:27,NDM_000058,My phone was lost and I need to secure my account.,High,ATO,Unauthorised Transaction
TICKET_000572,2026-09-05 20:50:35,NDM_000059,There was a transaction on my account that I did not make.,Low,LEGITIMATE,
TICKET_000787,2026-09-23 23:54:52,NDM_000061,I noticed a transfer that I do not recognise.,Low,LEGITIMATE,
ATO_TICKET_NDM_000062,2026-09-29 23:38:51,NDM_000062,My SIM card was replaced and I cannot log in.,High,ATO,Unauthorised Transaction
ATO_TICKET_NDM_000064,2026-09-29 13:16:25,NDM_000064,My phone was lost and I need to secure my account.,High,ATO,Unauthorised Transaction
TICKET_001532,2026-09-05 13:10:36,NDM_000065,I changed my phone and need help accessing my account.,Medium,LEGITIMATE,
TICKET_001083,2026-09-28 03:00:11,NDM_000065,There was a transaction on my account that I did not make.,Medium,LEGITIMATE,
TICKET_001759,2026-09-08 06:17:08,NDM_000066,I received an OTP that I did not request.,Low,LEGITIMATE,
ATO_TICKET_NDM_000069,2026-09-26 07:36:26,NDM_000069,I noticed a transfer that I do not recognise.,High,ATO,Unauthorised Transaction
TICKET_001281,2026-09-07 04:29:13,NDM_000071,My phone was lost and I need to secure my account.,Low,LEGITIMATE,
ATO_TICKET_NDM_000074,2026-09-24 13:05:28,NDM_000074,I received an OTP that I did not request.,High,ATO,Unauthorised Transaction
TICKET_000823,2026-09-13 17:34:01,NDM_000075,There was a transaction on my account that I did not make.,Low,LEGITIMATE,
ATO_TICKET_NDM_000077,2026-09-22 13:06:48,NDM_000077,I noticed a transfer that I do not recognise.,High,ATO,Unauthorised Transaction
TICKET_000861,2026-09-23 04:04:01,NDM_000078,I received an OTP that I did not request.,Low,LEGITIMATE,
ATO_TICKET_NDM_000078,2026-09-29 08:30:41,NDM_000078,My phone was lost and I need to secure my account.,High,ATO,Unauthorised Transaction
TICKET_000644,2026-09-27 02:06:32,NDM_000080,I am travelling and cannot access my normal device.,Low,LEGITIMATE,
TICKET_001542,2026-09-27 21:58:55,NDM_000082,My SIM card was replaced and I cannot log in.,Low,LEGITIMATE,
ATO_TICKET_NDM_000085,2026-09-23 20:59:42,NDM_000085,There was a transaction on my account that I did not make.,Medium,ATO,Unauthorised Transaction
TICKET_001513,2026-09-22 15:19:36,NDM_000086,I noticed a transfer that I do not recognise.,Low,LEGITIMATE,
ATO_TICKET_NDM_000087,2026-09-23 16:57:42,NDM_000087,There was a transaction on my account that I did not make.,High,ATO,Unauthorised Transaction
TICKET_001936,2026-09-19 02:29:10,NDM_000088,There was a transaction on my account that I did not make.,Low,LEGITIMATE,
ATO_TICKET_NDM_000093,2026-09-26 21:03:06,NDM_000093,My SIM card was replaced and I cannot log in.,High,ATO,Unauthorised Transaction
ATO_TICKET_NDM_000096,2026-09-26 17:22:04,NDM_000096,My phone was lost and I need to secure my account.,High,ATO,Unauthorised Transaction
TICKET_000998,2026-09-02 01:07:48,NDM_000097,Please help me update my registered mobile number.,Medium,LEGITIMATE,
ATO_TICKET_NDM_000099,2026-09-30 17:50:36,NDM_000099,My phone was lost and I need to secure my account.,Medium,ATO,Unauthorised Transaction
TICKET_001565,2026-09-05 18:07:27,NDM_000101,I received an OTP that I did not request.,High,LEGITIMATE,
TICKET_001750,2026-09-03 21:30:23,NDM_000102,I received an OTP that I did not request.,Low,LEGITIMATE,
TICKET_000281,2026-09-16 03:32:08,NDM_000102,I noticed a transfer that I do not recognise.,Low,LEGITIMATE,
ATO_TICKET_NDM_000103,2026-09-22 21:29:23,NDM_000103,I received an OTP that I did not request.,Medium,ATO,Unauthorised Transaction
TICKET_001942,2026-09-12 19:03:20,NDM_000106,I changed my phone and need help accessing my account.,Low,LEGITIMATE,
ATO_TICKET_NDM_000106,2026-09-19 17:21:28,NDM_000106,My phone was lost and I need to secure my account.,High,ATO,Unauthorised Transaction
TICKET_001171,2026-09-15 13:21:42,NDM_000108,I made this transaction myself but it is showing as pending.,Medium,LEGITIMATE,
TICKET_000144,2026-09-24 06:39:59,NDM_000109,I am travelling and cannot access my normal device.,Medium,LEGITIMATE,
ATO_TICKET_NDM_000111,2026-09-19 05:00:05,NDM_000111,My phone was lost and I need to secure my account.,High,ATO,Unauthorised Transaction
TICKET_001014,2026-09-06 07:38:02,NDM_000112,My account is locked after several login attempts.,Low,LEGITIMATE,
TICKET_000531,2026-09-24 13:59:02,NDM_000113,There is no problem with my account; I need assistance with a payment.,Medium,LEGITIMATE,
ATO_TICKET_NDM_000116,2026-09-25 05:08:25,NDM_000116,I received an OTP that I did not request.,High,ATO,Unauthorised Transaction
ATO_TICKET_NDM_000118,2026-09-24 03:59:08,NDM_000118,I received an OTP that I did not request.,Medium,ATO,Unauthorised Transaction
TICKET_000269,2026-09-12 09:12:43,NDM_000119,There is no problem with my account; I need assistance with a payment.,Medium,LEGITIMATE,
TICKET_000950,2026-09-05 10:48:32,NDM_000121,I am travelling and cannot access my normal device.,Low,LEGITIMATE,
TICKET_001115,2026-09-19 03:15:57,NDM_000127,My phone was lost and I need to secure my account.,Low,LEGITIMATE,
TICKET_001543,2026-09-26 18:57:24,NDM_000129,Please help me update my registered mobile number.,Low,LEGITIMATE,
ATO_TICKET_NDM_000130,2026-09-30 02:49:23,NDM_000130,I received an OTP that I did not request.,High,ATO,Unauthorised Transaction
TICKET_000303,2026-09-10 02:14:19,NDM_000133,There was a transaction on my account that I did not make.,Medium,LEGITIMATE,
TICKET_000750,2026-09-10 19:12:18,NDM_000133,I received an OTP that I did not request.,Medium,LEGITIMATE,
TICKET_001494,2026-09-12 04:10:56,NDM_000133,Please help me update my registered mobile number.,Low,LEGITIMATE,
TICKET_001110,2026-09-26 09:04:22,NDM_000133,I cannot access my account and my password no longer works.,Low,LEGITIMATE,
TICKET_001288,2026-09-03 01:31:23,NDM_000134,Please help me update my registered mobile number.,Medium,LEGITIMATE,
TICKET_001610,2026-09-11 15:42:00,NDM_000135,Please help me update my registered mobile number.,Low,LEGITIMATE,
ATO_TICKET_NDM_000137,2026-09-21 10:22:44,NDM_000137,I received an OTP that I did not request.,High,ATO,Unauthorised Transaction
TICKET_001051,2026-09-21 22:18:46,NDM_000137,My phone was lost and I need to secure my account.,Low,LEGITIMATE,
TICKET_000374,2026-09-09 05:17:43,NDM_000138,I cannot access my account and my password no longer works.,Low,LEGITIMATE,
TICKET_000147,2026-09-29 04:46:34,NDM_000138,Please help me update my registered mobile number.,Low,LEGITIMATE,
ATO_TICKET_NDM_000138,2026-09-30 22:16:34,NDM_000138,My phone was lost and I need to secure my account.,High,ATO,Unauthorised Transaction
ATO_TICKET_NDM_000139,2026-09-22 15:31:31,NDM_000139,I received an OTP that I did not request.,High,ATO,Unauthorised Transaction
ATO_TICKET_NDM_000141,2026-09-23 19:40:39,NDM_000141,I noticed a transfer that I do not recognise.,High,ATO,Unauthorised Transaction
TICKET_001672,2026-09-28 03:27:39,NDM_000142,I cannot access my account and my password no longer works.,Medium,LEGITIMATE,
TICKET_000814,2026-09-15 23:14:00,NDM_000144,I cannot access my account and my password no longer works.,Low,LEGITIMATE,
TICKET_001079,2026-09-01 12:59:25,NDM_000145,My SIM card was replaced and I cannot log in.,Medium,LEGITIMATE,
TICKET_000726,2026-09-24 07:03:12,NDM_000146,I made this transaction myself but it is showing as pending.,Low,LEGITIMATE,
ATO_TICKET_NDM_000148,2026-09-30 02:23:53,NDM_000148,I noticed a transfer that I do not recognise.,High,ATO,Unauthorised Transaction
TICKET_000194,2026-09-21 00:42:47,NDM_000149,Please help me update my registered mobile number.,Low,LEGITIMATE,
TICKET_000765,2026-09-30 21:55:00,NDM_000150,I made this transaction myself but it is showing as pending.,Low,LEGITIMATE,
TICKET_001642,2026-09-16 08:03:08,NDM_000151,I am travelling and cannot access my normal device.,Low,LEGITIMATE,
TICKET_000291,2026-09-21 05:38:05,NDM_000151,I made this transaction myself but it is showing as pending.,Medium,LEGITIMATE,
TICKET_001710,2026-09-22 21:27:07,NDM_000151,My phone was lost and I need to secure my account.,High,LEGITIMATE,
TICKET_000205,2026-09-08 21:03:05,NDM_000154,I am travelling and cannot access my normal device.,Low,LEGITIMATE,
TICKET_000893,2026-09-03 08:37:42,NDM_000155,I changed my phone and need help accessing my account.,Low,LEGITIMATE,
TICKET_001068,2026-09-18 16:55:29,NDM_000156,I noticed a transfer that I do not recognise.,Low,LEGITIMATE,
ATO_TICKET_NDM_000157,2026-09-27 09:55:46,NDM_000157,My phone was lost and I need to secure my account.,High,ATO,Unauthorised Transaction
TICKET_000242,2026-09-14 19:11:55,NDM_000158,I received an OTP that I did not request.,Low,LEGITIMATE,
TICKET_001023,2026-09-20 08:30:29,NDM_000161,I cannot access my account and my password no longer works.,Low,LEGITIMATE,
TICKET_000785,2026-09-04 12:58:04,NDM_000162,My phone was lost and I need to secure my account.,Low,LEGITIMATE,
TICKET_000793,2026-09-14 05:50:08,NDM_000162,My account is locked after several login attempts.,Low,LEGITIMATE,
ATO_TICKET_NDM_000163,2026-09-30 07:49:17,NDM_000163,My phone was lost and I need to secure my account.,High,ATO,Unauthorised Transaction
TICKET_001614,2026-09-08 03:47:04,NDM_000170,I received an OTP that I did not request.,Low,LEGITIMATE,
TICKET_000131,2026-09-19 17:23:45,NDM_000174,There is no problem with my account; I need assistance with a payment.,Low,LEGITIMATE,
TICKET_001032,2026-09-25 04:49:45,NDM_000175,I changed my phone and need help accessing my account.,High,LEGITIMATE,
TICKET_001831,2026-09-04 14:13:14,NDM_000176,There was a transaction on my account that I did not make.,Low,LEGITIMATE,
TICKET_001011,2026-09-11 16:58:28,NDM_000176,I noticed a transfer that I do not recognise.,Low,LEGITIMATE,
TICKET_001526,2026-09-04 08:13:11,NDM_000177,There is no problem with my account; I need assistance with a payment.,Low,LEGITIMATE,
ATO_TICKET_NDM_000177,2026-09-29 11:20:00,NDM_000177,My SIM card was replaced and I cannot log in.,High,ATO,Unauthorised Transaction
ATO_TICKET_NDM_000178,2026-09-24 17:48:29,NDM_000178,I noticed a transfer that I do not recognise.,High,ATO,Unauthorised Transaction
TICKET_001776,2026-09-25 16:57:58,NDM_000178,I made this transaction myself but it is showing as pending.,Low,LEGITIMATE,
ATO_TICKET_NDM_000181,2026-09-29 18:22:14,NDM_000181,There was a transaction on my account that I did not make.,High,ATO,Unauthorised Transaction
TICKET_001739,2026-09-19 17:00:12,NDM_000182,There is no problem with my account; I need assistance with a payment.,Low,LEGITIMATE,
TICKET_000940,2026-09-23 19:27:09,NDM_000183,There is no problem with my account; I need assistance with a payment.,Low,LEGITIMATE,
TICKET_001185,2026-09-24 06:42:19,NDM_000185,I changed my phone and need help accessing my account.,High,LEGITIMATE,
ATO_TICKET_NDM_000185,2026-09-26 01:31:55,NDM_000185,I noticed a transfer that I do not recognise.,Medium,ATO,Unauthorised Transaction
ATO_TICKET_NDM_000187,2026-09-26 23:05:02,NDM_000187,There was a transaction on my account that I did not make.,High,ATO,Unauthorised Transaction
ATO_TICKET_NDM_000188,2026-09-26 04:14:25,NDM_000188,There was a transaction on my account that I did not make.,High,ATO,Unauthorised Transaction
TICKET_001458,2026-09-18 23:03:20,NDM_000193,I received an OTP that I did not request.,Medium,LEGITIMATE,
ATO_TICKET_NDM_000193,2026-09-28 11:07:21,NDM_000193,My SIM card was replaced and I cannot log in.,Medium,ATO,Unauthorised Transaction
TICKET_000314,2026-09-30 11:33:03,NDM_000198,There is no problem with my account; I need assistance with a payment.,Medium,LEGITIMATE,
TICKET_000774,2026-09-04 15:13:39,NDM_000200,There is no problem with my account; I need assistance with a payment.,Low,LEGITIMATE,
TICKET_000730,2026-09-13 00:31:38,NDM_000202,I noticed a transfer that I do not recognise.,Medium,LEGITIMATE,
TICKET_000338,2026-09-30 08:24:22,NDM_000203,My account is locked after several login attempts.,Low,LEGITIMATE,
TICKET_000152,2026-09-04 06:59:37,NDM_000206,I am travelling and cannot access my normal device.,Low,LEGITIMATE,
TICKET_000779,2026-09-08 17:08:13,NDM_000206,There is no problem with my account; I need assistance with a payment.,Low,LEGITIMATE,
ATO_TICKET_NDM_000206,2026-09-30 02:48:24,NDM_000206,I received an OTP that I did not request.,High,ATO,Unauthorised Transaction
TICKET_001765,2026-09-29 21:50:50,NDM_000211,I noticed a transfer that I do not recognise.,Medium,LEGITIMATE,
TICKET_001893,2026-09-01 05:21:15,NDM_000213,I am travelling and cannot access my normal device.,Low,LEGITIMATE,
ATO_TICKET_NDM_000213,2026-09-30 16:57:19,NDM_000213,My phone was lost and I need to secure my account.,High,ATO,Unauthorised Transaction
TICKET_000013,2026-09-07 16:50:38,NDM_000214,I am travelling and cannot access my normal device.,Low,LEGITIMATE,
ATO_TICKET_NDM_000214,2026-09-19 02:06:40,NDM_000214,My SIM card was replaced and I cannot log in.,High,ATO,Unauthorised Transaction
ATO_TICKET_NDM_000216,2026-09-19 17:12:52,NDM_000216,My SIM card was replaced and I cannot log in.,High,ATO,Unauthorised Transaction
ATO_TICKET_NDM_000220,2026-09-26 08:13:14,NDM_000220,My phone was lost and I need to secure my account.,High,ATO,Unauthorised Transaction
TICKET_001946,2026-09-20 23:46:56,NDM_000221,I changed my phone and need help accessing my account.,Low,LEGITIMATE,
ATO_TICKET_NDM_000223,2026-09-27 14:39:52,NDM_000223,My phone was lost and I need to secure my account.,High,ATO,Unauthorised Transaction
TICKET_001374,2026-09-26 05:22:48,NDM_000224,My account is locked after several login attempts.,Low,LEGITIMATE,
TICKET_001728,2026-09-10 04:44:55,NDM_000230,I noticed a transfer that I do not recognise.,Medium,LEGITIMATE,
ATO_TICKET_NDM_000230,2026-09-28 20:28:46,NDM_000230,My phone was lost and I need to secure my account.,High,ATO,Unauthorised Transaction
TICKET_001878,2026-09-08 13:39:30,NDM_000233,Please help me update my registered mobile number.,High,LEGITIMATE,
TICKET_001706,2026-09-13 22:48:47,NDM_000234,I changed my phone and need help accessing my account.,Medium,LEGITIMATE,
TICKET_001899,2026-09-10 06:08:00,NDM_000237,I made this transaction myself but it is showing as pending.,Low,LEGITIMATE,
TICKET_001030,2026-09-06 18:34:07,NDM_000239,There was a transaction on my account that I did not make.,Medium,LEGITIMATE,
ATO_TICKET_NDM_000239,2026-09-29 10:32:46,NDM_000239,There was a transaction on my account that I did not make.,High,ATO,Unauthorised Transaction
TICKET_001897,2026-09-18 15:30:17,NDM_000240,There was a transaction on my account that I did not make.,Low,LEGITIMATE,
TICKET_001824,2026-09-05 14:49:02,NDM_000241,I cannot access my account and my password no longer works.,Low,LEGITIMATE,
TICKET_000426,2026-09-02 18:25:34,NDM_000242,There is no problem with my account; I need assistance with a payment.,Medium,LEGITIMATE,
ATO_TICKET_NDM_000245,2026-09-25 12:49:34,NDM_000245,I noticed a transfer that I do not recognise.,Medium,ATO,Unauthorised Transaction
ATO_TICKET_NDM_000253,2026-09-16 18:40:54,NDM_000253,My SIM card was replaced and I cannot log in.,High,ATO,Unauthorised Transaction
TICKET_000424,2026-09-29 18:38:18,NDM_000255,I changed my phone and need help accessing my account.,Low,LEGITIMATE,
ATO_TICKET_NDM_000259,2026-09-24 23:20:14,NDM_000259,I noticed a transfer that I do not recognise.,High,ATO,Unauthorised Transaction
TICKET_001375,2026-09-16 02:08:42,NDM_000260,I made this transaction myself but it is showing as pending.,Medium,LEGITIMATE,
TICKET_001456,2026-09-25 10:45:02,NDM_000263,My account is locked after several login attempts.,Low,LEGITIMATE,
TICKET_001775,2026-09-20 00:31:41,NDM_000266,My phone was lost and I need to secure my account.,High,LEGITIMATE,
TICKET_001722,2026-09-09 16:08:42,NDM_000272,There was a transaction on my account that I did not make.,Low,LEGITIMATE,
TICKET_001091,2026-09-14 19:07:17,NDM_000272,I changed my phone and need help accessing my account.,Low,LEGITIMATE,
TICKET_000098,2026-09-25 21:35:10,NDM_000272,I am travelling and cannot access my normal device.,High,LEGITIMATE,
ATO_TICKET_NDM_000272,2026-09-29 09:28:36,NDM_000272,I noticed a transfer that I do not recognise.,Medium,ATO,Unauthorised Transaction
TICKET_001026,2026-09-05 14:30:59,NDM_000273,My SIM card was replaced and I cannot log in.,Medium,LEGITIMATE,
ATO_TICKET_NDM_000274,2026-09-28 14:15:20,NDM_000274,There was a transaction on my account that I did not make.,High,ATO,Unauthorised Transaction
ATO_TICKET_NDM_000275,2026-09-22 03:48:54,NDM_000275,My SIM card was replaced and I cannot log in.,High,ATO,Unauthorised Transaction
ATO_TICKET_NDM_000279,2026-09-23 01:59:21,NDM_000279,My phone was lost and I need to secure my account.,High,ATO,Unauthorised Transaction
ATO_TICKET_NDM_000281,2026-09-22 19:10:00,NDM_000281,My SIM card was replaced and I cannot log in.,Medium,ATO,Unauthorised Transaction
TICKET_000474,2026-09-05 01:21:09,NDM_000286,There was a transaction on my account that I did not make.,Low,LEGITIMATE,
ATO_TICKET_NDM_000287,2026-09-30 05:58:13,NDM_000287,My SIM card was replaced and I cannot log in.,Medium,ATO,Unauthorised Transaction
ATO_TICKET_NDM_000290,2026-09-29 10:08:09,NDM_000290,I noticed a transfer that I do not recognise.,Medium,ATO,Unauthorised Transaction
TICKET_001520,2026-09-05 16:51:27,NDM_000294,My SIM card was replaced and I cannot log in.,Medium,LEGITIMATE,
TICKET_001636,2026-09-14 10:43:58,NDM_000300,I am travelling and cannot access my normal device.,Low,LEGITIMATE,
TICKET_001042,2026-09-22 05:39:09,NDM_000300,There is no problem with my account; I need assistance with a payment.,Medium,LEGITIMATE,
ATO_TICKET_NDM_000301,2026-09-26 02:09:39,NDM_000301,There was a transaction on my account that I did not make.,High,ATO,Unauthorised Transaction
ATO_TICKET_NDM_000303,2026-09-28 18:04:35,NDM_000303,There was a transaction on my account that I did not make.,High,ATO,Unauthorised Transaction
TICKET_001147,2026-09-03 07:41:12,NDM_000304,My SIM card was replaced and I cannot log in.,Medium,LEGITIMATE,
ATO_TICKET_NDM_000306,2026-09-29 02:25:07,NDM_000306,I noticed a transfer that I do not recognise.,High,ATO,Unauthorised Transaction
TICKET_001128,2026-09-11 14:22:26,NDM_000307,There was a transaction on my account that I did not make.,Medium,LEGITIMATE,
TICKET_000588,2026-09-24 16:17:40,NDM_000307,My phone was lost and I need to secure my account.,Low,LEGITIMATE,
TICKET_000846,2026-09-10 11:22:21,NDM_000308,I received an OTP that I did not request.,Medium,LEGITIMATE,
ATO_TICKET_NDM_000309,2026-09-22 06:00:51,NDM_000309,There was a transaction on my account that I did not make.,High,ATO,Unauthorised Transaction
ATO_TICKET_NDM_000310,2026-09-24 10:47:45,NDM_000310,My SIM card was replaced and I cannot log in.,High,ATO,Unauthorised Transaction
TICKET_000632,2026-09-22 04:20:02,NDM_000311,I cannot access my account and my password no longer works.,Low,LEGITIMATE,
TICKET_000633,2026-09-19 05:42:48,NDM_000315,My SIM card was replaced and I cannot log in.,High,LEGITIMATE,
TICKET_001422,2026-09-29 17:58:56,NDM_000317,I changed my phone and need help accessing my account.,Low,LEGITIMATE,
TICKET_001981,2026-09-28 11:07:06,NDM_000322,I received an OTP that I did not request.,Low,LEGITIMATE,
TICKET_001388,2026-09-24 06:04:51,NDM_000326,My SIM card was replaced and I cannot log in.,Medium,LEGITIMATE,
ATO_TICKET_NDM_000327,2026-09-27 17:59:02,NDM_000327,There was a transaction on my account that I did not make.,High,ATO,Unauthorised Transaction
TICKET_001784,2026-09-07 14:02:26,NDM_000329,My SIM card was replaced and I cannot log in.,Low,LEGITIMATE,
TICKET_000457,2026-09-27 22:08:24,NDM_000329,My SIM card was replaced and I cannot log in.,Low,LEGITIMATE,
TICKET_000306,2026-09-03 14:02:40,NDM_000332,I noticed a transfer that I do not recognise.,Medium,LEGITIMATE,
TICKET_000470,2026-09-12 07:47:15,NDM_000332,My account is locked after several login attempts.,High,LEGITIMATE,
TICKET_000052,2026-09-28 04:56:54,NDM_000332,I received an OTP that I did not request.,Low,LEGITIMATE,
TICKET_000680,2026-09-29 18:04:43,NDM_000333,Please help me update my registered mobile number.,Low,LEGITIMATE,
ATO_TICKET_NDM_000336,2026-09-16 13:54:09,NDM_000336,My SIM card was replaced and I cannot log in.,Medium,ATO,Unauthorised Transaction
ATO_TICKET_NDM_000338,2026-09-19 06:53:52,NDM_000338,My phone was lost and I need to secure my account.,High,ATO,Unauthorised Transaction
TICKET_000877,2026-09-01 19:53:18,NDM_000339,I am travelling and cannot access my normal device.,Medium,LEGITIMATE,
TICKET_000042,2026-09-13 00:44:25,NDM_000340,My SIM card was replaced and I cannot log in.,Medium,LEGITIMATE,
ATO_TICKET_NDM_000343,2026-09-28 16:05:38,NDM_000343,I received an OTP that I did not request.,High,ATO,Unauthorised Transaction
TICKET_000110,2026-09-06 14:52:30,NDM_000346,Please help me update my registered mobile number.,Low,LEGITIMATE,
TICKET_001071,2026-09-06 00:57:49,NDM_000348,I noticed a transfer that I do not recognise.,Low,LEGITIMATE,
TICKET_001337,2026-09-19 11:07:33,NDM_000348,There is no problem with my account; I need assistance with a payment.,Low,LEGITIMATE,
ATO_TICKET_NDM_000349,2026-09-27 22:10:55,NDM_000349,There was a transaction on my account that I did not make.,High,ATO,Unauthorised Transaction
TICKET_001313,2026-09-04 02:16:12,NDM_000350,I made this transaction myself but it is showing as pending.,Medium,LEGITIMATE,
ATO_TICKET_NDM_000350,2026-09-24 23:13:34,NDM_000350,I received an OTP that I did not request.,High,ATO,Unauthorised Transaction
ATO_TICKET_NDM_000351,2026-09-30 01:59:12,NDM_000351,I received an OTP that I did not request.,High,ATO,Unauthorised Transaction
TICKET_001582,2026-09-15 21:43:26,NDM_000352,I changed my phone and need help accessing my account.,Low,LEGITIMATE,
TICKET_001671,2026-09-06 19:12:56,NDM_000353,I cannot access my account and my password no longer works.,Low,LEGITIMATE,
TICKET_000914,2026-09-16 20:21:46,NDM_000353,Please help me update my registered mobile number.,Low,LEGITIMATE,
ATO_TICKET_NDM_000356,2026-09-18 21:38:34,NDM_000356,There was a transaction on my account that I did not make.,High,ATO,Unauthorised Transaction
TICKET_000955,2026-09-29 22:55:40,NDM_000356,I cannot access my account and my password no longer works.,Low,LEGITIMATE,
ATO_TICKET_NDM_000357,2026-09-30 16:46:22,NDM_000357,My SIM card was replaced and I cannot log in.,High,ATO,Unauthorised Transaction
TICKET_001205,2026-09-25 04:47:24,NDM_000358,I noticed a transfer that I do not recognise.,Low,LEGITIMATE,
ATO_TICKET_NDM_000360,2026-09-14 14:05:30,NDM_000360,My SIM card was replaced and I cannot log in.,Medium,ATO,Unauthorised Transaction
TICKET_001397,2026-09-04 20:33:53,NDM_000361,I received an OTP that I did not request.,Low,LEGITIMATE,
TICKET_001915,2026-09-15 20:20:37,NDM_000362,I changed my phone and need help accessing my account.,Medium,LEGITIMATE,
TICKET_000592,2026-09-26 08:47:37,NDM_000364,I noticed a transfer that I do not recognise.,Medium,LEGITIMATE,
ATO_TICKET_NDM_000366,2026-09-30 05:10:19,NDM_000366,I received an OTP that I did not request.,Medium,ATO,Unauthorised Transaction
TICKET_000449,2026-09-18 15:17:01,NDM_000367,I am travelling and cannot access my normal device.,Low,LEGITIMATE,
ATO_TICKET_NDM_000367,2026-09-28 21:12:18,NDM_000367,My SIM card was replaced and I cannot log in.,High,ATO,Unauthorised Transaction
ATO_TICKET_NDM_000373,2026-09-21 21:15:43,NDM_000373,There was a transaction on my account that I did not make.,High,ATO,Unauthorised Transaction
TICKET_000396,2026-09-30 14:03:06,NDM_000373,There was a transaction on my account that I did not make.,Low,LEGITIMATE,
TICKET_001164,2026-09-27 13:37:15,NDM_000375,There is no problem with my account; I need assistance with a payment.,Medium,LEGITIMATE,
TICKET_001922,2026-09-28 09:52:10,NDM_000375,I made this transaction myself but it is showing as pending.,Low,LEGITIMATE,
TICKET_001640,2026-09-07 14:00:44,NDM_000378,Please help me update my registered mobile number.,Low,LEGITIMATE,
ATO_TICKET_NDM_000379,2026-09-15 02:18:15,NDM_000379,My phone was lost and I need to secure my account.,High,ATO,Unauthorised Transaction
TICKET_001544,2026-09-15 11:38:12,NDM_000381,I changed my phone and need help accessing my account.,Medium,LEGITIMATE,
TICKET_001073,2026-09-20 01:41:41,NDM_000383,My phone was lost and I need to secure my account.,Medium,LEGITIMATE,
ATO_TICKET_NDM_000384,2026-09-27 20:09:16,NDM_000384,My phone was lost and I need to secure my account.,High,ATO,Unauthorised Transaction
TICKET_000897,2026-09-12 06:43:37,NDM_000385,My account is locked after several login attempts.,Medium,LEGITIMATE,
TICKET_000627,2026-09-26 12:04:11,NDM_000387,Please help me update my registered mobile number.,Medium,LEGITIMATE,
TICKET_001052,2026-09-08 04:10:48,NDM_000388,My phone was lost and I need to secure my account.,Medium,LEGITIMATE,
TICKET_001334,2026-09-05 03:58:45,NDM_000389,My phone was lost and I need to secure my account.,Low,LEGITIMATE,
ATO_TICKET_NDM_000389,2026-09-16 06:06:45,NDM_000389,There was a transaction on my account that I did not make.,Medium,ATO,Unauthorised Transaction
TICKET_001686,2026-09-18 05:41:08,NDM_000390,There is no problem with my account; I need assistance with a payment.,Low,LEGITIMATE,
TICKET_001680,2026-09-26 13:47:10,NDM_000398,I received an OTP that I did not request.,Low,LEGITIMATE,
ATO_TICKET_NDM_000399,2026-09-26 01:29:57,NDM_000399,I received an OTP that I did not request.,High,ATO,Unauthorised Transaction
ATO_TICKET_NDM_000403,2026-09-19 03:04:48,NDM_000403,I noticed a transfer that I do not recognise.,High,ATO,Unauthorised Transaction
ATO_TICKET_NDM_000404,2026-09-16 09:25:59,NDM_000404,There was a transaction on my account that I did not make.,Medium,ATO,Unauthorised Transaction
TICKET_000696,2026-09-23 15:06:35,NDM_000405,I changed my phone and need help accessing my account.,Medium,LEGITIMATE,
TICKET_000763,2026-09-19 01:28:49,NDM_000406,I changed my phone and need help accessing my account.,High,LEGITIMATE,
ATO_TICKET_NDM_000408,2026-09-27 15:17:09,NDM_000408,My phone was lost and I need to secure my account.,High,ATO,Unauthorised Transaction
TICKET_001717,2026-09-14 07:39:03,NDM_000411,I made this transaction myself but it is showing as pending.,Low,LEGITIMATE,
TICKET_001279,2026-09-06 02:41:06,NDM_000412,Please help me update my registered mobile number.,Low,LEGITIMATE,
TICKET_000289,2026-09-09 09:09:13,NDM_000413,I noticed a transfer that I do not recognise.,Low,LEGITIMATE,
TICKET_000840,2026-09-02 10:53:41,NDM_000414,I noticed a transfer that I do not recognise.,Low,LEGITIMATE,
TICKET_000283,2026-09-21 15:10:24,NDM_000415,I cannot access my account and my password no longer works.,Low,LEGITIMATE,
TICKET_000434,2026-09-25 08:13:02,NDM_000415,My phone was lost and I need to secure my account.,Low,LEGITIMATE,
TICKET_001904,2026-09-12 10:00:32,NDM_000417,I noticed a transfer that I do not recognise.,High,LEGITIMATE,
TICKET_000699,2026-09-18 05:58:20,NDM_000417,I received an OTP that I did not request.,High,LEGITIMATE,
TICKET_001357,2026-09-27 17:36:12,NDM_000419,There was a transaction on my account that I did not make.,Low,LEGITIMATE,
ATO_TICKET_NDM_000420,2026-09-25 17:23:51,NDM_000420,My SIM card was replaced and I cannot log in.,High,ATO,Unauthorised Transaction
ATO_TICKET_NDM_000421,2026-09-23 16:40:15,NDM_000421,There was a transaction on my account that I did not make.,High,ATO,Unauthorised Transaction
TICKET_001008,2026-09-18 06:25:47,NDM_000425,Please help me update my registered mobile number.,Low,LEGITIMATE,
ATO_TICKET_NDM_000428,2026-09-29 19:29:36,NDM_000428,My SIM card was replaced and I cannot log in.,High,ATO,Unauthorised Transaction
ATO_TICKET_NDM_000430,2026-09-28 17:14:40,NDM_000430,My phone was lost and I need to secure my account.,High,ATO,Unauthorised Transaction
TICKET_000746,2026-09-03 11:54:25,NDM_000431,I cannot access my account and my password no longer works.,Low,LEGITIMATE,
ATO_TICKET_NDM_000433,2026-09-28 20:57:37,NDM_000433,My phone was lost and I need to secure my account.,High,ATO,Unauthorised Transaction
ATO_TICKET_NDM_000436,2026-09-26 02:02:10,NDM_000436,There was a transaction on my account that I did not make.,Medium,ATO,Unauthorised Transaction
TICKET_000722,2026-09-10 02:54:32,NDM_000437,I am travelling and cannot access my normal device.,Low,LEGITIMATE,
TICKET_001957,2026-09-26 01:02:27,NDM_000438,I changed my phone and need help accessing my account.,Medium,LEGITIMATE,
ATO_TICKET_NDM_000438,2026-09-30 03:28:58,NDM_000438,My phone was lost and I need to secure my account.,High,ATO,Unauthorised Transaction
ATO_TICKET_NDM_000441,2026-09-27 14:08:00,NDM_000441,I received an OTP that I did not request.,High,ATO,Unauthorised Transaction
TICKET_000380,2026-09-15 12:04:31,NDM_000445,My phone was lost and I need to secure my account.,Low,LEGITIMATE,
ATO_TICKET_NDM_000447,2026-09-29 20:16:34,NDM_000447,I received an OTP that I did not request.,High,ATO,Unauthorised Transaction
TICKET_000454,2026-09-05 21:02:48,NDM_000451,I noticed a transfer that I do not recognise.,Medium,LEGITIMATE,
ATO_TICKET_NDM_000451,2026-09-21 05:48:38,NDM_000451,I received an OTP that I did not request.,Medium,ATO,Unauthorised Transaction
TICKET_000744,2026-09-06 07:57:27,NDM_000455,I received an OTP that I did not request.,Medium,LEGITIMATE,
ATO_TICKET_NDM_000455,2026-09-21 16:44:11,NDM_000455,My SIM card was replaced and I cannot log in.,High,ATO,Unauthorised Transaction
TICKET_000678,2026-09-30 19:28:54,NDM_000455,There was a transaction on my account that I did not make.,Low,LEGITIMATE,
ATO_TICKET_NDM_000458,2026-09-26 10:33:44,NDM_000458,I noticed a transfer that I do not recognise.,High,ATO,Unauthorised Transaction
ATO_TICKET_NDM_000460,2026-09-26 10:10:28,NDM_000460,My SIM card was replaced and I cannot log in.,High,ATO,Unauthorised Transaction
TICKET_001862,2026-09-01 00:11:53,NDM_000463,There is no problem with my account; I need assistance with a payment.,Low,LEGITIMATE,
ATO_TICKET_NDM_000463,2026-09-21 11:08:40,NDM_000463,My SIM card was replaced and I cannot log in.,High,ATO,Unauthorised Transaction
ATO_TICKET_NDM_000465,2026-09-28 05:58:25,NDM_000465,My phone was lost and I need to secure my account.,High,ATO,Unauthorised Transaction
TICKET_001153,2026-09-12 00:43:43,NDM_000467,I noticed a transfer that I do not recognise.,Low,LEGITIMATE,
TICKET_000259,2026-09-12 15:21:32,NDM_000467,I received an OTP that I did not request.,Medium,LEGITIMATE,
ATO_TICKET_NDM_000467,2026-09-24 22:40:11,NDM_000467,My SIM card was replaced and I cannot log in.,High,ATO,Unauthorised Transaction
TICKET_000857,2026-09-25 12:29:33,NDM_000468,I am travelling and cannot access my normal device.,Low,LEGITIMATE,
TICKET_000472,2026-09-28 14:10:43,NDM_000468,There was a transaction on my account that I did not make.,Medium,LEGITIMATE,
ATO_TICKET_NDM_000468,2026-09-30 09:45:31,NDM_000468,My phone was lost and I need to secure my account.,High,ATO,Unauthorised Transaction
TICKET_000342,2026-09-14 10:12:42,NDM_000469,My account is locked after several login attempts.,Low,LEGITIMATE,
TICKET_001912,2026-09-15 23:42:43,NDM_000470,I cannot access my account and my password no longer works.,Low,LEGITIMATE,
TICKET_000894,2026-09-07 12:11:08,NDM_000475,Please help me update my registered mobile number.,Medium,LEGITIMATE,
ATO_TICKET_NDM_000476,2026-09-18 04:18:02,NDM_000476,I noticed a transfer that I do not recognise.,High,ATO,Unauthorised Transaction
TICKET_001437,2026-09-16 14:40:04,NDM_000479,I made this transaction myself but it is showing as pending.,Medium,LEGITIMATE,
ATO_TICKET_NDM_000481,2026-09-28 14:20:35,NDM_000481,My phone was lost and I need to secure my account.,High,ATO,Unauthorised Transaction
ATO_TICKET_NDM_000482,2026-09-29 09:40:37,NDM_000482,There was a transaction on my account that I did not make.,High,ATO,Unauthorised Transaction
TICKET_000239,2026-09-18 10:29:40,NDM_000483,I changed my phone and need help accessing my account.,Low,LEGITIMATE,
TICKET_000961,2026-09-16 05:06:40,NDM_000484,I am travelling and cannot access my normal device.,Medium,LEGITIMATE,
ATO_TICKET_NDM_000484,2026-09-24 06:06:05,NDM_000484,I received an OTP that I did not request.,High,ATO,Unauthorised Transaction
ATO_TICKET_NDM_000485,2026-09-19 05:15:58,NDM_000485,I received an OTP that I did not request.,High,ATO,Unauthorised Transaction
TICKET_000409,2026-09-05 14:58:37,NDM_000488,I made this transaction myself but it is showing as pending.,Low,LEGITIMATE,
ATO_TICKET_NDM_000488,2026-09-29 02:08:06,NDM_000488,I noticed a transfer that I do not recognise.,High,ATO,Unauthorised Transaction
TICKET_000007,2026-09-20 15:47:48,NDM_000490,My account is locked after several login attempts.,High,LEGITIMATE,
ATO_TICKET_NDM_000493,2026-09-29 05:06:40,NDM_000493,I noticed a transfer that I do not recognise.,High,ATO,Unauthorised Transaction
TICKET_001343,2026-09-06 01:40:07,NDM_000497,Please help me update my registered mobile number.,Medium,LEGITIMATE,
TICKET_001247,2026-09-08 00:36:15,NDM_000497,There is no problem with my account; I need assistance with a payment.,Medium,LEGITIMATE,
ATO_TICKET_NDM_000498,2026-09-26 19:19:39,NDM_000498,I noticed a transfer that I do not recognise.,High,ATO,Unauthorised Transaction
ATO_TICKET_NDM_000500,2026-09-30 03:09:45,NDM_000500,I received an OTP that I did not request.,High,ATO,Unauthorised Transaction
ATO_TICKET_NDM_000501,2026-09-24 15:29:29,NDM_000501,I received an OTP that I did not request.,Medium,ATO,Unauthorised Transaction
TICKET_001478,2026-09-06 07:19:10,NDM_000510,There was a transaction on my account that I did not make.,Medium,LEGITIMATE,
TICKET_000685,2026-09-22 04:22:21,NDM_000510,My phone was lost and I need to secure my account.,High,LEGITIMATE,
ATO_TICKET_NDM_000511,2026-09-27 17:22:33,NDM_000511,There was a transaction on my account that I did not make.,High,ATO,Unauthorised Transaction
TICKET_000508,2026-09-09 15:38:28,NDM_000512,There was a transaction on my account that I did not make.,Low,LEGITIMATE,
TICKET_001124,2026-09-25 03:31:09,NDM_000519,Please help me update my registered mobile number.,Low,LEGITIMATE,
TICKET_000567,2026-09-02 08:32:25,NDM_000520,I cannot access my account and my password no longer works.,Low,LEGITIMATE,
TICKET_001320,2026-09-09 23:26:54,NDM_000524,My phone was lost and I need to secure my account.,Low,LEGITIMATE,
TICKET_000941,2026-09-21 09:48:07,NDM_000524,I received an OTP that I did not request.,Low,LEGITIMATE,
TICKET_001556,2026-09-27 21:19:41,NDM_000524,I changed my phone and need help accessing my account.,High,LEGITIMATE,
ATO_TICKET_NDM_000525,2026-09-29 00:19:00,NDM_000525,There was a transaction on my account that I did not make.,High,ATO,Unauthorised Transaction
ATO_TICKET_NDM_000526,2026-10-01 00:06:05,NDM_000526,I noticed a transfer that I do not recognise.,High,ATO,Unauthorised Transaction
TICKET_000532,2026-09-08 11:26:33,NDM_000528,I cannot access my account and my password no longer works.,Low,LEGITIMATE,
TICKET_001647,2026-09-13 18:11:54,NDM_000528,There is no problem with my account; I need assistance with a payment.,Low,LEGITIMATE,
TICKET_000902,2026-09-30 05:59:51,NDM_000528,Please help me update my registered mobile number.,Medium,LEGITIMATE,
TICKET_001825,2026-09-16 03:06:20,NDM_000529,Please help me update my registered mobile number.,Medium,LEGITIMATE,
TICKET_000801,2026-09-09 01:24:59,NDM_000530,I received an OTP that I did not request.,Medium,LEGITIMATE,
ATO_TICKET_NDM_000530,2026-09-24 12:23:36,NDM_000530,My SIM card was replaced and I cannot log in.,High,ATO,Unauthorised Transaction
TICKET_000525,2026-09-01 15:21:10,NDM_000531,My SIM card was replaced and I cannot log in.,Low,LEGITIMATE,
ATO_TICKET_NDM_000531,2026-09-30 18:39:09,NDM_000531,I received an OTP that I did not request.,High,ATO,Unauthorised Transaction
ATO_TICKET_NDM_000532,2026-09-26 22:35:04,NDM_000532,There was a transaction on my account that I did not make.,Medium,ATO,Unauthorised Transaction
TICKET_001747,2026-09-16 02:24:19,NDM_000534,I received an OTP that I did not request.,Low,LEGITIMATE,
ATO_TICKET_NDM_000536,2026-09-25 17:28:50,NDM_000536,There was a transaction on my account that I did not make.,High,ATO,Unauthorised Transaction
TICKET_001269,2026-09-21 11:56:04,NDM_000538,There was a transaction on my account that I did not make.,Medium,LEGITIMATE,
ATO_TICKET_NDM_000538,2026-09-26 18:40:33,NDM_000538,There was a transaction on my account that I did not make.,High,ATO,Unauthorised Transaction
TICKET_001284,2026-09-09 15:10:54,NDM_000539,I cannot access my account and my password no longer works.,Low,LEGITIMATE,
ATO_TICKET_NDM_000539,2026-09-30 04:27:04,NDM_000539,I noticed a transfer that I do not recognise.,High,ATO,Unauthorised Transaction
ATO_TICKET_NDM_000540,2026-09-24 02:20:45,NDM_000540,There was a transaction on my account that I did not make.,Medium,ATO,Unauthorised Transaction
TICKET_001938,2026-09-29 16:30:00,NDM_000540,I cannot access my account and my password no longer works.,Medium,LEGITIMATE,
TICKET_001704,2026-09-18 21:16:20,NDM_000544,My account is locked after several login attempts.,Low,LEGITIMATE,
ATO_TICKET_NDM_000545,2026-09-24 23:06:11,NDM_000545,My phone was lost and I need to secure my account.,High,ATO,Unauthorised Transaction
TICKET_001849,2026-09-11 18:15:21,NDM_000552,My SIM card was replaced and I cannot log in.,Low,LEGITIMATE,
TICKET_001183,2026-09-25 18:29:01,NDM_000564,I cannot access my account and my password no longer works.,Low,LEGITIMATE,
TICKET_001758,2026-09-19 03:05:12,NDM_000565,There was a transaction on my account that I did not make.,Low,LEGITIMATE,
ATO_TICKET_NDM_000565,2026-09-25 17:21:18,NDM_000565,My SIM card was replaced and I cannot log in.,Medium,ATO,Unauthorised Transaction
TICKET_000062,2026-09-30 18:54:35,NDM_000565,Please help me update my registered mobile number.,Low,LEGITIMATE,
TICKET_000339,2026-09-19 04:16:45,NDM_000566,I changed my phone and need help accessing my account.,Low,LEGITIMATE,
TICKET_000725,2026-09-17 10:03:17,NDM_000568,I cannot access my account and my password no longer works.,Low,LEGITIMATE,
TICKET_001853,2026-09-25 23:23:38,NDM_000570,I noticed a transfer that I do not recognise.,Medium,LEGITIMATE,
TICKET_001302,2026-09-26 04:43:16,NDM_000577,My account is locked after several login attempts.,Medium,LEGITIMATE,
TICKET_000710,2026-09-20 13:15:21,NDM_000579,I am travelling and cannot access my normal device.,Low,LEGITIMATE,
ATO_TICKET_NDM_000579,2026-09-20 17:02:08,NDM_000579,I received an OTP that I did not request.,High,ATO,Unauthorised Transaction
ATO_TICKET_NDM_000584,2026-09-26 17:08:35,NDM_000584,My SIM card was replaced and I cannot log in.,High,ATO,Unauthorised Transaction
TICKET_000008,2026-09-04 00:37:10,NDM_000586,There was a transaction on my account that I did not make.,Low,LEGITIMATE,
TICKET_000712,2026-09-17 05:33:13,NDM_000592,My account is locked after several login attempts.,Low,LEGITIMATE,
ATO_TICKET_NDM_000595,2026-09-22 10:02:41,NDM_000595,I noticed a transfer that I do not recognise.,High,ATO,Unauthorised Transaction
ATO_TICKET_NDM_000596,2026-09-17 20:19:41,NDM_000596,I noticed a transfer that I do not recognise.,High,ATO,Unauthorised Transaction
ATO_TICKET_NDM_000598,2026-09-28 19:04:47,NDM_000598,My SIM card was replaced and I cannot log in.,High,ATO,Unauthorised Transaction
ATO_TICKET_NDM_000600,2026-09-25 22:06:52,NDM_000600,My phone was lost and I need to secure my account.,Medium,ATO,Unauthorised Transaction
ATO_TICKET_NDM_000604,2026-09-16 22:12:12,NDM_000604,I received an OTP that I did not request.,High,ATO,Unauthorised Transaction
TICKET_000881,2026-09-26 06:03:30,NDM_000604,I noticed a transfer that I do not recognise.,Low,LEGITIMATE,
TICKET_001933,2026-09-05 17:02:57,NDM_000605,There is no problem with my account; I need assistance with a payment.,Medium,LEGITIMATE,
TICKET_000509,2026-09-03 11:07:04,NDM_000607,Please help me update my registered mobile number.,Medium,LEGITIMATE,
TICKET_001876,2026-09-26 05:01:52,NDM_000607,My phone was lost and I need to secure my account.,Low,LEGITIMATE,
TICKET_001367,2026-09-13 18:29:10,NDM_000609,My SIM card was replaced and I cannot log in.,Medium,LEGITIMATE,
TICKET_000517,2026-09-25 08:23:21,NDM_000609,My account is locked after several login attempts.,Low,LEGITIMATE,
TICKET_000843,2026-09-08 17:58:47,NDM_000610,My account is locked after several login attempts.,Medium,LEGITIMATE,
TICKET_001608,2026-09-25 19:36:24,NDM_000611,I made this transaction myself but it is showing as pending.,Low,LEGITIMATE,
ATO_TICKET_NDM_000612,2026-09-21 08:56:58,NDM_000612,My SIM card was replaced and I cannot log in.,High,ATO,Unauthorised Transaction
ATO_TICKET_NDM_000616,2026-09-26 22:19:52,NDM_000616,I noticed a transfer that I do not recognise.,High,ATO,Unauthorised Transaction
TICKET_001755,2026-09-28 04:46:19,NDM_000616,I received an OTP that I did not request.,Medium,LEGITIMATE,
TICKET_000638,2026-09-11 13:14:20,NDM_000617,There is no problem with my account; I need assistance with a payment.,Low,LEGITIMATE,
ATO_TICKET_NDM_000617,2026-09-17 01:02:26,NDM_000617,My SIM card was replaced and I cannot log in.,High,ATO,Unauthorised Transaction
ATO_TICKET_NDM_000621,2026-09-24 00:33:11,NDM_000621,My SIM card was replaced and I cannot log in.,High,ATO,Unauthorised Transaction
TICKET_000373,2026-09-18 21:57:15,NDM_000625,My account is locked after several login attempts.,Medium,LEGITIMATE,
TICKET_000608,2026-09-21 12:45:45,NDM_000629,There is no problem with my account; I need assistance with a payment.,Low,LEGITIMATE,
TICKET_001757,2026-09-20 08:58:08,NDM_000632,My account is locked after several login attempts.,High,LEGITIMATE,
TICKET_000951,2026-09-26 02:04:38,NDM_000634,I made this transaction myself but it is showing as pending.,Low,LEGITIMATE,
TICKET_000692,2026-09-01 21:12:17,NDM_000636,I cannot access my account and my password no longer works.,Low,LEGITIMATE,
ATO_TICKET_NDM_000637,2026-09-24 17:58:23,NDM_000637,I noticed a transfer that I do not recognise.,High,ATO,Unauthorised Transaction
ATO_TICKET_NDM_000640,2026-09-29 00:11:56,NDM_000640,I noticed a transfer that I do not recognise.,Medium,ATO,Unauthorised Transaction
TICKET_000164,2026-09-01 04:02:40,NDM_000648,I am travelling and cannot access my normal device.,Low,LEGITIMATE,
TICKET_001208,2026-09-29 20:27:23,NDM_000649,My account is locked after several login attempts.,Medium,LEGITIMATE,
ATO_TICKET_NDM_000649,2026-09-30 10:51:26,NDM_000649,I noticed a transfer that I do not recognise.,High,ATO,Unauthorised Transaction
TICKET_001854,2026-09-17 20:24:44,NDM_000650,There was a transaction on my account that I did not make.,Low,LEGITIMATE,
TICKET_001192,2026-09-09 13:45:09,NDM_000651,I cannot access my account and my password no longer works.,Low,LEGITIMATE,
ATO_TICKET_NDM_000652,2026-09-24 22:48:52,NDM_000652,My phone was lost and I need to secure my account.,High,ATO,Unauthorised Transaction
ATO_TICKET_NDM_000653,2026-09-26 05:51:04,NDM_000653,My SIM card was replaced and I cannot log in.,High,ATO,Unauthorised Transaction
ATO_TICKET_NDM_000654,2026-09-22 06:11:21,NDM_000654,I noticed a transfer that I do not recognise.,Medium,ATO,Unauthorised Transaction
TICKET_001436,2026-09-01 06:03:43,NDM_000659,My account is locked after several login attempts.,Low,LEGITIMATE,
ATO_TICKET_NDM_000659,2026-09-26 02:10:23,NDM_000659,There was a transaction on my account that I did not make.,High,ATO,Unauthorised Transaction
TICKET_001178,2026-09-01 01:46:48,NDM_000661,I changed my phone and need help accessing my account.,Low,LEGITIMATE,
TICKET_001132,2026-09-14 16:07:41,NDM_000663,There is no problem with my account; I need assistance with a payment.,Medium,LEGITIMATE,
ATO_TICKET_NDM_000663,2026-09-28 06:06:18,NDM_000663,My phone was lost and I need to secure my account.,High,ATO,Unauthorised Transaction
TICKET_001266,2026-09-29 18:41:00,NDM_000665,My SIM card was replaced and I cannot log in.,Low,LEGITIMATE,
ATO_TICKET_NDM_000666,2026-09-26 14:12:10,NDM_000666,I received an OTP that I did not request.,High,ATO,Unauthorised Transaction
ATO_TICKET_NDM_000667,2026-09-29 12:10:03,NDM_000667,There was a transaction on my account that I did not make.,High,ATO,Unauthorised Transaction
ATO_TICKET_NDM_000668,2026-09-19 14:31:44,NDM_000668,I noticed a transfer that I do not recognise.,High,ATO,Unauthorised Transaction
ATO_TICKET_NDM_000669,2026-09-28 19:02:47,NDM_000669,My phone was lost and I need to secure my account.,High,ATO,Unauthorised Transaction
ATO_TICKET_NDM_000670,2026-09-14 22:46:19,NDM_000670,I received an OTP that I did not request.,High,ATO,Unauthorised Transaction
ATO_TICKET_NDM_000674,2026-09-30 08:33:13,NDM_000674,There was a transaction on my account that I did not make.,High,ATO,Unauthorised Transaction
ATO_TICKET_NDM_000676,2026-09-30 17:48:46,NDM_000676,My SIM card was replaced and I cannot log in.,High,ATO,Unauthorised Transaction
ATO_TICKET_NDM_000677,2026-09-15 16:02:36,NDM_000677,My SIM card was replaced and I cannot log in.,Medium,ATO,Unauthorised Transaction
TICKET_000679,2026-09-02 12:14:51,NDM_000679,I cannot access my account and my password no longer works.,Low,LEGITIMATE,
TICKET_001662,2026-09-02 13:13:17,NDM_000679,Please help me update my registered mobile number.,Medium,LEGITIMATE,
ATO_TICKET_NDM_000680,2026-09-23 04:28:35,NDM_000680,I noticed a transfer that I do not recognise.,High,ATO,Unauthorised Transaction
ATO_TICKET_NDM_000684,2026-09-30 18:43:51,NDM_000684,My phone was lost and I need to secure my account.,High,ATO,Unauthorised Transaction
TICKET_001941,2026-09-24 10:24:43,NDM_000686,My account is locked after several login attempts.,High,LEGITIMATE,
TICKET_001265,2026-09-26 20:00:51,NDM_000687,There is no problem with my account; I need assistance with a payment.,Medium,LEGITIMATE,
TICKET_001040,2026-09-03 05:40:43,NDM_000690,My account is locked after several login attempts.,Medium,LEGITIMATE,
TICKET_001318,2026-09-12 19:43:12,NDM_000690,There was a transaction on my account that I did not make.,Medium,LEGITIMATE,
ATO_TICKET_NDM_000690,2026-09-30 00:06:30,NDM_000690,My phone was lost and I need to secure my account.,Medium,ATO,Unauthorised Transaction
TICKET_000353,2026-09-16 12:56:54,NDM_000691,I cannot access my account and my password no longer works.,Low,LEGITIMATE,
ATO_TICKET_NDM_000692,2026-09-30 19:44:29,NDM_000692,I noticed a transfer that I do not recognise.,High,ATO,Unauthorised Transaction
TICKET_000310,2026-09-24 02:33:37,NDM_000693,There was a transaction on my account that I did not make.,Low,LEGITIMATE,
TICKET_000343,2026-09-24 16:26:12,NDM_000693,My account is locked after several login attempts.,Medium,LEGITIMATE,
ATO_TICKET_NDM_000693,2026-09-30 21:51:23,NDM_000693,I received an OTP that I did not request.,High,ATO,Unauthorised Transaction
TICKET_000711,2026-09-06 06:53:06,NDM_000696,My phone was lost and I need to secure my account.,Low,LEGITIMATE,
TICKET_001118,2026-09-06 18:48:45,NDM_000696,My SIM card was replaced and I cannot log in.,Low,LEGITIMATE,
TICKET_000555,2026-09-07 22:34:25,NDM_000696,My SIM card was replaced and I cannot log in.,Low,LEGITIMATE,
TICKET_001546,2026-09-17 05:04:09,NDM_000696,I changed my phone and need help accessing my account.,Medium,LEGITIMATE,
TICKET_001652,2026-09-09 23:22:11,NDM_000701,Please help me update my registered mobile number.,Medium,LEGITIMATE,
TICKET_000642,2026-09-05 19:50:20,NDM_000702,Please help me update my registered mobile number.,Medium,LEGITIMATE,
ATO_TICKET_NDM_000704,2026-09-27 13:30:16,NDM_000704,There was a transaction on my account that I did not make.,High,ATO,Unauthorised Transaction
TICKET_001577,2026-09-26 04:49:18,NDM_000707,There was a transaction on my account that I did not make.,High,LEGITIMATE,
TICKET_001283,2026-09-11 18:23:11,NDM_000712,I received an OTP that I did not request.,Low,LEGITIMATE,
TICKET_001094,2026-09-18 22:21:57,NDM_000716,Please help me update my registered mobile number.,Medium,LEGITIMATE,
ATO_TICKET_NDM_000716,2026-09-30 21:00:11,NDM_000716,My phone was lost and I need to secure my account.,High,ATO,Unauthorised Transaction
TICKET_001163,2026-09-15 02:34:29,NDM_000717,I changed my phone and need help accessing my account.,Low,LEGITIMATE,
ATO_TICKET_NDM_000721,2026-09-25 19:24:40,NDM_000721,I noticed a transfer that I do not recognise.,Medium,ATO,Unauthorised Transaction
ATO_TICKET_NDM_000722,2026-09-30 06:57:43,NDM_000722,My phone was lost and I need to secure my account.,High,ATO,Unauthorised Transaction
ATO_TICKET_NDM_000723,2026-09-24 22:52:13,NDM_000723,There was a transaction on my account that I did not make.,High,ATO,Unauthorised Transaction
ATO_TICKET_NDM_000724,2026-09-29 16:36:51,NDM_000724,I received an OTP that I did not request.,Medium,ATO,Unauthorised Transaction
TICKET_000094,2026-09-18 05:12:27,NDM_000731,I received an OTP that I did not request.,Low,LEGITIMATE,
TICKET_000747,2026-09-24 05:32:47,NDM_000733,I am travelling and cannot access my normal device.,Low,LEGITIMATE,
TICKET_001102,2026-09-24 09:17:25,NDM_000734,My SIM card was replaced and I cannot log in.,Medium,LEGITIMATE,
TICKET_001805,2026-09-04 08:36:57,NDM_000735,My SIM card was replaced and I cannot log in.,Medium,LEGITIMATE,
TICKET_001879,2026-09-26 12:55:46,NDM_000740,I am travelling and cannot access my normal device.,High,LEGITIMATE,
TICKET_000650,2026-09-26 21:12:44,NDM_000741,Please help me update my registered mobile number.,Low,LEGITIMATE,
TICKET_000753,2026-09-13 06:23:28,NDM_000743,I received an OTP that I did not request.,Low,LEGITIMATE,
TICKET_000640,2026-09-12 11:59:52,NDM_000745,I noticed a transfer that I do not recognise.,Low,LEGITIMATE,
TICKET_000859,2026-09-01 12:01:08,NDM_000746,I am travelling and cannot access my normal device.,Medium,LEGITIMATE,
TICKET_000515,2026-09-03 13:53:19,NDM_000746,I am travelling and cannot access my normal device.,Low,LEGITIMATE,
TICKET_001226,2026-09-16 22:56:42,NDM_000746,My phone was lost and I need to secure my account.,Low,LEGITIMATE,
ATO_TICKET_NDM_000746,2026-09-28 13:47:24,NDM_000746,I noticed a transfer that I do not recognise.,Medium,ATO,Unauthorised Transaction
TICKET_000924,2026-09-18 13:46:46,NDM_000749,I cannot access my account and my password no longer works.,Medium,LEGITIMATE,
ATO_TICKET_NDM_000752,2026-09-30 02:06:56,NDM_000752,My SIM card was replaced and I cannot log in.,High,ATO,Unauthorised Transaction
TICKET_001323,2026-09-22 11:38:18,NDM_000753,Please help me update my registered mobile number.,Low,LEGITIMATE,
TICKET_001989,2026-09-25 10:11:38,NDM_000758,I cannot access my account and my password no longer works.,Medium,LEGITIMATE,
TICKET_001151,2026-09-10 01:21:36,NDM_000759,My phone was lost and I need to secure my account.,High,LEGITIMATE,
TICKET_000980,2026-09-29 04:22:08,NDM_000759,My SIM card was replaced and I cannot log in.,Low,LEGITIMATE,
TICKET_000813,2026-09-24 01:48:33,NDM_000763,Please help me update my registered mobile number.,Low,LEGITIMATE,
TICKET_000335,2026-09-20 06:21:47,NDM_000765,I cannot access my account and my password no longer works.,Low,LEGITIMATE,
ATO_TICKET_NDM_000770,2026-09-28 11:17:30,NDM_000770,I noticed a transfer that I do not recognise.,High,ATO,Unauthorised Transaction
TICKET_001199,2026-09-06 01:10:12,NDM_000775,I received an OTP that I did not request.,Low,LEGITIMATE,
ATO_TICKET_NDM_000776,2026-09-29 09:29:09,NDM_000776,My phone was lost and I need to secure my account.,High,ATO,Unauthorised Transaction
TICKET_000165,2026-09-25 23:37:03,NDM_000777,I received an OTP that I did not request.,Low,LEGITIMATE,
ATO_TICKET_NDM_000778,2026-09-24 18:26:42,NDM_000778,My SIM card was replaced and I cannot log in.,Medium,ATO,Unauthorised Transaction
TICKET_000034,2026-09-04 19:10:41,NDM_000783,My phone was lost and I need to secure my account.,Low,LEGITIMATE,
TICKET_001149,2026-09-22 00:44:45,NDM_000785,I cannot access my account and my password no longer works.,Medium,LEGITIMATE,
ATO_TICKET_NDM_000788,2026-09-27 23:57:25,NDM_000788,My SIM card was replaced and I cannot log in.,High,ATO,Unauthorised Transaction
TICKET_001294,2026-09-30 05:48:07,NDM_000788,I cannot access my account and my password no longer works.,Low,LEGITIMATE,
ATO_TICKET_NDM_000791,2026-09-21 17:46:48,NDM_000791,There was a transaction on my account that I did not make.,High,ATO,Unauthorised Transaction
TICKET_000597,2026-09-07 21:25:34,NDM_000793,My phone was lost and I need to secure my account.,Low,LEGITIMATE,
TICKET_000923,2026-09-09 08:19:58,NDM_000799,I changed my phone and need help accessing my account.,Low,LEGITIMATE,
ATO_TICKET_NDM_000801,2026-09-24 16:52:53,NDM_000801,I received an OTP that I did not request.,Medium,ATO,Unauthorised Transaction
TICKET_000233,2026-09-04 18:06:47,NDM_000806,My phone was lost and I need to secure my account.,Low,LEGITIMATE,
TICKET_001858,2026-09-05 18:42:08,NDM_000806,I made this transaction myself but it is showing as pending.,Medium,LEGITIMATE,
TICKET_000463,2026-09-04 00:53:42,NDM_000811,My phone was lost and I need to secure my account.,Low,LEGITIMATE,
TICKET_000626,2026-09-10 08:09:24,NDM_000811,I made this transaction myself but it is showing as pending.,Low,LEGITIMATE,
TICKET_001098,2026-09-05 05:45:50,NDM_000812,I made this transaction myself but it is showing as pending.,Low,LEGITIMATE,
ATO_TICKET_NDM_000813,2026-09-23 01:29:13,NDM_000813,My phone was lost and I need to secure my account.,High,ATO,Unauthorised Transaction
ATO_TICKET_NDM_000817,2026-09-27 23:56:44,NDM_000817,There was a transaction on my account that I did not make.,High,ATO,Unauthorised Transaction
TICKET_000102,2026-09-30 11:21:36,NDM_000817,There is no problem with my account; I need assistance with a payment.,Medium,LEGITIMATE,
TICKET_000503,2026-09-16 22:56:07,NDM_000818,I am travelling and cannot access my normal device.,Low,LEGITIMATE,
TICKET_001830,2026-09-26 12:45:46,NDM_000819,Please help me update my registered mobile number.,Medium,LEGITIMATE,
TICKET_001761,2026-09-20 09:02:38,NDM_000820,I am travelling and cannot access my normal device.,Low,LEGITIMATE,
ATO_TICKET_NDM_000824,2026-09-28 22:24:46,NDM_000824,My phone was lost and I need to secure my account.,High,ATO,Unauthorised Transaction
TICKET_000107,2026-09-19 06:29:56,NDM_000826,I am travelling and cannot access my normal device.,Low,LEGITIMATE,
TICKET_000820,2026-09-25 08:13:53,NDM_000829,Please help me update my registered mobile number.,Medium,LEGITIMATE,
ATO_TICKET_NDM_000832,2026-09-30 02:37:07,NDM_000832,My phone was lost and I need to secure my account.,Medium,ATO,Unauthorised Transaction
TICKET_001772,2026-09-25 22:12:54,NDM_000833,There is no problem with my account; I need assistance with a payment.,Low,LEGITIMATE,
ATO_TICKET_NDM_000836,2026-09-27 02:28:10,NDM_000836,I noticed a transfer that I do not recognise.,High,ATO,Unauthorised Transaction
ATO_TICKET_NDM_000838,2026-09-26 20:21:45,NDM_000838,There was a transaction on my account that I did not make.,Medium,ATO,Unauthorised Transaction
TICKET_001379,2026-09-16 14:26:17,NDM_000846,My SIM card was replaced and I cannot log in.,Low,LEGITIMATE,
ATO_TICKET_NDM_000850,2026-09-16 16:11:30,NDM_000850,My SIM card was replaced and I cannot log in.,Medium,ATO,Unauthorised Transaction
TICKET_001286,2026-09-20 18:43:51,NDM_000850,My account is locked after several login attempts.,High,LEGITIMATE,
TICKET_000285,2026-09-25 03:11:20,NDM_000852,I cannot access my account and my password no longer works.,Low,LEGITIMATE,
TICKET_000286,2026-09-22 18:00:43,NDM_000861,I made this transaction myself but it is showing as pending.,Low,LEGITIMATE,
ATO_TICKET_NDM_000862,2026-09-22 20:29:45,NDM_000862,There was a transaction on my account that I did not make.,High,ATO,Unauthorised Transaction
TICKET_000643,2026-09-02 01:15:20,NDM_000866,There is no problem with my account; I need assistance with a payment.,Medium,LEGITIMATE,
ATO_TICKET_NDM_000866,2026-09-27 10:43:17,NDM_000866,There was a transaction on my account that I did not make.,High,ATO,Unauthorised Transaction
TICKET_000602,2026-09-28 18:11:03,NDM_000867,There was a transaction on my account that I did not make.,Low,LEGITIMATE,
ATO_TICKET_NDM_000868,2026-09-30 03:31:26,NDM_000868,My SIM card was replaced and I cannot log in.,High,ATO,Unauthorised Transaction
TICKET_001429,2026-09-19 19:36:32,NDM_000873,There is no problem with my account; I need assistance with a payment.,Low,LEGITIMATE,
TICKET_001074,2026-09-14 11:15:04,NDM_000874,I changed my phone and need help accessing my account.,Medium,LEGITIMATE,
TICKET_000232,2026-09-02 19:14:48,NDM_000875,My SIM card was replaced and I cannot log in.,Low,LEGITIMATE,
ATO_TICKET_NDM_000875,2026-09-29 11:03:35,NDM_000875,There was a transaction on my account that I did not make.,High,ATO,Unauthorised Transaction
TICKET_001875,2026-09-18 07:03:14,NDM_000877,My phone was lost and I need to secure my account.,Low,LEGITIMATE,
TICKET_000524,2026-09-29 10:41:10,NDM_000880,I made this transaction myself but it is showing as pending.,High,LEGITIMATE,
TICKET_001554,2026-09-04 21:59:06,NDM_000883,I changed my phone and need help accessing my account.,High,LEGITIMATE,
TICKET_000658,2026-09-13 13:15:49,NDM_000883,There is no problem with my account; I need assistance with a payment.,Medium,LEGITIMATE,
ATO_TICKET_NDM_000883,2026-09-27 21:02:00,NDM_000883,There was a transaction on my account that I did not make.,Medium,ATO,Unauthorised Transaction
ATO_TICKET_NDM_000885,2026-09-29 05:10:49,NDM_000885,I noticed a transfer that I do not recognise.,Medium,ATO,Unauthorised Transaction
ATO_TICKET_NDM_000887,2026-09-29 23:08:04,NDM_000887,I noticed a transfer that I do not recognise.,High,ATO,Unauthorised Transaction
TICKET_001310,2026-09-07 04:36:19,NDM_000888,I received an OTP that I did not request.,Medium,LEGITIMATE,
TICKET_001072,2026-09-22 07:49:15,NDM_000888,My account is locked after several login attempts.,Low,LEGITIMATE,
ATO_TICKET_NDM_000889,2026-09-28 15:55:54,NDM_000889,My phone was lost and I need to secure my account.,High,ATO,Unauthorised Transaction
ATO_TICKET_NDM_000896,2026-09-25 16:49:05,NDM_000896,I received an OTP that I did not request.,High,ATO,Unauthorised Transaction
ATO_TICKET_NDM_000897,2026-09-30 15:45:42,NDM_000897,My SIM card was replaced and I cannot log in.,High,ATO,Unauthorised Transaction
TICKET_001444,2026-09-13 21:32:05,NDM_000899,There was a transaction on my account that I did not make.,Medium,LEGITIMATE,
ATO_TICKET_NDM_000900,2026-09-18 18:52:53,NDM_000900,I noticed a transfer that I do not recognise.,High,ATO,Unauthorised Transaction
TICKET_000932,2026-09-21 07:02:11,NDM_000901,My account is locked after several login attempts.,Low,LEGITIMATE,
ATO_TICKET_NDM_000903,2026-09-28 00:40:32,NDM_000903,There was a transaction on my account that I did not make.,High,ATO,Unauthorised Transaction
TICKET_001158,2026-09-08 22:36:50,NDM_000906,My SIM card was replaced and I cannot log in.,Low,LEGITIMATE,
TICKET_000245,2026-09-30 04:30:40,NDM_000909,I am travelling and cannot access my normal device.,Low,LEGITIMATE,
TICKET_000382,2026-09-29 10:46:37,NDM_000910,There was a transaction on my account that I did not make.,Medium,LEGITIMATE,
ATO_TICKET_NDM_000910,2026-09-30 13:23:42,NDM_000910,My phone was lost and I need to secure my account.,Medium,ATO,Unauthorised Transaction
TICKET_001673,2026-09-14 05:06:53,NDM_000911,I noticed a transfer that I do not recognise.,Medium,LEGITIMATE,
ATO_TICKET_NDM_000912,2026-09-30 16:19:54,NDM_000912,There was a transaction on my account that I did not make.,High,ATO,Unauthorised Transaction
TICKET_001493,2026-09-06 05:58:50,NDM_000914,I cannot access my account and my password no longer works.,Medium,LEGITIMATE,
ATO_TICKET_NDM_000918,2026-09-23 03:17:25,NDM_000918,I noticed a transfer that I do not recognise.,High,ATO,Unauthorised Transaction
TICKET_000247,2026-09-20 06:18:17,NDM_000921,There is no problem with my account; I need assistance with a payment.,Medium,LEGITIMATE,
TICKET_000273,2026-09-04 08:14:47,NDM_000922,I noticed a transfer that I do not recognise.,Medium,LEGITIMATE,
TICKET_000171,2026-09-20 03:09:25,NDM_000923,There is no problem with my account; I need assistance with a payment.,Medium,LEGITIMATE,
TICKET_001105,2026-09-21 05:42:25,NDM_000923,I changed my phone and need help accessing my account.,Low,LEGITIMATE,
ATO_TICKET_NDM_000923,2026-09-29 03:13:43,NDM_000923,I received an OTP that I did not request.,High,ATO,Unauthorised Transaction
TICKET_000665,2026-09-21 22:30:58,NDM_000931,Please help me update my registered mobile number.,Medium,LEGITIMATE,
TICKET_000377,2026-09-22 13:37:47,NDM_000931,I received an OTP that I did not request.,Low,LEGITIMATE,
ATO_TICKET_NDM_000934,2026-09-23 04:44:08,NDM_000934,My SIM card was replaced and I cannot log in.,High,ATO,Unauthorised Transaction
TICKET_000061,2026-09-29 14:30:47,NDM_000935,Please help me update my registered mobile number.,Low,LEGITIMATE,
ATO_TICKET_NDM_000937,2026-09-28 06:44:10,NDM_000937,I noticed a transfer that I do not recognise.,High,ATO,Unauthorised Transaction
TICKET_001653,2026-09-04 22:27:38,NDM_000938,I am travelling and cannot access my normal device.,Low,LEGITIMATE,
TICKET_000485,2026-09-21 00:09:38,NDM_000938,I am travelling and cannot access my normal device.,Low,LEGITIMATE,
ATO_TICKET_NDM_000941,2026-09-17 11:22:50,NDM_000941,My SIM card was replaced and I cannot log in.,High,ATO,Unauthorised Transaction
TICKET_001340,2026-09-22 16:09:11,NDM_000943,Please help me update my registered mobile number.,Low,LEGITIMATE,
ATO_TICKET_NDM_000943,2026-09-27 04:10:28,NDM_000943,My SIM card was replaced and I cannot log in.,High,ATO,Unauthorised Transaction
ATO_TICKET_NDM_000945,2026-09-29 19:00:31,NDM_000945,My phone was lost and I need to secure my account.,High,ATO,Unauthorised Transaction
ATO_TICKET_NDM_000948,2026-09-30 19:27:50,NDM_000948,There was a transaction on my account that I did not make.,High,ATO,Unauthorised Transaction
TICKET_001322,2026-09-12 12:34:50,NDM_000950,I cannot access my account and my password no longer works.,High,LEGITIMATE,
ATO_TICKET_NDM_000950,2026-09-27 18:26:35,NDM_000950,I noticed a transfer that I do not recognise.,High,ATO,Unauthorised Transaction
TICKET_001366,2026-09-29 18:56:21,NDM_000954,There was a transaction on my account that I did not make.,Low,LEGITIMATE,
TICKET_000370,2026-09-19 21:58:27,NDM_000955,I am travelling and cannot access my normal device.,Medium,LEGITIMATE,
TICKET_000295,2026-09-16 21:12:59,NDM_000958,My phone was lost and I need to secure my account.,Low,LEGITIMATE,
TICKET_000514,2026-09-24 16:05:36,NDM_000959,I cannot access my account and my password no longer works.,Low,LEGITIMATE,
TICKET_001007,2026-09-25 13:28:27,NDM_000960,I changed my phone and need help accessing my account.,Low,LEGITIMATE,
ATO_TICKET_NDM_000962,2026-09-23 00:35:13,NDM_000962,I noticed a transfer that I do not recognise.,High,ATO,Unauthorised Transaction
ATO_TICKET_NDM_000964,2026-09-22 02:41:33,NDM_000964,My SIM card was replaced and I cannot log in.,High,ATO,Unauthorised Transaction
ATO_TICKET_NDM_000966,2026-09-26 19:13:38,NDM_000966,I received an OTP that I did not request.,High,ATO,Unauthorised Transaction
TICKET_001918,2026-09-18 14:28:24,NDM_000967,My phone was lost and I need to secure my account.,Low,LEGITIMATE,
TICKET_000849,2026-09-30 06:54:02,NDM_000969,My SIM card was replaced and I cannot log in.,Low,LEGITIMATE,
TICKET_001665,2026-09-28 16:53:12,NDM_000971,I noticed a transfer that I do not recognise.,Low,LEGITIMATE,
TICKET_001744,2026-09-29 11:34:50,NDM_000971,I cannot access my account and my password no longer works.,Medium,LEGITIMATE,
TICKET_001702,2026-09-16 16:41:19,NDM_000973,My SIM card was replaced and I cannot log in.,Low,LEGITIMATE,
ATO_TICKET_NDM_000975,2026-09-28 12:54:55,NDM_000975,My phone was lost and I need to secure my account.,High,ATO,Unauthorised Transaction
TICKET_001883,2026-09-11 06:00:52,NDM_000977,My account is locked after several login attempts.,Low,LEGITIMATE,
TICKET_001316,2026-09-27 21:14:37,NDM_000977,There is no problem with my account; I need assistance with a payment.,Medium,LEGITIMATE,
ATO_TICKET_NDM_000978,2026-09-30 05:48:00,NDM_000978,There was a transaction on my account that I did not make.,High,ATO,Unauthorised Transaction
TICKET_000074,2026-09-20 09:15:34,NDM_000979,My SIM card was replaced and I cannot log in.,Medium,LEGITIMATE,
ATO_TICKET_NDM_000979,2026-09-29 14:17:10,NDM_000979,My phone was lost and I need to secure my account.,Medium,ATO,Unauthorised Transaction
TICKET_000589,2026-09-26 16:44:58,NDM_000981,I made this transaction myself but it is showing as pending.,High,LEGITIMATE,
TICKET_001867,2026-09-07 16:09:39,NDM_000985,I changed my phone and need help accessing my account.,Medium,LEGITIMATE,
ATO_TICKET_NDM_000986,2026-09-24 15:26:20,NDM_000986,My SIM card was replaced and I cannot log in.,High,ATO,Unauthorised Transaction
TICKET_000142,2026-09-26 02:41:15,NDM_000986,I received an OTP that I did not request.,Low,LEGITIMATE,
ATO_TICKET_NDM_000987,2026-09-26 19:50:39,NDM_000987,I noticed a transfer that I do not recognise.,High,ATO,Unauthorised Transaction
TICKET_001923,2026-09-05 18:47:35,NDM_000990,My SIM card was replaced and I cannot log in.,Low,LEGITIMATE,
ATO_TICKET_NDM_000990,2026-09-28 19:45:14,NDM_000990,I noticed a transfer that I do not recognise.,High,ATO,Unauthorised Transaction
TICKET_000847,2026-09-05 15:43:29,NDM_000995,I made this transaction myself but it is showing as pending.,Low,LEGITIMATE,
ATO_TICKET_NDM_000995,2026-09-26 14:50:32,NDM_000995,I received an OTP that I did not request.,High,ATO,Unauthorised Transaction
ATO_TICKET_NDM_000999,2026-09-23 09:41:46,NDM_000999,My SIM card was replaced and I cannot log in.,High,ATO,Unauthorised Transaction
TICKET_000391,2026-09-24 05:29:52,NDM_000999,Please help me update my registered mobile number.,Low,LEGITIMATE,
TICKET_000789,2026-09-25 01:41:49,NDM_001001,My account is locked after several login attempts.,Medium,LEGITIMATE,
TICKET_001954,2026-09-30 14:47:38,NDM_001001,Please help me update my registered mobile number.,Low,LEGITIMATE,
ATO_TICKET_NDM_001004,2026-09-28 12:02:57,NDM_001004,My phone was lost and I need to secure my account.,Medium,ATO,Unauthorised Transaction
TICKET_001955,2026-09-05 00:26:25,NDM_001007,I noticed a transfer that I do not recognise.,Medium,LEGITIMATE,
ATO_TICKET_NDM_001012,2026-09-29 12:10:16,NDM_001012,There was a transaction on my account that I did not make.,High,ATO,Unauthorised Transaction
TICKET_001177,2026-09-18 16:28:37,NDM_001013,There is no problem with my account; I need assistance with a payment.,Low,LEGITIMATE,
ATO_TICKET_NDM_001014,2026-09-13 07:37:07,NDM_001014,I received an OTP that I did not request.,High,ATO,Unauthorised Transaction
TICKET_001324,2026-09-23 16:54:06,NDM_001014,I made this transaction myself but it is showing as pending.,Low,LEGITIMATE,
TICKET_000838,2026-09-27 16:30:53,NDM_001014,I cannot access my account and my password no longer works.,Low,LEGITIMATE,
TICKET_000686,2026-09-18 14:59:18,NDM_001020,My SIM card was replaced and I cannot log in.,Low,LEGITIMATE,
TICKET_000443,2026-09-20 21:26:01,NDM_001023,I received an OTP that I did not request.,Low,LEGITIMATE,
TICKET_000529,2026-09-16 03:11:18,NDM_001027,There is no problem with my account; I need assistance with a payment.,Medium,LEGITIMATE,
TICKET_000891,2026-09-06 21:22:29,NDM_001032,There is no problem with my account; I need assistance with a payment.,Low,LEGITIMATE,
ATO_TICKET_NDM_001034,2026-09-24 20:38:39,NDM_001034,There was a transaction on my account that I did not make.,Medium,ATO,Unauthorised Transaction
ATO_TICKET_NDM_001037,2026-09-28 02:04:53,NDM_001037,I received an OTP that I did not request.,High,ATO,Unauthorised Transaction
TICKET_000464,2026-09-08 05:55:13,NDM_001038,I am travelling and cannot access my normal device.,Low,LEGITIMATE,
ATO_TICKET_NDM_001039,2026-09-23 21:40:33,NDM_001039,I received an OTP that I did not request.,High,ATO,Unauthorised Transaction
TICKET_001047,2026-09-21 02:22:47,NDM_001040,I am travelling and cannot access my normal device.,Low,LEGITIMATE,
TICKET_001187,2026-09-11 03:26:09,NDM_001041,I noticed a transfer that I do not recognise.,Low,LEGITIMATE,
ATO_TICKET_NDM_001042,2026-09-23 13:17:04,NDM_001042,My SIM card was replaced and I cannot log in.,High,ATO,Unauthorised Transaction
TICKET_001370,2026-09-16 05:00:01,NDM_001047,I noticed a transfer that I do not recognise.,Medium,LEGITIMATE,
ATO_TICKET_NDM_001047,2026-09-30 11:56:48,NDM_001047,There was a transaction on my account that I did not make.,High,ATO,Unauthorised Transaction
TICKET_000715,2026-09-10 04:20:29,NDM_001050,There was a transaction on my account that I did not make.,Medium,LEGITIMATE,
ATO_TICKET_NDM_001050,2026-09-25 09:57:52,NDM_001050,I noticed a transfer that I do not recognise.,High,ATO,Unauthorised Transaction
ATO_TICKET_NDM_001052,2026-09-28 10:13:57,NDM_001052,I noticed a transfer that I do not recognise.,High,ATO,Unauthorised Transaction
TICKET_001950,2026-09-20 05:06:07,NDM_001053,I changed my phone and need help accessing my account.,High,LEGITIMATE,
TICKET_000254,2026-09-10 18:47:23,NDM_001054,I received an OTP that I did not request.,Medium,LEGITIMATE,
ATO_TICKET_NDM_001055,2026-09-24 02:09:50,NDM_001055,My phone was lost and I need to secure my account.,Medium,ATO,Unauthorised Transaction
ATO_TICKET_NDM_001057,2026-09-29 11:24:01,NDM_001057,I received an OTP that I did not request.,High,ATO,Unauthorised Transaction
TICKET_001392,2026-09-19 21:50:42,NDM_001059,I noticed a transfer that I do not recognise.,Low,LEGITIMATE,
TICKET_001064,2026-09-19 12:34:44,NDM_001063,There is no problem with my account; I need assistance with a payment.,Medium,LEGITIMATE,
ATO_TICKET_NDM_001064,2026-09-30 02:26:14,NDM_001064,I noticed a transfer that I do not recognise.,High,ATO,Unauthorised Transaction
TICKET_000596,2026-09-10 11:34:00,NDM_001067,I changed my phone and need help accessing my account.,Medium,LEGITIMATE,
ATO_TICKET_NDM_001067,2026-09-29 16:09:42,NDM_001067,I noticed a transfer that I do not recognise.,High,ATO,Unauthorised Transaction
TICKET_001807,2026-09-08 05:02:07,NDM_001068,Please help me update my registered mobile number.,Low,LEGITIMATE,
TICKET_001139,2026-09-22 09:27:36,NDM_001072,My account is locked after several login attempts.,Low,LEGITIMATE,
ATO_TICKET_NDM_001072,2026-09-30 11:03:40,NDM_001072,There was a transaction on my account that I did not make.,High,ATO,Unauthorised Transaction
ATO_TICKET_NDM_001074,2026-09-23 00:07:10,NDM_001074,My phone was lost and I need to secure my account.,Medium,ATO,Unauthorised Transaction
TICKET_001020,2026-09-04 02:18:53,NDM_001075,My account is locked after several login attempts.,Low,LEGITIMATE,
TICKET_000739,2026-09-01 10:00:54,NDM_001076,I noticed a transfer that I do not recognise.,Low,LEGITIMATE,
TICKET_001169,2026-09-05 05:40:44,NDM_001077,I changed my phone and need help accessing my account.,High,LEGITIMATE,
ATO_TICKET_NDM_001078,2026-09-28 03:58:37,NDM_001078,My SIM card was replaced and I cannot log in.,High,ATO,Unauthorised Transaction
TICKET_001780,2026-09-03 02:29:16,NDM_001082,I made this transaction myself but it is showing as pending.,Low,LEGITIMATE,
ATO_TICKET_NDM_001082,2026-09-24 16:51:48,NDM_001082,I received an OTP that I did not request.,High,ATO,Unauthorised Transaction
ATO_TICKET_NDM_001086,2026-09-21 18:42:42,NDM_001086,There was a transaction on my account that I did not make.,High,ATO,Unauthorised Transaction
TICKET_001454,2026-09-06 12:32:43,NDM_001087,I cannot access my account and my password no longer works.,Low,LEGITIMATE,
TICKET_000777,2026-09-04 05:00:21,NDM_001088,I received an OTP that I did not request.,Medium,LEGITIMATE,
ATO_TICKET_NDM_001088,2026-09-26 02:39:02,NDM_001088,My phone was lost and I need to secure my account.,High,ATO,Unauthorised Transaction
ATO_TICKET_NDM_001090,2026-09-23 14:39:39,NDM_001090,I noticed a transfer that I do not recognise.,High,ATO,Unauthorised Transaction
TICKET_001517,2026-09-20 17:10:37,NDM_001092,I cannot access my account and my password no longer works.,Medium,LEGITIMATE,
ATO_TICKET_NDM_001097,2026-09-29 19:33:09,NDM_001097,My phone was lost and I need to secure my account.,High,ATO,Unauthorised Transaction
TICKET_000583,2026-09-17 22:24:53,NDM_001098,I noticed a transfer that I do not recognise.,Low,LEGITIMATE,
TICKET_001573,2026-09-22 03:59:55,NDM_001099,My account is locked after several login attempts.,Medium,LEGITIMATE,
TICKET_000277,2026-09-19 03:54:26,NDM_001101,My SIM card was replaced and I cannot log in.,Low,LEGITIMATE,
TICKET_000226,2026-09-11 05:14:47,NDM_001103,I changed my phone and need help accessing my account.,Low,LEGITIMATE,
ATO_TICKET_NDM_001104,2026-09-20 01:01:55,NDM_001104,My SIM card was replaced and I cannot log in.,High,ATO,Unauthorised Transaction
TICKET_000290,2026-09-28 05:12:13,NDM_001106,I made this transaction myself but it is showing as pending.,Medium,LEGITIMATE,
ATO_TICKET_NDM_001111,2026-09-17 02:55:45,NDM_001111,I received an OTP that I did not request.,High,ATO,Unauthorised Transaction
TICKET_001979,2026-09-15 05:32:04,NDM_001113,There was a transaction on my account that I did not make.,Low,LEGITIMATE,
TICKET_001894,2026-09-09 01:38:11,NDM_001116,There was a transaction on my account that I did not make.,Low,LEGITIMATE,
ATO_TICKET_NDM_001116,2026-09-18 10:00:48,NDM_001116,My SIM card was replaced and I cannot log in.,High,ATO,Unauthorised Transaction
TICKET_001305,2026-09-29 05:16:41,NDM_001116,I am travelling and cannot access my normal device.,Low,LEGITIMATE,
TICKET_001629,2026-09-06 10:57:57,NDM_001117,There is no problem with my account; I need assistance with a payment.,Low,LEGITIMATE,
ATO_TICKET_NDM_001120,2026-09-30 23:04:44,NDM_001120,There was a transaction on my account that I did not make.,High,ATO,Unauthorised Transaction
TICKET_000166,2026-09-10 06:05:50,NDM_001129,I cannot access my account and my password no longer works.,Low,LEGITIMATE,
ATO_TICKET_NDM_001129,2026-09-29 22:33:24,NDM_001129,My phone was lost and I need to secure my account.,High,ATO,Unauthorised Transaction
ATO_TICKET_NDM_001130,2026-09-28 22:11:02,NDM_001130,I received an OTP that I did not request.,Medium,ATO,Unauthorised Transaction
TICKET_000518,2026-09-24 14:02:33,NDM_001132,There is no problem with my account; I need assistance with a payment.,Low,LEGITIMATE,
TICKET_000406,2026-09-04 11:28:39,NDM_001133,Please help me update my registered mobile number.,Medium,LEGITIMATE,
TICKET_001939,2026-09-22 19:34:44,NDM_001134,I made this transaction myself but it is showing as pending.,Medium,LEGITIMATE,
TICKET_001135,2026-09-15 12:33:28,NDM_001136,I made this transaction myself but it is showing as pending.,Medium,LEGITIMATE,
TICKET_000169,2026-09-27 22:37:42,NDM_001137,I made this transaction myself but it is showing as pending.,Low,LEGITIMATE,
TICKET_001638,2026-09-25 17:32:03,NDM_001140,My account is locked after several login attempts.,Low,LEGITIMATE,
TICKET_001311,2026-09-24 04:22:46,NDM_001142,I noticed a transfer that I do not recognise.,Low,LEGITIMATE,
ATO_TICKET_NDM_001142,2026-09-30 09:40:57,NDM_001142,There was a transaction on my account that I did not make.,High,ATO,Unauthorised Transaction
TICKET_001781,2026-09-19 10:00:53,NDM_001143,There is no problem with my account; I need assistance with a payment.,Low,LEGITIMATE,
ATO_TICKET_NDM_001143,2026-09-27 22:54:44,NDM_001143,My SIM card was replaced and I cannot log in.,Medium,ATO,Unauthorised Transaction
TICKET_000889,2026-09-23 01:49:52,NDM_001145,I made this transaction myself but it is showing as pending.,Medium,LEGITIMATE,
TICKET_000284,2026-09-02 08:07:23,NDM_001148,My account is locked after several login attempts.,Medium,LEGITIMATE,
TICKET_001291,2026-09-04 18:12:44,NDM_001150,I cannot access my account and my password no longer works.,Medium,LEGITIMATE,
TICKET_001845,2026-09-16 03:26:36,NDM_001151,I am travelling and cannot access my normal device.,Low,LEGITIMATE,
ATO_TICKET_NDM_001154,2026-09-30 02:39:25,NDM_001154,There was a transaction on my account that I did not make.,High,ATO,Unauthorised Transaction
TICKET_001248,2026-09-18 04:38:38,NDM_001155,There is no problem with my account; I need assistance with a payment.,Low,LEGITIMATE,
TICKET_001386,2026-09-05 11:51:26,NDM_001157,My SIM card was replaced and I cannot log in.,High,LEGITIMATE,
TICKET_000786,2026-09-24 18:49:01,NDM_001157,I made this transaction myself but it is showing as pending.,High,LEGITIMATE,
TICKET_001188,2026-09-10 10:03:27,NDM_001164,Please help me update my registered mobile number.,Medium,LEGITIMATE,
ATO_TICKET_NDM_001165,2026-09-30 21:01:49,NDM_001165,My phone was lost and I need to secure my account.,Medium,ATO,Unauthorised Transaction
TICKET_000096,2026-09-23 11:59:35,NDM_001171,There was a transaction on my account that I did not make.,Medium,LEGITIMATE,
TICKET_000541,2026-09-13 21:47:57,NDM_001173,There is no problem with my account; I need assistance with a payment.,Low,LEGITIMATE,
TICKET_000925,2026-09-02 01:38:31,NDM_001175,I received an OTP that I did not request.,Low,LEGITIMATE,
TICKET_000111,2026-09-25 01:02:20,NDM_001175,My SIM card was replaced and I cannot log in.,Low,LEGITIMATE,
ATO_TICKET_NDM_001175,2026-09-29 15:03:35,NDM_001175,My phone was lost and I need to secure my account.,High,ATO,Unauthorised Transaction
TICKET_001754,2026-09-26 04:54:04,NDM_001179,There is no problem with my account; I need assistance with a payment.,Low,LEGITIMATE,
TICKET_000612,2026-09-02 15:27:18,NDM_001180,My account is locked after several login attempts.,Low,LEGITIMATE,
TICKET_000045,2026-09-03 15:19:07,NDM_001182,Please help me update my registered mobile number.,Medium,LEGITIMATE,
ATO_TICKET_NDM_001182,2026-09-25 03:21:47,NDM_001182,My SIM card was replaced and I cannot log in.,Medium,ATO,Unauthorised Transaction
TICKET_000817,2026-09-20 15:42:57,NDM_001183,There was a transaction on my account that I did not make.,Medium,LEGITIMATE,
TICKET_000604,2026-09-11 01:09:50,NDM_001184,I cannot access my account and my password no longer works.,Low,LEGITIMATE,
TICKET_000099,2026-09-14 11:15:41,NDM_001185,I cannot access my account and my password no longer works.,Low,LEGITIMATE,
ATO_TICKET_NDM_001185,2026-09-30 06:06:08,NDM_001185,I noticed a transfer that I do not recognise.,High,ATO,Unauthorised Transaction
ATO_TICKET_NDM_001188,2026-09-26 23:53:35,NDM_001188,My phone was lost and I need to secure my account.,High,ATO,Unauthorised Transaction
TICKET_000939,2026-09-30 19:50:01,NDM_001189,My account is locked after several login attempts.,Low,LEGITIMATE,
ATO_TICKET_NDM_001190,2026-09-20 18:54:33,NDM_001190,My SIM card was replaced and I cannot log in.,High,ATO,Unauthorised Transaction
TICKET_001351,2026-09-26 09:16:47,NDM_001190,I received an OTP that I did not request.,Medium,LEGITIMATE,
TICKET_000100,2026-09-18 17:09:18,NDM_001191,I changed my phone and need help accessing my account.,Medium,LEGITIMATE,
TICKET_001889,2026-09-10 23:32:54,NDM_001192,My phone was lost and I need to secure my account.,Low,LEGITIMATE,
TICKET_001145,2026-09-18 23:40:18,NDM_001196,There is no problem with my account; I need assistance with a payment.,Low,LEGITIMATE,
TICKET_001737,2026-09-14 02:46:27,NDM_001197,My phone was lost and I need to secure my account.,Low,LEGITIMATE,
ATO_TICKET_NDM_001197,2026-09-28 18:07:53,NDM_001197,My phone was lost and I need to secure my account.,Medium,ATO,Unauthorised Transaction
TICKET_001203,2026-09-06 01:45:09,NDM_001199,My account is locked after several login attempts.,Low,LEGITIMATE,
ATO_TICKET_NDM_001200,2026-09-23 15:58:07,NDM_001200,My SIM card was replaced and I cannot log in.,High,ATO,Unauthorised Transaction
TICKET_000175,2026-09-09 02:07:55,NDM_001201,I made this transaction myself but it is showing as pending.,Low,LEGITIMATE,
TICKET_001077,2026-09-08 06:00:51,NDM_001203,Please help me update my registered mobile number.,Low,LEGITIMATE,
TICKET_001131,2026-09-07 09:08:43,NDM_001204,I changed my phone and need help accessing my account.,High,LEGITIMATE,
TICKET_000180,2026-09-18 05:08:18,NDM_001204,Please help me update my registered mobile number.,Low,LEGITIMATE,
ATO_TICKET_NDM_001204,2026-09-22 23:57:02,NDM_001204,My phone was lost and I need to secure my account.,High,ATO,Unauthorised Transaction
TICKET_000936,2026-09-27 00:15:07,NDM_001208,I made this transaction myself but it is showing as pending.,Low,LEGITIMATE,
TICKET_000037,2026-09-08 02:42:48,NDM_001209,There was a transaction on my account that I did not make.,Low,LEGITIMATE,
TICKET_000922,2026-09-05 04:36:48,NDM_001210,I changed my phone and need help accessing my account.,Low,LEGITIMATE,
TICKET_001685,2026-09-12 16:31:05,NDM_001211,I received an OTP that I did not request.,Low,LEGITIMATE,
TICKET_001229,2026-09-22 02:40:30,NDM_001213,There was a transaction on my account that I did not make.,Low,LEGITIMATE,
TICKET_000760,2026-09-12 22:01:17,NDM_001214,Please help me update my registered mobile number.,Low,LEGITIMATE,
ATO_TICKET_NDM_001215,2026-09-27 14:40:22,NDM_001215,I noticed a transfer that I do not recognise.,High,ATO,Unauthorised Transaction
ATO_TICKET_NDM_001218,2026-09-24 17:25:05,NDM_001218,My SIM card was replaced and I cannot log in.,High,ATO,Unauthorised Transaction
TICKET_001273,2026-09-26 23:38:06,NDM_001218,I made this transaction myself but it is showing as pending.,Medium,LEGITIMATE,
TICKET_001391,2026-09-02 13:51:35,NDM_001221,My phone was lost and I need to secure my account.,Low,LEGITIMATE,
TICKET_000395,2026-09-11 02:37:47,NDM_001221,I received an OTP that I did not request.,Low,LEGITIMATE,
TICKET_000124,2026-09-15 22:53:55,NDM_001221,There was a transaction on my account that I did not make.,Medium,LEGITIMATE,
ATO_TICKET_NDM_001221,2026-09-30 04:56:08,NDM_001221,I received an OTP that I did not request.,High,ATO,Unauthorised Transaction
TICKET_000133,2026-09-29 18:34:49,NDM_001223,There was a transaction on my account that I did not make.,Low,LEGITIMATE,
ATO_TICKET_NDM_001223,2026-09-30 21:53:39,NDM_001223,My SIM card was replaced and I cannot log in.,High,ATO,Unauthorised Transaction
TICKET_000388,2026-09-16 19:16:22,NDM_001226,I changed my phone and need help accessing my account.,Low,LEGITIMATE,
TICKET_000880,2026-09-15 18:03:44,NDM_001228,I cannot access my account and my password no longer works.,Low,LEGITIMATE,
TICKET_001882,2026-09-13 20:54:56,NDM_001229,There is no problem with my account; I need assistance with a payment.,Low,LEGITIMATE,
TICKET_000411,2026-09-19 05:31:38,NDM_001229,I cannot access my account and my password no longer works.,Low,LEGITIMATE,
TICKET_000641,2026-09-19 15:53:04,NDM_001231,I cannot access my account and my password no longer works.,Low,LEGITIMATE,
ATO_TICKET_NDM_001231,2026-09-30 21:09:26,NDM_001231,My SIM card was replaced and I cannot log in.,High,ATO,Unauthorised Transaction
TICKET_001449,2026-09-07 12:00:39,NDM_001232,I am travelling and cannot access my normal device.,Low,LEGITIMATE,
ATO_TICKET_NDM_001232,2026-09-18 12:36:00,NDM_001232,There was a transaction on my account that I did not make.,High,ATO,Unauthorised Transaction
ATO_TICKET_NDM_001233,2026-09-27 04:47:20,NDM_001233,There was a transaction on my account that I did not make.,High,ATO,Unauthorised Transaction
ATO_TICKET_NDM_001234,2026-09-30 06:56:14,NDM_001234,I noticed a transfer that I do not recognise.,High,ATO,Unauthorised Transaction
TICKET_001349,2026-09-12 14:21:10,NDM_001236,My phone was lost and I need to secure my account.,Medium,LEGITIMATE,
ATO_TICKET_NDM_001236,2026-09-23 03:16:35,NDM_001236,I received an OTP that I did not request.,High,ATO,Unauthorised Transaction
ATO_TICKET_NDM_001238,2026-09-30 22:01:20,NDM_001238,My phone was lost and I need to secure my account.,Medium,ATO,Unauthorised Transaction
TICKET_001677,2026-09-14 02:42:21,NDM_001239,I cannot access my account and my password no longer works.,Low,LEGITIMATE,
TICKET_001447,2026-09-23 02:10:02,NDM_001239,I received an OTP that I did not request.,Medium,LEGITIMATE,
ATO_TICKET_NDM_001239,2026-09-23 23:26:08,NDM_001239,My phone was lost and I need to secure my account.,High,ATO,Unauthorised Transaction
TICKET_001409,2026-09-25 11:48:50,NDM_001239,My SIM card was replaced and I cannot log in.,Medium,LEGITIMATE,
TICKET_000222,2026-09-20 20:44:08,NDM_001240,There was a transaction on my account that I did not make.,Low,LEGITIMATE,
ATO_TICKET_NDM_001240,2026-09-30 13:55:11,NDM_001240,There was a transaction on my account that I did not make.,High,ATO,Unauthorised Transaction
ATO_TICKET_NDM_001242,2026-09-29 19:55:21,NDM_001242,My SIM card was replaced and I cannot log in.,High,ATO,Unauthorised Transaction
ATO_TICKET_NDM_001243,2026-09-18 20:49:05,NDM_001243,My phone was lost and I need to secure my account.,High,ATO,Unauthorised Transaction
TICKET_001826,2026-09-08 03:51:47,NDM_001244,My account is locked after several login attempts.,Low,LEGITIMATE,
TICKET_001081,2026-09-10 18:07:55,NDM_001245,There is no problem with my account; I need assistance with a payment.,Medium,LEGITIMATE,
TICKET_000421,2026-09-18 10:53:20,NDM_001246,I noticed a transfer that I do not recognise.,High,LEGITIMATE,
ATO_TICKET_NDM_001252,2026-09-30 05:05:06,NDM_001252,I received an OTP that I did not request.,High,ATO,Unauthorised Transaction
TICKET_000375,2026-09-02 16:35:05,NDM_001256,I noticed a transfer that I do not recognise.,Medium,LEGITIMATE,
TICKET_001180,2026-09-14 19:03:28,NDM_001256,There is no problem with my account; I need assistance with a payment.,Low,LEGITIMATE,
TICKET_000369,2026-09-05 22:23:56,NDM_001258,I cannot access my account and my password no longer works.,Low,LEGITIMATE,
TICKET_000304,2026-09-07 07:32:57,NDM_001259,There is no problem with my account; I need assistance with a payment.,Low,LEGITIMATE,
ATO_TICKET_NDM_001259,2026-09-30 07:05:16,NDM_001259,I received an OTP that I did not request.,High,ATO,Unauthorised Transaction
ATO_TICKET_NDM_001261,2026-09-27 03:38:21,NDM_001261,My SIM card was replaced and I cannot log in.,High,ATO,Unauthorised Transaction
TICKET_000130,2026-09-30 12:10:35,NDM_001261,My SIM card was replaced and I cannot log in.,High,LEGITIMATE,
ATO_TICKET_NDM_001262,2026-09-15 17:25:46,NDM_001262,I received an OTP that I did not request.,High,ATO,Unauthorised Transaction
TICKET_000401,2026-09-14 16:20:27,NDM_001263,I received an OTP that I did not request.,Low,LEGITIMATE,
TICKET_000022,2026-09-15 07:31:58,NDM_001269,My SIM card was replaced and I cannot log in.,Low,LEGITIMATE,
TICKET_000551,2026-09-25 01:34:35,NDM_001270,I noticed a transfer that I do not recognise.,Low,LEGITIMATE,
TICKET_001344,2026-09-05 23:04:25,NDM_001272,I changed my phone and need help accessing my account.,Low,LEGITIMATE,
TICKET_000884,2026-09-06 01:47:40,NDM_001273,There is no problem with my account; I need assistance with a payment.,High,LEGITIMATE,
TICKET_001788,2026-09-16 06:55:22,NDM_001274,Please help me update my registered mobile number.,High,LEGITIMATE,
TICKET_001167,2026-09-23 23:16:43,NDM_001274,I cannot access my account and my password no longer works.,High,LEGITIMATE,
ATO_TICKET_NDM_001278,2026-09-30 17:59:00,NDM_001278,My phone was lost and I need to secure my account.,High,ATO,Unauthorised Transaction
TICKET_000220,2026-09-10 11:34:50,NDM_001280,My account is locked after several login attempts.,Medium,LEGITIMATE,
TICKET_000982,2026-09-08 19:30:25,NDM_001283,There is no problem with my account; I need assistance with a payment.,Low,LEGITIMATE,
TICKET_001219,2026-09-06 23:27:00,NDM_001284,Please help me update my registered mobile number.,Low,LEGITIMATE,
ATO_TICKET_NDM_001285,2026-09-30 17:44:08,NDM_001285,I received an OTP that I did not request.,Medium,ATO,Unauthorised Transaction
ATO_TICKET_NDM_001286,2026-09-22 05:20:57,NDM_001286,I received an OTP that I did not request.,High,ATO,Unauthorised Transaction
TICKET_001327,2026-09-22 19:45:47,NDM_001287,My account is locked after several login attempts.,Low,LEGITIMATE,
ATO_TICKET_NDM_001288,2026-09-22 22:03:23,NDM_001288,I received an OTP that I did not request.,High,ATO,Unauthorised Transaction
ATO_TICKET_NDM_001289,2026-09-28 11:55:23,NDM_001289,My phone was lost and I need to secure my account.,High,ATO,Unauthorised Transaction
TICKET_000313,2026-09-14 19:58:57,NDM_001298,There is no problem with my account; I need assistance with a payment.,High,LEGITIMATE,
ATO_TICKET_NDM_001298,2026-09-29 12:24:42,NDM_001298,There was a transaction on my account that I did not make.,High,ATO,Unauthorised Transaction
TICKET_001476,2026-09-17 19:13:42,NDM_001299,I noticed a transfer that I do not recognise.,Medium,LEGITIMATE,
TICKET_001050,2026-09-26 04:13:38,NDM_001299,I cannot access my account and my password no longer works.,Low,LEGITIMATE,
TICKET_000738,2026-09-10 09:37:09,NDM_001303,I noticed a transfer that I do not recognise.,Medium,LEGITIMATE,
TICKET_000428,2026-09-17 01:02:47,NDM_001304,There is no problem with my account; I need assistance with a payment.,Low,LEGITIMATE,
TICKET_001212,2026-09-13 00:32:14,NDM_001307,There is no problem with my account; I need assistance with a payment.,Medium,LEGITIMATE,
TICKET_001980,2026-09-15 05:43:10,NDM_001308,There was a transaction on my account that I did not make.,High,LEGITIMATE,
TICKET_001275,2026-09-02 23:37:50,NDM_001309,There was a transaction on my account that I did not make.,Low,LEGITIMATE,
TICKET_001529,2026-09-06 21:19:59,NDM_001309,Please help me update my registered mobile number.,Low,LEGITIMATE,
TICKET_001678,2026-09-12 15:34:22,NDM_001309,I am travelling and cannot access my normal device.,Medium,LEGITIMATE,
ATO_TICKET_NDM_001312,2026-09-21 20:23:48,NDM_001312,I noticed a transfer that I do not recognise.,High,ATO,Unauthorised Transaction
TICKET_000208,2026-09-25 17:00:58,NDM_001312,I noticed a transfer that I do not recognise.,High,LEGITIMATE,
ATO_TICKET_NDM_001313,2026-09-16 09:46:26,NDM_001313,I received an OTP that I did not request.,High,ATO,Unauthorised Transaction
TICKET_001790,2026-09-28 03:28:28,NDM_001313,My account is locked after several login attempts.,Low,LEGITIMATE,
TICKET_000149,2026-09-25 14:46:23,NDM_001316,I made this transaction myself but it is showing as pending.,Low,LEGITIMATE,
TICKET_000486,2026-09-17 20:08:37,NDM_001317,My SIM card was replaced and I cannot log in.,Low,LEGITIMATE,
ATO_TICKET_NDM_001317,2026-09-21 07:56:57,NDM_001317,My phone was lost and I need to secure my account.,High,ATO,Unauthorised Transaction
TICKET_001015,2026-09-22 18:22:30,NDM_001317,I received an OTP that I did not request.,High,LEGITIMATE,
ATO_TICKET_NDM_001319,2026-09-25 07:09:42,NDM_001319,There was a transaction on my account that I did not make.,High,ATO,Unauthorised Transaction
ATO_TICKET_NDM_001322,2026-09-28 00:04:20,NDM_001322,I received an OTP that I did not request.,High,ATO,Unauthorised Transaction
ATO_TICKET_NDM_001326,2026-09-22 15:02:49,NDM_001326,My phone was lost and I need to secure my account.,High,ATO,Unauthorised Transaction
ATO_TICKET_NDM_001327,2026-09-29 23:29:46,NDM_001327,I noticed a transfer that I do not recognise.,High,ATO,Unauthorised Transaction
TICKET_001055,2026-09-14 06:11:43,NDM_001328,I noticed a transfer that I do not recognise.,Low,LEGITIMATE,
TICKET_000614,2026-09-28 16:15:03,NDM_001330,I changed my phone and need help accessing my account.,Low,LEGITIMATE,
TICKET_000962,2026-09-07 02:41:11,NDM_001331,My SIM card was replaced and I cannot log in.,Low,LEGITIMATE,
TICKET_001900,2026-09-25 23:39:51,NDM_001331,I made this transaction myself but it is showing as pending.,Medium,LEGITIMATE,
TICKET_000704,2026-09-01 06:59:55,NDM_001333,I noticed a transfer that I do not recognise.,High,LEGITIMATE,
TICKET_001627,2026-09-03 21:44:08,NDM_001334,I am travelling and cannot access my normal device.,Medium,LEGITIMATE,
TICKET_001753,2026-09-27 23:33:20,NDM_001335,Please help me update my registered mobile number.,Low,LEGITIMATE,
ATO_TICKET_NDM_001336,2026-09-27 15:41:17,NDM_001336,My phone was lost and I need to secure my account.,Medium,ATO,Unauthorised Transaction
TICKET_000282,2026-09-30 02:25:43,NDM_001336,Please help me update my registered mobile number.,High,LEGITIMATE,
TICKET_000432,2026-09-24 11:34:35,NDM_001338,There was a transaction on my account that I did not make.,Medium,LEGITIMATE,
ATO_TICKET_NDM_001339,2026-09-23 12:13:12,NDM_001339,My phone was lost and I need to secure my account.,High,ATO,Unauthorised Transaction
TICKET_000439,2026-09-10 02:39:49,NDM_001341,I cannot access my account and my password no longer works.,Medium,LEGITIMATE,
ATO_TICKET_NDM_001341,2026-09-25 11:37:28,NDM_001341,I received an OTP that I did not request.,Medium,ATO,Unauthorised Transaction
ATO_TICKET_NDM_001342,2026-09-12 01:41:28,NDM_001342,My phone was lost and I need to secure my account.,High,ATO,Unauthorised Transaction
TICKET_000423,2026-09-01 12:38:18,NDM_001343,There is no problem with my account; I need assistance with a payment.,Medium,LEGITIMATE,
TICKET_001380,2026-09-13 21:11:27,NDM_001344,There was a transaction on my account that I did not make.,Low,LEGITIMATE,
ATO_TICKET_NDM_001344,2026-09-28 21:06:20,NDM_001344,My SIM card was replaced and I cannot log in.,Medium,ATO,Unauthorised Transaction
TICKET_000336,2026-09-26 04:10:59,NDM_001348,I changed my phone and need help accessing my account.,Low,LEGITIMATE,
TICKET_000629,2026-09-01 14:56:32,NDM_001350,Please help me update my registered mobile number.,Low,LEGITIMATE,
TICKET_000181,2026-09-11 08:59:08,NDM_001361,My SIM card was replaced and I cannot log in.,Low,LEGITIMATE,
TICKET_001810,2026-09-14 02:07:51,NDM_001361,I received an OTP that I did not request.,High,LEGITIMATE,
TICKET_000822,2026-09-19 23:33:11,NDM_001361,I am travelling and cannot access my normal device.,Medium,LEGITIMATE,
TICKET_001559,2026-09-06 17:53:02,NDM_001365,I cannot access my account and my password no longer works.,Medium,LEGITIMATE,
ATO_TICKET_NDM_001366,2026-09-19 12:47:51,NDM_001366,My phone was lost and I need to secure my account.,Medium,ATO,Unauthorised Transaction
TICKET_001822,2026-09-07 03:07:33,NDM_001367,Please help me update my registered mobile number.,Low,LEGITIMATE,
TICKET_000733,2026-09-17 06:49:09,NDM_001367,Please help me update my registered mobile number.,Low,LEGITIMATE,
TICKET_000620,2026-09-29 16:26:22,NDM_001368,There is no problem with my account; I need assistance with a payment.,Low,LEGITIMATE,
ATO_TICKET_NDM_001369,2026-09-26 18:04:15,NDM_001369,I received an OTP that I did not request.,High,ATO,Unauthorised Transaction
TICKET_000841,2026-09-03 00:20:43,NDM_001371,I received an OTP that I did not request.,High,LEGITIMATE,
ATO_TICKET_NDM_001372,2026-09-29 18:09:11,NDM_001372,There was a transaction on my account that I did not make.,High,ATO,Unauthorised Transaction
TICKET_000076,2026-09-18 02:24:37,NDM_001373,I am travelling and cannot access my normal device.,Low,LEGITIMATE,
TICKET_001649,2026-09-03 18:34:03,NDM_001374,There is no problem with my account; I need assistance with a payment.,Low,LEGITIMATE,
ATO_TICKET_NDM_001374,2026-09-27 02:22:30,NDM_001374,I noticed a transfer that I do not recognise.,High,ATO,Unauthorised Transaction
TICKET_000600,2026-09-08 06:55:42,NDM_001375,I made this transaction myself but it is showing as pending.,High,LEGITIMATE,
TICKET_000036,2026-09-11 04:35:24,NDM_001375,My phone was lost and I need to secure my account.,Low,LEGITIMATE,
ATO_TICKET_NDM_001375,2026-09-28 10:00:44,NDM_001375,I received an OTP that I did not request.,High,ATO,Unauthorised Transaction
TICKET_001991,2026-09-11 13:36:29,NDM_001376,I am travelling and cannot access my normal device.,Medium,LEGITIMATE,
TICKET_001644,2026-09-02 03:04:12,NDM_001379,Please help me update my registered mobile number.,Low,LEGITIMATE,
ATO_TICKET_NDM_001381,2026-09-27 20:03:02,NDM_001381,My SIM card was replaced and I cannot log in.,High,ATO,Unauthorised Transaction
ATO_TICKET_NDM_001386,2026-09-28 15:39:27,NDM_001386,I noticed a transfer that I do not recognise.,High,ATO,Unauthorised Transaction
TICKET_001335,2026-09-01 02:57:20,NDM_001388,I changed my phone and need help accessing my account.,Low,LEGITIMATE,
TICKET_001267,2026-09-01 17:14:33,NDM_001388,I cannot access my account and my password no longer works.,Medium,LEGITIMATE,
TICKET_000347,2026-09-20 12:39:49,NDM_001389,I received an OTP that I did not request.,Low,LEGITIMATE,
ATO_TICKET_NDM_001389,2026-09-29 23:57:58,NDM_001389,I received an OTP that I did not request.,High,ATO,Unauthorised Transaction
ATO_TICKET_NDM_001392,2026-09-29 11:18:33,NDM_001392,My phone was lost and I need to secure my account.,High,ATO,Unauthorised Transaction
TICKET_001832,2026-09-27 11:10:38,NDM_001394,I noticed a transfer that I do not recognise.,Medium,LEGITIMATE,
TICKET_000676,2026-09-16 00:37:26,NDM_001395,There was a transaction on my account that I did not make.,High,LEGITIMATE,
TICKET_000103,2026-09-17 20:49:42,NDM_001395,My SIM card was replaced and I cannot log in.,Medium,LEGITIMATE,
ATO_TICKET_NDM_001395,2026-09-28 20:06:27,NDM_001395,There was a transaction on my account that I did not make.,Medium,ATO,Unauthorised Transaction
ATO_TICKET_NDM_001396,2026-09-20 21:19:45,NDM_001396,My SIM card was replaced and I cannot log in.,Medium,ATO,Unauthorised Transaction
TICKET_001179,2026-09-01 18:18:41,NDM_001397,There is no problem with my account; I need assistance with a payment.,Low,LEGITIMATE,
TICKET_000606,2026-09-04 18:54:40,NDM_001400,Please help me update my registered mobile number.,Medium,LEGITIMATE,
TICKET_001309,2026-09-09 06:21:34,NDM_001400,There is no problem with my account; I need assistance with a payment.,Low,LEGITIMATE,
TICKET_001100,2026-09-28 06:55:03,NDM_001400,I noticed a transfer that I do not recognise.,Low,LEGITIMATE,
ATO_TICKET_NDM_001401,2026-09-26 10:12:42,NDM_001401,My SIM card was replaced and I cannot log in.,Medium,ATO,Unauthorised Transaction
TICKET_001535,2026-09-16 14:58:48,NDM_001404,There is no problem with my account; I need assistance with a payment.,Low,LEGITIMATE,
TICKET_000193,2026-09-09 01:40:54,NDM_001405,My account is locked after several login attempts.,Low,LEGITIMATE,
ATO_TICKET_NDM_001406,2026-09-27 08:04:13,NDM_001406,There was a transaction on my account that I did not make.,High,ATO,Unauthorised Transaction
ATO_TICKET_NDM_001407,2026-09-24 22:29:06,NDM_001407,My SIM card was replaced and I cannot log in.,High,ATO,Unauthorised Transaction
TICKET_001846,2026-09-17 07:59:17,NDM_001410,My account is locked after several login attempts.,Medium,LEGITIMATE,
ATO_TICKET_NDM_001411,2026-09-26 20:58:10,NDM_001411,My SIM card was replaced and I cannot log in.,High,ATO,Unauthorised Transaction
TICKET_001619,2026-09-18 02:23:19,NDM_001412,I am travelling and cannot access my normal device.,Low,LEGITIMATE,
TICKET_000607,2026-09-29 18:47:40,NDM_001417,I received an OTP that I did not request.,Low,LEGITIMATE,
ATO_TICKET_NDM_001418,2026-09-23 01:17:27,NDM_001418,There was a transaction on my account that I did not make.,High,ATO,Unauthorised Transaction
TICKET_000407,2026-09-13 20:27:47,NDM_001422,I received an OTP that I did not request.,Low,LEGITIMATE,
TICKET_000030,2026-09-29 08:30:00,NDM_001422,I noticed a transfer that I do not recognise.,Low,LEGITIMATE,
ATO_TICKET_NDM_001426,2026-09-24 08:14:07,NDM_001426,I noticed a transfer that I do not recognise.,High,ATO,Unauthorised Transaction
ATO_TICKET_NDM_001427,2026-09-29 15:20:16,NDM_001427,My SIM card was replaced and I cannot log in.,High,ATO,Unauthorised Transaction
ATO_TICKET_NDM_001428,2026-09-14 02:26:38,NDM_001428,There was a transaction on my account that I did not make.,Medium,ATO,Unauthorised Transaction
TICKET_000492,2026-09-07 04:44:47,NDM_001430,My SIM card was replaced and I cannot log in.,Low,LEGITIMATE,
TICKET_001561,2026-09-17 17:02:05,NDM_001433,I received an OTP that I did not request.,High,LEGITIMATE,
ATO_TICKET_NDM_001433,2026-09-28 19:47:17,NDM_001433,My phone was lost and I need to secure my account.,High,ATO,Unauthorised Transaction
ATO_TICKET_NDM_001434,2026-09-13 19:28:58,NDM_001434,There was a transaction on my account that I did not make.,High,ATO,Unauthorised Transaction
ATO_TICKET_NDM_001435,2026-09-16 03:44:55,NDM_001435,My phone was lost and I need to secure my account.,High,ATO,Unauthorised Transaction
TICKET_000060,2026-09-04 18:09:38,NDM_001443,I received an OTP that I did not request.,Medium,LEGITIMATE,
ATO_TICKET_NDM_001448,2026-09-29 15:45:10,NDM_001448,I noticed a transfer that I do not recognise.,Medium,ATO,Unauthorised Transaction
TICKET_001694,2026-09-08 16:17:32,NDM_001450,My phone was lost and I need to secure my account.,Low,LEGITIMATE,
TICKET_001134,2026-09-20 07:33:33,NDM_001452,I received an OTP that I did not request.,Low,LEGITIMATE,
TICKET_001606,2026-09-16 00:48:00,NDM_001453,My phone was lost and I need to secure my account.,High,LEGITIMATE,
TICKET_000265,2026-09-18 14:04:41,NDM_001453,There was a transaction on my account that I did not make.,Low,LEGITIMATE,
TICKET_001080,2026-09-21 02:39:14,NDM_001454,My phone was lost and I need to secure my account.,Medium,LEGITIMATE,
ATO_TICKET_NDM_001456,2026-09-24 03:16:06,NDM_001456,I noticed a transfer that I do not recognise.,Medium,ATO,Unauthorised Transaction
TICKET_001502,2026-09-02 11:14:08,NDM_001459,I received an OTP that I did not request.,Low,LEGITIMATE,
TICKET_000580,2026-09-16 07:49:29,NDM_001461,My SIM card was replaced and I cannot log in.,Medium,LEGITIMATE,
TICKET_000721,2026-09-15 02:47:51,NDM_001462,I cannot access my account and my password no longer works.,Medium,LEGITIMATE,
TICKET_000829,2026-09-25 17:20:57,NDM_001463,There was a transaction on my account that I did not make.,Low,LEGITIMATE,
ATO_TICKET_NDM_001468,2026-09-26 05:04:36,NDM_001468,My phone was lost and I need to secure my account.,High,ATO,Unauthorised Transaction
ATO_TICKET_NDM_001470,2026-09-29 08:32:55,NDM_001470,I received an OTP that I did not request.,High,ATO,Unauthorised Transaction
TICKET_001061,2026-09-08 17:07:47,NDM_001472,My account is locked after several login attempts.,Low,LEGITIMATE,
ATO_TICKET_NDM_001475,2026-09-23 03:27:02,NDM_001475,My SIM card was replaced and I cannot log in.,Medium,ATO,Unauthorised Transaction
TICKET_000414,2026-09-15 13:13:59,NDM_001476,My account is locked after several login attempts.,High,LEGITIMATE,
TICKET_000656,2026-09-21 02:17:17,NDM_001476,I changed my phone and need help accessing my account.,Low,LEGITIMATE,
TICKET_001000,2026-09-06 13:54:27,NDM_001477,Please help me update my registered mobile number.,Medium,LEGITIMATE,
TICKET_001823,2026-09-27 00:21:41,NDM_001480,I noticed a transfer that I do not recognise.,Low,LEGITIMATE,
TICKET_000159,2026-09-04 11:14:26,NDM_001481,I cannot access my account and my password no longer works.,Medium,LEGITIMATE,
TICKET_001756,2026-09-11 11:15:06,NDM_001482,I changed my phone and need help accessing my account.,Low,LEGITIMATE,
TICKET_000397,2026-09-16 11:13:38,NDM_001483,I am travelling and cannot access my normal device.,Low,LEGITIMATE,
TICKET_001792,2026-09-14 20:50:43,NDM_001486,My SIM card was replaced and I cannot log in.,Medium,LEGITIMATE,
TICKET_001536,2026-09-03 14:43:12,NDM_001488,I changed my phone and need help accessing my account.,High,LEGITIMATE,
ATO_TICKET_NDM_001488,2026-09-30 07:23:42,NDM_001488,My phone was lost and I need to secure my account.,High,ATO,Unauthorised Transaction
TICKET_001794,2026-09-03 04:25:56,NDM_001491,I changed my phone and need help accessing my account.,Low,LEGITIMATE,
TICKET_000742,2026-09-15 01:25:56,NDM_001491,My account is locked after several login attempts.,Low,LEGITIMATE,
TICKET_000425,2026-09-25 10:08:30,NDM_001492,My account is locked after several login attempts.,Medium,LEGITIMATE,
TICKET_001419,2026-09-02 11:58:27,NDM_001494,There was a transaction on my account that I did not make.,Low,LEGITIMATE,
TICKET_001738,2026-09-03 10:18:12,NDM_001494,There is no problem with my account; I need assistance with a payment.,Medium,LEGITIMATE,
ATO_TICKET_NDM_001495,2026-09-27 05:03:52,NDM_001495,There was a transaction on my account that I did not make.,Medium,ATO,Unauthorised Transaction
TICKET_001133,2026-09-28 05:32:28,NDM_001495,I cannot access my account and my password no longer works.,Low,LEGITIMATE,
TICKET_000029,2026-09-03 17:51:22,NDM_001497,I noticed a transfer that I do not recognise.,Medium,LEGITIMATE,
TICKET_000368,2026-09-13 15:32:19,NDM_001497,I cannot access my account and my password no longer works.,Medium,LEGITIMATE,
ATO_TICKET_NDM_001497,2026-09-29 19:38:15,NDM_001497,I noticed a transfer that I do not recognise.,High,ATO,Unauthorised Transaction
TICKET_000826,2026-09-21 19:18:37,NDM_001502,I am travelling and cannot access my normal device.,Low,LEGITIMATE,
ATO_TICKET_NDM_001503,2026-09-30 21:52:55,NDM_001503,My SIM card was replaced and I cannot log in.,High,ATO,Unauthorised Transaction
TICKET_000717,2026-09-26 00:44:04,NDM_001504,There was a transaction on my account that I did not make.,Medium,LEGITIMATE,
ATO_TICKET_NDM_001508,2026-09-30 16:19:58,NDM_001508,My phone was lost and I need to secure my account.,High,ATO,Unauthorised Transaction
TICKET_000177,2026-09-02 01:59:17,NDM_001510,My account is locked after several login attempts.,Low,LEGITIMATE,
TICKET_000703,2026-09-01 19:40:22,NDM_001513,I received an OTP that I did not request.,Medium,LEGITIMATE,
TICKET_000536,2026-09-16 20:31:19,NDM_001513,My account is locked after several login attempts.,Low,LEGITIMATE,
TICKET_000757,2026-09-27 06:59:00,NDM_001513,I cannot access my account and my password no longer works.,High,LEGITIMATE,
TICKET_000681,2026-09-18 08:33:39,NDM_001516,I noticed a transfer that I do not recognise.,Medium,LEGITIMATE,
TICKET_001605,2026-09-05 00:49:01,NDM_001518,I received an OTP that I did not request.,Low,LEGITIMATE,
ATO_TICKET_NDM_001523,2026-09-20 10:01:50,NDM_001523,I received an OTP that I did not request.,Medium,ATO,Unauthorised Transaction
TICKET_001056,2026-09-30 09:25:34,NDM_001523,I received an OTP that I did not request.,Medium,LEGITIMATE,
TICKET_001446,2026-09-08 03:30:43,NDM_001524,I received an OTP that I did not request.,Low,LEGITIMATE,
TICKET_001956,2026-09-21 20:39:46,NDM_001528,I cannot access my account and my password no longer works.,Low,LEGITIMATE,
ATO_TICKET_NDM_001530,2026-09-28 11:44:37,NDM_001530,I received an OTP that I did not request.,High,ATO,Unauthorised Transaction
TICKET_001623,2026-09-06 23:47:16,NDM_001531,I cannot access my account and my password no longer works.,Low,LEGITIMATE,
TICKET_000825,2026-09-05 19:39:31,NDM_001535,My phone was lost and I need to secure my account.,Medium,LEGITIMATE,
TICKET_001628,2026-09-14 13:45:53,NDM_001536,I am travelling and cannot access my normal device.,Medium,LEGITIMATE,
ATO_TICKET_NDM_001537,2026-09-28 06:07:01,NDM_001537,I noticed a transfer that I do not recognise.,Medium,ATO,Unauthorised Transaction
TICKET_000331,2026-09-29 09:14:31,NDM_001543,Please help me update my registered mobile number.,Low,LEGITIMATE,
TICKET_001588,2026-09-29 22:14:17,NDM_001544,My account is locked after several login attempts.,Low,LEGITIMATE,
ATO_TICKET_NDM_001545,2026-09-25 22:19:27,NDM_001545,My SIM card was replaced and I cannot log in.,High,ATO,Unauthorised Transaction
ATO_TICKET_NDM_001546,2026-09-25 18:52:51,NDM_001546,I received an OTP that I did not request.,High,ATO,Unauthorised Transaction
TICKET_001742,2026-09-15 14:42:06,NDM_001547,I noticed a transfer that I do not recognise.,Low,LEGITIMATE,
ATO_TICKET_NDM_001548,2026-09-24 09:04:09,NDM_001548,My phone was lost and I need to secure my account.,High,ATO,Unauthorised Transaction
TICKET_000507,2026-09-18 13:32:22,NDM_001549,I cannot access my account and my password no longer works.,Low,LEGITIMATE,
TICKET_001987,2026-09-13 15:53:06,NDM_001550,Please help me update my registered mobile number.,Low,LEGITIMATE,
TICKET_000258,2026-09-14 11:32:57,NDM_001550,Please help me update my registered mobile number.,Low,LEGITIMATE,
TICKET_000011,2026-09-06 00:29:37,NDM_001551,I changed my phone and need help accessing my account.,Low,LEGITIMATE,
TICKET_000971,2026-09-11 12:26:19,NDM_001552,My account is locked after several login attempts.,Medium,LEGITIMATE,
TICKET_000437,2026-09-20 11:18:23,NDM_001552,I cannot access my account and my password no longer works.,Low,LEGITIMATE,
ATO_TICKET_NDM_001553,2026-09-08 13:57:14,NDM_001553,My SIM card was replaced and I cannot log in.,High,ATO,Unauthorised Transaction
TICKET_001090,2026-09-14 10:35:00,NDM_001554,I cannot access my account and my password no longer works.,Low,LEGITIMATE,
TICKET_001207,2026-09-27 11:50:05,NDM_001558,I received an OTP that I did not request.,Medium,LEGITIMATE,
TICKET_000210,2026-09-11 05:11:34,NDM_001559,I received an OTP that I did not request.,Low,LEGITIMATE,
ATO_TICKET_NDM_001559,2026-09-26 22:22:09,NDM_001559,My phone was lost and I need to secure my account.,High,ATO,Unauthorised Transaction
TICKET_001336,2026-09-26 10:32:11,NDM_001561,There is no problem with my account; I need assistance with a payment.,High,LEGITIMATE,
TICKET_001264,2026-09-04 08:29:30,NDM_001567,I am travelling and cannot access my normal device.,Medium,LEGITIMATE,
ATO_TICKET_NDM_001569,2026-09-26 19:54:33,NDM_001569,My SIM card was replaced and I cannot log in.,High,ATO,Unauthorised Transaction
ATO_TICKET_NDM_001570,2026-09-27 18:56:40,NDM_001570,I received an OTP that I did not request.,High,ATO,Unauthorised Transaction
TICKET_000228,2026-09-03 00:09:20,NDM_001580,My account is locked after several login attempts.,Low,LEGITIMATE,
ATO_TICKET_NDM_001580,2026-09-26 18:59:36,NDM_001580,My SIM card was replaced and I cannot log in.,High,ATO,Unauthorised Transaction
TICKET_001453,2026-09-24 22:53:18,NDM_001587,My SIM card was replaced and I cannot log in.,Medium,LEGITIMATE,
ATO_TICKET_NDM_001589,2026-09-24 02:31:30,NDM_001589,There was a transaction on my account that I did not make.,Medium,ATO,Unauthorised Transaction
TICKET_000574,2026-09-29 11:59:07,NDM_001589,I noticed a transfer that I do not recognise.,Low,LEGITIMATE,
TICKET_000196,2026-09-01 16:15:04,NDM_001590,I changed my phone and need help accessing my account.,Low,LEGITIMATE,
TICKET_001423,2026-09-08 10:04:06,NDM_001590,I am travelling and cannot access my normal device.,Low,LEGITIMATE,
ATO_TICKET_NDM_001590,2026-09-23 15:39:34,NDM_001590,There was a transaction on my account that I did not make.,High,ATO,Unauthorised Transaction
TICKET_000549,2026-09-02 06:38:50,NDM_001591,There is no problem with my account; I need assistance with a payment.,Low,LEGITIMATE,
ATO_TICKET_NDM_001591,2026-09-27 10:30:34,NDM_001591,There was a transaction on my account that I did not make.,Medium,ATO,Unauthorised Transaction
TICKET_001384,2026-09-19 03:41:31,NDM_001592,I changed my phone and need help accessing my account.,Low,LEGITIMATE,
ATO_TICKET_NDM_001592,2026-09-22 17:37:42,NDM_001592,My SIM card was replaced and I cannot log in.,Medium,ATO,Unauthorised Transaction
TICKET_000479,2026-09-01 11:03:57,NDM_001597,My SIM card was replaced and I cannot log in.,Low,LEGITIMATE,
TICKET_000858,2026-09-15 17:36:05,NDM_001598,My SIM card was replaced and I cannot log in.,Low,LEGITIMATE,
TICKET_000716,2026-09-26 09:41:11,NDM_001600,My SIM card was replaced and I cannot log in.,Low,LEGITIMATE,
TICKET_001339,2026-09-18 22:16:07,NDM_001601,I received an OTP that I did not request.,Low,LEGITIMATE,
TICKET_000066,2026-09-01 09:49:42,NDM_001602,I received an OTP that I did not request.,Low,LEGITIMATE,
TICKET_001661,2026-09-25 09:37:20,NDM_001602,My account is locked after several login attempts.,High,LEGITIMATE,
ATO_TICKET_NDM_001604,2026-09-27 23:48:35,NDM_001604,My phone was lost and I need to secure my account.,High,ATO,Unauthorised Transaction
TICKET_000616,2026-09-21 04:51:15,NDM_001614,I noticed a transfer that I do not recognise.,Low,LEGITIMATE,
TICKET_000332,2026-09-21 20:19:00,NDM_001617,My account is locked after several login attempts.,Medium,LEGITIMATE,
TICKET_001670,2026-09-09 09:22:30,NDM_001623,I am travelling and cannot access my normal device.,Medium,LEGITIMATE,
TICKET_000162,2026-09-12 14:56:03,NDM_001623,My SIM card was replaced and I cannot log in.,Low,LEGITIMATE,
TICKET_001782,2026-09-22 22:29:48,NDM_001623,There was a transaction on my account that I did not make.,Low,LEGITIMATE,
TICKET_000322,2026-09-24 00:08:25,NDM_001623,I made this transaction myself but it is showing as pending.,Low,LEGITIMATE,
TICKET_000200,2026-09-27 17:58:23,NDM_001625,I cannot access my account and my password no longer works.,Medium,LEGITIMATE,
ATO_TICKET_NDM_001626,2026-09-29 02:18:08,NDM_001626,My SIM card was replaced and I cannot log in.,High,ATO,Unauthorised Transaction
TICKET_000876,2026-09-18 17:31:39,NDM_001627,My phone was lost and I need to secure my account.,Medium,LEGITIMATE,
TICKET_001140,2026-09-03 13:33:38,NDM_001628,There is no problem with my account; I need assistance with a payment.,High,LEGITIMATE,
TICKET_000035,2026-09-23 06:50:38,NDM_001630,My phone was lost and I need to secure my account.,Low,LEGITIMATE,
TICKET_001485,2026-09-06 07:08:33,NDM_001631,There is no problem with my account; I need assistance with a payment.,Low,LEGITIMATE,
TICKET_001537,2026-09-26 04:53:35,NDM_001631,I made this transaction myself but it is showing as pending.,Low,LEGITIMATE,
TICKET_000575,2026-09-10 23:04:05,NDM_001634,My phone was lost and I need to secure my account.,Low,LEGITIMATE,
TICKET_001881,2026-09-14 21:26:09,NDM_001636,I cannot access my account and my password no longer works.,High,LEGITIMATE,
TICKET_001463,2026-09-02 17:28:15,NDM_001637,I made this transaction myself but it is showing as pending.,Low,LEGITIMATE,
TICKET_001911,2026-09-18 12:17:12,NDM_001641,My SIM card was replaced and I cannot log in.,Medium,LEGITIMATE,
TICKET_000475,2026-09-03 21:46:52,NDM_001643,I noticed a transfer that I do not recognise.,Medium,LEGITIMATE,
TICKET_001607,2026-09-21 21:49:42,NDM_001643,Please help me update my registered mobile number.,Medium,LEGITIMATE,
TICKET_000072,2026-09-07 12:55:58,NDM_001644,I cannot access my account and my password no longer works.,Low,LEGITIMATE,
TICKET_001821,2026-09-07 13:54:54,NDM_001644,I made this transaction myself but it is showing as pending.,Low,LEGITIMATE,
ATO_TICKET_NDM_001644,2026-09-26 23:18:58,NDM_001644,My phone was lost and I need to secure my account.,High,ATO,Unauthorised Transaction
TICKET_001088,2026-09-20 23:24:28,NDM_001645,I received an OTP that I did not request.,Low,LEGITIMATE,
TICKET_001109,2026-09-04 03:46:47,NDM_001646,I changed my phone and need help accessing my account.,Low,LEGITIMATE,
TICKET_001470,2026-09-26 17:16:20,NDM_001649,I cannot access my account and my password no longer works.,Low,LEGITIMATE,
TICKET_000522,2026-09-19 10:21:30,NDM_001652,I am travelling and cannot access my normal device.,Low,LEGITIMATE,
TICKET_000435,2026-09-24 08:40:22,NDM_001652,There is no problem with my account; I need assistance with a payment.,Low,LEGITIMATE,
TICKET_000969,2026-09-18 05:59:57,NDM_001656,There is no problem with my account; I need assistance with a payment.,Low,LEGITIMATE,
TICKET_000132,2026-09-27 10:51:16,NDM_001658,My phone was lost and I need to secure my account.,High,LEGITIMATE,
ATO_TICKET_NDM_001663,2026-09-29 22:23:17,NDM_001663,I received an OTP that I did not request.,High,ATO,Unauthorised Transaction
TICKET_001462,2026-09-17 22:47:35,NDM_001664,I changed my phone and need help accessing my account.,Low,LEGITIMATE,
TICKET_000878,2026-09-14 23:51:14,NDM_001668,My account is locked after several login attempts.,Medium,LEGITIMATE,
TICKET_001396,2026-09-15 20:26:58,NDM_001668,I noticed a transfer that I do not recognise.,Low,LEGITIMATE,
TICKET_001175,2026-09-02 17:22:43,NDM_001669,I made this transaction myself but it is showing as pending.,Low,LEGITIMATE,
TICKET_000225,2026-09-16 18:50:17,NDM_001673,I am travelling and cannot access my normal device.,Low,LEGITIMATE,
ATO_TICKET_NDM_001674,2026-09-30 08:25:44,NDM_001674,I received an OTP that I did not request.,Medium,ATO,Unauthorised Transaction
TICKET_000294,2026-09-29 00:55:23,NDM_001675,There was a transaction on my account that I did not make.,Low,LEGITIMATE,
ATO_TICKET_NDM_001680,2026-09-27 13:30:44,NDM_001680,There was a transaction on my account that I did not make.,High,ATO,Unauthorised Transaction
ATO_TICKET_NDM_001681,2026-09-27 05:58:23,NDM_001681,I received an OTP that I did not request.,High,ATO,Unauthorised Transaction
TICKET_000092,2026-09-17 08:34:32,NDM_001682,My account is locked after several login attempts.,Low,LEGITIMATE,
TICKET_000560,2026-09-25 14:31:31,NDM_001683,My account is locked after several login attempts.,Low,LEGITIMATE,
TICKET_001197,2026-09-20 16:17:57,NDM_001684,My SIM card was replaced and I cannot log in.,Low,LEGITIMATE,
ATO_TICKET_NDM_001685,2026-09-26 03:12:58,NDM_001685,I received an OTP that I did not request.,High,ATO,Unauthorised Transaction
TICKET_000901,2026-09-18 06:46:44,NDM_001686,I cannot access my account and my password no longer works.,Low,LEGITIMATE,
ATO_TICKET_NDM_001686,2026-09-29 12:31:37,NDM_001686,My phone was lost and I need to secure my account.,High,ATO,Unauthorised Transaction
ATO_TICKET_NDM_001688,2026-09-29 21:37:34,NDM_001688,My phone was lost and I need to secure my account.,High,ATO,Unauthorised Transaction
TICKET_000649,2026-09-08 02:03:53,NDM_001691,My account is locked after several login attempts.,Low,LEGITIMATE,
TICKET_001194,2026-09-22 17:37:52,NDM_001691,My account is locked after several login attempts.,Low,LEGITIMATE,
ATO_TICKET_NDM_001692,2026-09-27 04:42:13,NDM_001692,My SIM card was replaced and I cannot log in.,High,ATO,Unauthorised Transaction
TICKET_001490,2026-09-27 11:34:43,NDM_001699,Please help me update my registered mobile number.,Low,LEGITIMATE,
TICKET_001516,2026-09-29 18:26:40,NDM_001701,My account is locked after several login attempts.,Medium,LEGITIMATE,
TICKET_000033,2026-09-06 07:59:29,NDM_001702,I cannot access my account and my password no longer works.,High,LEGITIMATE,
TICKET_000115,2026-09-17 17:38:46,NDM_001704,I changed my phone and need help accessing my account.,Low,LEGITIMATE,
ATO_TICKET_NDM_001705,2026-09-29 04:53:14,NDM_001705,My phone was lost and I need to secure my account.,High,ATO,Unauthorised Transaction
ATO_TICKET_NDM_001709,2026-09-29 21:43:33,NDM_001709,There was a transaction on my account that I did not make.,High,ATO,Unauthorised Transaction
TICKET_000135,2026-09-04 13:44:57,NDM_001710,I changed my phone and need help accessing my account.,Low,LEGITIMATE,
ATO_TICKET_NDM_001710,2026-09-26 22:01:23,NDM_001710,I received an OTP that I did not request.,High,ATO,Unauthorised Transaction
TICKET_000093,2026-09-29 08:05:53,NDM_001710,My SIM card was replaced and I cannot log in.,Medium,LEGITIMATE,
TICKET_001910,2026-09-19 11:16:06,NDM_001712,My SIM card was replaced and I cannot log in.,Medium,LEGITIMATE,
TICKET_001802,2026-09-29 22:12:55,NDM_001712,I noticed a transfer that I do not recognise.,Low,LEGITIMATE,
ATO_TICKET_NDM_001713,2026-09-28 17:48:15,NDM_001713,There was a transaction on my account that I did not make.,High,ATO,Unauthorised Transaction
ATO_TICKET_NDM_001714,2026-09-08 17:03:13,NDM_001714,My SIM card was replaced and I cannot log in.,High,ATO,Unauthorised Transaction
TICKET_000855,2026-09-29 22:20:30,NDM_001716,I am travelling and cannot access my normal device.,Low,LEGITIMATE,
TICKET_001043,2026-09-04 10:48:52,NDM_001717,I made this transaction myself but it is showing as pending.,High,LEGITIMATE,
TICKET_001974,2026-09-08 04:44:15,NDM_001718,I made this transaction myself but it is showing as pending.,Medium,LEGITIMATE,
TICKET_001632,2026-09-27 22:24:34,NDM_001719,I am travelling and cannot access my normal device.,Medium,LEGITIMATE,
ATO_TICKET_NDM_001720,2026-09-17 01:03:23,NDM_001720,My phone was lost and I need to secure my account.,Medium,ATO,Unauthorised Transaction
TICKET_001597,2026-09-21 05:25:43,NDM_001720,I changed my phone and need help accessing my account.,Medium,LEGITIMATE,
ATO_TICKET_NDM_001721,2026-09-13 03:53:58,NDM_001721,I received an OTP that I did not request.,High,ATO,Unauthorised Transaction
ATO_TICKET_NDM_001722,2026-09-26 03:24:19,NDM_001722,My phone was lost and I need to secure my account.,High,ATO,Unauthorised Transaction
TICKET_001688,2026-09-27 04:48:01,NDM_001722,My account is locked after several login attempts.,Medium,LEGITIMATE,
TICKET_001684,2026-09-26 10:43:07,NDM_001723,I received an OTP that I did not request.,Medium,LEGITIMATE,
ATO_TICKET_NDM_001723,2026-09-30 22:21:25,NDM_001723,There was a transaction on my account that I did not make.,High,ATO,Unauthorised Transaction
ATO_TICKET_NDM_001725,2026-09-20 03:36:37,NDM_001725,My SIM card was replaced and I cannot log in.,High,ATO,Unauthorised Transaction
TICKET_001798,2026-09-24 14:10:29,NDM_001725,Please help me update my registered mobile number.,High,LEGITIMATE,
ATO_TICKET_NDM_001726,2026-09-26 16:41:52,NDM_001726,There was a transaction on my account that I did not make.,Medium,ATO,Unauthorised Transaction
ATO_TICKET_NDM_001728,2026-09-29 22:36:06,NDM_001728,My SIM card was replaced and I cannot log in.,High,ATO,Unauthorised Transaction
ATO_TICKET_NDM_001729,2026-09-17 10:44:20,NDM_001729,I noticed a transfer that I do not recognise.,High,ATO,Unauthorised Transaction
TICKET_001599,2026-09-25 21:46:00,NDM_001730,I made this transaction myself but it is showing as pending.,Low,LEGITIMATE,
ATO_TICKET_NDM_001731,2026-09-29 14:52:11,NDM_001731,I received an OTP that I did not request.,High,ATO,Unauthorised Transaction
TICKET_000933,2026-09-14 11:55:12,NDM_001733,I changed my phone and need help accessing my account.,High,LEGITIMATE,
ATO_TICKET_NDM_001733,2026-09-22 14:35:28,NDM_001733,There was a transaction on my account that I did not make.,High,ATO,Unauthorised Transaction
TICKET_001571,2026-09-29 02:42:15,NDM_001736,I am travelling and cannot access my normal device.,Low,LEGITIMATE,
ATO_TICKET_NDM_001736,2026-09-30 11:40:26,NDM_001736,I received an OTP that I did not request.,High,ATO,Unauthorised Transaction
TICKET_001039,2026-09-27 12:47:16,NDM_001737,My account is locked after several login attempts.,Low,LEGITIMATE,
ATO_TICKET_NDM_001739,2026-09-17 18:21:23,NDM_001739,My phone was lost and I need to secure my account.,High,ATO,Unauthorised Transaction
TICKET_001778,2026-09-17 16:41:55,NDM_001740,I received an OTP that I did not request.,Low,LEGITIMATE,
TICKET_001416,2026-09-04 12:50:10,NDM_001741,There is no problem with my account; I need assistance with a payment.,High,LEGITIMATE,
TICKET_000349,2026-09-20 13:13:24,NDM_001741,I received an OTP that I did not request.,Low,LEGITIMATE,
ATO_TICKET_NDM_001741,2026-09-22 09:09:53,NDM_001741,My SIM card was replaced and I cannot log in.,High,ATO,Unauthorised Transaction
TICKET_001630,2026-09-23 15:28:32,NDM_001741,I cannot access my account and my password no longer works.,Low,LEGITIMATE,
TICKET_000367,2026-09-16 14:08:26,NDM_001742,I received an OTP that I did not request.,Low,LEGITIMATE,
TICKET_000467,2026-09-25 05:03:48,NDM_001742,I am travelling and cannot access my normal device.,Low,LEGITIMATE,
TICKET_001350,2026-09-30 15:15:54,NDM_001742,I changed my phone and need help accessing my account.,Low,LEGITIMATE,
TICKET_001583,2026-09-30 16:00:31,NDM_001743,There was a transaction on my account that I did not make.,Low,LEGITIMATE,
ATO_TICKET_NDM_001744,2026-09-21 06:13:53,NDM_001744,My SIM card was replaced and I cannot log in.,High,ATO,Unauthorised Transaction
TICKET_001511,2026-09-21 17:34:53,NDM_001744,I am travelling and cannot access my normal device.,Low,LEGITIMATE,
TICKET_000869,2026-09-17 05:21:58,NDM_001745,My account is locked after several login attempts.,High,LEGITIMATE,
TICKET_001037,2026-09-15 20:22:24,NDM_001748,I noticed a transfer that I do not recognise.,Low,LEGITIMATE,
TICKET_000800,2026-09-20 11:31:50,NDM_001748,I noticed a transfer that I do not recognise.,High,LEGITIMATE,
TICKET_000668,2026-09-18 00:29:28,NDM_001749,I noticed a transfer that I do not recognise.,Low,LEGITIMATE,
ATO_TICKET_NDM_001749,2026-09-30 09:28:48,NDM_001749,I received an OTP that I did not request.,Medium,ATO,Unauthorised Transaction
TICKET_001152,2026-09-17 01:26:09,NDM_001753,Please help me update my registered mobile number.,Low,LEGITIMATE,
TICKET_000707,2026-09-26 11:36:11,NDM_001756,I made this transaction myself but it is showing as pending.,Low,LEGITIMATE,
ATO_TICKET_NDM_001756,2026-09-29 16:37:25,NDM_001756,I noticed a transfer that I do not recognise.,High,ATO,Unauthorised Transaction
TICKET_001787,2026-09-18 01:11:15,NDM_001759,I changed my phone and need help accessing my account.,Low,LEGITIMATE,
ATO_TICKET_NDM_001759,2026-09-27 07:36:51,NDM_001759,My SIM card was replaced and I cannot log in.,High,ATO,Unauthorised Transaction
TICKET_001540,2026-09-03 02:00:24,NDM_001762,Please help me update my registered mobile number.,Low,LEGITIMATE,
ATO_TICKET_NDM_001763,2026-09-21 22:53:32,NDM_001763,My phone was lost and I need to secure my account.,Medium,ATO,Unauthorised Transaction
ATO_TICKET_NDM_001764,2026-09-29 09:22:19,NDM_001764,My SIM card was replaced and I cannot log in.,High,ATO,Unauthorised Transaction
TICKET_001365,2026-09-15 11:36:59,NDM_001765,I cannot access my account and my password no longer works.,Low,LEGITIMATE,
TICKET_001624,2026-09-26 03:15:08,NDM_001767,I am travelling and cannot access my normal device.,Low,LEGITIMATE,
ATO_TICKET_NDM_001767,2026-09-29 22:10:55,NDM_001767,I noticed a transfer that I do not recognise.,Medium,ATO,Unauthorised Transaction
TICKET_000293,2026-09-04 11:25:46,NDM_001768,There is no problem with my account; I need assistance with a payment.,Low,LEGITIMATE,
TICKET_000323,2026-09-11 19:51:17,NDM_001768,My SIM card was replaced and I cannot log in.,Low,LEGITIMATE,
ATO_TICKET_NDM_001769,2026-09-28 00:38:50,NDM_001769,My phone was lost and I need to secure my account.,High,ATO,Unauthorised Transaction
TICKET_000320,2026-09-04 17:01:34,NDM_001773,My phone was lost and I need to secure my account.,Medium,LEGITIMATE,
TICKET_000689,2026-09-14 19:27:05,NDM_001774,There was a transaction on my account that I did not make.,Low,LEGITIMATE,
TICKET_000995,2026-09-18 02:12:11,NDM_001774,There is no problem with my account; I need assistance with a payment.,High,LEGITIMATE,
ATO_TICKET_NDM_001774,2026-09-22 06:09:32,NDM_001774,I received an OTP that I did not request.,High,ATO,Unauthorised Transaction
ATO_TICKET_NDM_001775,2026-09-27 14:38:01,NDM_001775,There was a transaction on my account that I did not make.,High,ATO,Unauthorised Transaction
ATO_TICKET_NDM_001782,2026-09-26 13:27:17,NDM_001782,I noticed a transfer that I do not recognise.,High,ATO,Unauthorised Transaction
TICKET_001170,2026-09-12 08:29:33,NDM_001783,I am travelling and cannot access my normal device.,Low,LEGITIMATE,
TICKET_001019,2026-09-16 12:33:25,NDM_001784,Please help me update my registered mobile number.,Low,LEGITIMATE,
ATO_TICKET_NDM_001784,2026-09-25 03:25:16,NDM_001784,I noticed a transfer that I do not recognise.,High,ATO,Unauthorised Transaction
TICKET_000984,2026-09-26 22:02:24,NDM_001785,I noticed a transfer that I do not recognise.,Medium,LEGITIMATE,
TICKET_001360,2026-09-03 02:11:56,NDM_001786,I am travelling and cannot access my normal device.,Low,LEGITIMATE,
TICKET_001829,2026-09-28 21:31:54,NDM_001787,My account is locked after several login attempts.,Medium,LEGITIMATE,
ATO_TICKET_NDM_001789,2026-09-25 06:40:30,NDM_001789,My SIM card was replaced and I cannot log in.,Medium,ATO,Unauthorised Transaction
ATO_TICKET_NDM_001792,2026-09-28 00:45:20,NDM_001792,There was a transaction on my account that I did not make.,High,ATO,Unauthorised Transaction
TICKET_001806,2026-09-30 08:03:16,NDM_001801,Please help me update my registered mobile number.,Low,LEGITIMATE,
ATO_TICKET_NDM_001802,2026-09-30 06:43:57,NDM_001802,My SIM card was replaced and I cannot log in.,Medium,ATO,Unauthorised Transaction
TICKET_000172,2026-09-20 07:05:54,NDM_001805,I am travelling and cannot access my normal device.,Medium,LEGITIMATE,
TICKET_001557,2026-09-17 03:33:34,NDM_001806,My SIM card was replaced and I cannot log in.,Medium,LEGITIMATE,
TICKET_000231,2026-09-03 14:18:06,NDM_001809,There was a transaction on my account that I did not make.,Medium,LEGITIMATE,
TICKET_001718,2026-09-28 21:27:40,NDM_001811,Please help me update my registered mobile number.,Low,LEGITIMATE,
ATO_TICKET_NDM_001812,2026-09-23 03:15:37,NDM_001812,My phone was lost and I need to secure my account.,High,ATO,Unauthorised Transaction
TICKET_001053,2026-09-05 04:23:33,NDM_001814,My SIM card was replaced and I cannot log in.,Low,LEGITIMATE,
TICKET_000662,2026-09-12 20:23:18,NDM_001818,My SIM card was replaced and I cannot log in.,Low,LEGITIMATE,
TICKET_001238,2026-09-19 09:43:25,NDM_001820,I made this transaction myself but it is showing as pending.,Low,LEGITIMATE,
TICKET_000311,2026-09-09 13:43:19,NDM_001821,I noticed a transfer that I do not recognise.,Medium,LEGITIMATE,
TICKET_001692,2026-09-05 18:44:43,NDM_001823,I made this transaction myself but it is showing as pending.,Low,LEGITIMATE,
TICKET_001570,2026-09-12 06:20:33,NDM_001824,Please help me update my registered mobile number.,Low,LEGITIMATE,
TICKET_000942,2026-09-06 22:20:28,NDM_001826,There was a transaction on my account that I did not make.,Medium,LEGITIMATE,
TICKET_001002,2026-09-02 02:40:37,NDM_001828,My phone was lost and I need to secure my account.,Medium,LEGITIMATE,
TICKET_001121,2026-09-15 01:11:06,NDM_001828,I received an OTP that I did not request.,Medium,LEGITIMATE,
TICKET_001381,2026-09-15 21:41:51,NDM_001828,I received an OTP that I did not request.,Medium,LEGITIMATE,
TICKET_000403,2026-09-02 08:59:44,NDM_001830,My phone was lost and I need to secure my account.,Low,LEGITIMATE,
TICKET_001059,2026-09-04 14:58:27,NDM_001833,I received an OTP that I did not request.,Low,LEGITIMATE,
TICKET_001035,2026-09-15 13:37:12,NDM_001833,I made this transaction myself but it is showing as pending.,Low,LEGITIMATE,
TICKET_000943,2026-09-29 18:45:19,NDM_001836,I noticed a transfer that I do not recognise.,Low,LEGITIMATE,
ATO_TICKET_NDM_001837,2026-09-28 18:22:23,NDM_001837,My SIM card was replaced and I cannot log in.,Medium,ATO,Unauthorised Transaction
TICKET_000637,2026-09-03 02:01:04,NDM_001838,There is no problem with my account; I need assistance with a payment.,Medium,LEGITIMATE,
TICKET_000983,2026-09-23 07:31:29,NDM_001841,I cannot access my account and my password no longer works.,Low,LEGITIMATE,
ATO_TICKET_NDM_001843,2026-09-29 10:26:03,NDM_001843,I received an OTP that I did not request.,High,ATO,Unauthorised Transaction
TICKET_000737,2026-09-09 12:30:42,NDM_001844,I changed my phone and need help accessing my account.,Medium,LEGITIMATE,
ATO_TICKET_NDM_001847,2026-09-19 21:35:06,NDM_001847,I received an OTP that I did not request.,High,ATO,Unauthorised Transaction
TICKET_001590,2026-09-17 03:39:00,NDM_001848,My phone was lost and I need to secure my account.,Low,LEGITIMATE,
ATO_TICKET_NDM_001850,2026-09-30 05:48:27,NDM_001850,My phone was lost and I need to secure my account.,High,ATO,Unauthorised Transaction
TICKET_000300,2026-09-24 08:33:17,NDM_001851,I made this transaction myself but it is showing as pending.,Low,LEGITIMATE,
TICKET_001261,2026-09-29 05:48:20,NDM_001853,I changed my phone and need help accessing my account.,Low,LEGITIMATE,
TICKET_000327,2026-09-29 14:31:10,NDM_001853,I received an OTP that I did not request.,Medium,LEGITIMATE,
TICKET_000920,2026-09-04 19:08:16,NDM_001855,There was a transaction on my account that I did not make.,Low,LEGITIMATE,
TICKET_000879,2026-09-22 02:53:39,NDM_001856,I received an OTP that I did not request.,Low,LEGITIMATE,
TICKET_001239,2026-09-28 07:35:44,NDM_001856,I received an OTP that I did not request.,Medium,LEGITIMATE,
TICKET_001768,2026-09-16 10:56:50,NDM_001858,I cannot access my account and my password no longer works.,High,LEGITIMATE,
TICKET_000804,2026-09-24 04:02:34,NDM_001858,There was a transaction on my account that I did not make.,Medium,LEGITIMATE,
TICKET_000862,2026-09-28 08:45:26,NDM_001858,There was a transaction on my account that I did not make.,Low,LEGITIMATE,
TICKET_001373,2026-09-22 00:04:19,NDM_001863,My SIM card was replaced and I cannot log in.,Medium,LEGITIMATE,
ATO_TICKET_NDM_001864,2026-09-27 12:31:09,NDM_001864,There was a transaction on my account that I did not make.,High,ATO,Unauthorised Transaction
TICKET_000618,2026-09-14 02:41:21,NDM_001865,I cannot access my account and my password no longer works.,High,LEGITIMATE,
TICKET_001791,2026-09-07 03:20:30,NDM_001867,My phone was lost and I need to secure my account.,Low,LEGITIMATE,
ATO_TICKET_NDM_001867,2026-09-26 19:26:55,NDM_001867,My SIM card was replaced and I cannot log in.,Medium,ATO,Unauthorised Transaction
TICKET_001330,2026-09-03 21:52:49,NDM_001872,My SIM card was replaced and I cannot log in.,Low,LEGITIMATE,
ATO_TICKET_NDM_001873,2026-09-28 01:17:46,NDM_001873,My SIM card was replaced and I cannot log in.,High,ATO,Unauthorised Transaction
ATO_TICKET_NDM_001874,2026-09-26 01:44:51,NDM_001874,I noticed a transfer that I do not recognise.,High,ATO,Unauthorised Transaction
TICKET_000888,2026-09-10 09:45:52,NDM_001875,My account is locked after several login attempts.,High,LEGITIMATE,
TICKET_000015,2026-09-09 10:25:05,NDM_001876,There is no problem with my account; I need assistance with a payment.,Low,LEGITIMATE,
ATO_TICKET_NDM_001877,2026-09-26 00:16:47,NDM_001877,There was a transaction on my account that I did not make.,High,ATO,Unauthorised Transaction
ATO_TICKET_NDM_001884,2026-09-20 14:55:24,NDM_001884,My phone was lost and I need to secure my account.,High,ATO,Unauthorised Transaction
TICKET_001196,2026-09-17 02:15:24,NDM_001885,I received an OTP that I did not request.,Low,LEGITIMATE,
TICKET_000946,2026-09-16 18:46:17,NDM_001886,My phone was lost and I need to secure my account.,Low,LEGITIMATE,
ATO_TICKET_NDM_001888,2026-09-24 03:55:32,NDM_001888,There was a transaction on my account that I did not make.,High,ATO,Unauthorised Transaction
TICKET_001487,2026-09-24 14:15:49,NDM_001888,There was a transaction on my account that I did not make.,Medium,LEGITIMATE,
TICKET_000511,2026-09-06 09:29:52,NDM_001889,I changed my phone and need help accessing my account.,Medium,LEGITIMATE,
TICKET_000997,2026-09-19 22:58:20,NDM_001890,My account is locked after several login attempts.,Low,LEGITIMATE,
TICKET_000253,2026-09-08 19:57:58,NDM_001892,There was a transaction on my account that I did not make.,Low,LEGITIMATE,
TICKET_000697,2026-09-09 10:55:35,NDM_001892,I changed my phone and need help accessing my account.,Medium,LEGITIMATE,
TICKET_000622,2026-09-06 16:12:38,NDM_001893,I received an OTP that I did not request.,Low,LEGITIMATE,
ATO_TICKET_NDM_001893,2026-09-23 22:33:11,NDM_001893,My phone was lost and I need to secure my account.,High,ATO,Unauthorised Transaction
ATO_TICKET_NDM_001895,2026-09-17 09:26:31,NDM_001895,My phone was lost and I need to secure my account.,Medium,ATO,Unauthorised Transaction
TICKET_000821,2026-09-24 16:21:22,NDM_001895,I received an OTP that I did not request.,Low,LEGITIMATE,
ATO_TICKET_NDM_001899,2026-09-30 06:51:25,NDM_001899,There was a transaction on my account that I did not make.,High,ATO,Unauthorised Transaction
TICKET_001524,2026-09-30 17:15:38,NDM_001899,I changed my phone and need help accessing my account.,Low,LEGITIMATE,
TICKET_001764,2026-09-03 23:28:14,NDM_001900,I cannot access my account and my password no longer works.,Low,LEGITIMATE,
TICKET_000104,2026-09-07 16:27:50,NDM_001900,I am travelling and cannot access my normal device.,Medium,LEGITIMATE,
TICKET_000482,2026-09-07 18:38:00,NDM_001904,There is no problem with my account; I need assistance with a payment.,Low,LEGITIMATE,
TICKET_001491,2026-09-13 14:35:24,NDM_001910,My phone was lost and I need to secure my account.,Medium,LEGITIMATE,
ATO_TICKET_NDM_001912,2026-09-24 09:07:09,NDM_001912,My phone was lost and I need to secure my account.,High,ATO,Unauthorised Transaction
TICKET_000201,2026-09-23 00:42:17,NDM_001914,There was a transaction on my account that I did not make.,Low,LEGITIMATE,
TICKET_001634,2026-09-18 11:36:07,NDM_001915,There was a transaction on my account that I did not make.,Medium,LEGITIMATE,
TICKET_000691,2026-09-07 20:24:30,NDM_001917,There was a transaction on my account that I did not make.,Low,LEGITIMATE,
ATO_TICKET_NDM_001917,2026-09-29 22:21:26,NDM_001917,I noticed a transfer that I do not recognise.,High,ATO,Unauthorised Transaction
TICKET_001674,2026-09-25 05:40:15,NDM_001919,I made this transaction myself but it is showing as pending.,Medium,LEGITIMATE,
TICKET_000530,2026-09-12 15:32:33,NDM_001920,There was a transaction on my account that I did not make.,Medium,LEGITIMATE,
ATO_TICKET_NDM_001920,2026-09-26 14:38:27,NDM_001920,I noticed a transfer that I do not recognise.,Medium,ATO,Unauthorised Transaction
TICKET_000256,2026-09-25 07:48:42,NDM_001921,I changed my phone and need help accessing my account.,Low,LEGITIMATE,
TICKET_001296,2026-09-15 14:24:07,NDM_001922,I cannot access my account and my password no longer works.,Medium,LEGITIMATE,
TICKET_000241,2026-09-09 02:12:57,NDM_001925,My SIM card was replaced and I cannot log in.,Medium,LEGITIMATE,
TICKET_001838,2026-09-13 02:06:04,NDM_001926,I made this transaction myself but it is showing as pending.,High,LEGITIMATE,
TICKET_001415,2026-09-16 15:36:47,NDM_001930,I received an OTP that I did not request.,Low,LEGITIMATE,
ATO_TICKET_NDM_001930,2026-09-24 18:26:42,NDM_001930,My phone was lost and I need to secure my account.,Medium,ATO,Unauthorised Transaction
ATO_TICKET_NDM_001933,2026-09-29 21:57:35,NDM_001933,My SIM card was replaced and I cannot log in.,High,ATO,Unauthorised Transaction
ATO_TICKET_NDM_001935,2026-09-18 11:56:35,NDM_001935,I received an OTP that I did not request.,High,ATO,Unauthorised Transaction
TICKET_000478,2026-09-18 01:29:00,NDM_001938,My phone was lost and I need to secure my account.,Low,LEGITIMATE,
ATO_TICKET_NDM_001938,2026-09-18 02:11:45,NDM_001938,I noticed a transfer that I do not recognise.,High,ATO,Unauthorised Transaction
TICKET_000875,2026-09-30 05:12:19,NDM_001939,There was a transaction on my account that I did not make.,High,LEGITIMATE,
TICKET_001417,2026-09-23 16:57:31,NDM_001941,My account is locked after several login attempts.,High,LEGITIMATE,
ATO_TICKET_NDM_001942,2026-09-28 18:23:47,NDM_001942,My phone was lost and I need to secure my account.,High,ATO,Unauthorised Transaction
TICKET_001735,2026-09-14 21:37:52,NDM_001943,Please help me update my registered mobile number.,Medium,LEGITIMATE,
TICKET_000080,2026-09-20 15:49:13,NDM_001945,I received an OTP that I did not request.,Low,LEGITIMATE,
TICKET_000089,2026-09-09 22:05:01,NDM_001949,There was a transaction on my account that I did not make.,Low,LEGITIMATE,
TICKET_001691,2026-09-12 17:56:47,NDM_001949,I am travelling and cannot access my normal device.,Low,LEGITIMATE,
TICKET_001473,2026-09-23 03:02:30,NDM_001949,My SIM card was replaced and I cannot log in.,Medium,LEGITIMATE,
ATO_TICKET_NDM_001951,2026-09-16 12:15:06,NDM_001951,My SIM card was replaced and I cannot log in.,High,ATO,Unauthorised Transaction
ATO_TICKET_NDM_001953,2026-09-28 14:38:02,NDM_001953,My SIM card was replaced and I cannot log in.,Medium,ATO,Unauthorised Transaction
TICKET_001398,2026-09-07 20:31:09,NDM_001955,There was a transaction on my account that I did not make.,Medium,LEGITIMATE,
ATO_TICKET_NDM_001957,2026-09-30 19:46:10,NDM_001957,My phone was lost and I need to secure my account.,Medium,ATO,Unauthorised Transaction
ATO_TICKET_NDM_001959,2026-09-18 14:53:40,NDM_001959,My SIM card was replaced and I cannot log in.,High,ATO,Unauthorised Transaction
TICKET_001113,2026-09-12 06:21:48,NDM_001960,There is no problem with my account; I need assistance with a payment.,Low,LEGITIMATE,
TICKET_000577,2026-09-19 04:40:59,NDM_001960,I received an OTP that I did not request.,Low,LEGITIMATE,
ATO_TICKET_NDM_001961,2026-09-20 19:32:43,NDM_001961,There was a transaction on my account that I did not make.,High,ATO,Unauthorised Transaction
TICKET_000772,2026-09-10 14:59:53,NDM_001962,My SIM card was replaced and I cannot log in.,Medium,LEGITIMATE,
TICKET_001650,2026-09-11 23:00:36,NDM_001966,My phone was lost and I need to secure my account.,Low,LEGITIMATE,
TICKET_001455,2026-09-01 04:26:29,NDM_001967,I received an OTP that I did not request.,Low,LEGITIMATE,
TICKET_001448,2026-09-17 22:32:11,NDM_001967,I am travelling and cannot access my normal device.,Low,LEGITIMATE,
ATO_TICKET_NDM_001968,2026-09-18 04:14:34,NDM_001968,My SIM card was replaced and I cannot log in.,High,ATO,Unauthorised Transaction
ATO_TICKET_NDM_001969,2026-09-26 19:36:06,NDM_001969,There was a transaction on my account that I did not make.,High,ATO,Unauthorised Transaction
TICKET_000364,2026-09-17 06:41:12,NDM_001972,I made this transaction myself but it is showing as pending.,Medium,LEGITIMATE,
TICKET_000812,2026-09-25 20:16:08,NDM_001972,My account is locked after several login attempts.,Low,LEGITIMATE,
TICKET_000581,2026-09-09 05:04:03,NDM_001973,Please help me update my registered mobile number.,Low,LEGITIMATE,
ATO_TICKET_NDM_001975,2026-09-25 15:29:48,NDM_001975,My phone was lost and I need to secure my account.,High,ATO,Unauthorised Transaction
TICKET_000687,2026-09-06 06:16:39,NDM_001978,I received an OTP that I did not request.,Low,LEGITIMATE,
TICKET_000381,2026-09-26 17:17:29,NDM_001978,My phone was lost and I need to secure my account.,Low,LEGITIMATE,
TICKET_000371,2026-09-05 19:22:25,NDM_001980,I changed my phone and need help accessing my account.,Low,LEGITIMATE,
TICKET_000601,2026-09-07 18:49:29,NDM_001980,I am travelling and cannot access my normal device.,Medium,LEGITIMATE,
TICKET_001874,2026-09-08 03:36:49,NDM_001980,I changed my phone and need help accessing my account.,Low,LEGITIMATE,
TICKET_001975,2026-09-18 01:55:14,NDM_001980,Please help me update my registered mobile number.,Medium,LEGITIMATE,
ATO_TICKET_NDM_001981,2026-09-27 14:11:01,NDM_001981,My phone was lost and I need to secure my account.,High,ATO,Unauthorised Transaction
ATO_TICKET_NDM_001982,2026-09-20 09:23:05,NDM_001982,I received an OTP that I did not request.,Medium,ATO,Unauthorised Transaction
TICKET_000978,2026-09-24 08:27:24,NDM_001982,My phone was lost and I need to secure my account.,Low,LEGITIMATE,
TICKET_001808,2026-09-26 04:10:00,NDM_001983,I received an OTP that I did not request.,Low,LEGITIMATE,
TICKET_001797,2026-09-11 00:30:15,NDM_001984,There is no problem with my account; I need assistance with a payment.,Low,LEGITIMATE,
TICKET_001427,2026-09-05 05:22:47,NDM_001986,I changed my phone and need help accessing my account.,Low,LEGITIMATE,
TICKET_001225,2026-09-21 21:10:17,NDM_001986,My SIM card was replaced and I cannot log in.,Medium,LEGITIMATE,
TICKET_001383,2026-09-06 22:00:43,NDM_001990,My SIM card was replaced and I cannot log in.,Low,LEGITIMATE,
ATO_TICKET_NDM_001991,2026-09-17 23:27:04,NDM_001991,I received an OTP that I did not request.,Medium,ATO,Unauthorised Transaction
TICKET_001916,2026-09-02 16:39:42,NDM_001992,I noticed a transfer that I do not recognise.,High,LEGITIMATE,
TICKET_000930,2026-09-20 11:03:45,NDM_001994,Please help me update my registered mobile number.,Medium,LEGITIMATE,
TICKET_000069,2026-09-23 14:23:17,NDM_001995,There is no problem with my account; I need assistance with a payment.,Low,LEGITIMATE,
TICKET_000827,2026-09-29 20:12:38,NDM_001996,I changed my phone and need help accessing my account.,High,LEGITIMATE,
TICKET_001361,2026-09-10 23:36:20,NDM_001997,My phone was lost and I need to secure my account.,Low,LEGITIMATE,
ATO_TICKET_NDM_001998,2026-09-18 21:42:27,NDM_001998,There was a transaction on my account that I did not make.,High,ATO,Unauthorised Transaction
ATO_TICKET_NDM_001999,2026-09-28 03:58:59,NDM_001999,I noticed a transfer that I do not recognise.,High,ATO,Unauthorised Transaction
TICKET_000883,2026-09-30 11:09:10,NDM_001999,My SIM card was replaced and I cannot log in.,Medium,LEGITIMATE,
ATO_TICKET_NDM_002001,2026-09-25 22:47:04,NDM_002001,I received an OTP that I did not request.,Medium,ATO,Unauthorised Transaction
TICKET_000160,2026-09-04 02:23:53,NDM_002003,I cannot access my account and my password no longer works.,Low,LEGITIMATE,
TICKET_001709,2026-09-24 08:28:33,NDM_002003,I received an OTP that I did not request.,Low,LEGITIMATE,
ATO_TICKET_NDM_002005,2026-09-29 08:39:04,NDM_002005,My phone was lost and I need to secure my account.,High,ATO,Unauthorised Transaction
TICKET_000229,2026-09-28 12:00:19,NDM_002008,My phone was lost and I need to secure my account.,Low,LEGITIMATE,
TICKET_001869,2026-09-09 12:47:14,NDM_002014,There is no problem with my account; I need assistance with a payment.,Low,LEGITIMATE,
TICKET_001161,2026-09-27 20:26:52,NDM_002014,I received an OTP that I did not request.,High,LEGITIMATE,
TICKET_000775,2026-09-01 19:46:33,NDM_002016,My SIM card was replaced and I cannot log in.,Medium,LEGITIMATE,
TICKET_001217,2026-09-25 04:26:38,NDM_002016,I noticed a transfer that I do not recognise.,Medium,LEGITIMATE,
TICKET_001465,2026-09-07 05:57:18,NDM_002017,I cannot access my account and my password no longer works.,Medium,LEGITIMATE,
TICKET_001215,2026-09-26 02:02:54,NDM_002018,Please help me update my registered mobile number.,Medium,LEGITIMATE,
TICKET_000173,2026-09-02 15:52:53,NDM_002022,Please help me update my registered mobile number.,Low,LEGITIMATE,
TICKET_000624,2026-09-10 18:18:17,NDM_002022,My SIM card was replaced and I cannot log in.,Low,LEGITIMATE,
TICKET_000872,2026-09-14 01:07:20,NDM_002023,My account is locked after several login attempts.,Medium,LEGITIMATE,
TICKET_000802,2026-09-29 23:46:26,NDM_002023,I cannot access my account and my password no longer works.,Medium,LEGITIMATE,
TICKET_000663,2026-09-11 09:55:36,NDM_002024,Please help me update my registered mobile number.,Low,LEGITIMATE,
ATO_TICKET_NDM_002026,2026-09-30 13:17:54,NDM_002026,I noticed a transfer that I do not recognise.,High,ATO,Unauthorised Transaction
TICKET_000399,2026-09-02 01:16:25,NDM_002027,There is no problem with my account; I need assistance with a payment.,Low,LEGITIMATE,
ATO_TICKET_NDM_002030,2026-09-16 22:43:28,NDM_002030,There was a transaction on my account that I did not make.,High,ATO,Unauthorised Transaction
TICKET_000057,2026-09-05 17:38:46,NDM_002032,My SIM card was replaced and I cannot log in.,High,LEGITIMATE,
TICKET_000631,2026-09-09 09:22:09,NDM_002035,There is no problem with my account; I need assistance with a payment.,High,LEGITIMATE,
TICKET_000968,2026-09-06 04:24:38,NDM_002038,I made this transaction myself but it is showing as pending.,Low,LEGITIMATE,
ATO_TICKET_NDM_002038,2026-09-25 07:48:11,NDM_002038,I received an OTP that I did not request.,High,ATO,Unauthorised Transaction
TICKET_001251,2026-09-14 18:46:53,NDM_002040,I made this transaction myself but it is showing as pending.,Low,LEGITIMATE,
TICKET_001354,2026-09-07 10:44:07,NDM_002042,There is no problem with my account; I need assistance with a payment.,Low,LEGITIMATE,
TICKET_001625,2026-09-13 13:54:21,NDM_002044,My account is locked after several login attempts.,Low,LEGITIMATE,
TICKET_000556,2026-09-14 20:57:15,NDM_002044,My account is locked after several login attempts.,Low,LEGITIMATE,
TICKET_000186,2026-09-23 07:53:06,NDM_002045,Please help me update my registered mobile number.,Medium,LEGITIMATE,
ATO_TICKET_NDM_002048,2026-09-28 16:07:42,NDM_002048,My phone was lost and I need to secure my account.,High,ATO,Unauthorised Transaction
ATO_TICKET_NDM_002050,2026-09-28 17:39:05,NDM_002050,I noticed a transfer that I do not recognise.,Medium,ATO,Unauthorised Transaction
TICKET_001117,2026-09-21 07:35:10,NDM_002052,My account is locked after several login attempts.,Low,LEGITIMATE,
ATO_TICKET_NDM_002053,2026-09-28 16:45:56,NDM_002053,There was a transaction on my account that I did not make.,High,ATO,Unauthorised Transaction
TICKET_001369,2026-09-16 00:28:57,NDM_002058,I noticed a transfer that I do not recognise.,High,LEGITIMATE,
TICKET_000404,2026-09-15 15:19:57,NDM_002060,There was a transaction on my account that I did not make.,High,LEGITIMATE,
ATO_TICKET_NDM_002065,2026-09-29 06:16:38,NDM_002065,I noticed a transfer that I do not recognise.,High,ATO,Unauthorised Transaction
ATO_TICKET_NDM_002066,2026-09-25 17:52:33,NDM_002066,There was a transaction on my account that I did not make.,High,ATO,Unauthorised Transaction
TICKET_000048,2026-09-22 17:57:12,NDM_002068,I made this transaction myself but it is showing as pending.,High,LEGITIMATE,
TICKET_001600,2026-09-09 13:22:24,NDM_002069,I received an OTP that I did not request.,Low,LEGITIMATE,
TICKET_000044,2026-09-12 23:03:02,NDM_002071,I made this transaction myself but it is showing as pending.,Medium,LEGITIMATE,
ATO_TICKET_NDM_002071,2026-09-27 02:07:43,NDM_002071,I noticed a transfer that I do not recognise.,High,ATO,Unauthorised Transaction
TICKET_001049,2026-09-01 15:47:55,NDM_002073,My phone was lost and I need to secure my account.,Low,LEGITIMATE,
TICKET_000267,2026-09-10 11:45:52,NDM_002073,I changed my phone and need help accessing my account.,Low,LEGITIMATE,
ATO_TICKET_NDM_002075,2026-09-28 21:06:43,NDM_002075,There was a transaction on my account that I did not make.,High,ATO,Unauthorised Transaction
TICKET_001898,2026-09-10 09:20:13,NDM_002076,I made this transaction myself but it is showing as pending.,Low,LEGITIMATE,
TICKET_001276,2026-09-25 07:02:10,NDM_002076,There was a transaction on my account that I did not make.,Low,LEGITIMATE,
TICKET_000916,2026-09-26 06:43:56,NDM_002076,I changed my phone and need help accessing my account.,Low,LEGITIMATE,
TICKET_000887,2026-09-07 05:43:47,NDM_002077,I made this transaction myself but it is showing as pending.,Low,LEGITIMATE,
TICKET_000136,2026-09-18 00:06:20,NDM_002083,There is no problem with my account; I need assistance with a payment.,Low,LEGITIMATE,
ATO_TICKET_NDM_002084,2026-09-28 23:50:16,NDM_002084,I received an OTP that I did not request.,Medium,ATO,Unauthorised Transaction
TICKET_000420,2026-09-29 13:54:28,NDM_002084,I noticed a transfer that I do not recognise.,Low,LEGITIMATE,
ATO_TICKET_NDM_002086,2026-09-15 02:26:52,NDM_002086,I noticed a transfer that I do not recognise.,Medium,ATO,Unauthorised Transaction
TICKET_001857,2026-09-12 03:51:36,NDM_002087,I changed my phone and need help accessing my account.,Medium,LEGITIMATE,
ATO_TICKET_NDM_002087,2026-09-20 23:50:59,NDM_002087,My phone was lost and I need to secure my account.,High,ATO,Unauthorised Transaction
TICKET_001060,2026-09-08 11:31:02,NDM_002090,There is no problem with my account; I need assistance with a payment.,High,LEGITIMATE,
ATO_TICKET_NDM_002091,2026-09-16 18:11:59,NDM_002091,I received an OTP that I did not request.,High,ATO,Unauthorised Transaction
ATO_TICKET_NDM_002095,2026-09-22 19:47:39,NDM_002095,I received an OTP that I did not request.,High,ATO,Unauthorised Transaction
TICKET_001482,2026-09-07 19:54:01,NDM_002096,I received an OTP that I did not request.,Low,LEGITIMATE,
TICKET_001371,2026-09-15 20:33:25,NDM_002097,I am travelling and cannot access my normal device.,Low,LEGITIMATE,
ATO_TICKET_NDM_002098,2026-09-21 21:40:05,NDM_002098,I received an OTP that I did not request.,High,ATO,Unauthorised Transaction
TICKET_000794,2026-09-08 23:23:51,NDM_002100,I cannot access my account and my password no longer works.,Low,LEGITIMATE,
TICKET_001033,2026-09-28 11:12:48,NDM_002101,There is no problem with my account; I need assistance with a payment.,Medium,LEGITIMATE,
TICKET_001860,2026-09-06 22:10:02,NDM_002105,I received an OTP that I did not request.,Low,LEGITIMATE,
TICKET_001949,2026-09-15 04:03:10,NDM_002107,I received an OTP that I did not request.,Low,LEGITIMATE,
TICKET_001372,2026-09-09 15:39:04,NDM_002108,I cannot access my account and my password no longer works.,Low,LEGITIMATE,
TICKET_001150,2026-09-29 18:59:57,NDM_002110,I noticed a transfer that I do not recognise.,Low,LEGITIMATE,
TICKET_000280,2026-09-23 00:32:45,NDM_002113,I noticed a transfer that I do not recognise.,Medium,LEGITIMATE,
TICKET_000402,2026-09-08 04:34:27,NDM_002115,I received an OTP that I did not request.,Low,LEGITIMATE,
TICKET_001928,2026-09-17 02:53:00,NDM_002116,There is no problem with my account; I need assistance with a payment.,Medium,LEGITIMATE,
TICKET_000674,2026-09-07 13:36:17,NDM_002120,There was a transaction on my account that I did not make.,Low,LEGITIMATE,
TICKET_001531,2026-09-26 01:09:35,NDM_002120,There is no problem with my account; I need assistance with a payment.,Low,LEGITIMATE,
TICKET_001609,2026-09-29 04:24:12,NDM_002120,Please help me update my registered mobile number.,Low,LEGITIMATE,
TICKET_000771,2026-09-03 00:01:49,NDM_002122,My account is locked after several login attempts.,Low,LEGITIMATE,
ATO_TICKET_NDM_002122,2026-09-28 08:52:14,NDM_002122,My phone was lost and I need to secure my account.,High,ATO,Unauthorised Transaction
TICKET_000498,2026-09-12 18:54:39,NDM_002126,I am travelling and cannot access my normal device.,Low,LEGITIMATE,
TICKET_001065,2026-09-09 11:42:05,NDM_002127,There was a transaction on my account that I did not make.,Medium,LEGITIMATE,
TICKET_000027,2026-09-03 12:38:19,NDM_002129,Please help me update my registered mobile number.,Low,LEGITIMATE,
ATO_TICKET_NDM_002130,2026-09-14 09:50:45,NDM_002130,I received an OTP that I did not request.,High,ATO,Unauthorised Transaction
ATO_TICKET_NDM_002131,2026-09-25 23:26:29,NDM_002131,My phone was lost and I need to secure my account.,High,ATO,Unauthorised Transaction
TICKET_000352,2026-09-06 07:55:01,NDM_002134,There is no problem with my account; I need assistance with a payment.,Medium,LEGITIMATE,
ATO_TICKET_NDM_002134,2026-09-27 03:20:51,NDM_002134,I received an OTP that I did not request.,High,ATO,Unauthorised Transaction
TICKET_001799,2026-09-28 18:05:28,NDM_002134,My phone was lost and I need to secure my account.,Medium,LEGITIMATE,
TICKET_001333,2026-09-10 11:20:27,NDM_002135,I cannot access my account and my password no longer works.,Medium,LEGITIMATE,
TICKET_000101,2026-09-12 07:50:01,NDM_002136,My account is locked after several login attempts.,Medium,LEGITIMATE,
TICKET_001905,2026-09-16 13:40:13,NDM_002137,My SIM card was replaced and I cannot log in.,Low,LEGITIMATE,
TICKET_001921,2026-09-06 15:15:37,NDM_002138,Please help me update my registered mobile number.,Low,LEGITIMATE,
TICKET_001746,2026-09-12 00:46:36,NDM_002138,I noticed a transfer that I do not recognise.,Medium,LEGITIMATE,
ATO_TICKET_NDM_002139,2026-09-30 00:16:26,NDM_002139,My phone was lost and I need to secure my account.,High,ATO,Unauthorised Transaction
ATO_TICKET_NDM_002140,2026-09-29 06:05:12,NDM_002140,There was a transaction on my account that I did not make.,Medium,ATO,Unauthorised Transaction
ATO_TICKET_NDM_002141,2026-09-19 04:37:16,NDM_002141,My SIM card was replaced and I cannot log in.,High,ATO,Unauthorised Transaction
TICKET_001841,2026-09-07 08:39:41,NDM_002143,I am travelling and cannot access my normal device.,Low,LEGITIMATE,
ATO_TICKET_NDM_002143,2026-09-30 10:11:12,NDM_002143,My phone was lost and I need to secure my account.,High,ATO,Unauthorised Transaction
ATO_TICKET_NDM_002144,2026-09-27 08:11:28,NDM_002144,My SIM card was replaced and I cannot log in.,Medium,ATO,Unauthorised Transaction
TICKET_000966,2026-09-21 05:53:18,NDM_002145,There is no problem with my account; I need assistance with a payment.,Low,LEGITIMATE,
TICKET_001990,2026-09-07 20:22:53,NDM_002149,My account is locked after several login attempts.,Low,LEGITIMATE,
TICKET_000491,2026-09-29 20:25:14,NDM_002152,My SIM card was replaced and I cannot log in.,Low,LEGITIMATE,
ATO_TICKET_NDM_002153,2026-09-30 16:53:13,NDM_002153,There was a transaction on my account that I did not make.,High,ATO,Unauthorised Transaction
TICKET_000919,2026-09-14 03:24:31,NDM_002154,There is no problem with my account; I need assistance with a payment.,High,LEGITIMATE,
TICKET_000430,2026-09-23 05:04:46,NDM_002157,I received an OTP that I did not request.,Low,LEGITIMATE,
TICKET_001224,2026-09-02 21:39:07,NDM_002162,I changed my phone and need help accessing my account.,Low,LEGITIMATE,
TICKET_000077,2026-09-24 11:41:10,NDM_002162,I cannot access my account and my password no longer works.,Low,LEGITIMATE,
TICKET_000864,2026-09-17 10:56:36,NDM_002164,Please help me update my registered mobile number.,High,LEGITIMATE,
ATO_TICKET_NDM_002164,2026-09-26 04:42:57,NDM_002164,I received an OTP that I did not request.,High,ATO,Unauthorised Transaction
TICKET_000178,2026-09-19 18:34:32,NDM_002165,I received an OTP that I did not request.,Medium,LEGITIMATE,
ATO_TICKET_NDM_002165,2026-09-25 07:00:04,NDM_002165,My SIM card was replaced and I cannot log in.,High,ATO,Unauthorised Transaction
TICKET_000852,2026-09-09 22:18:07,NDM_002166,My phone was lost and I need to secure my account.,Low,LEGITIMATE,
TICKET_000521,2026-09-01 18:45:58,NDM_002167,My phone was lost and I need to secure my account.,Medium,LEGITIMATE,
ATO_TICKET_NDM_002169,2026-09-30 13:20:21,NDM_002169,There was a transaction on my account that I did not make.,High,ATO,Unauthorised Transaction
TICKET_001235,2026-09-09 01:50:55,NDM_002174,Please help me update my registered mobile number.,Low,LEGITIMATE,
ATO_TICKET_NDM_002177,2026-09-16 08:01:40,NDM_002177,I received an OTP that I did not request.,High,ATO,Unauthorised Transaction
ATO_TICKET_NDM_002181,2026-09-25 11:49:19,NDM_002181,My SIM card was replaced and I cannot log in.,High,ATO,Unauthorised Transaction
TICKET_001901,2026-09-03 13:30:55,NDM_002185,There is no problem with my account; I need assistance with a payment.,Low,LEGITIMATE,
TICKET_001585,2026-09-11 16:33:24,NDM_002185,My SIM card was replaced and I cannot log in.,Low,LEGITIMATE,
TICKET_000109,2026-09-12 01:05:10,NDM_002185,My SIM card was replaced and I cannot log in.,Medium,LEGITIMATE,
TICKET_000251,2026-09-21 23:07:45,NDM_002187,There was a transaction on my account that I did not make.,Low,LEGITIMATE,
TICKET_001136,2026-09-01 08:38:50,NDM_002190,Please help me update my registered mobile number.,Low,LEGITIMATE,
TICKET_001734,2026-09-15 18:15:56,NDM_002190,My SIM card was replaced and I cannot log in.,Low,LEGITIMATE,
ATO_TICKET_NDM_002191,2026-09-26 18:56:31,NDM_002191,My phone was lost and I need to secure my account.,Medium,ATO,Unauthorised Transaction
ATO_TICKET_NDM_002193,2026-09-29 22:15:37,NDM_002193,I received an OTP that I did not request.,High,ATO,Unauthorised Transaction
TICKET_001063,2026-09-28 21:35:35,NDM_002194,I made this transaction myself but it is showing as pending.,Medium,LEGITIMATE,
TICKET_001227,2026-09-28 11:15:18,NDM_002195,There was a transaction on my account that I did not make.,Low,LEGITIMATE,
ATO_TICKET_NDM_002197,2026-09-22 09:31:23,NDM_002197,My SIM card was replaced and I cannot log in.,High,ATO,Unauthorised Transaction
ATO_TICKET_NDM_002200,2026-09-29 12:09:36,NDM_002200,My phone was lost and I need to secure my account.,High,ATO,Unauthorised Transaction
TICKET_001143,2026-09-17 03:07:59,NDM_002201,My phone was lost and I need to secure my account.,Low,LEGITIMATE,
TICKET_001078,2026-09-28 04:39:20,NDM_002202,I received an OTP that I did not request.,Low,LEGITIMATE,
ATO_TICKET_NDM_002205,2026-09-28 12:41:37,NDM_002205,My SIM card was replaced and I cannot log in.,High,ATO,Unauthorised Transaction
ATO_TICKET_NDM_002207,2026-09-29 01:01:09,NDM_002207,I received an OTP that I did not request.,High,ATO,Unauthorised Transaction
TICKET_000126,2026-09-06 11:49:02,NDM_002208,My account is locked after several login attempts.,Medium,LEGITIMATE,
TICKET_001813,2026-09-09 11:06:17,NDM_002208,I noticed a transfer that I do not recognise.,High,LEGITIMATE,
TICKET_000791,2026-09-08 20:11:48,NDM_002210,I made this transaction myself but it is showing as pending.,Low,LEGITIMATE,
TICKET_000412,2026-09-14 05:30:38,NDM_002211,I am travelling and cannot access my normal device.,Medium,LEGITIMATE,
TICKET_000960,2026-09-23 01:58:10,NDM_002212,I am travelling and cannot access my normal device.,Medium,LEGITIMATE,
ATO_TICKET_NDM_002213,2026-09-28 17:44:16,NDM_002213,My SIM card was replaced and I cannot log in.,High,ATO,Unauthorised Transaction
ATO_TICKET_NDM_002216,2026-09-28 19:13:31,NDM_002216,My phone was lost and I need to secure my account.,Medium,ATO,Unauthorised Transaction
TICKET_001719,2026-09-16 02:50:44,NDM_002217,I received an OTP that I did not request.,Low,LEGITIMATE,
ATO_TICKET_NDM_002217,2026-09-30 16:52:32,NDM_002217,I received an OTP that I did not request.,High,ATO,Unauthorised Transaction
TICKET_001250,2026-09-02 22:19:22,NDM_002219,I noticed a transfer that I do not recognise.,Low,LEGITIMATE,
TICKET_000573,2026-09-26 09:24:09,NDM_002219,I made this transaction myself but it is showing as pending.,Low,LEGITIMATE,
ATO_TICKET_NDM_002220,2026-09-21 20:16:50,NDM_002220,My SIM card was replaced and I cannot log in.,High,ATO,Unauthorised Transaction
TICKET_000148,2026-09-03 04:23:27,NDM_002221,I cannot access my account and my password no longer works.,Medium,LEGITIMATE,
ATO_TICKET_NDM_002221,2026-09-26 09:02:45,NDM_002221,I noticed a transfer that I do not recognise.,High,ATO,Unauthorised Transaction
ATO_TICKET_NDM_002222,2026-09-27 23:35:17,NDM_002222,My SIM card was replaced and I cannot log in.,High,ATO,Unauthorised Transaction
TICKET_000684,2026-09-18 04:52:51,NDM_002224,My SIM card was replaced and I cannot log in.,Low,LEGITIMATE,
TICKET_001389,2026-09-19 21:59:34,NDM_002224,There was a transaction on my account that I did not make.,Medium,LEGITIMATE,
ATO_TICKET_NDM_002226,2026-09-27 13:01:30,NDM_002226,I noticed a transfer that I do not recognise.,High,ATO,Unauthorised Transaction
TICKET_001440,2026-09-15 23:36:37,NDM_002227,Please help me update my registered mobile number.,Low,LEGITIMATE,
TICKET_001046,2026-09-08 06:49:03,NDM_002228,My phone was lost and I need to secure my account.,Low,LEGITIMATE,
TICKET_000797,2026-09-16 08:09:52,NDM_002228,My account is locked after several login attempts.,Medium,LEGITIMATE,
ATO_TICKET_NDM_002228,2026-09-27 19:23:54,NDM_002228,My SIM card was replaced and I cannot log in.,High,ATO,Unauthorised Transaction
TICKET_001594,2026-09-29 01:50:53,NDM_002232,My phone was lost and I need to secure my account.,Medium,LEGITIMATE,
TICKET_001433,2026-09-27 03:35:11,NDM_002234,There is no problem with my account; I need assistance with a payment.,High,LEGITIMATE,
TICKET_001189,2026-09-28 23:27:25,NDM_002235,My phone was lost and I need to secure my account.,Low,LEGITIMATE,
TICKET_000318,2026-09-18 22:43:18,NDM_002237,I noticed a transfer that I do not recognise.,Low,LEGITIMATE,
ATO_TICKET_NDM_002237,2026-09-22 01:11:17,NDM_002237,I received an OTP that I did not request.,Medium,ATO,Unauthorised Transaction
TICKET_000718,2026-09-07 14:12:36,NDM_002241,I made this transaction myself but it is showing as pending.,Low,LEGITIMATE,
TICKET_001452,2026-09-03 23:16:52,NDM_002242,I made this transaction myself but it is showing as pending.,Low,LEGITIMATE,
TICKET_000326,2026-09-13 14:25:02,NDM_002242,There is no problem with my account; I need assistance with a payment.,Low,LEGITIMATE,
TICKET_001402,2026-09-26 04:54:53,NDM_002242,There is no problem with my account; I need assistance with a payment.,Low,LEGITIMATE,
TICKET_000436,2026-09-23 21:01:11,NDM_002244,I am travelling and cannot access my normal device.,Low,LEGITIMATE,
TICKET_000003,2026-09-12 20:01:04,NDM_002248,I cannot access my account and my password no longer works.,Low,LEGITIMATE,
TICKET_000086,2026-09-19 10:07:36,NDM_002248,I received an OTP that I did not request.,Low,LEGITIMATE,
TICKET_001917,2026-09-02 08:01:33,NDM_002251,I cannot access my account and my password no longer works.,Low,LEGITIMATE,
ATO_TICKET_NDM_002251,2026-09-18 04:43:48,NDM_002251,There was a transaction on my account that I did not make.,Medium,ATO,Unauthorised Transaction
ATO_TICKET_NDM_002252,2026-09-23 23:08:54,NDM_002252,I noticed a transfer that I do not recognise.,High,ATO,Unauthorised Transaction
TICKET_001202,2026-09-11 05:12:01,NDM_002260,I received an OTP that I did not request.,Low,LEGITIMATE,
ATO_TICKET_NDM_002263,2026-09-21 23:30:20,NDM_002263,I received an OTP that I did not request.,High,ATO,Unauthorised Transaction
ATO_TICKET_NDM_002264,2026-09-26 12:54:17,NDM_002264,My SIM card was replaced and I cannot log in.,High,ATO,Unauthorised Transaction
TICKET_001723,2026-09-03 05:40:07,NDM_002265,I changed my phone and need help accessing my account.,Low,LEGITIMATE,
TICKET_000207,2026-09-20 17:27:16,NDM_002265,I cannot access my account and my password no longer works.,High,LEGITIMATE,
TICKET_001489,2026-09-26 22:20:17,NDM_002265,My SIM card was replaced and I cannot log in.,Medium,LEGITIMATE,
ATO_TICKET_NDM_002272,2026-09-19 12:03:41,NDM_002272,I received an OTP that I did not request.,High,ATO,Unauthorised Transaction
TICKET_000341,2026-09-08 13:27:14,NDM_002276,There is no problem with my account; I need assistance with a payment.,Low,LEGITIMATE,
TICKET_000723,2026-09-13 16:30:24,NDM_002276,I noticed a transfer that I do not recognise.,Low,LEGITIMATE,
ATO_TICKET_NDM_002277,2026-09-14 13:17:53,NDM_002277,I noticed a transfer that I do not recognise.,High,ATO,Unauthorised Transaction
TICKET_001682,2026-09-28 19:30:33,NDM_002278,My account is locked after several login attempts.,Low,LEGITIMATE,
TICKET_000991,2026-09-19 23:31:18,NDM_002279,My SIM card was replaced and I cannot log in.,Low,LEGITIMATE,
TICKET_001439,2026-09-09 20:37:43,NDM_002280,My account is locked after several login attempts.,Low,LEGITIMATE,
ATO_TICKET_NDM_002280,2026-09-25 10:16:33,NDM_002280,My phone was lost and I need to secure my account.,High,ATO,Unauthorised Transaction
TICKET_001690,2026-09-17 10:13:27,NDM_002282,I made this transaction myself but it is showing as pending.,Medium,LEGITIMATE,
ATO_TICKET_NDM_002282,2026-09-20 20:58:14,NDM_002282,I received an OTP that I did not request.,High,ATO,Unauthorised Transaction
TICKET_001732,2026-09-01 01:44:28,NDM_002283,I cannot access my account and my password no longer works.,Low,LEGITIMATE,
TICKET_000040,2026-09-21 06:38:38,NDM_002286,I made this transaction myself but it is showing as pending.,Low,LEGITIMATE,
TICKET_000905,2026-09-09 07:49:43,NDM_002287,My SIM card was replaced and I cannot log in.,Medium,LEGITIMATE,
TICKET_001355,2026-09-22 17:51:32,NDM_002288,I made this transaction myself but it is showing as pending.,High,LEGITIMATE,
TICKET_001745,2026-09-05 06:24:59,NDM_002290,My phone was lost and I need to secure my account.,Low,LEGITIMATE,
TICKET_000468,2026-09-25 00:35:30,NDM_002293,Please help me update my registered mobile number.,Low,LEGITIMATE,
TICKET_000591,2026-09-05 07:24:50,NDM_002296,My account is locked after several login attempts.,Low,LEGITIMATE,
ATO_TICKET_NDM_002296,2026-09-27 14:33:42,NDM_002296,I received an OTP that I did not request.,High,ATO,Unauthorised Transaction
TICKET_000487,2026-09-01 07:27:47,NDM_002297,My SIM card was replaced and I cannot log in.,Low,LEGITIMATE,
ATO_TICKET_NDM_002298,2026-09-29 02:08:16,NDM_002298,I received an OTP that I did not request.,High,ATO,Unauthorised Transaction
TICKET_001435,2026-09-04 02:22:58,NDM_002299,I cannot access my account and my password no longer works.,Low,LEGITIMATE,
TICKET_000298,2026-09-17 18:32:53,NDM_002301,Please help me update my registered mobile number.,Medium,LEGITIMATE,
TICKET_000056,2026-09-17 10:06:14,NDM_002302,I received an OTP that I did not request.,High,LEGITIMATE,
TICKET_000526,2026-09-19 21:59:39,NDM_002305,I noticed a transfer that I do not recognise.,High,LEGITIMATE,
TICKET_000113,2026-09-23 23:17:05,NDM_002306,I received an OTP that I did not request.,Low,LEGITIMATE,
ATO_TICKET_NDM_002306,2026-09-26 01:03:13,NDM_002306,I received an OTP that I did not request.,High,ATO,Unauthorised Transaction
ATO_TICKET_NDM_002307,2026-09-24 23:10:20,NDM_002307,There was a transaction on my account that I did not make.,High,ATO,Unauthorised Transaction
TICKET_000773,2026-09-25 14:17:40,NDM_002307,There is no problem with my account; I need assistance with a payment.,High,LEGITIMATE,
TICKET_001793,2026-09-10 03:50:56,NDM_002308,I am travelling and cannot access my normal device.,Low,LEGITIMATE,
ATO_TICKET_NDM_002309,2026-09-26 08:26:38,NDM_002309,I noticed a transfer that I do not recognise.,High,ATO,Unauthorised Transaction
TICKET_000660,2026-09-02 17:05:02,NDM_002312,There is no problem with my account; I need assistance with a payment.,Medium,LEGITIMATE,
ATO_TICKET_NDM_002312,2026-09-21 14:30:27,NDM_002312,My SIM card was replaced and I cannot log in.,Medium,ATO,Unauthorised Transaction
TICKET_001116,2026-09-20 12:29:43,NDM_002313,My phone was lost and I need to secure my account.,Medium,LEGITIMATE,
ATO_TICKET_NDM_002313,2026-09-24 23:24:47,NDM_002313,My phone was lost and I need to secure my account.,High,ATO,Unauthorised Transaction
ATO_TICKET_NDM_002315,2026-09-22 03:38:46,NDM_002315,I noticed a transfer that I do not recognise.,Medium,ATO,Unauthorised Transaction
TICKET_001842,2026-09-11 10:21:51,NDM_002318,I changed my phone and need help accessing my account.,Medium,LEGITIMATE,
TICKET_001877,2026-09-13 00:30:29,NDM_002318,Please help me update my registered mobile number.,Low,LEGITIMATE,
TICKET_001005,2026-09-24 07:50:37,NDM_002318,Please help me update my registered mobile number.,High,LEGITIMATE,
TICKET_001769,2026-09-25 10:53:08,NDM_002318,There is no problem with my account; I need assistance with a payment.,Low,LEGITIMATE,
ATO_TICKET_NDM_002319,2026-09-30 20:36:00,NDM_002319,My SIM card was replaced and I cannot log in.,High,ATO,Unauthorised Transaction
ATO_TICKET_NDM_002321,2026-09-14 19:18:28,NDM_002321,My phone was lost and I need to secure my account.,High,ATO,Unauthorised Transaction
TICKET_000741,2026-09-11 18:08:28,NDM_002322,I received an OTP that I did not request.,Low,LEGITIMATE,
ATO_TICKET_NDM_002322,2026-09-25 05:03:15,NDM_002322,There was a transaction on my account that I did not make.,High,ATO,Unauthorised Transaction
TICKET_000630,2026-09-06 15:57:15,NDM_002326,My SIM card was replaced and I cannot log in.,Low,LEGITIMATE,
ATO_TICKET_NDM_002327,2026-09-29 06:10:45,NDM_002327,There was a transaction on my account that I did not make.,High,ATO,Unauthorised Transaction
TICKET_001246,2026-09-09 07:55:32,NDM_002331,I cannot access my account and my password no longer works.,Low,LEGITIMATE,
TICKET_000363,2026-09-09 07:29:25,NDM_002343,I am travelling and cannot access my normal device.,Medium,LEGITIMATE,
TICKET_001646,2026-09-27 22:19:34,NDM_002343,My account is locked after several login attempts.,Medium,LEGITIMATE,
ATO_TICKET_NDM_002343,2026-09-28 15:33:37,NDM_002343,My SIM card was replaced and I cannot log in.,High,ATO,Unauthorised Transaction
TICKET_001618,2026-09-11 16:27:36,NDM_002344,I received an OTP that I did not request.,Medium,LEGITIMATE,
TICKET_001839,2026-09-01 04:07:39,NDM_002352,There was a transaction on my account that I did not make.,Medium,LEGITIMATE,
ATO_TICKET_NDM_002352,2026-09-24 00:37:29,NDM_002352,My phone was lost and I need to secure my account.,High,ATO,Unauthorised Transaction
ATO_TICKET_NDM_002354,2026-09-25 14:13:55,NDM_002354,I noticed a transfer that I do not recognise.,High,ATO,Unauthorised Transaction
ATO_TICKET_NDM_002355,2026-09-28 18:02:24,NDM_002355,I received an OTP that I did not request.,High,ATO,Unauthorised Transaction
TICKET_000553,2026-09-26 14:40:44,NDM_002357,There is no problem with my account; I need assistance with a payment.,Medium,LEGITIMATE,
ATO_TICKET_NDM_002358,2026-09-29 07:45:22,NDM_002358,I noticed a transfer that I do not recognise.,Medium,ATO,Unauthorised Transaction
TICKET_000257,2026-09-19 03:46:59,NDM_002359,I made this transaction myself but it is showing as pending.,Low,LEGITIMATE,
TICKET_001099,2026-09-29 17:23:50,NDM_002359,I am travelling and cannot access my normal device.,Low,LEGITIMATE,
TICKET_001595,2026-09-21 17:23:27,NDM_002360,There was a transaction on my account that I did not make.,Low,LEGITIMATE,
ATO_TICKET_NDM_002365,2026-09-29 09:07:04,NDM_002365,There was a transaction on my account that I did not make.,High,ATO,Unauthorised Transaction
TICKET_001085,2026-09-14 08:42:12,NDM_002369,I noticed a transfer that I do not recognise.,High,LEGITIMATE,
TICKET_000393,2026-09-26 20:49:33,NDM_002371,I noticed a transfer that I do not recognise.,Low,LEGITIMATE,
TICKET_000672,2026-09-18 20:46:04,NDM_002372,There is no problem with my account; I need assistance with a payment.,Low,LEGITIMATE,
ATO_TICKET_NDM_002372,2026-09-26 23:22:49,NDM_002372,There was a transaction on my account that I did not make.,High,ATO,Unauthorised Transaction
ATO_TICKET_NDM_002374,2026-09-21 00:38:00,NDM_002374,I received an OTP that I did not request.,High,ATO,Unauthorised Transaction
TICKET_001173,2026-09-21 02:59:59,NDM_002374,I cannot access my account and my password no longer works.,Medium,LEGITIMATE,
TICKET_001426,2026-09-12 09:12:14,NDM_002375,I noticed a transfer that I do not recognise.,Low,LEGITIMATE,
TICKET_000809,2026-09-09 22:11:03,NDM_002377,I am travelling and cannot access my normal device.,Low,LEGITIMATE,
TICKET_001195,2026-09-19 12:21:49,NDM_002377,My phone was lost and I need to secure my account.,Low,LEGITIMATE,
TICKET_001184,2026-09-08 18:36:10,NDM_002379,My phone was lost and I need to secure my account.,Medium,LEGITIMATE,
ATO_TICKET_NDM_002380,2026-09-22 10:51:27,NDM_002380,There was a transaction on my account that I did not make.,High,ATO,Unauthorised Transaction
TICKET_000212,2026-09-10 12:03:18,NDM_002385,I changed my phone and need help accessing my account.,Low,LEGITIMATE,
ATO_TICKET_NDM_002386,2026-09-29 05:17:40,NDM_002386,My phone was lost and I need to secure my account.,High,ATO,Unauthorised Transaction
TICKET_000935,2026-09-01 09:30:56,NDM_002390,My phone was lost and I need to secure my account.,Medium,LEGITIMATE,
TICKET_000996,2026-09-01 21:14:57,NDM_002391,I noticed a transfer that I do not recognise.,Low,LEGITIMATE,
TICKET_000965,2026-09-14 04:34:43,NDM_002394,I received an OTP that I did not request.,Medium,LEGITIMATE,
TICKET_000557,2026-09-06 16:06:56,NDM_002396,My SIM card was replaced and I cannot log in.,Medium,LEGITIMATE,
ATO_TICKET_NDM_002396,2026-09-30 23:27:46,NDM_002396,I received an OTP that I did not request.,High,ATO,Unauthorised Transaction
TICKET_000568,2026-09-25 17:27:19,NDM_002397,I cannot access my account and my password no longer works.,Low,LEGITIMATE,
TICKET_000865,2026-09-26 07:19:28,NDM_002397,There is no problem with my account; I need assistance with a payment.,High,LEGITIMATE,
TICKET_000646,2026-09-05 09:08:57,NDM_002398,Please help me update my registered mobile number.,Low,LEGITIMATE,
TICKET_000221,2026-09-06 22:15:22,NDM_002399,There is no problem with my account; I need assistance with a payment.,Low,LEGITIMATE,
ATO_TICKET_NDM_002401,2026-09-30 05:49:01,NDM_002401,My phone was lost and I need to secure my account.,High,ATO,Unauthorised Transaction
ATO_TICKET_NDM_002403,2026-09-29 17:19:52,NDM_002403,My phone was lost and I need to secure my account.,High,ATO,Unauthorised Transaction
ATO_TICKET_NDM_002407,2026-09-27 12:39:51,NDM_002407,There was a transaction on my account that I did not make.,High,ATO,Unauthorised Transaction
TICKET_001751,2026-09-01 02:00:28,NDM_002408,I am travelling and cannot access my normal device.,Low,LEGITIMATE,
TICKET_000635,2026-09-27 18:34:01,NDM_002408,I noticed a transfer that I do not recognise.,Medium,LEGITIMATE,
ATO_TICKET_NDM_002409,2026-09-21 00:07:24,NDM_002409,I received an OTP that I did not request.,High,ATO,Unauthorised Transaction
TICKET_001971,2026-09-12 07:16:28,NDM_002412,There was a transaction on my account that I did not make.,Low,LEGITIMATE,
TICKET_000808,2026-09-21 02:21:59,NDM_002414,There is no problem with my account; I need assistance with a payment.,Low,LEGITIMATE,
TICKET_002000,2026-09-30 19:13:03,NDM_002414,My SIM card was replaced and I cannot log in.,Medium,LEGITIMATE,
TICKET_000354,2026-09-16 08:50:12,NDM_002415,There was a transaction on my account that I did not make.,Medium,LEGITIMATE,
TICKET_001919,2026-09-01 00:39:01,NDM_002416,My phone was lost and I need to secure my account.,Low,LEGITIMATE,
TICKET_001568,2026-09-29 22:50:23,NDM_002417,Please help me update my registered mobile number.,Low,LEGITIMATE,
ATO_TICKET_NDM_002420,2026-09-25 09:48:05,NDM_002420,My SIM card was replaced and I cannot log in.,High,ATO,Unauthorised Transaction
TICKET_000886,2026-09-20 14:46:18,NDM_002421,Please help me update my registered mobile number.,High,LEGITIMATE,
TICKET_000330,2026-09-20 00:46:41,NDM_002424,There is no problem with my account; I need assistance with a payment.,High,LEGITIMATE,
TICKET_000985,2026-09-22 06:12:43,NDM_002425,There was a transaction on my account that I did not make.,Medium,LEGITIMATE,
TICKET_000240,2026-09-04 16:31:49,NDM_002426,There is no problem with my account; I need assistance with a payment.,High,LEGITIMATE,
ATO_TICKET_NDM_002426,2026-09-22 23:45:30,NDM_002426,I noticed a transfer that I do not recognise.,High,ATO,Unauthorised Transaction
TICKET_001963,2026-09-27 22:29:23,NDM_002429,I noticed a transfer that I do not recognise.,High,LEGITIMATE,
ATO_TICKET_NDM_002429,2026-09-30 09:11:41,NDM_002429,I noticed a transfer that I do not recognise.,High,ATO,Unauthorised Transaction
TICKET_001885,2026-09-23 14:10:20,NDM_002430,I am travelling and cannot access my normal device.,Low,LEGITIMATE,
ATO_TICKET_NDM_002432,2026-09-25 12:06:50,NDM_002432,My phone was lost and I need to secure my account.,High,ATO,Unauthorised Transaction
ATO_TICKET_NDM_002433,2026-09-30 20:36:42,NDM_002433,There was a transaction on my account that I did not make.,High,ATO,Unauthorised Transaction
TICKET_000476,2026-09-08 07:05:04,NDM_002434,I am travelling and cannot access my normal device.,Medium,LEGITIMATE,
TICKET_001890,2026-09-06 18:19:49,NDM_002435,My phone was lost and I need to secure my account.,Medium,LEGITIMATE,
TICKET_001828,2026-09-27 04:33:17,NDM_002435,There was a transaction on my account that I did not make.,Low,LEGITIMATE,
TICKET_001162,2026-09-27 15:31:34,NDM_002436,I made this transaction myself but it is showing as pending.,Low,LEGITIMATE,
ATO_TICKET_NDM_002438,2026-09-23 14:38:34,NDM_002438,I received an OTP that I did not request.,High,ATO,Unauthorised Transaction
ATO_TICKET_NDM_002439,2026-09-29 14:01:01,NDM_002439,I received an OTP that I did not request.,High,ATO,Unauthorised Transaction
TICKET_000075,2026-09-22 20:18:34,NDM_002441,I changed my phone and need help accessing my account.,Medium,LEGITIMATE,
TICKET_000460,2026-09-12 06:45:13,NDM_002442,There is no problem with my account; I need assistance with a payment.,Low,LEGITIMATE,
TICKET_000469,2026-09-25 07:26:12,NDM_002442,There was a transaction on my account that I did not make.,Medium,LEGITIMATE,
ATO_TICKET_NDM_002442,2026-09-29 14:09:43,NDM_002442,I received an OTP that I did not request.,High,ATO,Unauthorised Transaction
ATO_TICKET_NDM_002445,2026-09-30 20:07:49,NDM_002445,My SIM card was replaced and I cannot log in.,High,ATO,Unauthorised Transaction
TICKET_000867,2026-09-27 05:41:28,NDM_002446,Please help me update my registered mobile number.,Low,LEGITIMATE,
TICKET_000906,2026-09-07 18:21:28,NDM_002448,There is no problem with my account; I need assistance with a payment.,Medium,LEGITIMATE,
TICKET_001852,2026-09-27 03:46:22,NDM_002450,I noticed a transfer that I do not recognise.,Low,LEGITIMATE,
TICKET_000732,2026-09-28 21:39:53,NDM_002450,I made this transaction myself but it is showing as pending.,Low,LEGITIMATE,
TICKET_000758,2026-09-13 11:18:47,NDM_002452,There was a transaction on my account that I did not make.,High,LEGITIMATE,
TICKET_001507,2026-09-30 14:27:42,NDM_002453,I am travelling and cannot access my normal device.,Low,LEGITIMATE,
TICKET_000361,2026-09-04 16:27:08,NDM_002457,My phone was lost and I need to secure my account.,Medium,LEGITIMATE,
TICKET_000751,2026-09-18 22:25:17,NDM_002457,There was a transaction on my account that I did not make.,Medium,LEGITIMATE,
ATO_TICKET_NDM_002458,2026-09-30 23:00:35,NDM_002458,I received an OTP that I did not request.,High,ATO,Unauthorised Transaction
TICKET_001400,2026-09-19 22:15:15,NDM_002460,There is no problem with my account; I need assistance with a payment.,Low,LEGITIMATE,
TICKET_000138,2026-09-26 20:54:59,NDM_002460,I am travelling and cannot access my normal device.,Low,LEGITIMATE,
TICKET_001404,2026-09-08 15:33:09,NDM_002466,There was a transaction on my account that I did not make.,High,LEGITIMATE,
TICKET_000664,2026-09-25 19:47:08,NDM_002468,I received an OTP that I did not request.,Low,LEGITIMATE,
ATO_TICKET_NDM_002468,2026-09-27 13:43:43,NDM_002468,My SIM card was replaced and I cannot log in.,High,ATO,Unauthorised Transaction
ATO_TICKET_NDM_002470,2026-09-18 08:00:41,NDM_002470,I received an OTP that I did not request.,High,ATO,Unauthorised Transaction
ATO_TICKET_NDM_002475,2026-09-28 16:12:05,NDM_002475,My phone was lost and I need to secure my account.,High,ATO,Unauthorised Transaction
TICKET_001111,2026-09-01 00:39:03,NDM_002478,My account is locked after several login attempts.,High,LEGITIMATE,
TICKET_000768,2026-09-13 15:38:38,NDM_002478,I received an OTP that I did not request.,Medium,LEGITIMATE,
TICKET_001521,2026-09-30 02:17:19,NDM_002479,There is no problem with my account; I need assistance with a payment.,High,LEGITIMATE,
ATO_TICKET_NDM_002480,2026-09-22 22:08:33,NDM_002480,I received an OTP that I did not request.,High,ATO,Unauthorised Transaction
TICKET_000735,2026-09-28 01:18:43,NDM_002481,I noticed a transfer that I do not recognise.,Low,LEGITIMATE,
TICKET_000611,2026-09-04 23:36:25,NDM_002484,I received an OTP that I did not request.,Low,LEGITIMATE,
TICKET_001048,2026-09-07 15:34:33,NDM_002490,I cannot access my account and my password no longer works.,Medium,LEGITIMATE,
TICKET_000559,2026-09-04 07:41:22,NDM_002491,I changed my phone and need help accessing my account.,Low,LEGITIMATE,
TICKET_001148,2026-09-26 15:53:56,NDM_002491,My account is locked after several login attempts.,Low,LEGITIMATE,
TICKET_000834,2026-09-21 02:42:39,NDM_002494,I changed my phone and need help accessing my account.,Medium,LEGITIMATE,
ATO_TICKET_NDM_002494,2026-09-30 03:59:01,NDM_002494,There was a transaction on my account that I did not make.,High,ATO,Unauthorised Transaction
TICKET_000213,2026-09-30 21:38:00,NDM_002496,I am travelling and cannot access my normal device.,Medium,LEGITIMATE,
ATO_TICKET_NDM_002499,2026-09-25 07:39:38,NDM_002499,My phone was lost and I need to secure my account.,High,ATO,Unauthorised Transaction
TICKET_000766,2026-09-16 11:36:55,NDM_002501,I am travelling and cannot access my normal device.,High,LEGITIMATE,
ATO_TICKET_NDM_002501,2026-09-29 16:41:28,NDM_002501,My SIM card was replaced and I cannot log in.,High,ATO,Unauthorised Transaction
TICKET_001633,2026-09-02 08:27:05,NDM_002502,I cannot access my account and my password no longer works.,High,LEGITIMATE,
TICKET_000083,2026-09-24 22:27:35,NDM_002505,I noticed a transfer that I do not recognise.,High,LEGITIMATE,
TICKET_001639,2026-09-04 12:30:02,NDM_002511,I made this transaction myself but it is showing as pending.,Low,LEGITIMATE,
ATO_TICKET_NDM_002514,2026-09-30 07:25:16,NDM_002514,I noticed a transfer that I do not recognise.,Medium,ATO,Unauthorised Transaction
TICKET_001488,2026-09-30 01:21:53,NDM_002520,I changed my phone and need help accessing my account.,Low,LEGITIMATE,
ATO_TICKET_NDM_002523,2026-09-20 10:42:56,NDM_002523,I noticed a transfer that I do not recognise.,High,ATO,Unauthorised Transaction
TICKET_000571,2026-09-29 10:42:26,NDM_002523,I am travelling and cannot access my normal device.,Low,LEGITIMATE,
TICKET_001866,2026-09-01 03:30:15,NDM_002526,There is no problem with my account; I need assistance with a payment.,Low,LEGITIMATE,
TICKET_001466,2026-09-06 21:32:28,NDM_002527,I am travelling and cannot access my normal device.,Low,LEGITIMATE,
ATO_TICKET_NDM_002527,2026-09-28 08:18:55,NDM_002527,My SIM card was replaced and I cannot log in.,High,ATO,Unauthorised Transaction
TICKET_001260,2026-09-10 16:21:27,NDM_002530,Please help me update my registered mobile number.,High,LEGITIMATE,
ATO_TICKET_NDM_002531,2026-09-12 03:00:21,NDM_002531,I received an OTP that I did not request.,High,ATO,Unauthorised Transaction
TICKET_001108,2026-09-24 02:18:39,NDM_002531,I changed my phone and need help accessing my account.,Low,LEGITIMATE,
ATO_TICKET_NDM_002532,2026-09-23 18:50:50,NDM_002532,I received an OTP that I did not request.,Medium,ATO,Unauthorised Transaction
TICKET_001006,2026-09-13 15:37:16,NDM_002533,Please help me update my registered mobile number.,Medium,LEGITIMATE,
TICKET_001204,2026-09-04 23:45:18,NDM_002534,My account is locked after several login attempts.,Medium,LEGITIMATE,
TICKET_001130,2026-09-12 22:11:11,NDM_002534,There is no problem with my account; I need assistance with a payment.,Low,LEGITIMATE,
TICKET_000309,2026-09-26 12:43:13,NDM_002534,I received an OTP that I did not request.,Medium,LEGITIMATE,
ATO_TICKET_NDM_002537,2026-09-30 13:39:29,NDM_002537,My SIM card was replaced and I cannot log in.,High,ATO,Unauthorised Transaction
TICKET_000106,2026-09-12 22:05:20,NDM_002538,My phone was lost and I need to secure my account.,Low,LEGITIMATE,
TICKET_001315,2026-09-15 03:34:07,NDM_002538,There was a transaction on my account that I did not make.,Medium,LEGITIMATE,
TICKET_001584,2026-09-18 16:47:34,NDM_002541,I received an OTP that I did not request.,Low,LEGITIMATE,
TICKET_001961,2026-09-13 08:43:52,NDM_002543,I cannot access my account and my password no longer works.,Medium,LEGITIMATE,
TICKET_001331,2026-09-01 12:48:09,NDM_002546,There was a transaction on my account that I did not make.,Low,LEGITIMATE,
TICKET_001752,2026-09-12 01:07:25,NDM_002546,I cannot access my account and my password no longer works.,Low,LEGITIMATE,
ATO_TICKET_NDM_002549,2026-09-19 11:43:16,NDM_002549,I noticed a transfer that I do not recognise.,Medium,ATO,Unauthorised Transaction
ATO_TICKET_NDM_002550,2026-09-24 04:54:11,NDM_002550,I noticed a transfer that I do not recognise.,Medium,ATO,Unauthorised Transaction
ATO_TICKET_NDM_002551,2026-09-24 10:37:46,NDM_002551,My phone was lost and I need to secure my account.,High,ATO,Unauthorised Transaction
TICKET_001358,2026-09-23 01:06:02,NDM_002552,My SIM card was replaced and I cannot log in.,Low,LEGITIMATE,
TICKET_001855,2026-09-24 19:42:04,NDM_002554,There is no problem with my account; I need assistance with a payment.,Low,LEGITIMATE,
TICKET_000299,2026-09-05 22:44:58,NDM_002557,My account is locked after several login attempts.,Low,LEGITIMATE,
ATO_TICKET_NDM_002557,2026-09-20 13:30:41,NDM_002557,I noticed a transfer that I do not recognise.,High,ATO,Unauthorised Transaction
TICKET_001240,2026-09-09 03:04:58,NDM_002560,There was a transaction on my account that I did not make.,Low,LEGITIMATE,
TICKET_000356,2026-09-19 17:09:32,NDM_002562,I noticed a transfer that I do not recognise.,Low,LEGITIMATE,
ATO_TICKET_NDM_002562,2026-09-23 12:32:44,NDM_002562,There was a transaction on my account that I did not make.,High,ATO,Unauthorised Transaction
TICKET_001697,2026-09-22 13:53:38,NDM_002563,I am travelling and cannot access my normal device.,Low,LEGITIMATE,
ATO_TICKET_NDM_002563,2026-09-26 12:18:36,NDM_002563,I noticed a transfer that I do not recognise.,High,ATO,Unauthorised Transaction
ATO_TICKET_NDM_002564,2026-09-30 19:51:18,NDM_002564,My SIM card was replaced and I cannot log in.,High,ATO,Unauthorised Transaction
TICKET_000255,2026-09-01 06:08:36,NDM_002567,My account is locked after several login attempts.,Low,LEGITIMATE,
ATO_TICKET_NDM_002567,2026-09-14 01:29:44,NDM_002567,My phone was lost and I need to secure my account.,High,ATO,Unauthorised Transaction
TICKET_000818,2026-09-01 06:06:28,NDM_002568,My account is locked after several login attempts.,Low,LEGITIMATE,
ATO_TICKET_NDM_002568,2026-09-28 06:34:33,NDM_002568,I noticed a transfer that I do not recognise.,High,ATO,Unauthorised Transaction
ATO_TICKET_NDM_002569,2026-09-20 16:47:00,NDM_002569,My phone was lost and I need to secure my account.,High,ATO,Unauthorised Transaction
TICKET_001127,2026-09-05 06:32:31,NDM_002572,I noticed a transfer that I do not recognise.,Low,LEGITIMATE,
TICKET_001230,2026-09-08 02:36:43,NDM_002576,I am travelling and cannot access my normal device.,Low,LEGITIMATE,
TICKET_001930,2026-09-23 00:09:26,NDM_002577,My phone was lost and I need to secure my account.,Medium,LEGITIMATE,
ATO_TICKET_NDM_002577,2026-09-24 03:54:22,NDM_002577,My SIM card was replaced and I cannot log in.,High,ATO,Unauthorised Transaction
TICKET_000452,2026-09-16 12:21:24,NDM_002578,My account is locked after several login attempts.,Medium,LEGITIMATE,
TICKET_000427,2026-09-22 08:13:59,NDM_002578,My SIM card was replaced and I cannot log in.,Low,LEGITIMATE,
TICKET_001555,2026-09-30 03:44:33,NDM_002578,There is no problem with my account; I need assistance with a payment.,Low,LEGITIMATE,
TICKET_000520,2026-09-23 00:49:40,NDM_002580,I noticed a transfer that I do not recognise.,Low,LEGITIMATE,
TICKET_001512,2026-09-04 00:34:06,NDM_002581,There is no problem with my account; I need assistance with a payment.,Low,LEGITIMATE,
TICKET_001304,2026-09-19 20:15:39,NDM_002586,There is no problem with my account; I need assistance with a payment.,Medium,LEGITIMATE,
ATO_TICKET_NDM_002589,2026-09-29 18:03:37,NDM_002589,There was a transaction on my account that I did not make.,High,ATO,Unauthorised Transaction
ATO_TICKET_NDM_002590,2026-09-30 20:00:26,NDM_002590,I received an OTP that I did not request.,Medium,ATO,Unauthorised Transaction
ATO_TICKET_NDM_002591,2026-09-26 03:52:55,NDM_002591,My phone was lost and I need to secure my account.,High,ATO,Unauthorised Transaction
TICKET_001924,2026-09-15 19:34:19,NDM_002593,My SIM card was replaced and I cannot log in.,Low,LEGITIMATE,
TICKET_001887,2026-09-04 22:19:30,NDM_002597,I cannot access my account and my password no longer works.,Low,LEGITIMATE,
ATO_TICKET_NDM_002597,2026-09-29 13:16:48,NDM_002597,I received an OTP that I did not request.,High,ATO,Unauthorised Transaction
TICKET_001729,2026-09-29 09:16:30,NDM_002599,There was a transaction on my account that I did not make.,Low,LEGITIMATE,
TICKET_000202,2026-09-13 00:30:58,NDM_002602,I changed my phone and need help accessing my account.,High,LEGITIMATE,
TICKET_001762,2026-09-16 14:00:07,NDM_002605,There was a transaction on my account that I did not make.,Medium,LEGITIMATE,
TICKET_000308,2026-09-29 13:01:02,NDM_002606,I cannot access my account and my password no longer works.,High,LEGITIMATE,
TICKET_001515,2026-09-08 10:56:06,NDM_002607,Please help me update my registered mobile number.,Medium,LEGITIMATE,
TICKET_001012,2026-09-25 00:10:06,NDM_002608,I made this transaction myself but it is showing as pending.,Low,LEGITIMATE,
TICKET_001986,2026-09-23 07:44:17,NDM_002609,I cannot access my account and my password no longer works.,Low,LEGITIMATE,
TICKET_001387,2026-09-23 06:26:46,NDM_002612,My phone was lost and I need to secure my account.,High,LEGITIMATE,
TICKET_001308,2026-09-06 18:50:40,NDM_002617,My SIM card was replaced and I cannot log in.,Low,LEGITIMATE,
TICKET_001469,2026-09-09 15:49:18,NDM_002617,I noticed a transfer that I do not recognise.,Low,LEGITIMATE,
TICKET_000413,2026-09-12 23:41:14,NDM_002618,My phone was lost and I need to secure my account.,Medium,LEGITIMATE,
ATO_TICKET_NDM_002619,2026-09-27 11:33:59,NDM_002619,There was a transaction on my account that I did not make.,High,ATO,Unauthorised Transaction
TICKET_000590,2026-09-05 17:40:55,NDM_002620,There is no problem with my account; I need assistance with a payment.,High,LEGITIMATE,
TICKET_001314,2026-09-28 10:53:30,NDM_002624,My phone was lost and I need to secure my account.,Medium,LEGITIMATE,
ATO_TICKET_NDM_002629,2026-09-30 06:59:39,NDM_002629,I received an OTP that I did not request.,Medium,ATO,Unauthorised Transaction
TICKET_001075,2026-09-09 15:43:28,NDM_002630,I am travelling and cannot access my normal device.,High,LEGITIMATE,
TICKET_000815,2026-09-20 10:51:34,NDM_002631,I received an OTP that I did not request.,Medium,LEGITIMATE,
ATO_TICKET_NDM_002631,2026-09-26 13:27:55,NDM_002631,There was a transaction on my account that I did not make.,Medium,ATO,Unauthorised Transaction
TICKET_001112,2026-09-23 15:52:05,NDM_002635,My account is locked after several login attempts.,Low,LEGITIMATE,
TICKET_000038,2026-09-23 11:45:00,NDM_002636,My SIM card was replaced and I cannot log in.,High,LEGITIMATE,
TICKET_000067,2026-09-29 00:57:27,NDM_002637,There was a transaction on my account that I did not make.,Low,LEGITIMATE,
ATO_TICKET_NDM_002639,2026-09-30 00:22:10,NDM_002639,There was a transaction on my account that I did not make.,High,ATO,Unauthorised Transaction
ATO_TICKET_NDM_002640,2026-09-22 14:43:49,NDM_002640,There was a transaction on my account that I did not make.,High,ATO,Unauthorised Transaction
TICKET_001988,2026-09-26 20:04:28,NDM_002642,My phone was lost and I need to secure my account.,Low,LEGITIMATE,
ATO_TICKET_NDM_002646,2026-09-28 04:48:12,NDM_002646,There was a transaction on my account that I did not make.,High,ATO,Unauthorised Transaction
TICKET_001363,2026-09-03 11:20:32,NDM_002647,I received an OTP that I did not request.,Medium,LEGITIMATE,
TICKET_000688,2026-09-03 07:24:54,NDM_002649,I received an OTP that I did not request.,Low,LEGITIMATE,
TICKET_001703,2026-09-20 13:51:37,NDM_002653,I made this transaction myself but it is showing as pending.,Low,LEGITIMATE,
TICKET_001146,2026-09-16 15:17:10,NDM_002662,There is no problem with my account; I need assistance with a payment.,Low,LEGITIMATE,
TICKET_001721,2026-09-18 01:07:22,NDM_002662,There is no problem with my account; I need assistance with a payment.,Low,LEGITIMATE,
TICKET_000081,2026-09-13 07:50:26,NDM_002663,My account is locked after several login attempts.,Medium,LEGITIMATE,
ATO_TICKET_NDM_002663,2026-09-21 02:32:49,NDM_002663,There was a transaction on my account that I did not make.,Medium,ATO,Unauthorised Transaction
TICKET_000004,2026-09-28 14:56:37,NDM_002671,There was a transaction on my account that I did not make.,Low,LEGITIMATE,
TICKET_000579,2026-09-06 09:28:07,NDM_002672,I noticed a transfer that I do not recognise.,Medium,LEGITIMATE,
TICKET_001236,2026-09-11 05:48:39,NDM_002675,My SIM card was replaced and I cannot log in.,Medium,LEGITIMATE,
TICKET_001567,2026-09-22 06:51:38,NDM_002675,My account is locked after several login attempts.,Low,LEGITIMATE,
ATO_TICKET_NDM_002677,2026-09-23 08:02:27,NDM_002677,My phone was lost and I need to secure my account.,High,ATO,Unauthorised Transaction
ATO_TICKET_NDM_002678,2026-09-30 07:22:52,NDM_002678,My SIM card was replaced and I cannot log in.,High,ATO,Unauthorised Transaction
TICKET_001553,2026-09-12 17:53:56,NDM_002679,There was a transaction on my account that I did not make.,Low,LEGITIMATE,
TICKET_000158,2026-09-09 19:46:32,NDM_002680,I cannot access my account and my password no longer works.,Medium,LEGITIMATE,
TICKET_001812,2026-09-29 06:50:17,NDM_002681,I changed my phone and need help accessing my account.,Low,LEGITIMATE,
TICKET_000625,2026-09-17 10:03:41,NDM_002682,I received an OTP that I did not request.,Low,LEGITIMATE,
ATO_TICKET_NDM_002685,2026-09-28 11:10:05,NDM_002685,My phone was lost and I need to secure my account.,High,ATO,Unauthorised Transaction
TICKET_000340,2026-09-25 00:21:08,NDM_002688,I changed my phone and need help accessing my account.,Medium,LEGITIMATE,
TICKET_001472,2026-09-29 19:55:10,NDM_002688,I changed my phone and need help accessing my account.,Low,LEGITIMATE,
TICKET_001562,2026-09-05 20:13:58,NDM_002689,My account is locked after several login attempts.,Medium,LEGITIMATE,
TICKET_001548,2026-09-06 13:51:04,NDM_002689,I made this transaction myself but it is showing as pending.,Low,LEGITIMATE,
TICKET_000246,2026-09-10 02:00:02,NDM_002690,There is no problem with my account; I need assistance with a payment.,Low,LEGITIMATE,
TICKET_000238,2026-09-14 12:59:32,NDM_002696,I changed my phone and need help accessing my account.,Low,LEGITIMATE,
ATO_TICKET_NDM_002696,2026-09-29 23:34:35,NDM_002696,I received an OTP that I did not request.,High,ATO,Unauthorised Transaction
ATO_TICKET_NDM_002698,2026-09-23 19:17:04,NDM_002698,There was a transaction on my account that I did not make.,High,ATO,Unauthorised Transaction
ATO_TICKET_NDM_002699,2026-09-15 06:00:43,NDM_002699,I noticed a transfer that I do not recognise.,High,ATO,Unauthorised Transaction
TICKET_001414,2026-09-12 14:40:33,NDM_002701,I made this transaction myself but it is showing as pending.,Medium,LEGITIMATE,
TICKET_001097,2026-09-20 06:58:17,NDM_002702,My phone was lost and I need to secure my account.,Low,LEGITIMATE,
ATO_TICKET_NDM_002702,2026-09-26 22:04:48,NDM_002702,I noticed a transfer that I do not recognise.,High,ATO,Unauthorised Transaction
TICKET_001816,2026-09-14 12:47:15,NDM_002703,I noticed a transfer that I do not recognise.,Low,LEGITIMATE,
TICKET_001603,2026-09-04 12:44:04,NDM_002707,There is no problem with my account; I need assistance with a payment.,Low,LEGITIMATE,
TICKET_000465,2026-09-24 23:32:16,NDM_002708,I received an OTP that I did not request.,Medium,LEGITIMATE,
TICKET_001760,2026-09-22 03:08:56,NDM_002710,I changed my phone and need help accessing my account.,High,LEGITIMATE,
ATO_TICKET_NDM_002711,2026-09-18 17:34:18,NDM_002711,My SIM card was replaced and I cannot log in.,High,ATO,Unauthorised Transaction
TICKET_000415,2026-09-22 08:04:27,NDM_002712,My phone was lost and I need to secure my account.,Low,LEGITIMATE,
ATO_TICKET_NDM_002716,2026-09-28 00:09:41,NDM_002716,There was a transaction on my account that I did not make.,Medium,ATO,Unauthorised Transaction
TICKET_001545,2026-09-15 12:59:22,NDM_002718,I made this transaction myself but it is showing as pending.,Low,LEGITIMATE,
ATO_TICKET_NDM_002718,2026-09-22 13:26:14,NDM_002718,My phone was lost and I need to secure my account.,High,ATO,Unauthorised Transaction
TICKET_000263,2026-09-14 07:30:27,NDM_002720,I changed my phone and need help accessing my account.,Low,LEGITIMATE,
ATO_TICKET_NDM_002721,2026-09-22 06:44:53,NDM_002721,There was a transaction on my account that I did not make.,High,ATO,Unauthorised Transaction
TICKET_000288,2026-09-28 05:11:43,NDM_002721,Please help me update my registered mobile number.,Medium,LEGITIMATE,
TICKET_000988,2026-09-15 05:33:49,NDM_002722,Please help me update my registered mobile number.,Low,LEGITIMATE,
ATO_TICKET_NDM_002724,2026-09-23 22:47:56,NDM_002724,My phone was lost and I need to secure my account.,High,ATO,Unauthorised Transaction
TICKET_000776,2026-09-01 01:45:28,NDM_002729,Please help me update my registered mobile number.,Low,LEGITIMATE,
TICKET_000953,2026-09-21 18:48:22,NDM_002733,Please help me update my registered mobile number.,Medium,LEGITIMATE,
TICKET_001888,2026-09-21 03:27:34,NDM_002735,My account is locked after several login attempts.,Low,LEGITIMATE,
TICKET_001530,2026-09-13 21:55:09,NDM_002736,I am travelling and cannot access my normal device.,High,LEGITIMATE,
TICKET_001122,2026-09-12 06:14:44,NDM_002737,I received an OTP that I did not request.,Medium,LEGITIMATE,
TICKET_001501,2026-09-11 14:17:56,NDM_002739,I noticed a transfer that I do not recognise.,High,LEGITIMATE,
ATO_TICKET_NDM_002739,2026-09-30 10:02:12,NDM_002739,I noticed a transfer that I do not recognise.,High,ATO,Unauthorised Transaction
ATO_TICKET_NDM_002740,2026-09-21 00:27:57,NDM_002740,I received an OTP that I did not request.,High,ATO,Unauthorised Transaction
TICKET_000856,2026-09-11 14:24:59,NDM_002741,There is no problem with my account; I need assistance with a payment.,Low,LEGITIMATE,
ATO_TICKET_NDM_002743,2026-09-17 14:19:03,NDM_002743,My SIM card was replaced and I cannot log in.,High,ATO,Unauthorised Transaction
TICKET_001615,2026-09-30 00:24:49,NDM_002743,I made this transaction myself but it is showing as pending.,Low,LEGITIMATE,
TICKET_000105,2026-09-21 17:28:22,NDM_002746,I changed my phone and need help accessing my account.,Medium,LEGITIMATE,
TICKET_000513,2026-09-23 02:22:29,NDM_002746,My account is locked after several login attempts.,Low,LEGITIMATE,
TICKET_001432,2026-09-11 07:50:50,NDM_002749,I received an OTP that I did not request.,Low,LEGITIMATE,
ATO_TICKET_NDM_002750,2026-09-18 18:57:02,NDM_002750,I noticed a transfer that I do not recognise.,Medium,ATO,Unauthorised Transaction
TICKET_001395,2026-09-02 06:36:06,NDM_002751,There is no problem with my account; I need assistance with a payment.,Low,LEGITIMATE,
TICKET_000325,2026-09-08 01:17:24,NDM_002751,My SIM card was replaced and I cannot log in.,Medium,LEGITIMATE,
TICKET_000915,2026-09-13 21:41:08,NDM_002752,Please help me update my registered mobile number.,Low,LEGITIMATE,
ATO_TICKET_NDM_002752,2026-09-26 10:24:37,NDM_002752,I received an OTP that I did not request.,High,ATO,Unauthorised Transaction
ATO_TICKET_NDM_002753,2026-09-23 00:27:31,NDM_002753,My phone was lost and I need to secure my account.,Medium,ATO,Unauthorised Transaction
ATO_TICKET_NDM_002754,2026-09-19 11:02:26,NDM_002754,I noticed a transfer that I do not recognise.,High,ATO,Unauthorised Transaction
TICKET_001863,2026-09-30 19:51:42,NDM_002757,I noticed a transfer that I do not recognise.,High,LEGITIMATE,
TICKET_000065,2026-09-16 18:37:38,NDM_002761,I cannot access my account and my password no longer works.,Medium,LEGITIMATE,
ATO_TICKET_NDM_002765,2026-09-22 14:58:31,NDM_002765,I noticed a transfer that I do not recognise.,High,ATO,Unauthorised Transaction
ATO_TICKET_NDM_002767,2026-09-27 21:42:21,NDM_002767,There was a transaction on my account that I did not make.,Medium,ATO,Unauthorised Transaction
TICKET_000669,2026-09-12 06:07:04,NDM_002768,I noticed a transfer that I do not recognise.,Low,LEGITIMATE,
TICKET_001552,2026-09-21 10:20:09,NDM_002770,I cannot access my account and my password no longer works.,Medium,LEGITIMATE,
ATO_TICKET_NDM_002770,2026-09-26 11:54:05,NDM_002770,My SIM card was replaced and I cannot log in.,High,ATO,Unauthorised Transaction
TICKET_000012,2026-09-09 00:56:39,NDM_002773,Please help me update my registered mobile number.,Low,LEGITIMATE,
TICKET_001604,2026-09-22 10:00:16,NDM_002773,My SIM card was replaced and I cannot log in.,Low,LEGITIMATE,
ATO_TICKET_NDM_002774,2026-09-24 17:09:19,NDM_002774,My phone was lost and I need to secure my account.,High,ATO,Unauthorised Transaction
ATO_TICKET_NDM_002775,2026-09-19 16:15:03,NDM_002775,There was a transaction on my account that I did not make.,High,ATO,Unauthorised Transaction
TICKET_000087,2026-09-29 20:05:09,NDM_002777,Please help me update my registered mobile number.,Low,LEGITIMATE,
TICKET_000506,2026-09-16 14:29:03,NDM_002781,I made this transaction myself but it is showing as pending.,High,LEGITIMATE,
TICKET_001935,2026-09-11 04:47:34,NDM_002782,I cannot access my account and my password no longer works.,Low,LEGITIMATE,
TICKET_000504,2026-09-24 17:44:00,NDM_002782,My phone was lost and I need to secure my account.,Medium,LEGITIMATE,
TICKET_001498,2026-09-03 18:39:16,NDM_002784,I cannot access my account and my password no longer works.,Low,LEGITIMATE,
TICKET_000655,2026-09-09 04:40:30,NDM_002784,My account is locked after several login attempts.,Low,LEGITIMATE,
ATO_TICKET_NDM_002790,2026-10-01 00:38:48,NDM_002790,My phone was lost and I need to secure my account.,High,ATO,Unauthorised Transaction
TICKET_000912,2026-09-20 20:33:26,NDM_002791,Please help me update my registered mobile number.,Medium,LEGITIMATE,
ATO_TICKET_NDM_002791,2026-09-28 07:37:25,NDM_002791,My SIM card was replaced and I cannot log in.,Medium,ATO,Unauthorised Transaction
ATO_TICKET_NDM_002792,2026-09-23 03:54:19,NDM_002792,My SIM card was replaced and I cannot log in.,High,ATO,Unauthorised Transaction
TICKET_000390,2026-09-09 16:34:41,NDM_002793,My SIM card was replaced and I cannot log in.,Medium,LEGITIMATE,
ATO_TICKET_NDM_002796,2026-09-10 20:40:40,NDM_002796,My phone was lost and I need to secure my account.,High,ATO,Unauthorised Transaction
TICKET_001581,2026-09-29 17:45:00,NDM_002797,My SIM card was replaced and I cannot log in.,Medium,LEGITIMATE,
TICKET_000770,2026-09-30 07:35:06,NDM_002797,I made this transaction myself but it is showing as pending.,Medium,LEGITIMATE,
TICKET_001712,2026-09-24 08:02:16,NDM_002800,My phone was lost and I need to secure my account.,Low,LEGITIMATE,
TICKET_001947,2026-09-12 15:09:49,NDM_002801,My phone was lost and I need to secure my account.,Low,LEGITIMATE,
TICKET_001641,2026-09-30 17:17:53,NDM_002801,I received an OTP that I did not request.,Low,LEGITIMATE,
ATO_TICKET_NDM_002804,2026-09-24 19:36:59,NDM_002804,My SIM card was replaced and I cannot log in.,High,ATO,Unauthorised Transaction
ATO_TICKET_NDM_002806,2026-09-27 15:20:40,NDM_002806,I noticed a transfer that I do not recognise.,High,ATO,Unauthorised Transaction
TICKET_001024,2026-09-19 21:45:28,NDM_002807,There was a transaction on my account that I did not make.,Low,LEGITIMATE,
ATO_TICKET_NDM_002807,2026-09-24 18:52:22,NDM_002807,My phone was lost and I need to secure my account.,High,ATO,Unauthorised Transaction
TICKET_000422,2026-09-22 19:09:48,NDM_002808,I made this transaction myself but it is showing as pending.,Medium,LEGITIMATE,
TICKET_000709,2026-09-14 04:46:28,NDM_002810,Please help me update my registered mobile number.,Low,LEGITIMATE,
TICKET_000570,2026-09-09 16:20:42,NDM_002817,I received an OTP that I did not request.,Medium,LEGITIMATE,
ATO_TICKET_NDM_002818,2026-09-29 04:08:51,NDM_002818,There was a transaction on my account that I did not make.,High,ATO,Unauthorised Transaction
TICKET_000085,2026-09-05 05:35:50,NDM_002819,I changed my phone and need help accessing my account.,Low,LEGITIMATE,
TICKET_001496,2026-09-30 15:11:43,NDM_002819,There is no problem with my account; I need assistance with a payment.,High,LEGITIMATE,
TICKET_001818,2026-09-09 04:11:56,NDM_002822,I changed my phone and need help accessing my account.,Low,LEGITIMATE,
TICKET_001589,2026-09-03 05:50:28,NDM_002825,Please help me update my registered mobile number.,Low,LEGITIMATE,
TICKET_000576,2026-09-24 18:22:31,NDM_002828,I changed my phone and need help accessing my account.,Medium,LEGITIMATE,
ATO_TICKET_NDM_002828,2026-09-30 05:21:54,NDM_002828,I noticed a transfer that I do not recognise.,High,ATO,Unauthorised Transaction
ATO_TICKET_NDM_002831,2026-09-29 23:50:26,NDM_002831,My SIM card was replaced and I cannot log in.,High,ATO,Unauthorised Transaction
TICKET_000989,2026-09-07 10:12:14,NDM_002832,My account is locked after several login attempts.,Low,LEGITIMATE,
ATO_TICKET_NDM_002835,2026-09-18 01:08:21,NDM_002835,There was a transaction on my account that I did not make.,High,ATO,Unauthorised Transaction
ATO_TICKET_NDM_002839,2026-09-27 13:51:58,NDM_002839,There was a transaction on my account that I did not make.,High,ATO,Unauthorised Transaction
TICKET_000118,2026-09-30 00:22:59,NDM_002844,My account is locked after several login attempts.,Medium,LEGITIMATE,
TICKET_001352,2026-09-25 06:34:51,NDM_002845,There was a transaction on my account that I did not make.,Medium,LEGITIMATE,
ATO_TICKET_NDM_002848,2026-09-22 23:35:17,NDM_002848,My phone was lost and I need to secure my account.,High,ATO,Unauthorised Transaction
ATO_TICKET_NDM_002852,2026-09-22 20:21:02,NDM_002852,There was a transaction on my account that I did not make.,High,ATO,Unauthorised Transaction
TICKET_000609,2026-09-25 23:34:53,NDM_002852,I made this transaction myself but it is showing as pending.,Medium,LEGITIMATE,
ATO_TICKET_NDM_002853,2026-09-26 17:08:57,NDM_002853,My SIM card was replaced and I cannot log in.,Medium,ATO,Unauthorised Transaction
TICKET_000913,2026-09-02 14:28:07,NDM_002854,I changed my phone and need help accessing my account.,Low,LEGITIMATE,
ATO_TICKET_NDM_002854,2026-09-30 00:07:17,NDM_002854,There was a transaction on my account that I did not make.,Medium,ATO,Unauthorised Transaction
TICKET_000896,2026-09-30 18:09:30,NDM_002855,I am travelling and cannot access my normal device.,Low,LEGITIMATE,
TICKET_000598,2026-09-14 23:12:02,NDM_002856,I cannot access my account and my password no longer works.,High,LEGITIMATE,
TICKET_001819,2026-09-16 06:23:53,NDM_002856,My SIM card was replaced and I cannot log in.,Low,LEGITIMATE,
TICKET_000348,2026-09-02 17:44:25,NDM_002859,There is no problem with my account; I need assistance with a payment.,Medium,LEGITIMATE,
TICKET_001944,2026-09-23 11:28:10,NDM_002859,My account is locked after several login attempts.,Low,LEGITIMATE,
TICKET_001142,2026-09-06 19:13:27,NDM_002860,I am travelling and cannot access my normal device.,Low,LEGITIMATE,
ATO_TICKET_NDM_002860,2026-09-30 22:47:59,NDM_002860,My phone was lost and I need to secure my account.,High,ATO,Unauthorised Transaction
TICKET_000305,2026-09-02 03:51:46,NDM_002861,I noticed a transfer that I do not recognise.,High,LEGITIMATE,
TICKET_000009,2026-09-19 07:50:43,NDM_002861,I noticed a transfer that I do not recognise.,Medium,LEGITIMATE,
ATO_TICKET_NDM_002861,2026-09-19 19:37:31,NDM_002861,My SIM card was replaced and I cannot log in.,High,ATO,Unauthorised Transaction
ATO_TICKET_NDM_002862,2026-09-12 02:21:11,NDM_002862,I received an OTP that I did not request.,High,ATO,Unauthorised Transaction
TICKET_001321,2026-09-17 18:20:07,NDM_002862,I changed my phone and need help accessing my account.,Medium,LEGITIMATE,
TICKET_000613,2026-09-01 22:20:53,NDM_002863,I changed my phone and need help accessing my account.,Low,LEGITIMATE,
TICKET_001978,2026-09-04 12:44:10,NDM_002864,My account is locked after several login attempts.,High,LEGITIMATE,
ATO_TICKET_NDM_002864,2026-09-22 22:24:13,NDM_002864,There was a transaction on my account that I did not make.,High,ATO,Unauthorised Transaction
TICKET_001172,2026-09-19 11:23:21,NDM_002865,I cannot access my account and my password no longer works.,Low,LEGITIMATE,
ATO_TICKET_NDM_002865,2026-09-29 21:24:43,NDM_002865,I received an OTP that I did not request.,High,ATO,Unauthorised Transaction
TICKET_000054,2026-09-28 14:25:03,NDM_002866,I noticed a transfer that I do not recognise.,Medium,LEGITIMATE,
ATO_TICKET_NDM_002867,2026-09-23 01:29:04,NDM_002867,My SIM card was replaced and I cannot log in.,High,ATO,Unauthorised Transaction
TICKET_001667,2026-09-20 05:12:21,NDM_002868,My phone was lost and I need to secure my account.,Low,LEGITIMATE,
ATO_TICKET_NDM_002868,2026-09-23 03:13:41,NDM_002868,There was a transaction on my account that I did not make.,High,ATO,Unauthorised Transaction
TICKET_001353,2026-09-08 07:08:53,NDM_002869,There is no problem with my account; I need assistance with a payment.,Medium,LEGITIMATE,
TICKET_001676,2026-09-16 00:12:43,NDM_002871,I changed my phone and need help accessing my account.,Low,LEGITIMATE,
ATO_TICKET_NDM_002875,2026-09-23 01:29:12,NDM_002875,There was a transaction on my account that I did not make.,High,ATO,Unauthorised Transaction
TICKET_000499,2026-09-16 02:22:05,NDM_002880,My account is locked after several login attempts.,Medium,LEGITIMATE,
TICKET_001119,2026-09-15 17:56:17,NDM_002881,There was a transaction on my account that I did not make.,Medium,LEGITIMATE,
ATO_TICKET_NDM_002882,2026-09-24 19:42:55,NDM_002882,There was a transaction on my account that I did not make.,Medium,ATO,Unauthorised Transaction
TICKET_001560,2026-09-23 09:28:54,NDM_002883,I cannot access my account and my password no longer works.,Medium,LEGITIMATE,
ATO_TICKET_NDM_002884,2026-09-29 12:06:10,NDM_002884,There was a transaction on my account that I did not make.,High,ATO,Unauthorised Transaction
ATO_TICKET_NDM_002886,2026-09-30 10:05:15,NDM_002886,My SIM card was replaced and I cannot log in.,High,ATO,Unauthorised Transaction
TICKET_000020,2026-09-24 12:39:50,NDM_002891,I made this transaction myself but it is showing as pending.,Low,LEGITIMATE,
TICKET_000850,2026-09-14 17:28:09,NDM_002895,I am travelling and cannot access my normal device.,Medium,LEGITIMATE,
ATO_TICKET_NDM_002895,2026-09-26 21:06:43,NDM_002895,There was a transaction on my account that I did not make.,Medium,ATO,Unauthorised Transaction
ATO_TICKET_NDM_002897,2026-09-19 16:20:14,NDM_002897,I noticed a transfer that I do not recognise.,High,ATO,Unauthorised Transaction
TICKET_001909,2026-09-07 19:58:49,NDM_002900,I made this transaction myself but it is showing as pending.,Low,LEGITIMATE,
ATO_TICKET_NDM_002900,2026-09-24 12:45:23,NDM_002900,I received an OTP that I did not request.,High,ATO,Unauthorised Transaction
ATO_TICKET_NDM_002901,2026-09-30 16:42:48,NDM_002901,I noticed a transfer that I do not recognise.,High,ATO,Unauthorised Transaction
ATO_TICKET_NDM_002905,2026-09-29 19:47:58,NDM_002905,I noticed a transfer that I do not recognise.,Medium,ATO,Unauthorised Transaction
TICKET_001307,2026-09-14 13:32:03,NDM_002906,I am travelling and cannot access my normal device.,Medium,LEGITIMATE,
ATO_TICKET_NDM_002906,2026-09-22 20:22:49,NDM_002906,I received an OTP that I did not request.,High,ATO,Unauthorised Transaction
TICKET_001054,2026-09-19 10:47:41,NDM_002910,I received an OTP that I did not request.,Low,LEGITIMATE,
ATO_TICKET_NDM_002910,2026-09-26 10:30:41,NDM_002910,I noticed a transfer that I do not recognise.,High,ATO,Unauthorised Transaction
ATO_TICKET_NDM_002914,2026-09-29 04:06:07,NDM_002914,My SIM card was replaced and I cannot log in.,Medium,ATO,Unauthorised Transaction
ATO_TICKET_NDM_002917,2026-09-29 17:32:39,NDM_002917,I noticed a transfer that I do not recognise.,High,ATO,Unauthorised Transaction
ATO_TICKET_NDM_002921,2026-09-28 12:48:25,NDM_002921,I noticed a transfer that I do not recognise.,High,ATO,Unauthorised Transaction
TICKET_001660,2026-09-03 15:27:58,NDM_002922,I made this transaction myself but it is showing as pending.,Low,LEGITIMATE,
TICKET_001713,2026-09-10 21:34:06,NDM_002922,My phone was lost and I need to secure my account.,High,LEGITIMATE,
ATO_TICKET_NDM_002929,2026-09-24 23:58:45,NDM_002929,I noticed a transfer that I do not recognise.,Medium,ATO,Unauthorised Transaction
TICKET_000745,2026-09-11 12:36:07,NDM_002930,There was a transaction on my account that I did not make.,Low,LEGITIMATE,
ATO_TICKET_NDM_002936,2026-09-11 10:44:11,NDM_002936,My phone was lost and I need to secure my account.,High,ATO,Unauthorised Transaction
TICKET_001144,2026-09-07 11:24:50,NDM_002937,I am travelling and cannot access my normal device.,High,LEGITIMATE,
TICKET_000345,2026-09-30 22:44:05,NDM_002937,I changed my phone and need help accessing my account.,Low,LEGITIMATE,
TICKET_000490,2026-09-29 20:31:18,NDM_002938,Please help me update my registered mobile number.,Low,LEGITIMATE,
TICKET_001338,2026-09-02 21:06:00,NDM_002939,My phone was lost and I need to secure my account.,Low,LEGITIMATE,
ATO_TICKET_NDM_002939,2026-09-30 05:38:50,NDM_002939,I received an OTP that I did not request.,High,ATO,Unauthorised Transaction
TICKET_000218,2026-09-07 14:49:49,NDM_002942,There was a transaction on my account that I did not make.,Medium,LEGITIMATE,
TICKET_001785,2026-09-06 21:28:58,NDM_002943,There was a transaction on my account that I did not make.,Medium,LEGITIMATE,
TICKET_000244,2026-09-22 11:07:39,NDM_002943,My phone was lost and I need to secure my account.,Medium,LEGITIMATE,
TICKET_001837,2026-09-11 10:18:30,NDM_002945,I am travelling and cannot access my normal device.,Low,LEGITIMATE,
TICKET_001871,2026-09-12 01:15:53,NDM_002945,I noticed a transfer that I do not recognise.,Low,LEGITIMATE,
ATO_TICKET_NDM_002945,2026-09-30 00:33:35,NDM_002945,My SIM card was replaced and I cannot log in.,Medium,ATO,Unauthorised Transaction
TICKET_000383,2026-09-18 01:45:54,NDM_002947,There was a transaction on my account that I did not make.,Medium,LEGITIMATE,
ATO_TICKET_NDM_002948,2026-09-26 09:20:19,NDM_002948,There was a transaction on my account that I did not make.,High,ATO,Unauthorised Transaction
TICKET_000695,2026-09-11 15:42:42,NDM_002950,I made this transaction myself but it is showing as pending.,High,LEGITIMATE,
TICKET_000119,2026-09-07 22:29:58,NDM_002953,My phone was lost and I need to secure my account.,Low,LEGITIMATE,
TICKET_000599,2026-09-07 02:57:08,NDM_002960,My account is locked after several login attempts.,Low,LEGITIMATE,
ATO_TICKET_NDM_002960,2026-09-29 06:44:44,NDM_002960,There was a transaction on my account that I did not make.,High,ATO,Unauthorised Transaction
TICKET_001598,2026-09-05 20:32:06,NDM_002961,I received an OTP that I did not request.,Medium,LEGITIMATE,
TICKET_001442,2026-09-30 18:03:28,NDM_002963,I made this transaction myself but it is showing as pending.,High,LEGITIMATE,
ATO_TICKET_NDM_002964,2026-09-30 00:08:32,NDM_002964,There was a transaction on my account that I did not make.,High,ATO,Unauthorised Transaction
TICKET_001801,2026-09-29 13:11:12,NDM_002967,Please help me update my registered mobile number.,Low,LEGITIMATE,
ATO_TICKET_NDM_002967,2026-09-30 01:43:58,NDM_002967,I received an OTP that I did not request.,Medium,ATO,Unauthorised Transaction
TICKET_000329,2026-09-09 02:20:33,NDM_002968,My SIM card was replaced and I cannot log in.,Medium,LEGITIMATE,
ATO_TICKET_NDM_002969,2026-09-23 21:52:04,NDM_002969,I received an OTP that I did not request.,High,ATO,Unauthorised Transaction
ATO_TICKET_NDM_002970,2026-09-21 16:21:17,NDM_002970,There was a transaction on my account that I did not make.,High,ATO,Unauthorised Transaction
TICKET_000755,2026-09-28 22:06:37,NDM_002970,There was a transaction on my account that I did not make.,Medium,LEGITIMATE,
TICKET_001602,2026-09-03 00:13:17,NDM_002974,I changed my phone and need help accessing my account.,High,LEGITIMATE,
TICKET_000082,2026-09-16 04:26:48,NDM_002974,Please help me update my registered mobile number.,Low,LEGITIMATE,
TICKET_000767,2026-09-18 23:54:37,NDM_002975,Please help me update my registered mobile number.,Low,LEGITIMATE,
ATO_TICKET_NDM_002975,2026-09-20 02:24:31,NDM_002975,I received an OTP that I did not request.,High,ATO,Unauthorised Transaction
ATO_TICKET_NDM_002976,2026-09-24 21:15:36,NDM_002976,There was a transaction on my account that I did not make.,High,ATO,Unauthorised Transaction
TICKET_000854,2026-09-18 12:41:27,NDM_002978,I changed my phone and need help accessing my account.,High,LEGITIMATE,
ATO_TICKET_NDM_002978,2026-09-26 21:13:40,NDM_002978,My SIM card was replaced and I cannot log in.,High,ATO,Unauthorised Transaction
TICKET_001497,2026-09-02 03:25:31,NDM_002981,I made this transaction myself but it is showing as pending.,Low,LEGITIMATE,
TICKET_000931,2026-09-09 13:34:24,NDM_002981,I noticed a transfer that I do not recognise.,High,LEGITIMATE,
ATO_TICKET_NDM_002981,2026-09-29 19:00:51,NDM_002981,There was a transaction on my account that I did not make.,High,ATO,Unauthorised Transaction
TICKET_001359,2026-09-09 01:32:40,NDM_002983,I noticed a transfer that I do not recognise.,High,LEGITIMATE,
TICKET_000070,2026-09-28 11:52:23,NDM_002983,I made this transaction myself but it is showing as pending.,Low,LEGITIMATE,
TICKET_001220,2026-09-15 01:44:47,NDM_002985,There is no problem with my account; I need assistance with a payment.,Low,LEGITIMATE,
ATO_TICKET_NDM_002985,2026-09-19 15:01:22,NDM_002985,My SIM card was replaced and I cannot log in.,High,ATO,Unauthorised Transaction
TICKET_000702,2026-09-13 11:12:04,NDM_002986,I changed my phone and need help accessing my account.,Medium,LEGITIMATE,
TICKET_001160,2026-09-10 11:29:37,NDM_002991,I cannot access my account and my password no longer works.,Low,LEGITIMATE,
ATO_TICKET_NDM_002991,2026-09-30 02:45:29,NDM_002991,My phone was lost and I need to secure my account.,High,ATO,Unauthorised Transaction
ATO_TICKET_NDM_002996,2026-09-22 11:25:50,NDM_002996,There was a transaction on my account that I did not make.,High,ATO,Unauthorised Transaction
TICKET_001009,2026-09-20 00:50:16,NDM_002997,I cannot access my account and my password no longer works.,Low,LEGITIMATE,
TICKET_001348,2026-09-23 10:39:25,NDM_002997,I am travelling and cannot access my normal device.,Medium,LEGITIMATE,
ATO_TICKET_NDM_002998,2026-09-26 14:00:51,NDM_002998,I received an OTP that I did not request.,High,ATO,Unauthorised Transaction
TICKET_001021,2026-09-01 05:41:57,NDM_002999,There was a transaction on my account that I did not make.,Low,LEGITIMATE,
TICKET_000848,2026-09-03 21:11:59,NDM_003001,Please help me update my registered mobile number.,High,LEGITIMATE,
TICKET_000021,2026-09-22 16:11:27,NDM_003001,My phone was lost and I need to secure my account.,Medium,LEGITIMATE,
ATO_TICKET_NDM_003001,2026-09-23 09:56:22,NDM_003001,My phone was lost and I need to secure my account.,High,ATO,Unauthorised Transaction
ATO_TICKET_NDM_003004,2026-09-27 11:44:47,NDM_003004,My phone was lost and I need to secure my account.,High,ATO,Unauthorised Transaction
ATO_TICKET_NDM_003005,2026-09-29 19:45:18,NDM_003005,My phone was lost and I need to secure my account.,High,ATO,Unauthorised Transaction
ATO_TICKET_NDM_003008,2026-09-27 00:32:51,NDM_003008,There was a transaction on my account that I did not make.,High,ATO,Unauthorised Transaction
ATO_TICKET_NDM_003011,2026-09-25 20:27:55,NDM_003011,There was a transaction on my account that I did not make.,High,ATO,Unauthorised Transaction
TICKET_001181,2026-09-15 11:33:51,NDM_003012,I noticed a transfer that I do not recognise.,High,LEGITIMATE,
ATO_TICKET_NDM_003013,2026-09-29 14:26:03,NDM_003013,There was a transaction on my account that I did not make.,Medium,ATO,Unauthorised Transaction
ATO_TICKET_NDM_003014,2026-09-27 05:41:21,NDM_003014,My phone was lost and I need to secure my account.,High,ATO,Unauthorised Transaction
TICKET_000780,2026-09-24 05:10:00,NDM_003017,I made this transaction myself but it is showing as pending.,Medium,LEGITIMATE,
ATO_TICKET_NDM_003018,2026-09-25 05:50:55,NDM_003018,My phone was lost and I need to secure my account.,High,ATO,Unauthorised Transaction
TICKET_000266,2026-09-03 16:44:17,NDM_003019,Please help me update my registered mobile number.,Medium,LEGITIMATE,
TICKET_000970,2026-09-20 01:10:22,NDM_003019,I received an OTP that I did not request.,Low,LEGITIMATE,
ATO_TICKET_NDM_003021,2026-09-24 16:58:25,NDM_003021,My SIM card was replaced and I cannot log in.,High,ATO,Unauthorised Transaction
TICKET_001500,2026-09-19 07:43:20,NDM_003025,My account is locked after several login attempts.,Low,LEGITIMATE,
TICKET_000276,2026-09-29 23:15:02,NDM_003026,Please help me update my registered mobile number.,Medium,LEGITIMATE,
ATO_TICKET_NDM_003026,2026-09-30 22:37:35,NDM_003026,My phone was lost and I need to secure my account.,High,ATO,Unauthorised Transaction
ATO_TICKET_NDM_003027,2026-09-20 04:15:00,NDM_003027,There was a transaction on my account that I did not make.,Medium,ATO,Unauthorised Transaction
TICKET_001228,2026-09-18 08:57:53,NDM_003029,My SIM card was replaced and I cannot log in.,Low,LEGITIMATE,
TICKET_001233,2026-09-05 14:09:48,NDM_003033,My account is locked after several login attempts.,Low,LEGITIMATE,
TICKET_001698,2026-09-22 19:13:12,NDM_003033,I made this transaction myself but it is showing as pending.,Low,LEGITIMATE,
TICKET_001701,2026-09-28 03:55:19,NDM_003034,I noticed a transfer that I do not recognise.,Low,LEGITIMATE,
TICKET_000120,2026-09-15 07:52:21,NDM_003035,I am travelling and cannot access my normal device.,Medium,LEGITIMATE,
TICKET_000252,2026-09-28 17:17:57,NDM_003037,There was a transaction on my account that I did not make.,Medium,LEGITIMATE,
ATO_TICKET_NDM_003040,2026-09-19 22:06:23,NDM_003040,I received an OTP that I did not request.,High,ATO,Unauthorised Transaction
ATO_TICKET_NDM_003041,2026-09-27 18:27:48,NDM_003041,I received an OTP that I did not request.,High,ATO,Unauthorised Transaction
TICKET_001362,2026-09-26 01:20:33,NDM_003042,I changed my phone and need help accessing my account.,Low,LEGITIMATE,
TICKET_001620,2026-09-07 13:13:24,NDM_003043,My account is locked after several login attempts.,Low,LEGITIMATE,
ATO_TICKET_NDM_003043,2026-09-30 06:20:17,NDM_003043,My SIM card was replaced and I cannot log in.,High,ATO,Unauthorised Transaction
ATO_TICKET_NDM_003047,2026-09-29 20:51:44,NDM_003047,I noticed a transfer that I do not recognise.,High,ATO,Unauthorised Transaction
ATO_TICKET_NDM_003048,2026-09-26 19:21:28,NDM_003048,My SIM card was replaced and I cannot log in.,High,ATO,Unauthorised Transaction
TICKET_000198,2026-09-16 20:58:11,NDM_003052,My SIM card was replaced and I cannot log in.,Low,LEGITIMATE,
TICKET_000677,2026-09-13 14:49:39,NDM_003053,I am travelling and cannot access my normal device.,Medium,LEGITIMATE,
TICKET_001945,2026-09-07 22:11:18,NDM_003054,I changed my phone and need help accessing my account.,Low,LEGITIMATE,
TICKET_000088,2026-09-14 22:34:06,NDM_003054,I noticed a transfer that I do not recognise.,Low,LEGITIMATE,
ATO_TICKET_NDM_003056,2026-09-30 17:42:14,NDM_003056,I noticed a transfer that I do not recognise.,High,ATO,Unauthorised Transaction
TICKET_001424,2026-09-02 12:20:06,NDM_003058,My account is locked after several login attempts.,Medium,LEGITIMATE,
TICKET_001613,2026-09-23 03:48:22,NDM_003059,I noticed a transfer that I do not recognise.,High,LEGITIMATE,
TICKET_000301,2026-09-01 23:35:14,NDM_003060,I cannot access my account and my password no longer works.,Low,LEGITIMATE,
TICKET_000610,2026-09-11 08:13:04,NDM_003060,My account is locked after several login attempts.,Low,LEGITIMATE,
TICKET_001699,2026-09-18 01:21:44,NDM_003061,I changed my phone and need help accessing my account.,Low,LEGITIMATE,
ATO_TICKET_NDM_003061,2026-09-24 16:44:16,NDM_003061,There was a transaction on my account that I did not make.,High,ATO,Unauthorised Transaction
ATO_TICKET_NDM_003066,2026-09-29 10:10:55,NDM_003066,There was a transaction on my account that I did not make.,High,ATO,Unauthorised Transaction
TICKET_001770,2026-09-29 22:49:38,NDM_003066,I received an OTP that I did not request.,Medium,LEGITIMATE,
TICKET_001191,2026-09-22 15:45:20,NDM_003067,My SIM card was replaced and I cannot log in.,Low,LEGITIMATE,
TICKET_000544,2026-09-16 05:56:53,NDM_003068,There is no problem with my account; I need assistance with a payment.,Low,LEGITIMATE,
ATO_TICKET_NDM_003070,2026-09-28 14:27:30,NDM_003070,I received an OTP that I did not request.,High,ATO,Unauthorised Transaction
TICKET_001425,2026-09-04 15:16:43,NDM_003071,My phone was lost and I need to secure my account.,Low,LEGITIMATE,
TICKET_001716,2026-09-12 16:45:04,NDM_003074,There was a transaction on my account that I did not make.,Low,LEGITIMATE,
ATO_TICKET_NDM_003078,2026-09-29 23:51:17,NDM_003078,My phone was lost and I need to secure my account.,Medium,ATO,Unauthorised Transaction
TICKET_000516,2026-09-19 07:32:17,NDM_003080,My account is locked after several login attempts.,Low,LEGITIMATE,
TICKET_000440,2026-09-09 19:35:01,NDM_003081,I received an OTP that I did not request.,Medium,LEGITIMATE,
ATO_TICKET_NDM_003082,2026-09-23 17:09:01,NDM_003082,I noticed a transfer that I do not recognise.,Medium,ATO,Unauthorised Transaction
TICKET_001920,2026-09-13 17:04:09,NDM_003085,I received an OTP that I did not request.,Medium,LEGITIMATE,
TICKET_001726,2026-09-23 15:55:03,NDM_003085,I cannot access my account and my password no longer works.,Low,LEGITIMATE,
TICKET_000934,2026-09-25 06:05:13,NDM_003086,I made this transaction myself but it is showing as pending.,Low,LEGITIMATE,
ATO_TICKET_NDM_003087,2026-09-28 21:19:03,NDM_003087,My phone was lost and I need to secure my account.,High,ATO,Unauthorised Transaction
TICKET_000956,2026-09-30 08:23:16,NDM_003087,I changed my phone and need help accessing my account.,Low,LEGITIMATE,
ATO_TICKET_NDM_003088,2026-09-26 23:14:55,NDM_003088,I noticed a transfer that I do not recognise.,High,ATO,Unauthorised Transaction
TICKET_001995,2026-09-18 11:20:58,NDM_003089,I made this transaction myself but it is showing as pending.,Low,LEGITIMATE,
TICKET_000405,2026-09-20 13:58:35,NDM_003089,My account is locked after several login attempts.,Low,LEGITIMATE,
TICKET_001958,2026-09-16 22:50:52,NDM_003092,I received an OTP that I did not request.,Medium,LEGITIMATE,
TICKET_000418,2026-09-22 10:19:03,NDM_003096,There was a transaction on my account that I did not make.,Medium,LEGITIMATE,
ATO_TICKET_NDM_003097,2026-09-28 00:12:20,NDM_003097,My phone was lost and I need to secure my account.,High,ATO,Unauthorised Transaction
TICKET_001263,2026-09-05 13:34:34,NDM_003098,I noticed a transfer that I do not recognise.,Medium,LEGITIMATE,
TICKET_001018,2026-09-26 04:21:26,NDM_003099,I noticed a transfer that I do not recognise.,Low,LEGITIMATE,
TICKET_000623,2026-09-21 13:03:46,NDM_003101,My SIM card was replaced and I cannot log in.,Medium,LEGITIMATE,
TICKET_000842,2026-09-11 05:11:41,NDM_003103,My phone was lost and I need to secure my account.,Medium,LEGITIMATE,
ATO_TICKET_NDM_003104,2026-09-29 17:22:10,NDM_003104,I received an OTP that I did not request.,Medium,ATO,Unauthorised Transaction
TICKET_001062,2026-09-27 03:25:26,NDM_003105,My phone was lost and I need to secure my account.,Low,LEGITIMATE,
TICKET_000344,2026-09-11 05:55:20,NDM_003107,I am travelling and cannot access my normal device.,Medium,LEGITIMATE,
TICKET_001156,2026-09-13 07:41:59,NDM_003107,There was a transaction on my account that I did not make.,Medium,LEGITIMATE,
TICKET_001840,2026-09-17 05:40:43,NDM_003107,Please help me update my registered mobile number.,Low,LEGITIMATE,
TICKET_001992,2026-09-24 03:12:50,NDM_003107,My phone was lost and I need to secure my account.,High,LEGITIMATE,
TICKET_000019,2026-09-07 10:28:11,NDM_003108,There was a transaction on my account that I did not make.,Low,LEGITIMATE,
TICKET_000151,2026-09-25 21:12:39,NDM_003108,There is no problem with my account; I need assistance with a payment.,Low,LEGITIMATE,
ATO_TICKET_NDM_003109,2026-09-22 19:51:52,NDM_003109,There was a transaction on my account that I did not make.,Medium,ATO,Unauthorised Transaction
TICKET_001036,2026-09-18 23:03:28,NDM_003111,I received an OTP that I did not request.,Low,LEGITIMATE,
ATO_TICKET_NDM_003113,2026-09-30 23:06:04,NDM_003113,I received an OTP that I did not request.,High,ATO,Unauthorised Transaction
ATO_TICKET_NDM_003118,2026-09-30 07:45:36,NDM_003118,My phone was lost and I need to secure my account.,High,ATO,Unauthorised Transaction
TICKET_001430,2026-09-05 01:34:14,NDM_003119,I changed my phone and need help accessing my account.,Medium,LEGITIMATE,
TICKET_000386,2026-09-10 20:21:41,NDM_003119,Please help me update my registered mobile number.,Low,LEGITIMATE,
ATO_TICKET_NDM_003119,2026-09-30 19:37:16,NDM_003119,My phone was lost and I need to secure my account.,Medium,ATO,Unauthorised Transaction
TICKET_000523,2026-09-02 17:18:53,NDM_003123,I made this transaction myself but it is showing as pending.,Low,LEGITIMATE,
ATO_TICKET_NDM_003123,2026-09-30 01:48:20,NDM_003123,I received an OTP that I did not request.,High,ATO,Unauthorised Transaction
TICKET_000673,2026-09-29 12:35:08,NDM_003125,I cannot access my account and my password no longer works.,Medium,LEGITIMATE,
TICKET_000728,2026-09-07 19:12:50,NDM_003126,I made this transaction myself but it is showing as pending.,High,LEGITIMATE,
ATO_TICKET_NDM_003127,2026-09-28 09:57:49,NDM_003127,There was a transaction on my account that I did not make.,High,ATO,Unauthorised Transaction
TICKET_001611,2026-09-22 06:19:10,NDM_003128,I am travelling and cannot access my normal device.,Medium,LEGITIMATE,
TICKET_000237,2026-09-01 14:02:02,NDM_003131,I am travelling and cannot access my normal device.,Medium,LEGITIMATE,
TICKET_000907,2026-09-14 04:23:44,NDM_003131,My SIM card was replaced and I cannot log in.,Low,LEGITIMATE,
TICKET_000781,2026-09-14 11:55:03,NDM_003133,I noticed a transfer that I do not recognise.,Low,LEGITIMATE,
TICKET_000182,2026-09-15 02:15:58,NDM_003135,My SIM card was replaced and I cannot log in.,Medium,LEGITIMATE,
ATO_TICKET_NDM_003137,2026-09-19 03:39:12,NDM_003137,My phone was lost and I need to secure my account.,Medium,ATO,Unauthorised Transaction
ATO_TICKET_NDM_003139,2026-09-06 17:52:30,NDM_003139,My phone was lost and I need to secure my account.,Medium,ATO,Unauthorised Transaction
TICKET_000473,2026-09-20 16:08:24,NDM_003139,There is no problem with my account; I need assistance with a payment.,Low,LEGITIMATE,
TICKET_000216,2026-09-26 16:20:49,NDM_003140,There is no problem with my account; I need assistance with a payment.,Medium,LEGITIMATE,
TICKET_001356,2026-09-14 07:44:12,NDM_003141,Please help me update my registered mobile number.,Low,LEGITIMATE,
TICKET_000534,2026-09-25 06:59:58,NDM_003144,There was a transaction on my account that I did not make.,Medium,LEGITIMATE,
TICKET_000870,2026-09-28 11:14:38,NDM_003144,I noticed a transfer that I do not recognise.,Medium,LEGITIMATE,
TICKET_001800,2026-09-23 18:38:33,NDM_003146,There was a transaction on my account that I did not make.,Low,LEGITIMATE,
TICKET_000489,2026-09-17 09:33:25,NDM_003149,My phone was lost and I need to secure my account.,Low,LEGITIMATE,
ATO_TICKET_NDM_003151,2026-09-30 00:17:14,NDM_003151,I noticed a transfer that I do not recognise.,High,ATO,Unauthorised Transaction
TICKET_001896,2026-09-08 08:04:22,NDM_003152,I received an OTP that I did not request.,Medium,LEGITIMATE,
ATO_TICKET_NDM_003152,2026-09-19 18:54:28,NDM_003152,I received an OTP that I did not request.,High,ATO,Unauthorised Transaction
TICKET_000026,2026-09-24 09:56:22,NDM_003152,My account is locked after several login attempts.,Low,LEGITIMATE,
ATO_TICKET_NDM_003158,2026-09-26 03:56:41,NDM_003158,My phone was lost and I need to secure my account.,High,ATO,Unauthorised Transaction
TICKET_000488,2026-09-05 13:27:38,NDM_003159,There is no problem with my account; I need assistance with a payment.,Low,LEGITIMATE,
TICKET_000973,2026-09-17 12:10:41,NDM_003160,There is no problem with my account; I need assistance with a payment.,Low,LEGITIMATE,
ATO_TICKET_NDM_003161,2026-09-23 18:45:33,NDM_003161,My SIM card was replaced and I cannot log in.,High,ATO,Unauthorised Transaction
TICKET_001154,2026-09-15 19:08:46,NDM_003167,My phone was lost and I need to secure my account.,Low,LEGITIMATE,
TICKET_001827,2026-09-22 20:02:59,NDM_003167,I made this transaction myself but it is showing as pending.,Low,LEGITIMATE,
TICKET_000974,2026-09-26 21:43:03,NDM_003167,I received an OTP that I did not request.,Low,LEGITIMATE,
ATO_TICKET_NDM_003167,2026-09-27 23:41:46,NDM_003167,My phone was lost and I need to secure my account.,High,ATO,Unauthorised Transaction
TICKET_000051,2026-09-05 11:51:24,NDM_003168,My SIM card was replaced and I cannot log in.,Medium,LEGITIMATE,
TICKET_001579,2026-09-21 22:31:59,NDM_003169,Please help me update my registered mobile number.,Medium,LEGITIMATE,
ATO_TICKET_NDM_003169,2026-09-25 08:38:19,NDM_003169,I received an OTP that I did not request.,High,ATO,Unauthorised Transaction
TICKET_000952,2026-09-15 12:47:16,NDM_003170,My phone was lost and I need to secure my account.,Medium,LEGITIMATE,
TICKET_000908,2026-09-08 12:35:26,NDM_003173,My phone was lost and I need to secure my account.,Low,LEGITIMATE,
ATO_TICKET_NDM_003181,2026-09-30 04:15:54,NDM_003181,There was a transaction on my account that I did not make.,High,ATO,Unauthorised Transaction
TICKET_001258,2026-09-18 07:01:28,NDM_003182,My account is locked after several login attempts.,Medium,LEGITIMATE,
ATO_TICKET_NDM_003182,2026-09-26 09:18:12,NDM_003182,I received an OTP that I did not request.,High,ATO,Unauthorised Transaction
TICKET_001182,2026-09-21 02:21:46,NDM_003183,My SIM card was replaced and I cannot log in.,Medium,LEGITIMATE,
ATO_TICKET_NDM_003183,2026-09-30 21:02:56,NDM_003183,I received an OTP that I did not request.,High,ATO,Unauthorised Transaction
ATO_TICKET_NDM_003184,2026-09-10 06:30:10,NDM_003184,I received an OTP that I did not request.,High,ATO,Unauthorised Transaction
ATO_TICKET_NDM_003185,2026-09-25 23:55:38,NDM_003185,I received an OTP that I did not request.,High,ATO,Unauthorised Transaction
TICKET_000145,2026-09-15 05:31:11,NDM_003186,I cannot access my account and my password no longer works.,Medium,LEGITIMATE,
TICKET_000121,2026-09-22 10:42:32,NDM_003186,I changed my phone and need help accessing my account.,Low,LEGITIMATE,
TICKET_001566,2026-09-09 02:40:39,NDM_003187,I noticed a transfer that I do not recognise.,Low,LEGITIMATE,
ATO_TICKET_NDM_003188,2026-09-29 17:51:27,NDM_003188,My phone was lost and I need to secure my account.,Medium,ATO,Unauthorised Transaction
TICKET_000334,2026-09-11 17:35:10,NDM_003189,I received an OTP that I did not request.,Low,LEGITIMATE,
TICKET_000108,2026-09-14 13:35:40,NDM_003191,I cannot access my account and my password no longer works.,Low,LEGITIMATE,
TICKET_000355,2026-09-26 02:41:51,NDM_003196,There was a transaction on my account that I did not make.,Low,LEGITIMATE,
ATO_TICKET_NDM_003197,2026-09-24 22:14:46,NDM_003197,My phone was lost and I need to secure my account.,High,ATO,Unauthorised Transaction
TICKET_000659,2026-09-03 07:35:52,NDM_003198,There was a transaction on my account that I did not make.,Low,LEGITIMATE,
ATO_TICKET_NDM_003199,2026-09-17 06:27:35,NDM_003199,I noticed a transfer that I do not recognise.,High,ATO,Unauthorised Transaction
TICKET_001968,2026-09-07 16:21:40,NDM_003200,I received an OTP that I did not request.,Low,LEGITIMATE,
TICKET_000214,2026-09-14 08:52:30,NDM_003200,There is no problem with my account; I need assistance with a payment.,Medium,LEGITIMATE,
TICKET_000234,2026-09-05 15:31:41,NDM_003201,I am travelling and cannot access my normal device.,Low,LEGITIMATE,
ATO_TICKET_NDM_003201,2026-09-22 09:32:38,NDM_003201,My phone was lost and I need to secure my account.,High,ATO,Unauthorised Transaction
ATO_TICKET_NDM_003202,2026-09-22 18:10:44,NDM_003202,My SIM card was replaced and I cannot log in.,High,ATO,Unauthorised Transaction
TICKET_001101,2026-09-02 05:10:02,NDM_003203,Please help me update my registered mobile number.,Medium,LEGITIMATE,
TICKET_000645,2026-09-04 04:43:52,NDM_003206,My SIM card was replaced and I cannot log in.,Low,LEGITIMATE,
TICKET_000117,2026-09-18 21:41:51,NDM_003207,My SIM card was replaced and I cannot log in.,Medium,LEGITIMATE,
TICKET_000900,2026-09-06 19:08:02,NDM_003209,I received an OTP that I did not request.,Low,LEGITIMATE,
TICKET_001385,2026-09-17 05:40:52,NDM_003209,There is no problem with my account; I need assistance with a payment.,Low,LEGITIMATE,
TICKET_001658,2026-09-17 19:43:03,NDM_003209,I am travelling and cannot access my normal device.,Low,LEGITIMATE,
ATO_TICKET_NDM_003209,2026-09-29 03:56:57,NDM_003209,I received an OTP that I did not request.,Medium,ATO,Unauthorised Transaction
TICKET_001451,2026-09-15 16:00:39,NDM_003210,I am travelling and cannot access my normal device.,Low,LEGITIMATE,
ATO_TICKET_NDM_003210,2026-09-29 03:26:28,NDM_003210,My SIM card was replaced and I cannot log in.,High,ATO,Unauthorised Transaction
ATO_TICKET_NDM_003211,2026-09-30 13:02:46,NDM_003211,I noticed a transfer that I do not recognise.,Medium,ATO,Unauthorised Transaction
ATO_TICKET_NDM_003212,2026-09-28 02:24:34,NDM_003212,My SIM card was replaced and I cannot log in.,High,ATO,Unauthorised Transaction
ATO_TICKET_NDM_003215,2026-09-21 04:25:18,NDM_003215,I noticed a transfer that I do not recognise.,High,ATO,Unauthorised Transaction
TICKET_000274,2026-09-14 05:14:20,NDM_003216,I am travelling and cannot access my normal device.,Low,LEGITIMATE,
ATO_TICKET_NDM_003216,2026-09-30 12:59:44,NDM_003216,There was a transaction on my account that I did not make.,High,ATO,Unauthorised Transaction
ATO_TICKET_NDM_003218,2026-09-25 16:35:22,NDM_003218,There was a transaction on my account that I did not make.,High,ATO,Unauthorised Transaction
ATO_TICKET_NDM_003222,2026-09-29 11:39:24,NDM_003222,I received an OTP that I did not request.,High,ATO,Unauthorised Transaction
TICKET_000748,2026-09-30 14:44:55,NDM_003223,My SIM card was replaced and I cannot log in.,Low,LEGITIMATE,
TICKET_000873,2026-09-03 23:51:10,NDM_003226,Please help me update my registered mobile number.,Low,LEGITIMATE,
TICKET_000558,2026-09-07 22:17:43,NDM_003226,I made this transaction myself but it is showing as pending.,Low,LEGITIMATE,
ATO_TICKET_NDM_003227,2026-09-30 00:49:57,NDM_003227,My SIM card was replaced and I cannot log in.,High,ATO,Unauthorised Transaction
TICKET_001464,2026-09-05 00:29:13,NDM_003229,I made this transaction myself but it is showing as pending.,Low,LEGITIMATE,
ATO_TICKET_NDM_003229,2026-09-22 17:46:09,NDM_003229,I noticed a transfer that I do not recognise.,Medium,ATO,Unauthorised Transaction
TICKET_001364,2026-09-25 20:54:46,NDM_003230,I cannot access my account and my password no longer works.,Low,LEGITIMATE,
ATO_TICKET_NDM_003237,2026-09-27 01:24:35,NDM_003237,My phone was lost and I need to secure my account.,High,ATO,Unauthorised Transaction
TICKET_000543,2026-09-11 12:00:21,NDM_003238,My account is locked after several login attempts.,Medium,LEGITIMATE,
TICKET_001969,2026-09-09 10:59:46,NDM_003240,My account is locked after several login attempts.,Low,LEGITIMATE,
TICKET_000639,2026-09-11 13:23:00,NDM_003241,I am travelling and cannot access my normal device.,Low,LEGITIMATE,
TICKET_000682,2026-09-17 05:35:52,NDM_003243,I noticed a transfer that I do not recognise.,Low,LEGITIMATE,
TICKET_001966,2026-09-17 09:42:59,NDM_003243,My phone was lost and I need to secure my account.,Low,LEGITIMATE,
TICKET_000496,2026-09-17 21:49:51,NDM_003253,There is no problem with my account; I need assistance with a payment.,High,LEGITIMATE,
TICKET_000756,2026-09-26 16:55:40,NDM_003253,I made this transaction myself but it is showing as pending.,Low,LEGITIMATE,
TICKET_001766,2026-09-07 00:58:00,NDM_003254,I cannot access my account and my password no longer works.,Medium,LEGITIMATE,
TICKET_001345,2026-09-17 00:42:09,NDM_003254,Please help me update my registered mobile number.,Low,LEGITIMATE,
TICKET_001631,2026-09-26 03:26:27,NDM_003255,My account is locked after several login attempts.,High,LEGITIMATE,
ATO_TICKET_NDM_003260,2026-09-28 22:55:40,NDM_003260,I received an OTP that I did not request.,Medium,ATO,Unauthorised Transaction
ATO_TICKET_NDM_003262,2026-09-22 10:54:11,NDM_003262,I noticed a transfer that I do not recognise.,High,ATO,Unauthorised Transaction
TICKET_001468,2026-09-16 22:01:01,NDM_003264,I made this transaction myself but it is showing as pending.,Low,LEGITIMATE,
TICKET_000154,2026-09-27 20:27:55,NDM_003267,I received an OTP that I did not request.,Low,LEGITIMATE,
ATO_TICKET_NDM_003268,2026-09-30 19:23:39,NDM_003268,My SIM card was replaced and I cannot log in.,High,ATO,Unauthorised Transaction
TICKET_000542,2026-09-02 09:17:35,NDM_003269,Please help me update my registered mobile number.,Low,LEGITIMATE,
TICKET_001767,2026-09-22 08:50:49,NDM_003270,My SIM card was replaced and I cannot log in.,Medium,LEGITIMATE,
ATO_TICKET_NDM_003270,2026-09-30 23:36:16,NDM_003270,I received an OTP that I did not request.,High,ATO,Unauthorised Transaction
ATO_TICKET_NDM_003273,2026-09-23 01:00:42,NDM_003273,My phone was lost and I need to secure my account.,High,ATO,Unauthorised Transaction
ATO_TICKET_NDM_003274,2026-09-30 03:58:19,NDM_003274,My SIM card was replaced and I cannot log in.,High,ATO,Unauthorised Transaction
TICKET_000895,2026-09-12 17:40:49,NDM_003281,I am travelling and cannot access my normal device.,Low,LEGITIMATE,
TICKET_001645,2026-09-27 18:53:43,NDM_003282,I changed my phone and need help accessing my account.,Low,LEGITIMATE,
TICKET_001328,2026-09-23 16:01:20,NDM_003284,I am travelling and cannot access my normal device.,Low,LEGITIMATE,
TICKET_001089,2026-09-12 23:19:52,NDM_003288,I am travelling and cannot access my normal device.,Medium,LEGITIMATE,
ATO_TICKET_NDM_003289,2026-09-27 00:06:15,NDM_003289,My SIM card was replaced and I cannot log in.,High,ATO,Unauthorised Transaction
TICKET_001407,2026-09-23 15:24:51,NDM_003298,I changed my phone and need help accessing my account.,Medium,LEGITIMATE,
TICKET_001993,2026-09-13 10:37:46,NDM_003300,There is no problem with my account; I need assistance with a payment.,High,LEGITIMATE,
TICKET_001157,2026-09-15 10:30:06,NDM_003300,Please help me update my registered mobile number.,High,LEGITIMATE,
ATO_TICKET_NDM_003300,2026-09-27 08:04:52,NDM_003300,My phone was lost and I need to secure my account.,High,ATO,Unauthorised Transaction
TICKET_000050,2026-09-06 15:09:49,NDM_003302,I changed my phone and need help accessing my account.,Low,LEGITIMATE,
TICKET_000761,2026-09-02 01:28:50,NDM_003304,I changed my phone and need help accessing my account.,Low,LEGITIMATE,
TICKET_001495,2026-09-06 12:58:36,NDM_003304,Please help me update my registered mobile number.,Medium,LEGITIMATE,
ATO_TICKET_NDM_003306,2026-09-28 19:07:00,NDM_003306,There was a transaction on my account that I did not make.,High,ATO,Unauthorised Transaction
ATO_TICKET_NDM_003307,2026-09-26 13:15:20,NDM_003307,There was a transaction on my account that I did not make.,High,ATO,Unauthorised Transaction
TICKET_000693,2026-09-30 15:12:36,NDM_003307,Please help me update my registered mobile number.,Low,LEGITIMATE,
ATO_TICKET_NDM_003308,2026-09-26 16:11:16,NDM_003308,I received an OTP that I did not request.,Medium,ATO,Unauthorised Transaction
TICKET_001332,2026-09-04 03:32:15,NDM_003309,I received an OTP that I did not request.,High,LEGITIMATE,
TICKET_001814,2026-09-03 00:41:19,NDM_003310,There is no problem with my account; I need assistance with a payment.,Low,LEGITIMATE,
TICKET_000197,2026-09-23 10:19:14,NDM_003310,There was a transaction on my account that I did not make.,Low,LEGITIMATE,
TICKET_000433,2026-09-08 13:51:59,NDM_003312,My SIM card was replaced and I cannot log in.,Low,LEGITIMATE,
TICKET_000471,2026-09-25 14:47:44,NDM_003314,I am travelling and cannot access my normal device.,Low,LEGITIMATE,
TICKET_000219,2026-09-29 05:25:26,NDM_003314,I am travelling and cannot access my normal device.,Low,LEGITIMATE,
ATO_TICKET_NDM_003315,2026-09-28 07:42:32,NDM_003315,There was a transaction on my account that I did not make.,High,ATO,Unauthorised Transaction
ATO_TICKET_NDM_003316,2026-09-28 16:05:45,NDM_003316,I noticed a transfer that I do not recognise.,High,ATO,Unauthorised Transaction
TICKET_000790,2026-09-19 12:11:38,NDM_003325,I received an OTP that I did not request.,Medium,LEGITIMATE,
TICKET_001725,2026-09-18 11:20:35,NDM_003327,My account is locked after several login attempts.,Low,LEGITIMATE,
ATO_TICKET_NDM_003329,2026-09-23 16:59:50,NDM_003329,There was a transaction on my account that I did not make.,High,ATO,Unauthorised Transaction
ATO_TICKET_NDM_003330,2026-09-29 18:36:49,NDM_003330,There was a transaction on my account that I did not make.,Medium,ATO,Unauthorised Transaction
ATO_TICKET_NDM_003335,2026-09-25 18:23:40,NDM_003335,My phone was lost and I need to secure my account.,High,ATO,Unauthorised Transaction
TICKET_000954,2026-09-21 17:40:13,NDM_003338,I made this transaction myself but it is showing as pending.,Medium,LEGITIMATE,
ATO_TICKET_NDM_003338,2026-09-28 18:13:46,NDM_003338,My SIM card was replaced and I cannot log in.,High,ATO,Unauthorised Transaction
TICKET_001223,2026-09-21 21:32:59,NDM_003340,I am travelling and cannot access my normal device.,Low,LEGITIMATE,
TICKET_001779,2026-09-11 12:19:40,NDM_003341,I made this transaction myself but it is showing as pending.,Medium,LEGITIMATE,
ATO_TICKET_NDM_003341,2026-09-29 06:13:17,NDM_003341,I received an OTP that I did not request.,High,ATO,Unauthorised Transaction
TICKET_000043,2026-09-08 06:25:23,NDM_003342,My phone was lost and I need to secure my account.,Low,LEGITIMATE,
ATO_TICKET_NDM_003344,2026-09-27 21:04:16,NDM_003344,My SIM card was replaced and I cannot log in.,High,ATO,Unauthorised Transaction
ATO_TICKET_NDM_003346,2026-09-30 10:25:50,NDM_003346,I received an OTP that I did not request.,High,ATO,Unauthorised Transaction
ATO_TICKET_NDM_003350,2026-09-28 01:24:21,NDM_003350,I noticed a transfer that I do not recognise.,High,ATO,Unauthorised Transaction
ATO_TICKET_NDM_003351,2026-09-21 16:02:35,NDM_003351,My phone was lost and I need to secure my account.,High,ATO,Unauthorised Transaction
ATO_TICKET_NDM_003354,2026-09-28 12:53:58,NDM_003354,My SIM card was replaced and I cannot log in.,High,ATO,Unauthorised Transaction
ATO_TICKET_NDM_003355,2026-09-28 16:23:48,NDM_003355,I received an OTP that I did not request.,High,ATO,Unauthorised Transaction
ATO_TICKET_NDM_003357,2026-09-25 16:37:03,NDM_003357,I noticed a transfer that I do not recognise.,High,ATO,Unauthorised Transaction
TICKET_001306,2026-09-28 08:22:14,NDM_003357,My phone was lost and I need to secure my account.,Low,LEGITIMATE,
TICKET_000453,2026-09-28 19:45:11,NDM_003357,My account is locked after several login attempts.,Medium,LEGITIMATE,
ATO_TICKET_NDM_003358,2026-09-30 09:52:10,NDM_003358,My phone was lost and I need to secure my account.,High,ATO,Unauthorised Transaction
TICKET_000129,2026-09-12 13:34:12,NDM_003361,There is no problem with my account; I need assistance with a payment.,Low,LEGITIMATE,
ATO_TICKET_NDM_003363,2026-09-25 10:47:27,NDM_003363,I received an OTP that I did not request.,High,ATO,Unauthorised Transaction
TICKET_000890,2026-09-30 22:35:50,NDM_003365,I noticed a transfer that I do not recognise.,Medium,LEGITIMATE,
TICKET_000174,2026-09-13 07:22:22,NDM_003366,My account is locked after several login attempts.,Low,LEGITIMATE,
TICKET_000287,2026-09-23 00:44:04,NDM_003367,My account is locked after several login attempts.,Low,LEGITIMATE,
TICKET_001549,2026-09-17 18:36:27,NDM_003371,I received an OTP that I did not request.,Medium,LEGITIMATE,
TICKET_001341,2026-09-30 08:18:04,NDM_003373,I changed my phone and need help accessing my account.,Low,LEGITIMATE,
TICKET_000670,2026-09-02 10:49:31,NDM_003376,I cannot access my account and my password no longer works.,Low,LEGITIMATE,
ATO_TICKET_NDM_003376,2026-09-26 18:08:58,NDM_003376,I noticed a transfer that I do not recognise.,High,ATO,Unauthorised Transaction
ATO_TICKET_NDM_003379,2026-09-29 07:53:49,NDM_003379,I received an OTP that I did not request.,High,ATO,Unauthorised Transaction
TICKET_001297,2026-09-29 18:21:04,NDM_003381,I noticed a transfer that I do not recognise.,Low,LEGITIMATE,
TICKET_001817,2026-09-03 08:38:47,NDM_003384,I made this transaction myself but it is showing as pending.,Low,LEGITIMATE,
TICKET_001538,2026-09-24 14:56:05,NDM_003385,My SIM card was replaced and I cannot log in.,Low,LEGITIMATE,
ATO_TICKET_NDM_003385,2026-09-30 04:54:57,NDM_003385,My SIM card was replaced and I cannot log in.,High,ATO,Unauthorised Transaction
TICKET_001285,2026-09-09 16:14:26,NDM_003387,Please help me update my registered mobile number.,Low,LEGITIMATE,
TICKET_001268,2026-09-02 02:10:43,NDM_003388,I made this transaction myself but it is showing as pending.,Medium,LEGITIMATE,
ATO_TICKET_NDM_003389,2026-09-20 01:04:47,NDM_003389,I received an OTP that I did not request.,High,ATO,Unauthorised Transaction
ATO_TICKET_NDM_003392,2026-09-29 22:00:22,NDM_003392,I received an OTP that I did not request.,High,ATO,Unauthorised Transaction
ATO_TICKET_NDM_003393,2026-09-13 18:03:58,NDM_003393,I received an OTP that I did not request.,Medium,ATO,Unauthorised Transaction
TICKET_001301,2026-09-13 22:12:31,NDM_003393,I cannot access my account and my password no longer works.,Medium,LEGITIMATE,
TICKET_001299,2026-09-15 09:20:28,NDM_003394,I am travelling and cannot access my normal device.,Medium,LEGITIMATE,
TICKET_001095,2026-09-22 05:24:42,NDM_003394,There is no problem with my account; I need assistance with a payment.,Low,LEGITIMATE,
ATO_TICKET_NDM_003399,2026-09-23 21:48:33,NDM_003399,There was a transaction on my account that I did not make.,High,ATO,Unauthorised Transaction
TICKET_000539,2026-09-03 21:38:17,NDM_003400,I received an OTP that I did not request.,Medium,LEGITIMATE,
ATO_TICKET_NDM_003400,2026-09-23 22:52:08,NDM_003400,My SIM card was replaced and I cannot log in.,Medium,ATO,Unauthorised Transaction
ATO_TICKET_NDM_003403,2026-09-29 23:18:07,NDM_003403,There was a transaction on my account that I did not make.,Medium,ATO,Unauthorised Transaction
TICKET_000554,2026-09-26 14:54:29,NDM_003405,I cannot access my account and my password no longer works.,Low,LEGITIMATE,
TICKET_000455,2026-09-04 13:25:13,NDM_003406,There was a transaction on my account that I did not make.,Low,LEGITIMATE,
ATO_TICKET_NDM_003406,2026-09-27 04:45:38,NDM_003406,There was a transaction on my account that I did not make.,High,ATO,Unauthorised Transaction
TICKET_001859,2026-09-22 06:22:38,NDM_003409,There is no problem with my account; I need assistance with a payment.,Medium,LEGITIMATE,
TICKET_000176,2026-09-30 00:50:31,NDM_003415,My phone was lost and I need to secure my account.,Medium,LEGITIMATE,
TICKET_001569,2026-09-15 03:03:07,NDM_003416,My SIM card was replaced and I cannot log in.,Low,LEGITIMATE,
TICKET_001082,2026-09-04 11:50:58,NDM_003418,I cannot access my account and my password no longer works.,Medium,LEGITIMATE,
TICKET_001401,2026-09-30 12:01:02,NDM_003419,I am travelling and cannot access my normal device.,Low,LEGITIMATE,
TICKET_001925,2026-09-12 03:41:02,NDM_003422,Please help me update my registered mobile number.,High,LEGITIMATE,
TICKET_000248,2026-09-19 04:28:38,NDM_003422,My SIM card was replaced and I cannot log in.,Medium,LEGITIMATE,
TICKET_001836,2026-09-15 21:45:51,NDM_003426,I noticed a transfer that I do not recognise.,Low,LEGITIMATE,
TICKET_001809,2026-09-05 18:58:37,NDM_003429,I am travelling and cannot access my normal device.,Medium,LEGITIMATE,
TICKET_000079,2026-09-11 07:42:19,NDM_003435,My account is locked after several login attempts.,Low,LEGITIMATE,
ATO_TICKET_NDM_003435,2026-09-25 07:31:53,NDM_003435,I noticed a transfer that I do not recognise.,Medium,ATO,Unauthorised Transaction
TICKET_000734,2026-09-11 20:37:28,NDM_003438,There is no problem with my account; I need assistance with a payment.,Low,LEGITIMATE,
TICKET_001368,2026-09-19 14:45:25,NDM_003440,I noticed a transfer that I do not recognise.,Low,LEGITIMATE,
TICKET_001406,2026-09-25 18:21:01,NDM_003442,Please help me update my registered mobile number.,Medium,LEGITIMATE,
ATO_TICKET_NDM_003443,2026-09-28 23:16:11,NDM_003443,I noticed a transfer that I do not recognise.,High,ATO,Unauthorised Transaction
TICKET_001997,2026-09-23 12:15:38,NDM_003444,There was a transaction on my account that I did not make.,Medium,LEGITIMATE,
TICKET_001210,2026-09-19 11:13:31,NDM_003448,I cannot access my account and my password no longer works.,Low,LEGITIMATE,
TICKET_001319,2026-09-26 19:48:01,NDM_003448,There is no problem with my account; I need assistance with a payment.,Low,LEGITIMATE,
ATO_TICKET_NDM_003451,2026-09-30 04:46:09,NDM_003451,I noticed a transfer that I do not recognise.,Medium,ATO,Unauthorised Transaction
TICKET_001773,2026-09-14 08:53:08,NDM_003457,My SIM card was replaced and I cannot log in.,Low,LEGITIMATE,
ATO_TICKET_NDM_003457,2026-09-26 07:15:28,NDM_003457,My phone was lost and I need to secure my account.,High,ATO,Unauthorised Transaction
ATO_TICKET_NDM_003466,2026-09-24 17:13:21,NDM_003466,My SIM card was replaced and I cannot log in.,High,ATO,Unauthorised Transaction
TICKET_001820,2026-09-27 00:50:28,NDM_003466,There was a transaction on my account that I did not make.,High,LEGITIMATE,
TICKET_000376,2026-09-01 22:50:15,NDM_003467,I noticed a transfer that I do not recognise.,Low,LEGITIMATE,
TICKET_001932,2026-09-28 17:52:13,NDM_003472,My account is locked after several login attempts.,Low,LEGITIMATE,
TICKET_001848,2026-09-23 23:40:49,NDM_003476,My account is locked after several login attempts.,Low,LEGITIMATE,
TICKET_000058,2026-09-11 12:44:01,NDM_003477,I made this transaction myself but it is showing as pending.,Medium,LEGITIMATE,
ATO_TICKET_NDM_003477,2026-09-30 14:38:31,NDM_003477,My phone was lost and I need to secure my account.,High,ATO,Unauthorised Transaction
ATO_TICKET_NDM_003480,2026-09-25 01:06:15,NDM_003480,My SIM card was replaced and I cannot log in.,Medium,ATO,Unauthorised Transaction
ATO_TICKET_NDM_003483,2026-09-26 10:25:37,NDM_003483,There was a transaction on my account that I did not make.,High,ATO,Unauthorised Transaction
ATO_TICKET_NDM_003484,2026-09-22 03:32:15,NDM_003484,I received an OTP that I did not request.,High,ATO,Unauthorised Transaction
TICKET_000078,2026-09-28 10:30:07,NDM_003484,My SIM card was replaced and I cannot log in.,Medium,LEGITIMATE,
ATO_TICKET_NDM_003488,2026-09-28 14:52:07,NDM_003488,My SIM card was replaced and I cannot log in.,High,ATO,Unauthorised Transaction
TICKET_000566,2026-09-15 20:01:35,NDM_003492,I cannot access my account and my password no longer works.,Low,LEGITIMATE,
TICKET_001176,2026-09-20 15:10:15,NDM_003495,Please help me update my registered mobile number.,Low,LEGITIMATE,
TICKET_001687,2026-09-22 20:39:50,NDM_003495,There is no problem with my account; I need assistance with a payment.,High,LEGITIMATE,
ATO_TICKET_NDM_003496,2026-09-25 13:42:59,NDM_003496,There was a transaction on my account that I did not make.,High,ATO,Unauthorised Transaction
ATO_TICKET_NDM_003497,2026-09-27 10:01:37,NDM_003497,My phone was lost and I need to secure my account.,High,ATO,Unauthorised Transaction
ATO_TICKET_NDM_003499,2026-09-28 00:29:28,NDM_003499,My SIM card was replaced and I cannot log in.,High,ATO,Unauthorised Transaction
TICKET_001681,2026-09-01 11:06:17,NDM_003506,My phone was lost and I need to secure my account.,Low,LEGITIMATE,
TICKET_001563,2026-09-05 23:16:00,NDM_003509,I received an OTP that I did not request.,Medium,LEGITIMATE,
ATO_TICKET_NDM_003510,2026-09-19 15:20:33,NDM_003510,My SIM card was replaced and I cannot log in.,High,ATO,Unauthorised Transaction
TICKET_001438,2026-09-11 07:13:40,NDM_003512,I made this transaction myself but it is showing as pending.,Low,LEGITIMATE,
ATO_TICKET_NDM_003515,2026-09-29 10:08:40,NDM_003515,There was a transaction on my account that I did not make.,Medium,ATO,Unauthorised Transaction
ATO_TICKET_NDM_003516,2026-09-29 20:35:51,NDM_003516,I received an OTP that I did not request.,Medium,ATO,Unauthorised Transaction
TICKET_001591,2026-09-25 10:31:00,NDM_003524,My SIM card was replaced and I cannot log in.,High,LEGITIMATE,
TICKET_001025,2026-09-14 01:25:12,NDM_003527,I am travelling and cannot access my normal device.,Low,LEGITIMATE,
TICKET_001580,2026-09-12 20:52:21,NDM_003528,There was a transaction on my account that I did not make.,High,LEGITIMATE,
ATO_TICKET_NDM_003528,2026-09-30 17:13:01,NDM_003528,I received an OTP that I did not request.,High,ATO,Unauthorised Transaction
TICKET_000146,2026-09-17 23:06:23,NDM_003532,My phone was lost and I need to secure my account.,Low,LEGITIMATE,
ATO_TICKET_NDM_003532,2026-09-26 11:09:34,NDM_003532,There was a transaction on my account that I did not make.,High,ATO,Unauthorised Transaction
TICKET_001428,2026-09-28 13:41:32,NDM_003532,Please help me update my registered mobile number.,Low,LEGITIMATE,
TICKET_000477,2026-09-29 10:32:10,NDM_003533,My SIM card was replaced and I cannot log in.,Medium,LEGITIMATE,
ATO_TICKET_NDM_003536,2026-09-28 22:01:41,NDM_003536,I noticed a transfer that I do not recognise.,Medium,ATO,Unauthorised Transaction
TICKET_001141,2026-09-27 16:02:24,NDM_003537,Please help me update my registered mobile number.,Medium,LEGITIMATE,
TICKET_000137,2026-09-30 06:17:46,NDM_003537,I made this transaction myself but it is showing as pending.,Low,LEGITIMATE,
TICKET_001411,2026-09-11 01:39:28,NDM_003538,My phone was lost and I need to secure my account.,Low,LEGITIMATE,
ATO_TICKET_NDM_003538,2026-09-30 21:59:10,NDM_003538,There was a transaction on my account that I did not make.,High,ATO,Unauthorised Transaction
TICKET_001657,2026-09-10 18:24:34,NDM_003547,Please help me update my registered mobile number.,Low,LEGITIMATE,
TICKET_001748,2026-09-04 04:23:44,NDM_003550,I received an OTP that I did not request.,Low,LEGITIMATE,
TICKET_000719,2026-09-15 20:57:47,NDM_003551,Please help me update my registered mobile number.,Medium,LEGITIMATE,
ATO_TICKET_NDM_003551,2026-09-28 00:53:41,NDM_003551,There was a transaction on my account that I did not make.,High,ATO,Unauthorised Transaction
ATO_TICKET_NDM_003552,2026-09-28 07:42:59,NDM_003552,My phone was lost and I need to secure my account.,Medium,ATO,Unauthorised Transaction
TICKET_000986,2026-09-04 06:14:50,NDM_003559,I cannot access my account and my password no longer works.,Low,LEGITIMATE,
TICKET_000736,2026-09-01 17:10:53,NDM_003567,My account is locked after several login attempts.,Low,LEGITIMATE,
TICKET_001683,2026-09-13 09:53:55,NDM_003574,There was a transaction on my account that I did not make.,Low,LEGITIMATE,
ATO_TICKET_NDM_003574,2026-09-22 10:19:54,NDM_003574,My SIM card was replaced and I cannot log in.,High,ATO,Unauthorised Transaction
TICKET_000002,2026-09-25 19:55:23,NDM_003576,There was a transaction on my account that I did not make.,Medium,LEGITIMATE,
TICKET_001550,2026-09-21 00:57:08,NDM_003577,There was a transaction on my account that I did not make.,Medium,LEGITIMATE,
TICKET_000651,2026-09-17 03:45:51,NDM_003582,I am travelling and cannot access my normal device.,High,LEGITIMATE,
TICKET_001022,2026-09-24 20:47:16,NDM_003585,Please help me update my registered mobile number.,Medium,LEGITIMATE,
TICKET_001964,2026-09-29 12:19:30,NDM_003585,I changed my phone and need help accessing my account.,Low,LEGITIMATE,
TICKET_000016,2026-09-05 05:29:05,NDM_003589,I made this transaction myself but it is showing as pending.,Low,LEGITIMATE,
TICKET_000868,2026-09-19 13:18:34,NDM_003590,There is no problem with my account; I need assistance with a payment.,Low,LEGITIMATE,
TICKET_001551,2026-09-17 20:49:23,NDM_003593,There is no problem with my account; I need assistance with a payment.,High,LEGITIMATE,
TICKET_000316,2026-09-12 15:41:51,NDM_003595,I noticed a transfer that I do not recognise.,Low,LEGITIMATE,
TICKET_001450,2026-09-24 05:36:36,NDM_003595,I changed my phone and need help accessing my account.,Medium,LEGITIMATE,
TICKET_000484,2026-09-27 04:40:20,NDM_003597,I noticed a transfer that I do not recognise.,Medium,LEGITIMATE,
ATO_TICKET_NDM_003600,2026-09-27 17:08:54,NDM_003600,There was a transaction on my account that I did not make.,High,ATO,Unauthorised Transaction
ATO_TICKET_NDM_003601,2026-09-18 22:16:55,NDM_003601,I received an OTP that I did not request.,High,ATO,Unauthorised Transaction
ATO_TICKET_NDM_003604,2026-09-23 08:17:21,NDM_003604,I received an OTP that I did not request.,Medium,ATO,Unauthorised Transaction
TICKET_000446,2026-09-09 19:36:58,NDM_003607,My account is locked after several login attempts.,Low,LEGITIMATE,
ATO_TICKET_NDM_003608,2026-09-19 16:46:28,NDM_003608,My SIM card was replaced and I cannot log in.,High,ATO,Unauthorised Transaction
TICKET_001908,2026-09-27 05:51:39,NDM_003610,I made this transaction myself but it is showing as pending.,Low,LEGITIMATE,
TICKET_000053,2026-09-01 14:14:14,NDM_003613,I noticed a transfer that I do not recognise.,Medium,LEGITIMATE,
TICKET_001864,2026-09-09 03:46:47,NDM_003614,My account is locked after several login attempts.,Low,LEGITIMATE,
TICKET_000417,2026-09-22 01:02:47,NDM_003614,My SIM card was replaced and I cannot log in.,Low,LEGITIMATE,
TICKET_001412,2026-09-21 02:14:40,NDM_003619,I made this transaction myself but it is showing as pending.,Low,LEGITIMATE,
TICKET_000095,2026-09-26 18:06:12,NDM_003623,I noticed a transfer that I do not recognise.,Low,LEGITIMATE,
ATO_TICKET_NDM_003625,2026-09-21 12:26:43,NDM_003625,My phone was lost and I need to secure my account.,High,ATO,Unauthorised Transaction
TICKET_001241,2026-09-07 14:20:58,NDM_003629,I changed my phone and need help accessing my account.,Low,LEGITIMATE,
TICKET_000910,2026-09-23 16:31:17,NDM_003631,I am travelling and cannot access my normal device.,Low,LEGITIMATE,
ATO_TICKET_NDM_003632,2026-09-26 17:27:46,NDM_003632,My SIM card was replaced and I cannot log in.,High,ATO,Unauthorised Transaction
ATO_TICKET_NDM_003633,2026-09-18 02:05:33,NDM_003633,I noticed a transfer that I do not recognise.,High,ATO,Unauthorised Transaction
TICKET_000359,2026-09-21 18:17:18,NDM_003633,My account is locked after several login attempts.,Low,LEGITIMATE,
ATO_TICKET_NDM_003635,2026-09-29 08:02:23,NDM_003635,I noticed a transfer that I do not recognise.,Medium,ATO,Unauthorised Transaction
TICKET_001403,2026-09-01 12:54:10,NDM_003636,My SIM card was replaced and I cannot log in.,Low,LEGITIMATE,
TICKET_000333,2026-09-21 10:01:18,NDM_003638,My account is locked after several login attempts.,Low,LEGITIMATE,
ATO_TICKET_NDM_003638,2026-09-25 13:13:53,NDM_003638,There was a transaction on my account that I did not make.,Medium,ATO,Unauthorised Transaction
ATO_TICKET_NDM_003639,2026-09-24 12:00:20,NDM_003639,I received an OTP that I did not request.,High,ATO,Unauthorised Transaction
TICKET_001431,2026-09-14 03:23:56,NDM_003640,I changed my phone and need help accessing my account.,Medium,LEGITIMATE,
TICKET_000163,2026-09-05 16:46:51,NDM_003641,There was a transaction on my account that I did not make.,Medium,LEGITIMATE,
TICKET_001480,2026-09-14 10:04:12,NDM_003641,Please help me update my registered mobile number.,Low,LEGITIMATE,
TICKET_001057,2026-09-07 20:34:16,NDM_003646,My account is locked after several login attempts.,Low,LEGITIMATE,
TICKET_000188,2026-09-16 02:53:57,NDM_003648,I am travelling and cannot access my normal device.,High,LEGITIMATE,
ATO_TICKET_NDM_003649,2026-09-24 23:23:42,NDM_003649,My phone was lost and I need to secure my account.,High,ATO,Unauthorised Transaction
TICKET_000698,2026-09-27 11:46:37,NDM_003650,My SIM card was replaced and I cannot log in.,High,LEGITIMATE,
ATO_TICKET_NDM_003650,2026-09-28 07:42:51,NDM_003650,There was a transaction on my account that I did not make.,High,ATO,Unauthorised Transaction
TICKET_000595,2026-09-12 06:42:39,NDM_003652,I am travelling and cannot access my normal device.,Low,LEGITIMATE,
TICKET_001994,2026-09-07 17:23:12,NDM_003653,My SIM card was replaced and I cannot log in.,Low,LEGITIMATE,
TICKET_001892,2026-09-19 04:08:52,NDM_003657,Please help me update my registered mobile number.,Medium,LEGITIMATE,
ATO_TICKET_NDM_003660,2026-09-30 23:00:02,NDM_003660,I noticed a transfer that I do not recognise.,High,ATO,Unauthorised Transaction
TICKET_001895,2026-09-11 09:48:44,NDM_003662,There is no problem with my account; I need assistance with a payment.,High,LEGITIMATE,
TICKET_001234,2026-09-01 09:05:12,NDM_003668,I noticed a transfer that I do not recognise.,High,LEGITIMATE,
ATO_TICKET_NDM_003671,2026-09-28 14:21:51,NDM_003671,I received an OTP that I did not request.,High,ATO,Unauthorised Transaction
TICKET_001377,2026-09-29 10:15:31,NDM_003671,There was a transaction on my account that I did not make.,Low,LEGITIMATE,
TICKET_000157,2026-09-18 18:25:09,NDM_003673,I noticed a transfer that I do not recognise.,High,LEGITIMATE,
TICKET_000275,2026-09-22 02:33:58,NDM_003679,Please help me update my registered mobile number.,Low,LEGITIMATE,
ATO_TICKET_NDM_003680,2026-09-25 14:04:05,NDM_003680,I noticed a transfer that I do not recognise.,High,ATO,Unauthorised Transaction
ATO_TICKET_NDM_003681,2026-09-21 09:33:03,NDM_003681,I noticed a transfer that I do not recognise.,High,ATO,Unauthorised Transaction
TICKET_000017,2026-09-03 02:34:57,NDM_003683,I received an OTP that I did not request.,Low,LEGITIMATE,
TICKET_001655,2026-09-11 15:38:34,NDM_003684,I noticed a transfer that I do not recognise.,Medium,LEGITIMATE,
TICKET_000230,2026-09-10 17:12:17,NDM_003685,I changed my phone and need help accessing my account.,High,LEGITIMATE,
TICKET_001873,2026-09-29 08:02:51,NDM_003686,My phone was lost and I need to secure my account.,Low,LEGITIMATE,
TICKET_000806,2026-09-16 10:52:49,NDM_003687,I am travelling and cannot access my normal device.,Medium,LEGITIMATE,
ATO_TICKET_NDM_003690,2026-09-28 13:58:45,NDM_003690,I received an OTP that I did not request.,High,ATO,Unauthorised Transaction
TICKET_001891,2026-09-28 20:51:56,NDM_003690,I received an OTP that I did not request.,Low,LEGITIMATE,
TICKET_001880,2026-09-21 18:43:02,NDM_003691,I noticed a transfer that I do not recognise.,Low,LEGITIMATE,
ATO_TICKET_NDM_003692,2026-09-27 00:16:43,NDM_003692,My phone was lost and I need to secure my account.,High,ATO,Unauthorised Transaction
TICKET_000431,2026-09-18 10:20:40,NDM_003695,I received an OTP that I did not request.,Low,LEGITIMATE,
TICKET_000365,2026-09-19 12:30:58,NDM_003695,I am travelling and cannot access my normal device.,Medium,LEGITIMATE,
ATO_TICKET_NDM_003696,2026-09-30 19:18:01,NDM_003696,My phone was lost and I need to secure my account.,High,ATO,Unauthorised Transaction
TICKET_001221,2026-09-07 21:32:53,NDM_003698,I am travelling and cannot access my normal device.,Low,LEGITIMATE,
TICKET_001186,2026-09-23 09:35:02,NDM_003698,My SIM card was replaced and I cannot log in.,Medium,LEGITIMATE,
TICKET_001596,2026-09-25 20:38:12,NDM_003700,I am travelling and cannot access my normal device.,Low,LEGITIMATE,
ATO_TICKET_NDM_003701,2026-09-21 18:55:27,NDM_003701,There was a transaction on my account that I did not make.,High,ATO,Unauthorised Transaction
TICKET_000724,2026-09-09 21:07:24,NDM_003704,My SIM card was replaced and I cannot log in.,High,LEGITIMATE,
ATO_TICKET_NDM_003706,2026-09-17 05:48:16,NDM_003706,There was a transaction on my account that I did not make.,High,ATO,Unauthorised Transaction
TICKET_000911,2026-09-19 13:54:34,NDM_003706,My SIM card was replaced and I cannot log in.,High,LEGITIMATE,
ATO_TICKET_NDM_003707,2026-09-28 08:25:39,NDM_003707,I noticed a transfer that I do not recognise.,High,ATO,Unauthorised Transaction
TICKET_001066,2026-09-01 12:57:41,NDM_003708,My SIM card was replaced and I cannot log in.,Low,LEGITIMATE,
ATO_TICKET_NDM_003708,2026-09-21 04:44:24,NDM_003708,My SIM card was replaced and I cannot log in.,High,ATO,Unauthorised Transaction
ATO_TICKET_NDM_003714,2026-09-24 04:28:25,NDM_003714,My phone was lost and I need to secure my account.,High,ATO,Unauthorised Transaction
TICKET_001382,2026-09-26 16:08:49,NDM_003716,Please help me update my registered mobile number.,Low,LEGITIMATE,
TICKET_001965,2026-09-11 10:35:16,NDM_003717,I cannot access my account and my password no longer works.,Medium,LEGITIMATE,
ATO_TICKET_NDM_003718,2026-09-30 07:17:32,NDM_003718,I received an OTP that I did not request.,High,ATO,Unauthorised Transaction
TICKET_000505,2026-09-04 17:26:25,NDM_003720,My SIM card was replaced and I cannot log in.,Low,LEGITIMATE,
TICKET_000249,2026-09-20 04:33:45,NDM_003722,There was a transaction on my account that I did not make.,Low,LEGITIMATE,
TICKET_001312,2026-09-26 22:40:46,NDM_003722,I received an OTP that I did not request.,Medium,LEGITIMATE,
ATO_TICKET_NDM_003722,2026-09-27 04:30:49,NDM_003722,I received an OTP that I did not request.,High,ATO,Unauthorised Transaction
TICKET_001120,2026-09-06 12:03:40,NDM_003723,There was a transaction on my account that I did not make.,Medium,LEGITIMATE,
TICKET_000307,2026-09-27 19:57:19,NDM_003725,There is no problem with my account; I need assistance with a payment.,Low,LEGITIMATE,
TICKET_001740,2026-09-11 21:01:03,NDM_003727,I changed my phone and need help accessing my account.,Low,LEGITIMATE,
TICKET_000049,2026-09-15 02:50:25,NDM_003729,There is no problem with my account; I need assistance with a payment.,Medium,LEGITIMATE,
ATO_TICKET_NDM_003731,2026-09-28 00:14:53,NDM_003731,My SIM card was replaced and I cannot log in.,High,ATO,Unauthorised Transaction
ATO_TICKET_NDM_003733,2026-09-22 22:12:09,NDM_003733,I received an OTP that I did not request.,Medium,ATO,Unauthorised Transaction
TICKET_000957,2026-09-07 09:39:11,NDM_003740,I received an OTP that I did not request.,Low,LEGITIMATE,
TICKET_000563,2026-09-24 23:49:24,NDM_003740,I received an OTP that I did not request.,Low,LEGITIMATE,
TICKET_000538,2026-09-27 05:23:00,NDM_003740,I made this transaction myself but it is showing as pending.,Low,LEGITIMATE,
ATO_TICKET_NDM_003741,2026-09-27 04:04:28,NDM_003741,My phone was lost and I need to secure my account.,High,ATO,Unauthorised Transaction
TICKET_000112,2026-09-01 20:14:10,NDM_003742,I changed my phone and need help accessing my account.,Low,LEGITIMATE,
TICKET_001390,2026-09-21 07:10:57,NDM_003742,I received an OTP that I did not request.,Low,LEGITIMATE,
TICKET_000010,2026-09-12 04:32:00,NDM_003743,I received an OTP that I did not request.,High,LEGITIMATE,
TICKET_000816,2026-09-07 22:01:35,NDM_003745,My account is locked after several login attempts.,Low,LEGITIMATE,
TICKET_001206,2026-09-22 08:51:58,NDM_003748,I noticed a transfer that I do not recognise.,Low,LEGITIMATE,
TICKET_000324,2026-09-22 10:18:53,NDM_003749,I received an OTP that I did not request.,Medium,LEGITIMATE,
TICKET_000360,2026-09-16 23:01:14,NDM_003751,I made this transaction myself but it is showing as pending.,Low,LEGITIMATE,
TICKET_000585,2026-09-30 08:53:51,NDM_003751,My account is locked after several login attempts.,Low,LEGITIMATE,
TICKET_001786,2026-09-09 18:42:01,NDM_003755,Please help me update my registered mobile number.,Low,LEGITIMATE,
TICKET_000114,2026-09-14 02:21:05,NDM_003755,There is no problem with my account; I need assistance with a payment.,Medium,LEGITIMATE,
ATO_TICKET_NDM_003756,2026-09-29 14:39:42,NDM_003756,My SIM card was replaced and I cannot log in.,High,ATO,Unauthorised Transaction
TICKET_001103,2026-09-11 16:58:32,NDM_003758,There is no problem with my account; I need assistance with a payment.,High,LEGITIMATE,
ATO_TICKET_NDM_003759,2026-09-24 04:51:20,NDM_003759,I received an OTP that I did not request.,Medium,ATO,Unauthorised Transaction
TICKET_000967,2026-09-20 07:18:22,NDM_003764,I noticed a transfer that I do not recognise.,High,LEGITIMATE,
TICKET_001783,2026-09-18 00:33:14,NDM_003766,I received an OTP that I did not request.,Medium,LEGITIMATE,
TICKET_000379,2026-09-19 19:50:02,NDM_003769,I am travelling and cannot access my normal device.,Low,LEGITIMATE,
TICKET_001107,2026-09-18 05:39:39,NDM_003770,I am travelling and cannot access my normal device.,Medium,LEGITIMATE,
ATO_TICKET_NDM_003773,2026-09-27 22:39:23,NDM_003773,My phone was lost and I need to secure my account.,High,ATO,Unauthorised Transaction
TICKET_000410,2026-09-18 20:32:16,NDM_003774,My phone was lost and I need to secure my account.,Low,LEGITIMATE,
TICKET_000783,2026-09-07 14:48:04,NDM_003782,My account is locked after several login attempts.,Low,LEGITIMATE,
TICKET_001342,2026-09-21 08:03:45,NDM_003784,I made this transaction myself but it is showing as pending.,Low,LEGITIMATE,
TICKET_000385,2026-09-22 14:06:53,NDM_003790,My phone was lost and I need to secure my account.,High,LEGITIMATE,
TICKET_000593,2026-09-24 08:06:44,NDM_003790,I made this transaction myself but it is showing as pending.,Low,LEGITIMATE,
TICKET_000459,2026-09-27 04:55:16,NDM_003791,I cannot access my account and my password no longer works.,High,LEGITIMATE,
TICKET_000994,2026-09-13 10:16:21,NDM_003793,My account is locked after several login attempts.,Low,LEGITIMATE,
TICKET_001578,2026-09-01 13:57:58,NDM_003794,I noticed a transfer that I do not recognise.,Low,LEGITIMATE,
TICKET_000667,2026-09-10 12:27:51,NDM_003794,I noticed a transfer that I do not recognise.,Medium,LEGITIMATE,
TICKET_001967,2026-09-29 20:33:18,NDM_003802,There was a transaction on my account that I did not make.,Medium,LEGITIMATE,
TICKET_001972,2026-09-04 16:42:06,NDM_003804,Please help me update my registered mobile number.,Low,LEGITIMATE,
TICKET_000999,2026-09-18 02:13:42,NDM_003805,I noticed a transfer that I do not recognise.,Medium,LEGITIMATE,
TICKET_000483,2026-09-18 12:49:55,NDM_003805,I received an OTP that I did not request.,Medium,LEGITIMATE,
ATO_TICKET_NDM_003809,2026-09-22 23:49:24,NDM_003809,I received an OTP that I did not request.,Medium,ATO,Unauthorised Transaction
ATO_TICKET_NDM_003811,2026-09-26 12:15:11,NDM_003811,My phone was lost and I need to secure my account.,High,ATO,Unauthorised Transaction
ATO_TICKET_NDM_003812,2026-09-26 10:33:36,NDM_003812,My SIM card was replaced and I cannot log in.,High,ATO,Unauthorised Transaction
TICKET_000594,2026-09-05 23:12:38,NDM_003813,I changed my phone and need help accessing my account.,Low,LEGITIMATE,
TICKET_000389,2026-09-11 00:17:57,NDM_003814,My SIM card was replaced and I cannot log in.,Medium,LEGITIMATE,
TICKET_000444,2026-09-29 04:24:05,NDM_003814,I received an OTP that I did not request.,High,LEGITIMATE,
TICKET_000671,2026-09-28 21:14:37,NDM_003815,I noticed a transfer that I do not recognise.,Medium,LEGITIMATE,
TICKET_000378,2026-09-10 19:28:30,NDM_003816,There is no problem with my account; I need assistance with a payment.,Low,LEGITIMATE,
TICKET_001977,2026-09-29 17:41:07,NDM_003819,There was a transaction on my account that I did not make.,Low,LEGITIMATE,
TICKET_000441,2026-09-12 18:39:36,NDM_003820,My account is locked after several login attempts.,Low,LEGITIMATE,
ATO_TICKET_NDM_003822,2026-09-29 11:25:29,NDM_003822,My phone was lost and I need to secure my account.,High,ATO,Unauthorised Transaction
TICKET_000429,2026-09-20 18:41:11,NDM_003824,I noticed a transfer that I do not recognise.,Medium,LEGITIMATE,
ATO_TICKET_NDM_003825,2026-09-27 08:40:49,NDM_003825,I noticed a transfer that I do not recognise.,High,ATO,Unauthorised Transaction
TICKET_000547,2026-09-26 05:32:28,NDM_003826,I am travelling and cannot access my normal device.,Low,LEGITIMATE,
TICKET_001479,2026-09-29 09:17:31,NDM_003827,I cannot access my account and my password no longer works.,Low,LEGITIMATE,
TICKET_001303,2026-09-07 12:43:16,NDM_003829,I am travelling and cannot access my normal device.,Low,LEGITIMATE,
ATO_TICKET_NDM_003829,2026-09-28 04:33:48,NDM_003829,There was a transaction on my account that I did not make.,High,ATO,Unauthorised Transaction
TICKET_001076,2026-09-29 12:31:02,NDM_003829,My phone was lost and I need to secure my account.,Low,LEGITIMATE,
TICKET_001096,2026-09-04 18:47:17,NDM_003832,Please help me update my registered mobile number.,Low,LEGITIMATE,
ATO_TICKET_NDM_003832,2026-09-29 11:39:13,NDM_003832,My phone was lost and I need to secure my account.,High,ATO,Unauthorised Transaction
TICKET_001499,2026-09-11 05:25:37,NDM_003833,My SIM card was replaced and I cannot log in.,Low,LEGITIMATE,
ATO_TICKET_NDM_003833,2026-09-30 03:23:27,NDM_003833,I received an OTP that I did not request.,High,ATO,Unauthorised Transaction
TICKET_000398,2026-09-25 23:33:50,NDM_003835,My SIM card was replaced and I cannot log in.,High,LEGITIMATE,
TICKET_000302,2026-09-27 20:00:04,NDM_003836,There is no problem with my account; I need assistance with a payment.,High,LEGITIMATE,
TICKET_001976,2026-09-06 14:50:03,NDM_003837,My account is locked after several login attempts.,Medium,LEGITIMATE,
ATO_TICKET_NDM_003838,2026-09-20 05:59:26,NDM_003838,My SIM card was replaced and I cannot log in.,High,ATO,Unauthorised Transaction
TICKET_001394,2026-09-21 08:48:08,NDM_003839,I received an OTP that I did not request.,Medium,LEGITIMATE,
ATO_TICKET_NDM_003842,2026-09-26 21:39:09,NDM_003842,There was a transaction on my account that I did not make.,Medium,ATO,Unauthorised Transaction
TICKET_001165,2026-09-16 17:01:47,NDM_003845,I changed my phone and need help accessing my account.,Low,LEGITIMATE,
ATO_TICKET_NDM_003845,2026-09-30 08:39:37,NDM_003845,I noticed a transfer that I do not recognise.,High,ATO,Unauthorised Transaction
TICKET_000844,2026-09-06 13:50:58,NDM_003847,My SIM card was replaced and I cannot log in.,Low,LEGITIMATE,
ATO_TICKET_NDM_003849,2026-09-27 07:00:09,NDM_003849,My SIM card was replaced and I cannot log in.,High,ATO,Unauthorised Transaction
TICKET_000502,2026-09-06 20:43:01,NDM_003854,My phone was lost and I need to secure my account.,High,LEGITIMATE,
TICKET_001659,2026-09-19 13:14:32,NDM_003856,I noticed a transfer that I do not recognise.,Low,LEGITIMATE,
TICKET_001622,2026-09-14 05:56:07,NDM_003857,I cannot access my account and my password no longer works.,Medium,LEGITIMATE,
TICKET_000189,2026-09-01 01:45:02,NDM_003859,My account is locked after several login attempts.,Medium,LEGITIMATE,
TICKET_001028,2026-09-29 12:28:11,NDM_003859,My phone was lost and I need to secure my account.,Low,LEGITIMATE,
TICKET_000161,2026-09-16 18:30:29,NDM_003861,I changed my phone and need help accessing my account.,Low,LEGITIMATE,
TICKET_000948,2026-09-09 14:56:39,NDM_003863,I received an OTP that I did not request.,Low,LEGITIMATE,
TICKET_000167,2026-09-16 00:04:30,NDM_003863,I cannot access my account and my password no longer works.,Low,LEGITIMATE,
TICKET_000170,2026-09-20 15:49:59,NDM_003863,My phone was lost and I need to secure my account.,Low,LEGITIMATE,
ATO_TICKET_NDM_003866,2026-09-25 00:33:08,NDM_003866,I noticed a transfer that I do not recognise.,High,ATO,Unauthorised Transaction
ATO_TICKET_NDM_003869,2026-09-29 04:32:24,NDM_003869,My SIM card was replaced and I cannot log in.,High,ATO,Unauthorised Transaction
ATO_TICKET_NDM_003874,2026-09-30 06:18:50,NDM_003874,There was a transaction on my account that I did not make.,Medium,ATO,Unauthorised Transaction
ATO_TICKET_NDM_003876,2026-09-21 02:24:32,NDM_003876,There was a transaction on my account that I did not make.,High,ATO,Unauthorised Transaction
TICKET_000885,2026-09-26 01:52:07,NDM_003877,I received an OTP that I did not request.,Low,LEGITIMATE,
TICKET_001843,2026-09-21 04:28:11,NDM_003878,There was a transaction on my account that I did not make.,Low,LEGITIMATE,
TICKET_001457,2026-09-26 12:17:08,NDM_003878,There is no problem with my account; I need assistance with a payment.,Low,LEGITIMATE,
TICKET_000447,2026-09-05 19:46:24,NDM_003880,Please help me update my registered mobile number.,Medium,LEGITIMATE,
ATO_TICKET_NDM_003881,2026-09-07 05:09:39,NDM_003881,I received an OTP that I did not request.,High,ATO,Unauthorised Transaction
TICKET_000127,2026-09-12 06:52:08,NDM_003882,I received an OTP that I did not request.,Low,LEGITIMATE,
ATO_TICKET_NDM_003884,2026-09-28 14:58:14,NDM_003884,I noticed a transfer that I do not recognise.,High,ATO,Unauthorised Transaction
TICKET_000319,2026-09-09 00:12:47,NDM_003888,I cannot access my account and my password no longer works.,Low,LEGITIMATE,
TICKET_000351,2026-09-05 16:32:01,NDM_003889,I received an OTP that I did not request.,Low,LEGITIMATE,
ATO_TICKET_NDM_003893,2026-09-30 10:56:09,NDM_003893,My phone was lost and I need to secure my account.,Medium,ATO,Unauthorised Transaction
TICKET_001231,2026-09-06 20:34:59,NDM_003896,Please help me update my registered mobile number.,Medium,LEGITIMATE,
TICKET_000448,2026-09-09 06:21:59,NDM_003897,My account is locked after several login attempts.,Low,LEGITIMATE,
TICKET_000362,2026-09-21 20:44:25,NDM_003899,I cannot access my account and my password no longer works.,Medium,LEGITIMATE,
TICKET_001104,2026-09-06 23:56:24,NDM_003900,There is no problem with my account; I need assistance with a payment.,Low,LEGITIMATE,
ATO_TICKET_NDM_003901,2026-09-24 01:10:23,NDM_003901,I received an OTP that I did not request.,High,ATO,Unauthorised Transaction
TICKET_001651,2026-09-27 03:39:58,NDM_003901,There is no problem with my account; I need assistance with a payment.,Low,LEGITIMATE,
TICKET_001017,2026-09-21 04:19:23,NDM_003904,I changed my phone and need help accessing my account.,Medium,LEGITIMATE,
TICKET_000155,2026-09-20 15:21:03,NDM_003909,There is no problem with my account; I need assistance with a payment.,Low,LEGITIMATE,
TICKET_001376,2026-09-16 16:33:18,NDM_003910,My phone was lost and I need to secure my account.,Low,LEGITIMATE,
TICKET_001811,2026-09-30 21:04:24,NDM_003910,My account is locked after several login attempts.,Medium,LEGITIMATE,
TICKET_001635,2026-09-26 21:30:50,NDM_003912,There was a transaction on my account that I did not make.,Low,LEGITIMATE,
TICKET_001126,2026-09-10 10:53:59,NDM_003917,My phone was lost and I need to secure my account.,Low,LEGITIMATE,
TICKET_001656,2026-09-08 19:07:49,NDM_003918,There was a transaction on my account that I did not make.,Low,LEGITIMATE,
ATO_TICKET_NDM_003918,2026-09-30 23:26:29,NDM_003918,My SIM card was replaced and I cannot log in.,High,ATO,Unauthorised Transaction
TICKET_001378,2026-09-18 10:24:30,NDM_003919,I noticed a transfer that I do not recognise.,Medium,LEGITIMATE,
TICKET_001508,2026-09-23 01:15:19,NDM_003920,My phone was lost and I need to secure my account.,Low,LEGITIMATE,
TICKET_001292,2026-09-25 15:47:50,NDM_003920,My account is locked after several login attempts.,Medium,LEGITIMATE,
TICKET_000764,2026-09-07 17:34:36,NDM_003921,My SIM card was replaced and I cannot log in.,Medium,LEGITIMATE,
TICKET_001539,2026-09-18 23:35:47,NDM_003921,I noticed a transfer that I do not recognise.,High,LEGITIMATE,
ATO_TICKET_NDM_003923,2026-09-26 11:20:03,NDM_003923,My phone was lost and I need to secure my account.,Medium,ATO,Unauthorised Transaction
ATO_TICKET_NDM_003925,2026-09-30 01:00:43,NDM_003925,There was a transaction on my account that I did not make.,High,ATO,Unauthorised Transaction
ATO_TICKET_NDM_003926,2026-09-25 20:29:21,NDM_003926,My phone was lost and I need to secure my account.,High,ATO,Unauthorised Transaction
TICKET_001937,2026-09-09 07:10:03,NDM_003928,My SIM card was replaced and I cannot log in.,Medium,LEGITIMATE,
TICKET_001232,2026-09-21 23:56:22,NDM_003929,There is no problem with my account; I need assistance with a payment.,Low,LEGITIMATE,
ATO_TICKET_NDM_003930,2026-09-29 03:24:24,NDM_003930,I noticed a transfer that I do not recognise.,High,ATO,Unauthorised Transaction
ATO_TICKET_NDM_003939,2026-09-25 09:52:14,NDM_003939,I noticed a transfer that I do not recognise.,Medium,ATO,Unauthorised Transaction
TICKET_001506,2026-09-08 11:19:12,NDM_003941,I noticed a transfer that I do not recognise.,Low,LEGITIMATE,
TICKET_001695,2026-09-11 12:48:42,NDM_003943,Please help me update my registered mobile number.,Low,LEGITIMATE,
TICKET_001575,2026-09-21 08:55:11,NDM_003943,I received an OTP that I did not request.,Low,LEGITIMATE,
TICKET_000243,2026-09-19 16:49:53,NDM_003945,I changed my phone and need help accessing my account.,Low,LEGITIMATE,
TICKET_000652,2026-09-12 11:47:29,NDM_003947,I am travelling and cannot access my normal device.,Low,LEGITIMATE,
ATO_TICKET_NDM_003947,2026-09-27 02:10:55,NDM_003947,My phone was lost and I need to secure my account.,Medium,ATO,Unauthorised Transaction
TICKET_000204,2026-09-10 00:04:52,NDM_003948,There is no problem with my account; I need assistance with a payment.,Medium,LEGITIMATE,
TICKET_001166,2026-09-13 08:44:34,NDM_003948,I received an OTP that I did not request.,High,LEGITIMATE,
TICKET_001948,2026-09-16 17:23:44,NDM_003949,I cannot access my account and my password no longer works.,Low,LEGITIMATE,
TICKET_001441,2026-09-12 09:09:22,NDM_003950,I cannot access my account and my password no longer works.,Low,LEGITIMATE,
TICKET_001346,2026-09-12 20:38:13,NDM_003950,I received an OTP that I did not request.,Low,LEGITIMATE,
TICKET_000533,2026-09-17 22:41:08,NDM_003950,I made this transaction myself but it is showing as pending.,Low,LEGITIMATE,
ATO_TICKET_NDM_003951,2026-09-30 17:27:36,NDM_003951,My phone was lost and I need to secure my account.,High,ATO,Unauthorised Transaction
ATO_TICKET_NDM_003954,2026-09-30 16:51:08,NDM_003954,My SIM card was replaced and I cannot log in.,High,ATO,Unauthorised Transaction
TICKET_000617,2026-09-17 10:03:32,NDM_003956,Please help me update my registered mobile number.,High,LEGITIMATE,
TICKET_001445,2026-09-14 05:25:59,NDM_003962,I am travelling and cannot access my normal device.,Low,LEGITIMATE,
TICKET_000192,2026-09-27 14:15:25,NDM_003965,I made this transaction myself but it is showing as pending.,Low,LEGITIMATE,
TICKET_001696,2026-09-15 12:00:03,NDM_003968,I noticed a transfer that I do not recognise.,Medium,LEGITIMATE,
ATO_TICKET_NDM_003970,2026-09-28 13:16:33,NDM_003970,There was a transaction on my account that I did not make.,High,ATO,Unauthorised Transaction
TICKET_000014,2026-09-21 01:40:56,NDM_003973,I changed my phone and need help accessing my account.,Low,LEGITIMATE,
ATO_TICKET_NDM_003973,2026-09-22 00:32:31,NDM_003973,I received an OTP that I did not request.,High,ATO,Unauthorised Transaction
TICKET_001256,2026-09-23 07:05:29,NDM_003977,I cannot access my account and my password no longer works.,Medium,LEGITIMATE,
ATO_TICKET_NDM_003977,2026-09-29 21:24:48,NDM_003977,I noticed a transfer that I do not recognise.,Medium,ATO,Unauthorised Transaction
TICKET_000904,2026-09-06 02:14:05,NDM_003980,My account is locked after several login attempts.,Low,LEGITIMATE,
ATO_TICKET_NDM_003980,2026-09-23 17:00:42,NDM_003980,My SIM card was replaced and I cannot log in.,High,ATO,Unauthorised Transaction
ATO_TICKET_NDM_003981,2026-09-29 11:59:30,NDM_003981,My phone was lost and I need to secure my account.,High,ATO,Unauthorised Transaction
TICKET_001844,2026-09-13 22:58:43,NDM_003982,I changed my phone and need help accessing my account.,Low,LEGITIMATE,
TICKET_000694,2026-09-11 22:24:50,NDM_003983,There is no problem with my account; I need assistance with a payment.,High,LEGITIMATE,
ATO_TICKET_NDM_003983,2026-09-24 13:16:25,NDM_003983,My phone was lost and I need to secure my account.,High,ATO,Unauthorised Transaction
TICKET_000762,2026-09-03 07:45:31,NDM_003984,I noticed a transfer that I do not recognise.,Medium,LEGITIMATE,
TICKET_001031,2026-09-10 23:16:06,NDM_003986,My SIM card was replaced and I cannot log in.,Low,LEGITIMATE,
TICKET_000260,2026-09-12 02:01:06,NDM_003986,I cannot access my account and my password no longer works.,Low,LEGITIMATE,
ATO_TICKET_NDM_003986,2026-09-28 12:05:35,NDM_003986,I received an OTP that I did not request.,High,ATO,Unauthorised Transaction
TICKET_001257,2026-09-21 03:25:38,NDM_003988,I noticed a transfer that I do not recognise.,Low,LEGITIMATE,
ATO_TICKET_NDM_003989,2026-09-23 20:42:04,NDM_003989,My phone was lost and I need to secure my account.,High,ATO,Unauthorised Transaction
TICKET_000564,2026-09-02 01:35:06,NDM_003997,I am travelling and cannot access my normal device.,Low,LEGITIMATE,
TICKET_000292,2026-09-13 21:45:31,NDM_004002,There is no problem with my account; I need assistance with a payment.,Low,LEGITIMATE,
TICKET_001593,2026-09-22 10:43:47,NDM_004004,My account is locked after several login attempts.,Low,LEGITIMATE,
TICKET_000199,2026-09-30 04:36:36,NDM_004010,There was a transaction on my account that I did not make.,High,LEGITIMATE,
TICKET_000006,2026-09-30 02:55:08,NDM_004012,I made this transaction myself but it is showing as pending.,Low,LEGITIMATE,
TICKET_001906,2026-09-30 10:21:15,NDM_004013,There is no problem with my account; I need assistance with a payment.,Medium,LEGITIMATE,
TICKET_000546,2026-09-25 06:11:04,NDM_004014,My phone was lost and I need to secure my account.,Low,LEGITIMATE,
ATO_TICKET_NDM_004019,2026-09-30 23:25:27,NDM_004019,I received an OTP that I did not request.,High,ATO,Unauthorised Transaction
TICKET_000621,2026-09-25 19:03:34,NDM_004022,There is no problem with my account; I need assistance with a payment.,Medium,LEGITIMATE,
ATO_TICKET_NDM_004023,2026-09-27 19:27:05,NDM_004023,My phone was lost and I need to secure my account.,High,ATO,Unauthorised Transaction
TICKET_001492,2026-09-24 12:11:37,NDM_004029,I noticed a transfer that I do not recognise.,Medium,LEGITIMATE,
TICKET_000874,2026-09-05 00:47:53,NDM_004030,I made this transaction myself but it is showing as pending.,Low,LEGITIMATE,
TICKET_001654,2026-09-29 15:37:54,NDM_004033,There was a transaction on my account that I did not make.,Low,LEGITIMATE,
ATO_TICKET_NDM_004034,2026-09-27 14:13:35,NDM_004034,My SIM card was replaced and I cannot log in.,Medium,ATO,Unauthorised Transaction
TICKET_001004,2026-09-04 02:46:06,NDM_004037,I received an OTP that I did not request.,Low,LEGITIMATE,
TICKET_001730,2026-09-13 02:20:16,NDM_004039,I made this transaction myself but it is showing as pending.,Medium,LEGITIMATE,
TICKET_001087,2026-09-10 09:28:38,NDM_004040,I cannot access my account and my password no longer works.,Medium,LEGITIMATE,
TICKET_001209,2026-09-27 09:24:56,NDM_004040,I noticed a transfer that I do not recognise.,Medium,LEGITIMATE,
ATO_TICKET_NDM_004041,2026-09-24 00:04:25,NDM_004041,My SIM card was replaced and I cannot log in.,High,ATO,Unauthorised Transaction
TICKET_000024,2026-09-27 09:03:56,NDM_004043,There was a transaction on my account that I did not make.,Low,LEGITIMATE,
TICKET_000005,2026-09-18 06:04:33,NDM_004045,I cannot access my account and my password no longer works.,Low,LEGITIMATE,
TICKET_000700,2026-09-14 13:17:45,NDM_004050,I cannot access my account and my password no longer works.,Low,LEGITIMATE,
TICKET_000743,2026-09-16 11:15:27,NDM_004052,I changed my phone and need help accessing my account.,Low,LEGITIMATE,
TICKET_000264,2026-09-18 21:26:33,NDM_004054,Please help me update my registered mobile number.,Low,LEGITIMATE,
TICKET_001010,2026-09-27 02:10:31,NDM_004056,My account is locked after several login attempts.,Medium,LEGITIMATE,
TICKET_000261,2026-09-21 18:49:52,NDM_004059,There was a transaction on my account that I did not make.,High,LEGITIMATE,
ATO_TICKET_NDM_004059,2026-09-29 14:20:32,NDM_004059,I noticed a transfer that I do not recognise.,High,ATO,Unauthorised Transaction
TICKET_000749,2026-09-02 08:38:59,NDM_004061,I cannot access my account and my password no longer works.,Low,LEGITIMATE,
ATO_TICKET_NDM_004061,2026-09-29 18:04:40,NDM_004061,There was a transaction on my account that I did not make.,High,ATO,Unauthorised Transaction
TICKET_001743,2026-09-12 06:58:57,NDM_004063,My SIM card was replaced and I cannot log in.,Low,LEGITIMATE,
ATO_TICKET_NDM_004063,2026-09-30 17:52:51,NDM_004063,I received an OTP that I did not request.,High,ATO,Unauthorised Transaction
TICKET_000759,2026-09-20 05:45:12,NDM_004064,Please help me update my registered mobile number.,Low,LEGITIMATE,
TICKET_000977,2026-09-09 23:39:59,NDM_004068,There is no problem with my account; I need assistance with a payment.,Medium,LEGITIMATE,
TICKET_000384,2026-09-06 04:36:39,NDM_004069,I am travelling and cannot access my normal device.,Low,LEGITIMATE,
TICKET_000071,2026-09-06 19:02:14,NDM_004069,Please help me update my registered mobile number.,Medium,LEGITIMATE,
ATO_TICKET_NDM_004069,2026-09-18 02:16:30,NDM_004069,I noticed a transfer that I do not recognise.,Medium,ATO,Unauthorised Transaction
TICKET_001527,2026-09-04 00:46:30,NDM_004072,I noticed a transfer that I do not recognise.,Low,LEGITIMATE,
ATO_TICKET_NDM_004079,2026-09-23 06:37:30,NDM_004079,I received an OTP that I did not request.,High,ATO,Unauthorised Transaction
TICKET_001777,2026-09-10 17:57:48,NDM_004080,Please help me update my registered mobile number.,Low,LEGITIMATE,
ATO_TICKET_NDM_004082,2026-09-28 02:28:33,NDM_004082,I received an OTP that I did not request.,High,ATO,Unauthorised Transaction
TICKET_000297,2026-09-09 16:35:12,NDM_004083,I received an OTP that I did not request.,Medium,LEGITIMATE,
TICKET_000661,2026-09-01 09:31:27,NDM_004085,My SIM card was replaced and I cannot log in.,Medium,LEGITIMATE,
TICKET_001474,2026-09-10 23:59:57,NDM_004085,Please help me update my registered mobile number.,High,LEGITIMATE,
TICKET_000845,2026-09-28 14:43:00,NDM_004086,There is no problem with my account; I need assistance with a payment.,Low,LEGITIMATE,
TICKET_001254,2026-09-07 12:55:54,NDM_004091,My phone was lost and I need to secure my account.,Medium,LEGITIMATE,
TICKET_001727,2026-09-15 13:30:24,NDM_004091,I made this transaction myself but it is showing as pending.,Low,LEGITIMATE,
TICKET_000927,2026-09-27 12:31:27,NDM_004093,My account is locked after several login attempts.,Low,LEGITIMATE,
TICKET_001962,2026-09-06 10:52:53,NDM_004104,I am travelling and cannot access my normal device.,High,LEGITIMATE,
TICKET_000917,2026-09-04 11:34:16,NDM_004105,I noticed a transfer that I do not recognise.,Medium,LEGITIMATE,
TICKET_001715,2026-09-11 08:30:34,NDM_004106,I changed my phone and need help accessing my account.,Low,LEGITIMATE,
ATO_TICKET_NDM_004106,2026-09-26 23:08:48,NDM_004106,There was a transaction on my account that I did not make.,High,ATO,Unauthorised Transaction
ATO_TICKET_NDM_004108,2026-09-23 01:47:26,NDM_004108,There was a transaction on my account that I did not make.,High,ATO,Unauthorised Transaction
TICKET_000561,2026-09-03 16:16:06,NDM_004109,I received an OTP that I did not request.,Medium,LEGITIMATE,
ATO_TICKET_NDM_004109,2026-09-30 23:19:27,NDM_004109,My SIM card was replaced and I cannot log in.,Medium,ATO,Unauthorised Transaction
TICKET_000860,2026-09-30 14:41:54,NDM_004110,I noticed a transfer that I do not recognise.,Low,LEGITIMATE,
ATO_TICKET_NDM_004112,2026-09-28 08:23:09,NDM_004112,I received an OTP that I did not request.,High,ATO,Unauthorised Transaction
TICKET_000937,2026-09-20 20:40:33,NDM_004114,My account is locked after several login attempts.,Medium,LEGITIMATE,
TICKET_001325,2026-09-27 06:19:50,NDM_004114,I cannot access my account and my password no longer works.,Medium,LEGITIMATE,
ATO_TICKET_NDM_004115,2026-09-27 01:17:37,NDM_004115,My SIM card was replaced and I cannot log in.,Medium,ATO,Unauthorised Transaction
ATO_TICKET_NDM_004116,2026-09-29 05:17:39,NDM_004116,My phone was lost and I need to secure my account.,High,ATO,Unauthorised Transaction
ATO_TICKET_NDM_004125,2026-09-28 05:29:55,NDM_004125,I noticed a transfer that I do not recognise.,High,ATO,Unauthorised Transaction
ATO_TICKET_NDM_004126,2026-09-24 07:06:22,NDM_004126,There was a transaction on my account that I did not make.,High,ATO,Unauthorised Transaction
TICKET_001940,2026-09-07 01:43:38,NDM_004127,There was a transaction on my account that I did not make.,Medium,LEGITIMATE,
TICKET_000831,2026-09-21 12:47:10,NDM_004127,I am travelling and cannot access my normal device.,Low,LEGITIMATE,
TICKET_000512,2026-09-27 08:52:09,NDM_004129,I am travelling and cannot access my normal device.,Low,LEGITIMATE,
TICKET_000366,2026-09-10 23:01:36,NDM_004133,There is no problem with my account; I need assistance with a payment.,Medium,LEGITIMATE,
ATO_TICKET_NDM_004134,2026-09-12 19:50:45,NDM_004134,I noticed a transfer that I do not recognise.,High,ATO,Unauthorised Transaction
TICKET_000647,2026-09-22 23:58:50,NDM_004136,My SIM card was replaced and I cannot log in.,Medium,LEGITIMATE,
TICKET_001929,2026-09-25 04:45:35,NDM_004136,I noticed a transfer that I do not recognise.,Low,LEGITIMATE,
ATO_TICKET_NDM_004137,2026-09-26 13:22:55,NDM_004137,I received an OTP that I did not request.,High,ATO,Unauthorised Transaction
TICKET_001277,2026-09-24 11:04:24,NDM_004138,My account is locked after several login attempts.,Low,LEGITIMATE,
TICKET_001272,2026-09-10 14:38:41,NDM_004140,There was a transaction on my account that I did not make.,Low,LEGITIMATE,
TICKET_000928,2026-09-26 16:27:42,NDM_004140,I am travelling and cannot access my normal device.,Low,LEGITIMATE,
TICKET_001771,2026-09-27 20:10:49,NDM_004140,Please help me update my registered mobile number.,Low,LEGITIMATE,
TICKET_001252,2026-09-28 17:45:50,NDM_004140,I am travelling and cannot access my normal device.,Low,LEGITIMATE,
TICKET_001255,2026-09-16 01:15:25,NDM_004143,I am travelling and cannot access my normal device.,Low,LEGITIMATE,
TICKET_001907,2026-09-29 23:22:29,NDM_004146,Please help me update my registered mobile number.,Low,LEGITIMATE,
TICKET_000964,2026-09-12 14:37:44,NDM_004148,I changed my phone and need help accessing my account.,Medium,LEGITIMATE,
ATO_TICKET_NDM_004151,2026-09-23 13:03:42,NDM_004151,My SIM card was replaced and I cannot log in.,High,ATO,Unauthorised Transaction
TICKET_001471,2026-09-11 17:06:16,NDM_004156,I noticed a transfer that I do not recognise.,Low,LEGITIMATE,
ATO_TICKET_NDM_004160,2026-09-30 09:56:53,NDM_004160,My SIM card was replaced and I cannot log in.,High,ATO,Unauthorised Transaction
ATO_TICKET_NDM_004162,2026-09-30 11:03:05,NDM_004162,My SIM card was replaced and I cannot log in.,High,ATO,Unauthorised Transaction
TICKET_000947,2026-09-15 20:23:44,NDM_004167,I changed my phone and need help accessing my account.,Low,LEGITIMATE,
ATO_TICKET_NDM_004167,2026-09-21 05:25:02,NDM_004167,My phone was lost and I need to secure my account.,Medium,ATO,Unauthorised Transaction
ATO_TICKET_NDM_004171,2026-09-29 00:43:42,NDM_004171,My SIM card was replaced and I cannot log in.,High,ATO,Unauthorised Transaction
TICKET_000949,2026-09-06 17:22:38,NDM_004172,I made this transaction myself but it is showing as pending.,Low,LEGITIMATE,
ATO_TICKET_NDM_004174,2026-09-26 12:33:16,NDM_004174,I received an OTP that I did not request.,High,ATO,Unauthorised Transaction
ATO_TICKET_NDM_004176,2026-09-27 19:51:46,NDM_004176,I noticed a transfer that I do not recognise.,High,ATO,Unauthorised Transaction
TICKET_000090,2026-09-12 11:58:46,NDM_004178,My account is locked after several login attempts.,High,LEGITIMATE,
TICKET_000321,2026-09-21 04:33:44,NDM_004178,My SIM card was replaced and I cannot log in.,Medium,LEGITIMATE,
ATO_TICKET_NDM_004180,2026-09-25 06:59:44,NDM_004180,I noticed a transfer that I do not recognise.,High,ATO,Unauthorised Transaction
TICKET_001663,2026-09-02 22:36:49,NDM_004183,I noticed a transfer that I do not recognise.,Medium,LEGITIMATE,
TICKET_000851,2026-09-10 02:32:02,NDM_004183,I am travelling and cannot access my normal device.,Medium,LEGITIMATE,
TICKET_000223,2026-09-16 05:58:21,NDM_004184,I noticed a transfer that I do not recognise.,Low,LEGITIMATE,
TICKET_001959,2026-09-12 09:05:19,NDM_004185,I am travelling and cannot access my normal device.,Low,LEGITIMATE,
TICKET_000714,2026-09-21 02:38:35,NDM_004186,My phone was lost and I need to secure my account.,Low,LEGITIMATE,
TICKET_001045,2026-09-07 12:09:14,NDM_004188,I made this transaction myself but it is showing as pending.,Medium,LEGITIMATE,
TICKET_000493,2026-09-24 22:39:06,NDM_004188,My account is locked after several login attempts.,Low,LEGITIMATE,
TICKET_000839,2026-09-19 20:22:07,NDM_004189,I changed my phone and need help accessing my account.,Medium,LEGITIMATE,
ATO_TICKET_NDM_004192,2026-09-22 11:42:22,NDM_004192,I received an OTP that I did not request.,High,ATO,Unauthorised Transaction
TICKET_001902,2026-09-09 14:39:43,NDM_004195,I received an OTP that I did not request.,Low,LEGITIMATE,
ATO_TICKET_NDM_004197,2026-09-29 03:56:53,NDM_004197,I received an OTP that I did not request.,Medium,ATO,Unauthorised Transaction
ATO_TICKET_NDM_004201,2026-09-30 06:47:48,NDM_004201,There was a transaction on my account that I did not make.,Medium,ATO,Unauthorised Transaction
TICKET_000958,2026-09-11 11:59:24,NDM_004202,I am travelling and cannot access my normal device.,High,LEGITIMATE,
TICKET_000778,2026-09-06 07:28:47,NDM_004203,Please help me update my registered mobile number.,Medium,LEGITIMATE,
TICKET_000903,2026-09-11 07:41:53,NDM_004203,I received an OTP that I did not request.,Medium,LEGITIMATE,
TICKET_001711,2026-09-14 21:38:27,NDM_004204,My phone was lost and I need to secure my account.,Low,LEGITIMATE,
TICKET_000064,2026-09-24 03:49:52,NDM_004207,There is no problem with my account; I need assistance with a payment.,Low,LEGITIMATE,
TICKET_001461,2026-09-21 15:48:58,NDM_004208,My account is locked after several login attempts.,Low,LEGITIMATE,
TICKET_000945,2026-09-04 22:37:26,NDM_004210,I changed my phone and need help accessing my account.,Medium,LEGITIMATE,
TICKET_000835,2026-09-14 12:24:56,NDM_004212,My SIM card was replaced and I cannot log in.,Medium,LEGITIMATE,
ATO_TICKET_NDM_004216,2026-09-22 12:38:47,NDM_004216,I noticed a transfer that I do not recognise.,High,ATO,Unauthorised Transaction
TICKET_000055,2026-09-23 01:59:09,NDM_004218,I noticed a transfer that I do not recognise.,Medium,LEGITIMATE,
TICKET_000993,2026-09-30 20:03:36,NDM_004219,I received an OTP that I did not request.,Medium,LEGITIMATE,
TICKET_001214,2026-09-09 01:12:32,NDM_004224,There was a transaction on my account that I did not make.,Medium,LEGITIMATE,
TICKET_001528,2026-09-18 13:32:41,NDM_004224,My account is locked after several login attempts.,Low,LEGITIMATE,
TICKET_001522,2026-09-19 10:17:56,NDM_004224,I noticed a transfer that I do not recognise.,Medium,LEGITIMATE,
TICKET_001013,2026-09-21 15:37:46,NDM_004224,Please help me update my registered mobile number.,Medium,LEGITIMATE,
TICKET_000754,2026-09-11 11:52:21,NDM_004227,Please help me update my registered mobile number.,Medium,LEGITIMATE,
TICKET_001850,2026-09-18 20:50:55,NDM_004227,My SIM card was replaced and I cannot log in.,Medium,LEGITIMATE,
TICKET_001983,2026-09-06 08:08:22,NDM_004230,There was a transaction on my account that I did not make.,Low,LEGITIMATE,
ATO_TICKET_NDM_004230,2026-09-28 05:44:31,NDM_004230,My phone was lost and I need to secure my account.,High,ATO,Unauthorised Transaction
TICKET_000527,2026-09-04 16:42:11,NDM_004231,I received an OTP that I did not request.,Low,LEGITIMATE,
TICKET_000795,2026-09-25 10:50:47,NDM_004231,I changed my phone and need help accessing my account.,Low,LEGITIMATE,
TICKET_001576,2026-09-23 10:26:38,NDM_004233,I am travelling and cannot access my normal device.,Medium,LEGITIMATE,
ATO_TICKET_NDM_004236,2026-09-30 21:41:50,NDM_004236,I received an OTP that I did not request.,High,ATO,Unauthorised Transaction
ATO_TICKET_NDM_004241,2026-09-30 13:25:21,NDM_004241,My phone was lost and I need to secure my account.,High,ATO,Unauthorised Transaction
ATO_TICKET_NDM_004242,2026-09-27 01:12:44,NDM_004242,My phone was lost and I need to secure my account.,High,ATO,Unauthorised Transaction
TICKET_001155,2026-09-16 00:07:31,NDM_004248,Please help me update my registered mobile number.,Low,LEGITIMATE,
TICKET_000187,2026-09-28 14:04:30,NDM_004248,I am travelling and cannot access my normal device.,Low,LEGITIMATE,
TICKET_000784,2026-09-18 18:51:27,NDM_004249,I changed my phone and need help accessing my account.,Low,LEGITIMATE,
TICKET_000466,2026-09-29 07:07:35,NDM_004253,My phone was lost and I need to secure my account.,Low,LEGITIMATE,
ATO_TICKET_NDM_004254,2026-09-30 00:29:47,NDM_004254,There was a transaction on my account that I did not make.,High,ATO,Unauthorised Transaction
TICKET_001510,2026-09-15 20:07:40,NDM_004255,I am travelling and cannot access my normal device.,Medium,LEGITIMATE,
ATO_TICKET_NDM_004255,2026-09-29 15:18:54,NDM_004255,I noticed a transfer that I do not recognise.,High,ATO,Unauthorised Transaction
TICKET_000184,2026-09-06 05:05:02,NDM_004256,There is no problem with my account; I need assistance with a payment.,Low,LEGITIMATE,
TICKET_001244,2026-09-24 23:01:46,NDM_004261,I am travelling and cannot access my normal device.,Low,LEGITIMATE,
TICKET_001347,2026-09-23 05:29:55,NDM_004262,My phone was lost and I need to secure my account.,Medium,LEGITIMATE,
ATO_TICKET_NDM_004262,2026-09-29 23:42:15,NDM_004262,My SIM card was replaced and I cannot log in.,High,ATO,Unauthorised Transaction
TICKET_000116,2026-09-10 09:19:52,NDM_004263,Please help me update my registered mobile number.,Low,LEGITIMATE,
ATO_TICKET_NDM_004263,2026-09-28 12:50:11,NDM_004263,I noticed a transfer that I do not recognise.,High,ATO,Unauthorised Transaction
TICKET_000209,2026-09-01 13:52:53,NDM_004269,I cannot access my account and my password no longer works.,Low,LEGITIMATE,
TICKET_001038,2026-09-03 15:48:26,NDM_004269,I am travelling and cannot access my normal device.,Low,LEGITIMATE,
TICKET_001216,2026-09-09 18:38:52,NDM_004269,I cannot access my account and my password no longer works.,Low,LEGITIMATE,
TICKET_000317,2026-09-13 22:43:08,NDM_004275,I changed my phone and need help accessing my account.,Low,LEGITIMATE,
ATO_TICKET_NDM_004276,2026-09-28 17:58:38,NDM_004276,There was a transaction on my account that I did not make.,High,ATO,Unauthorised Transaction
TICKET_001999,2026-09-30 17:08:00,NDM_004278,I noticed a transfer that I do not recognise.,Medium,LEGITIMATE,
ATO_TICKET_NDM_004279,2026-09-21 13:53:34,NDM_004279,My SIM card was replaced and I cannot log in.,High,ATO,Unauthorised Transaction
TICKET_000156,2026-09-27 11:54:05,NDM_004280,Please help me update my registered mobile number.,Medium,LEGITIMATE,
ATO_TICKET_NDM_004281,2026-09-18 19:51:47,NDM_004281,My phone was lost and I need to secure my account.,High,ATO,Unauthorised Transaction
TICKET_000501,2026-09-06 07:06:27,NDM_004282,I am travelling and cannot access my normal device.,Low,LEGITIMATE,
ATO_TICKET_NDM_004282,2026-09-30 02:37:43,NDM_004282,There was a transaction on my account that I did not make.,High,ATO,Unauthorised Transaction
ATO_TICKET_NDM_004283,2026-09-28 15:48:40,NDM_004283,I received an OTP that I did not request.,Medium,ATO,Unauthorised Transaction
ATO_TICKET_NDM_004284,2026-09-27 14:33:16,NDM_004284,I received an OTP that I did not request.,Medium,ATO,Unauthorised Transaction
ATO_TICKET_NDM_004287,2026-09-24 06:31:56,NDM_004287,My phone was lost and I need to secure my account.,High,ATO,Unauthorised Transaction
TICKET_000358,2026-09-29 10:55:38,NDM_004287,There was a transaction on my account that I did not make.,Medium,LEGITIMATE,
TICKET_000796,2026-09-08 09:59:28,NDM_004289,I cannot access my account and my password no longer works.,Low,LEGITIMATE,
TICKET_000001,2026-09-29 05:11:43,NDM_004289,I cannot access my account and my password no longer works.,Low,LEGITIMATE,
TICKET_000224,2026-09-18 21:18:55,NDM_004290,I am travelling and cannot access my normal device.,Low,LEGITIMATE,
TICKET_000959,2026-09-09 10:08:00,NDM_004291,My phone was lost and I need to secure my account.,Low,LEGITIMATE,
ATO_TICKET_NDM_004292,2026-09-14 21:14:00,NDM_004292,There was a transaction on my account that I did not make.,High,ATO,Unauthorised Transaction
TICKET_000837,2026-09-04 07:37:09,NDM_004296,My SIM card was replaced and I cannot log in.,Medium,LEGITIMATE,
TICKET_001868,2026-09-26 03:33:52,NDM_004297,My account is locked after several login attempts.,Medium,LEGITIMATE,
TICKET_001174,2026-09-22 16:04:36,NDM_004299,There is no problem with my account; I need assistance with a payment.,Medium,LEGITIMATE,
ATO_TICKET_NDM_004300,2026-09-30 10:28:23,NDM_004300,I noticed a transfer that I do not recognise.,High,ATO,Unauthorised Transaction
ATO_TICKET_NDM_004301,2026-09-29 13:57:39,NDM_004301,I noticed a transfer that I do not recognise.,High,ATO,Unauthorised Transaction
TICKET_001408,2026-09-14 18:23:12,NDM_004304,I am travelling and cannot access my normal device.,Low,LEGITIMATE,
TICKET_001200,2026-09-24 03:53:38,NDM_004306,There was a transaction on my account that I did not make.,Medium,LEGITIMATE,
TICKET_000708,2026-09-10 00:00:55,NDM_004307,My SIM card was replaced and I cannot log in.,Medium,LEGITIMATE,
ATO_TICKET_NDM_004311,2026-09-09 23:12:37,NDM_004311,I noticed a transfer that I do not recognise.,High,ATO,Unauthorised Transaction
TICKET_000918,2026-09-21 09:25:45,NDM_004315,There is no problem with my account; I need assistance with a payment.,Medium,LEGITIMATE,
ATO_TICKET_NDM_004316,2026-09-27 07:03:22,NDM_004316,I noticed a transfer that I do not recognise.,High,ATO,Unauthorised Transaction
TICKET_001519,2026-09-14 00:01:20,NDM_004320,There was a transaction on my account that I did not make.,Medium,LEGITIMATE,
TICKET_000141,2026-09-05 15:19:50,NDM_004321,Please help me update my registered mobile number.,Low,LEGITIMATE,
ATO_TICKET_NDM_004321,2026-09-15 08:39:31,NDM_004321,I noticed a transfer that I do not recognise.,High,ATO,Unauthorised Transaction
TICKET_000788,2026-09-25 15:53:08,NDM_004321,There is no problem with my account; I need assistance with a payment.,Low,LEGITIMATE,
TICKET_000279,2026-09-16 20:38:54,NDM_004322,There was a transaction on my account that I did not make.,Medium,LEGITIMATE,
TICKET_001707,2026-09-12 04:25:23,NDM_004324,Please help me update my registered mobile number.,Low,LEGITIMATE,
TICKET_000706,2026-09-06 23:53:02,NDM_004326,I cannot access my account and my password no longer works.,Low,LEGITIMATE,
TICKET_001847,2026-09-09 12:38:58,NDM_004330,I made this transaction myself but it is showing as pending.,Low,LEGITIMATE,
ATO_TICKET_NDM_004331,2026-09-28 10:15:07,NDM_004331,I noticed a transfer that I do not recognise.,High,ATO,Unauthorised Transaction
TICKET_001612,2026-09-06 15:54:01,NDM_004332,There is no problem with my account; I need assistance with a payment.,Medium,LEGITIMATE,
TICKET_001736,2026-09-15 18:38:51,NDM_004332,I noticed a transfer that I do not recognise.,High,LEGITIMATE,
TICKET_000328,2026-09-01 12:52:20,NDM_004335,I cannot access my account and my password no longer works.,High,LEGITIMATE,
ATO_TICKET_NDM_004335,2026-09-30 23:40:11,NDM_004335,There was a transaction on my account that I did not make.,High,ATO,Unauthorised Transaction
ATO_TICKET_NDM_004336,2026-09-30 18:15:53,NDM_004336,I received an OTP that I did not request.,High,ATO,Unauthorised Transaction
TICKET_000871,2026-09-18 17:33:39,NDM_004339,I am travelling and cannot access my normal device.,Medium,LEGITIMATE,
ATO_TICKET_NDM_004340,2026-09-16 02:52:38,NDM_004340,There was a transaction on my account that I did not make.,High,ATO,Unauthorised Transaction
ATO_TICKET_NDM_004341,2026-09-22 18:38:26,NDM_004341,There was a transaction on my account that I did not make.,High,ATO,Unauthorised Transaction
TICKET_001934,2026-09-29 02:59:33,NDM_004343,I received an OTP that I did not request.,Low,LEGITIMATE,
ATO_TICKET_NDM_004345,2026-09-27 19:49:28,NDM_004345,I received an OTP that I did not request.,High,ATO,Unauthorised Transaction
TICKET_001534,2026-09-05 04:08:54,NDM_004351,Please help me update my registered mobile number.,Low,LEGITIMATE,
TICKET_000582,2026-09-01 04:19:23,NDM_004352,There was a transaction on my account that I did not make.,High,LEGITIMATE,
TICKET_000140,2026-09-27 10:24:43,NDM_004352,I received an OTP that I did not request.,High,LEGITIMATE,
TICKET_001953,2026-09-30 02:04:01,NDM_004352,My account is locked after several login attempts.,Low,LEGITIMATE,
ATO_TICKET_NDM_004352,2026-09-30 20:55:58,NDM_004352,There was a transaction on my account that I did not make.,Medium,ATO,Unauthorised Transaction
TICKET_001084,2026-09-30 17:12:09,NDM_004354,I made this transaction myself but it is showing as pending.,Medium,LEGITIMATE,
TICKET_000018,2026-09-11 00:12:21,NDM_004355,I cannot access my account and my password no longer works.,Low,LEGITIMATE,
TICKET_000975,2026-09-09 19:42:08,NDM_004356,There was a transaction on my account that I did not make.,Medium,LEGITIMATE,
TICKET_000442,2026-09-05 18:38:29,NDM_004358,Please help me update my registered mobile number.,Low,LEGITIMATE,
TICKET_001237,2026-09-06 06:31:56,NDM_004358,I received an OTP that I did not request.,Low,LEGITIMATE,
ATO_TICKET_NDM_004358,2026-09-22 01:13:08,NDM_004358,My SIM card was replaced and I cannot log in.,High,ATO,Unauthorised Transaction
TICKET_000586,2026-09-06 20:11:47,NDM_004363,There is no problem with my account; I need assistance with a payment.,Low,LEGITIMATE,
TICKET_001774,2026-09-24 10:23:02,NDM_004363,I received an OTP that I did not request.,Low,LEGITIMATE,
TICKET_000830,2026-09-03 12:27:07,NDM_004366,I made this transaction myself but it is showing as pending.,Low,LEGITIMATE,
TICKET_000944,2026-09-08 18:20:25,NDM_004373,I am travelling and cannot access my normal device.,Low,LEGITIMATE,
TICKET_001271,2026-09-17 17:44:19,NDM_004373,Please help me update my registered mobile number.,Low,LEGITIMATE,
TICKET_000528,2026-09-19 21:57:13,NDM_004374,I made this transaction myself but it is showing as pending.,Medium,LEGITIMATE,
TICKET_000866,2026-09-19 11:25:19,NDM_004375,I cannot access my account and my password no longer works.,Low,LEGITIMATE,
TICKET_001705,2026-09-16 11:43:28,NDM_004378,I received an OTP that I did not request.,Medium,LEGITIMATE,
TICKET_000031,2026-09-16 15:00:38,NDM_004378,My account is locked after several login attempts.,High,LEGITIMATE,
ATO_TICKET_NDM_004383,2026-09-24 23:48:36,NDM_004383,I noticed a transfer that I do not recognise.,High,ATO,Unauthorised Transaction
TICKET_000701,2026-09-05 13:36:46,NDM_004384,My phone was lost and I need to secure my account.,Low,LEGITIMATE,
TICKET_000419,2026-09-12 16:57:03,NDM_004384,Please help me update my registered mobile number.,Low,LEGITIMATE,
TICKET_000992,2026-09-15 17:58:56,NDM_004384,Please help me update my registered mobile number.,Low,LEGITIMATE,
TICKET_000929,2026-09-10 21:56:02,NDM_004388,There was a transaction on my account that I did not make.,Medium,LEGITIMATE,
ATO_TICKET_NDM_004390,2026-09-21 04:12:20,NDM_004390,There was a transaction on my account that I did not make.,High,ATO,Unauthorised Transaction
TICKET_001720,2026-09-22 07:01:50,NDM_004390,My phone was lost and I need to secure my account.,Low,LEGITIMATE,
TICKET_000653,2026-09-13 03:57:30,NDM_004391,Please help me update my registered mobile number.,Medium,LEGITIMATE,
TICKET_001242,2026-09-13 07:33:11,NDM_004393,There is no problem with my account; I need assistance with a payment.,Low,LEGITIMATE,
TICKET_001329,2026-09-18 11:45:27,NDM_004393,I noticed a transfer that I do not recognise.,Medium,LEGITIMATE,
ATO_TICKET_NDM_004394,2026-09-24 09:11:30,NDM_004394,I received an OTP that I did not request.,High,ATO,Unauthorised Transaction
TICKET_000191,2026-09-27 19:20:42,NDM_004395,I received an OTP that I did not request.,Low,LEGITIMATE,
TICKET_000168,2026-09-08 00:31:28,NDM_004397,My account is locked after several login attempts.,High,LEGITIMATE,
TICKET_000603,2026-09-06 19:08:53,NDM_004398,I cannot access my account and my password no longer works.,Low,LEGITIMATE,
TICKET_000128,2026-09-07 09:21:51,NDM_004398,I made this transaction myself but it is showing as pending.,Low,LEGITIMATE,
TICKET_000500,2026-09-06 03:57:04,NDM_004400,My account is locked after several login attempts.,Low,LEGITIMATE,
ATO_TICKET_NDM_004400,2026-09-29 18:01:49,NDM_004400,My phone was lost and I need to secure my account.,High,ATO,Unauthorised Transaction
ATO_TICKET_NDM_004401,2026-09-30 17:24:39,NDM_004401,I received an OTP that I did not request.,High,ATO,Unauthorised Transaction
TICKET_001193,2026-09-18 09:19:18,NDM_004403,My SIM card was replaced and I cannot log in.,High,LEGITIMATE,
TICKET_001159,2026-09-22 11:17:27,NDM_004403,I changed my phone and need help accessing my account.,Low,LEGITIMATE,
ATO_TICKET_NDM_004404,2026-09-29 13:49:16,NDM_004404,There was a transaction on my account that I did not make.,High,ATO,Unauthorised Transaction
TICKET_001483,2026-09-17 10:24:53,NDM_004405,I changed my phone and need help accessing my account.,Low,LEGITIMATE,
ATO_TICKET_NDM_004405,2026-09-27 10:14:40,NDM_004405,My SIM card was replaced and I cannot log in.,High,ATO,Unauthorised Transaction
TICKET_001803,2026-09-26 14:55:59,NDM_004409,Please help me update my registered mobile number.,Low,LEGITIMATE,
TICKET_000046,2026-09-18 12:12:09,NDM_004411,My SIM card was replaced and I cannot log in.,Low,LEGITIMATE,
ATO_TICKET_NDM_004414,2026-09-30 22:42:14,NDM_004414,I received an OTP that I did not request.,High,ATO,Unauthorised Transaction
TICKET_001668,2026-09-02 23:26:31,NDM_004415,There is no problem with my account; I need assistance with a payment.,Medium,LEGITIMATE,
ATO_TICKET_NDM_004415,2026-09-25 08:17:24,NDM_004415,I received an OTP that I did not request.,High,ATO,Unauthorised Transaction
ATO_TICKET_NDM_004416,2026-09-24 18:32:07,NDM_004416,There was a transaction on my account that I did not make.,High,ATO,Unauthorised Transaction
TICKET_000832,2026-09-13 18:12:30,NDM_004421,I am travelling and cannot access my normal device.,Medium,LEGITIMATE,
TICKET_000063,2026-09-10 20:42:50,NDM_004422,There was a transaction on my account that I did not make.,Low,LEGITIMATE,
TICKET_001669,2026-09-18 18:48:23,NDM_004423,My phone was lost and I need to secure my account.,Medium,LEGITIMATE,
TICKET_001295,2026-09-09 00:35:07,NDM_004427,There is no problem with my account; I need assistance with a payment.,Medium,LEGITIMATE,
ATO_TICKET_NDM_004428,2026-09-26 09:00:09,NDM_004428,My phone was lost and I need to secure my account.,High,ATO,Unauthorised Transaction
TICKET_001693,2026-09-06 15:33:50,NDM_004429,There is no problem with my account; I need assistance with a payment.,Low,LEGITIMATE,
TICKET_001270,2026-09-26 22:12:26,NDM_004433,There is no problem with my account; I need assistance with a payment.,Low,LEGITIMATE,
TICKET_000636,2026-09-21 00:01:34,NDM_004436,I am travelling and cannot access my normal device.,Low,LEGITIMATE,
TICKET_000480,2026-09-04 02:23:19,NDM_004438,I cannot access my account and my password no longer works.,Medium,LEGITIMATE,
TICKET_001481,2026-09-09 13:59:51,NDM_004438,I made this transaction myself but it is showing as pending.,Low,LEGITIMATE,
TICKET_000675,2026-09-22 16:17:48,NDM_004441,My account is locked after several login attempts.,Low,LEGITIMATE,
ATO_TICKET_NDM_004443,2026-09-26 16:07:04,NDM_004443,There was a transaction on my account that I did not make.,High,ATO,Unauthorised Transaction
ATO_TICKET_NDM_004444,2026-09-21 14:36:46,NDM_004444,There was a transaction on my account that I did not make.,Medium,ATO,Unauthorised Transaction
TICKET_000023,2026-09-05 16:24:22,NDM_004445,My SIM card was replaced and I cannot log in.,Medium,LEGITIMATE,
TICKET_000810,2026-09-01 08:57:26,NDM_004448,My account is locked after several login attempts.,High,LEGITIMATE,
TICKET_001960,2026-09-19 13:31:50,NDM_004450,There is no problem with my account; I need assistance with a payment.,Low,LEGITIMATE,
TICKET_001518,2026-09-21 06:31:44,NDM_004453,I received an OTP that I did not request.,Low,LEGITIMATE,
TICKET_001290,2026-09-05 19:05:31,NDM_004455,My SIM card was replaced and I cannot log in.,Medium,LEGITIMATE,
TICKET_000587,2026-09-24 17:04:24,NDM_004456,I am travelling and cannot access my normal device.,Low,LEGITIMATE,
TICKET_000578,2026-09-17 15:15:22,NDM_004457,I am travelling and cannot access my normal device.,Medium,LEGITIMATE,
TICKET_001218,2026-09-17 18:54:31,NDM_004458,I received an OTP that I did not request.,Low,LEGITIMATE,
TICKET_000346,2026-09-05 15:07:42,NDM_004459,My SIM card was replaced and I cannot log in.,High,LEGITIMATE,
TICKET_001245,2026-09-04 08:12:00,NDM_004463,My phone was lost and I need to secure my account.,Medium,LEGITIMATE,
ATO_TICKET_NDM_004465,2026-09-30 23:50:34,NDM_004465,I received an OTP that I did not request.,High,ATO,Unauthorised Transaction
TICKET_001274,2026-09-11 17:22:13,NDM_004467,My SIM card was replaced and I cannot log in.,Low,LEGITIMATE,
ATO_TICKET_NDM_004469,2026-09-29 18:57:10,NDM_004469,There was a transaction on my account that I did not make.,High,ATO,Unauthorised Transaction
TICKET_000372,2026-09-26 13:22:55,NDM_004474,I am travelling and cannot access my normal device.,Medium,LEGITIMATE,
TICKET_001558,2026-09-12 15:05:42,NDM_004475,There is no problem with my account; I need assistance with a payment.,Low,LEGITIMATE,
TICKET_000729,2026-09-08 00:29:38,NDM_004476,I noticed a transfer that I do not recognise.,Low,LEGITIMATE,
TICKET_000203,2026-09-23 23:39:24,NDM_004476,There is no problem with my account; I need assistance with a payment.,Low,LEGITIMATE,
TICKET_001541,2026-09-24 03:31:18,NDM_004476,My SIM card was replaced and I cannot log in.,Low,LEGITIMATE,
TICKET_000387,2026-09-21 17:54:49,NDM_004478,I noticed a transfer that I do not recognise.,Low,LEGITIMATE,
TICKET_001443,2026-09-25 17:30:39,NDM_004478,I noticed a transfer that I do not recognise.,Low,LEGITIMATE,
TICKET_000462,2026-09-23 03:47:31,NDM_004480,There was a transaction on my account that I did not make.,Low,LEGITIMATE,
ATO_TICKET_NDM_004480,2026-09-24 09:17:44,NDM_004480,I received an OTP that I did not request.,High,ATO,Unauthorised Transaction
TICKET_001477,2026-09-11 13:59:08,NDM_004481,My account is locked after several login attempts.,Low,LEGITIMATE,
ATO_TICKET_NDM_004483,2026-09-29 01:56:07,NDM_004483,My SIM card was replaced and I cannot log in.,High,ATO,Unauthorised Transaction
ATO_TICKET_NDM_004484,2026-09-22 13:53:51,NDM_004484,I noticed a transfer that I do not recognise.,High,ATO,Unauthorised Transaction
TICKET_001460,2026-09-26 10:02:56,NDM_004484,My account is locked after several login attempts.,Low,LEGITIMATE,
TICKET_000438,2026-09-16 22:42:12,NDM_004485,I changed my phone and need help accessing my account.,Medium,LEGITIMATE,
ATO_TICKET_NDM_004485,2026-09-27 04:53:09,NDM_004485,There was a transaction on my account that I did not make.,Medium,ATO,Unauthorised Transaction
TICKET_000990,2026-09-30 06:34:56,NDM_004494,My phone was lost and I need to secure my account.,Medium,LEGITIMATE,
TICKET_000059,2026-09-22 05:33:51,NDM_004495,I made this transaction myself but it is showing as pending.,Medium,LEGITIMATE,
TICKET_001503,2026-09-20 03:04:20,NDM_004500,There was a transaction on my account that I did not make.,Low,LEGITIMATE,
TICKET_001666,2026-09-09 04:12:31,NDM_004502,My account is locked after several login attempts.,High,LEGITIMATE,
ATO_TICKET_NDM_004502,2026-09-15 18:26:35,NDM_004502,My SIM card was replaced and I cannot log in.,High,ATO,Unauthorised Transaction
ATO_TICKET_NDM_004503,2026-09-28 09:29:36,NDM_004503,My phone was lost and I need to secure my account.,High,ATO,Unauthorised Transaction
TICKET_000727,2026-09-16 01:57:31,NDM_004505,I made this transaction myself but it is showing as pending.,Medium,LEGITIMATE,
ATO_TICKET_NDM_004507,2026-09-17 18:27:54,NDM_004507,My phone was lost and I need to secure my account.,High,ATO,Unauthorised Transaction
ATO_TICKET_NDM_004510,2026-09-29 14:11:21,NDM_004510,My SIM card was replaced and I cannot log in.,High,ATO,Unauthorised Transaction
TICKET_001280,2026-09-02 04:47:56,NDM_004511,I changed my phone and need help accessing my account.,Medium,LEGITIMATE,
TICKET_001253,2026-09-25 04:44:47,NDM_004511,I made this transaction myself but it is showing as pending.,Low,LEGITIMATE,
TICKET_000545,2026-09-26 21:31:13,NDM_004511,I made this transaction myself but it is showing as pending.,Medium,LEGITIMATE,
TICKET_001003,2026-09-27 17:39:46,NDM_004511,Please help me update my registered mobile number.,Low,LEGITIMATE,
ATO_TICKET_NDM_004513,2026-09-22 15:24:52,NDM_004513,I received an OTP that I did not request.,High,ATO,Unauthorised Transaction
TICKET_000350,2026-09-04 11:17:37,NDM_004516,My phone was lost and I need to secure my account.,Medium,LEGITIMATE,
TICKET_001413,2026-09-08 14:58:59,NDM_004525,I cannot access my account and my password no longer works.,Low,LEGITIMATE,
TICKET_001467,2026-09-13 14:25:53,NDM_004527,I made this transaction myself but it is showing as pending.,Low,LEGITIMATE,
TICKET_000720,2026-09-16 02:14:57,NDM_004529,My SIM card was replaced and I cannot log in.,Low,LEGITIMATE,
TICKET_001886,2026-09-18 10:37:40,NDM_004529,My phone was lost and I need to secure my account.,High,LEGITIMATE,
TICKET_000882,2026-09-14 23:37:32,NDM_004530,My phone was lost and I need to secure my account.,Low,LEGITIMATE,
TICKET_001903,2026-09-21 00:14:34,NDM_004538,My SIM card was replaced and I cannot log in.,Low,LEGITIMATE,
TICKET_001700,2026-09-10 18:36:08,NDM_004539,I changed my phone and need help accessing my account.,Medium,LEGITIMATE,
TICKET_001927,2026-09-11 17:19:40,NDM_004539,There was a transaction on my account that I did not make.,Low,LEGITIMATE,
ATO_TICKET_NDM_004540,2026-09-30 05:14:00,NDM_004540,There was a transaction on my account that I did not make.,High,ATO,Unauthorised Transaction
ATO_TICKET_NDM_004541,2026-09-24 01:53:34,NDM_004541,My SIM card was replaced and I cannot log in.,High,ATO,Unauthorised Transaction
TICKET_000047,2026-09-23 12:16:29,NDM_004542,I cannot access my account and my password no longer works.,Low,LEGITIMATE,
ATO_TICKET_NDM_004543,2026-09-30 02:48:22,NDM_004543,There was a transaction on my account that I did not make.,High,ATO,Unauthorised Transaction
TICKET_001648,2026-09-17 02:59:42,NDM_004544,I noticed a transfer that I do not recognise.,Low,LEGITIMATE,
TICKET_000705,2026-09-17 06:10:35,NDM_004544,My SIM card was replaced and I cannot log in.,Medium,LEGITIMATE,
ATO_TICKET_NDM_004545,2026-09-27 01:51:32,NDM_004545,There was a transaction on my account that I did not make.,Medium,ATO,Unauthorised Transaction
TICKET_001486,2026-09-08 02:47:47,NDM_004546,There was a transaction on my account that I did not make.,Low,LEGITIMATE,
TICKET_001523,2026-09-02 06:27:46,NDM_004547,I changed my phone and need help accessing my account.,Low,LEGITIMATE,
TICKET_001533,2026-09-14 03:19:36,NDM_004550,I noticed a transfer that I do not recognise.,Medium,LEGITIMATE,
ATO_TICKET_NDM_004551,2026-09-28 16:15:10,NDM_004551,I noticed a transfer that I do not recognise.,High,ATO,Unauthorised Transaction
ATO_TICKET_NDM_004553,2026-09-22 08:47:15,NDM_004553,My phone was lost and I need to secure my account.,High,ATO,Unauthorised Transaction
TICKET_000628,2026-09-10 05:39:42,NDM_004554,There was a transaction on my account that I did not make.,Low,LEGITIMATE,
TICKET_000731,2026-09-21 22:19:55,NDM_004554,I made this transaction myself but it is showing as pending.,Medium,LEGITIMATE,
TICKET_001410,2026-09-01 10:20:28,NDM_004555,I made this transaction myself but it is showing as pending.,Low,LEGITIMATE,
TICKET_001789,2026-09-02 11:04:03,NDM_004555,I made this transaction myself but it is showing as pending.,High,LEGITIMATE,
ATO_TICKET_NDM_004555,2026-09-22 03:01:29,NDM_004555,I noticed a transfer that I do not recognise.,High,ATO,Unauthorised Transaction
ATO_TICKET_NDM_004556,2026-09-30 01:48:25,NDM_004556,I noticed a transfer that I do not recognise.,High,ATO,Unauthorised Transaction
ATO_TICKET_NDM_004558,2026-09-28 11:57:56,NDM_004558,My SIM card was replaced and I cannot log in.,High,ATO,Unauthorised Transaction
TICKET_000495,2026-09-17 15:15:25,NDM_004559,I made this transaction myself but it is showing as pending.,High,LEGITIMATE,
ATO_TICKET_NDM_004560,2026-09-21 08:21:09,NDM_004560,My phone was lost and I need to secure my account.,High,ATO,Unauthorised Transaction
TICKET_000683,2026-09-24 01:04:18,NDM_004565,I am travelling and cannot access my normal device.,Low,LEGITIMATE,
TICKET_001211,2026-09-19 22:55:02,NDM_004566,I made this transaction myself but it is showing as pending.,Medium,LEGITIMATE,
TICKET_000584,2026-09-27 01:03:28,NDM_004567,My SIM card was replaced and I cannot log in.,High,LEGITIMATE,
TICKET_000740,2026-09-22 19:56:25,NDM_004569,My account is locked after several login attempts.,High,LEGITIMATE,
ATO_TICKET_NDM_004571,2026-09-23 08:19:35,NDM_004571,My phone was lost and I need to secure my account.,High,ATO,Unauthorised Transaction
TICKET_001259,2026-09-11 19:27:19,NDM_004572,I am travelling and cannot access my normal device.,Low,LEGITIMATE,
ATO_TICKET_NDM_004573,2026-09-27 08:02:30,NDM_004573,I received an OTP that I did not request.,High,ATO,Unauthorised Transaction
TICKET_000084,2026-09-29 00:03:23,NDM_004573,I changed my phone and need help accessing my account.,Low,LEGITIMATE,
TICKET_000828,2026-09-17 14:50:42,NDM_004577,My account is locked after several login attempts.,Low,LEGITIMATE,
ATO_TICKET_NDM_004577,2026-09-29 21:21:28,NDM_004577,I received an OTP that I did not request.,High,ATO,Unauthorised Transaction
TICKET_000445,2026-09-02 09:06:43,NDM_004578,I am travelling and cannot access my normal device.,Low,LEGITIMATE,
ATO_TICKET_NDM_004580,2026-09-24 21:16:46,NDM_004580,I noticed a transfer that I do not recognise.,High,ATO,Unauthorised Transaction
TICKET_000537,2026-09-20 04:38:15,NDM_004582,There is no problem with my account; I need assistance with a payment.,Low,LEGITIMATE,
TICKET_000039,2026-09-17 20:45:50,NDM_004583,There is no problem with my account; I need assistance with a payment.,Medium,LEGITIMATE,
TICKET_000153,2026-09-05 16:06:47,NDM_004585,Please help me update my registered mobile number.,Low,LEGITIMATE,
TICKET_000206,2026-09-23 07:17:12,NDM_004586,Please help me update my registered mobile number.,Medium,LEGITIMATE,
TICKET_001626,2026-09-19 16:56:46,NDM_004588,I noticed a transfer that I do not recognise.,Low,LEGITIMATE,
TICKET_001393,2026-09-28 08:23:31,NDM_004591,I cannot access my account and my password no longer works.,Medium,LEGITIMATE,
ATO_TICKET_NDM_004591,2026-09-30 19:27:13,NDM_004591,There was a transaction on my account that I did not make.,High,ATO,Unauthorised Transaction
ATO_TICKET_NDM_004592,2026-09-24 04:35:39,NDM_004592,My SIM card was replaced and I cannot log in.,High,ATO,Unauthorised Transaction
TICKET_000519,2026-09-01 01:49:46,NDM_004596,I am travelling and cannot access my normal device.,Medium,LEGITIMATE,
TICKET_001733,2026-09-30 19:06:00,NDM_004596,I made this transaction myself but it is showing as pending.,Low,LEGITIMATE,
TICKET_000450,2026-09-15 02:22:13,NDM_004597,I cannot access my account and my password no longer works.,Low,LEGITIMATE,
TICKET_000494,2026-09-18 01:16:58,NDM_004597,My phone was lost and I need to secure my account.,Medium,LEGITIMATE,
TICKET_000270,2026-09-05 06:59:09,NDM_004602,I received an OTP that I did not request.,Low,LEGITIMATE,
TICKET_001621,2026-09-21 21:38:29,NDM_004602,There was a transaction on my account that I did not make.,Medium,LEGITIMATE,
ATO_TICKET_NDM_004602,2026-09-27 11:34:57,NDM_004602,I noticed a transfer that I do not recognise.,Medium,ATO,Unauthorised Transaction
TICKET_000268,2026-09-16 07:51:10,NDM_004603,My SIM card was replaced and I cannot log in.,Medium,LEGITIMATE,
ATO_TICKET_NDM_004603,2026-09-23 00:58:29,NDM_004603,There was a transaction on my account that I did not make.,Medium,ATO,Unauthorised Transaction
TICKET_000657,2026-09-10 21:58:58,NDM_004604,I noticed a transfer that I do not recognise.,Low,LEGITIMATE,
TICKET_000315,2026-09-25 18:00:08,NDM_004606,My SIM card was replaced and I cannot log in.,Low,LEGITIMATE,
ATO_TICKET_NDM_004609,2026-09-27 14:17:47,NDM_004609,I received an OTP that I did not request.,High,ATO,Unauthorised Transaction
TICKET_000909,2026-09-03 12:05:33,NDM_004611,I changed my phone and need help accessing my account.,Low,LEGITIMATE,
TICKET_000792,2026-09-27 00:15:51,NDM_004611,I am travelling and cannot access my normal device.,Low,LEGITIMATE,
ATO_TICKET_NDM_004615,2026-09-27 23:34:39,NDM_004615,I received an OTP that I did not request.,High,ATO,Unauthorised Transaction
TICKET_000819,2026-09-17 11:41:53,NDM_004619,I received an OTP that I did not request.,Medium,LEGITIMATE,
TICKET_000666,2026-09-18 19:42:05,NDM_004619,I cannot access my account and my password no longer works.,High,LEGITIMATE,
TICKET_001190,2026-09-20 23:29:23,NDM_004619,I noticed a transfer that I do not recognise.,High,LEGITIMATE,
TICKET_000278,2026-09-12 01:30:09,NDM_004621,I made this transaction myself but it is showing as pending.,Low,LEGITIMATE,
TICKET_000690,2026-09-21 23:31:09,NDM_004621,My SIM card was replaced and I cannot log in.,Low,LEGITIMATE,
ATO_TICKET_NDM_004621,2026-09-30 07:48:07,NDM_004621,There was a transaction on my account that I did not make.,Medium,ATO,Unauthorised Transaction
TICKET_000215,2026-09-09 03:54:40,NDM_004622,I changed my phone and need help accessing my account.,Medium,LEGITIMATE,
TICKET_001168,2026-09-22 18:31:37,NDM_004626,I noticed a transfer that I do not recognise.,Medium,LEGITIMATE,
TICKET_000782,2026-09-26 10:16:03,NDM_004626,I noticed a transfer that I do not recognise.,Low,LEGITIMATE,
TICKET_001749,2026-09-10 23:54:14,NDM_004627,My SIM card was replaced and I cannot log in.,Low,LEGITIMATE,
TICKET_000337,2026-09-19 16:28:53,NDM_004627,My SIM card was replaced and I cannot log in.,Low,LEGITIMATE,
TICKET_001914,2026-09-10 10:25:49,NDM_004629,My SIM card was replaced and I cannot log in.,Low,LEGITIMATE,
TICKET_001564,2026-09-17 17:33:08,NDM_004629,I cannot access my account and my password no longer works.,High,LEGITIMATE,
TICKET_001833,2026-09-10 16:13:47,NDM_004630,I noticed a transfer that I do not recognise.,Low,LEGITIMATE,
TICKET_001675,2026-09-16 18:11:21,NDM_004634,I changed my phone and need help accessing my account.,Low,LEGITIMATE,
TICKET_001001,2026-09-27 11:03:47,NDM_004636,There is no problem with my account; I need assistance with a payment.,Medium,LEGITIMATE,
TICKET_001952,2026-09-24 15:58:07,NDM_004638,My SIM card was replaced and I cannot log in.,Low,LEGITIMATE,
TICKET_001326,2026-09-11 00:19:08,NDM_004640,I cannot access my account and my password no longer works.,Medium,LEGITIMATE,
TICKET_000481,2026-09-08 19:40:58,NDM_004645,I changed my phone and need help accessing my account.,Medium,LEGITIMATE,
TICKET_001931,2026-09-08 22:09:42,NDM_004648,My SIM card was replaced and I cannot log in.,Low,LEGITIMATE,
TICKET_000143,2026-09-05 10:13:40,NDM_004650,I am travelling and cannot access my normal device.,Medium,LEGITIMATE,
TICKET_001998,2026-09-24 11:53:47,NDM_004650,There is no problem with my account; I need assistance with a payment.,High,LEGITIMATE,
ATO_TICKET_NDM_004651,2026-09-28 04:23:31,NDM_004651,There was a transaction on my account that I did not make.,High,ATO,Unauthorised Transaction
ATO_TICKET_NDM_004652,2026-09-24 03:28:04,NDM_004652,I received an OTP that I did not request.,High,ATO,Unauthorised Transaction
TICKET_001504,2026-09-25 15:02:57,NDM_004652,I noticed a transfer that I do not recognise.,Medium,LEGITIMATE,
TICKET_001243,2026-09-07 03:15:54,NDM_004656,My SIM card was replaced and I cannot log in.,Low,LEGITIMATE,
TICKET_000619,2026-09-26 01:09:09,NDM_004657,My SIM card was replaced and I cannot log in.,High,LEGITIMATE,
ATO_TICKET_NDM_004659,2026-09-29 20:08:54,NDM_004659,I noticed a transfer that I do not recognise.,Medium,ATO,Unauthorised Transaction
TICKET_000041,2026-09-04 21:28:53,NDM_004660,I noticed a transfer that I do not recognise.,Medium,LEGITIMATE,
ATO_TICKET_NDM_004660,2026-09-30 14:19:25,NDM_004660,My SIM card was replaced and I cannot log in.,High,ATO,Unauthorised Transaction
TICKET_000458,2026-09-04 19:27:20,NDM_004661,My account is locked after several login attempts.,Medium,LEGITIMATE,
TICKET_001317,2026-09-30 04:08:33,NDM_004666,I made this transaction myself but it is showing as pending.,Low,LEGITIMATE,
TICKET_001249,2026-09-05 01:24:41,NDM_004667,My SIM card was replaced and I cannot log in.,Low,LEGITIMATE,
ATO_TICKET_NDM_004670,2026-09-22 07:25:20,NDM_004670,My SIM card was replaced and I cannot log in.,Medium,ATO,Unauthorised Transaction
TICKET_001689,2026-09-04 04:27:26,NDM_004671,I cannot access my account and my password no longer works.,Low,LEGITIMATE,
TICKET_001714,2026-09-06 09:29:33,NDM_004678,I received an OTP that I did not request.,Medium,LEGITIMATE,
ATO_TICKET_NDM_004678,2026-09-12 16:06:15,NDM_004678,I noticed a transfer that I do not recognise.,Medium,ATO,Unauthorised Transaction
TICKET_001405,2026-09-29 02:37:44,NDM_004678,My account is locked after several login attempts.,Low,LEGITIMATE,
TICKET_000272,2026-09-11 09:58:20,NDM_004680,I received an OTP that I did not request.,Low,LEGITIMATE,
TICKET_001044,2026-09-24 09:58:58,NDM_004680,I noticed a transfer that I do not recognise.,Medium,LEGITIMATE,
TICKET_000769,2026-09-10 23:48:48,NDM_004681,My account is locked after several login attempts.,Low,LEGITIMATE,
TICKET_001213,2026-09-11 21:39:15,NDM_004684,I made this transaction myself but it is showing as pending.,Low,LEGITIMATE,
TICKET_000654,2026-09-14 17:36:00,NDM_004685,I received an OTP that I did not request.,Medium,LEGITIMATE,
TICKET_001421,2026-09-26 13:22:06,NDM_004685,I made this transaction myself but it is showing as pending.,Low,LEGITIMATE,
ATO_TICKET_NDM_004687,2026-09-30 03:31:49,NDM_004687,I noticed a transfer that I do not recognise.,Medium,ATO,Unauthorised Transaction
TICKET_001282,2026-09-06 05:49:19,NDM_004688,My account is locked after several login attempts.,Medium,LEGITIMATE,
TICKET_001293,2026-09-26 21:50:21,NDM_004688,I received an OTP that I did not request.,Low,LEGITIMATE,
TICKET_001201,2026-09-20 03:43:42,NDM_004689,I changed my phone and need help accessing my account.,High,LEGITIMATE,
TICKET_000185,2026-09-02 01:06:52,NDM_004690,My SIM card was replaced and I cannot log in.,Low,LEGITIMATE,
ATO_TICKET_NDM_004690,2026-09-27 13:06:41,NDM_004690,I noticed a transfer that I do not recognise.,High,ATO,Unauthorised Transaction
TICKET_001870,2026-09-12 13:23:28,NDM_004691,I cannot access my account and my password no longer works.,Low,LEGITIMATE,
TICKET_000461,2026-09-15 07:52:16,NDM_004692,Please help me update my registered mobile number.,Medium,LEGITIMATE,
TICKET_001601,2026-09-17 08:01:46,NDM_004693,I received an OTP that I did not request.,Low,LEGITIMATE,
TICKET_001592,2026-09-09 07:06:50,NDM_004696,My phone was lost and I need to secure my account.,Low,LEGITIMATE,
TICKET_000807,2026-09-10 23:14:05,NDM_004696,There is no problem with my account; I need assistance with a payment.,Low,LEGITIMATE,
TICKET_001034,2026-09-28 03:55:58,NDM_004696,My phone was lost and I need to secure my account.,Low,LEGITIMATE,
TICKET_001574,2026-09-08 22:58:35,NDM_004698,I received an OTP that I did not request.,Medium,LEGITIMATE,
TICKET_000032,2026-09-10 17:56:24,NDM_004698,I noticed a transfer that I do not recognise.,High,LEGITIMATE,
ATO_TICKET_NDM_004698,2026-09-29 15:46:58,NDM_004698,My phone was lost and I need to secure my account.,Medium,ATO,Unauthorised Transaction
TICKET_001106,2026-09-03 06:54:57,NDM_004699,I am travelling and cannot access my normal device.,Low,LEGITIMATE,
TICKET_000803,2026-09-18 13:18:18,NDM_004699,There was a transaction on my account that I did not make.,Low,LEGITIMATE,
TICKET_001399,2026-09-13 15:39:10,NDM_004700,There was a transaction on my account that I did not make.,High,LEGITIMATE,
ATO_TICKET_NDM_004701,2026-09-29 16:49:41,NDM_004701,My phone was lost and I need to secure my account.,High,ATO,Unauthorised Transaction
ATO_TICKET_NDM_004702,2026-09-28 18:39:00,NDM_004702,My phone was lost and I need to secure my account.,High,ATO,Unauthorised Transaction
ATO_TICKET_NDM_004704,2026-09-25 23:39:02,NDM_004704,I received an OTP that I did not request.,High,ATO,Unauthorised Transaction
ATO_TICKET_NDM_004705,2026-09-22 20:17:50,NDM_004705,My SIM card was replaced and I cannot log in.,High,ATO,Unauthorised Transaction
TICKET_001795,2026-09-15 16:21:59,NDM_004706,My phone was lost and I need to secure my account.,Medium,LEGITIMATE,
TICKET_000634,2026-09-14 03:33:39,NDM_004708,There was a transaction on my account that I did not make.,Low,LEGITIMATE,
TICKET_001985,2026-09-21 18:44:00,NDM_004710,I noticed a transfer that I do not recognise.,Medium,LEGITIMATE,
TICKET_001996,2026-09-14 18:52:09,NDM_004712,I made this transaction myself but it is showing as pending.,Low,LEGITIMATE,
ATO_TICKET_NDM_004713,2026-09-24 23:57:32,NDM_004713,My phone was lost and I need to secure my account.,High,ATO,Unauthorised Transaction
TICKET_000357,2026-09-11 20:31:24,NDM_004718,Please help me update my registered mobile number.,Low,LEGITIMATE,
ATO_TICKET_NDM_004719,2026-09-12 06:58:36,NDM_004719,I received an OTP that I did not request.,High,ATO,Unauthorised Transaction
TICKET_001851,2026-09-15 09:30:04,NDM_004722,I received an OTP that I did not request.,Medium,LEGITIMATE,
ATO_TICKET_NDM_004722,2026-09-29 20:25:53,NDM_004722,I received an OTP that I did not request.,High,ATO,Unauthorised Transaction
TICKET_001129,2026-09-06 05:51:46,NDM_004727,Please help me update my registered mobile number.,Medium,LEGITIMATE,
ATO_TICKET_NDM_004729,2026-09-27 06:45:22,NDM_004729,My SIM card was replaced and I cannot log in.,High,ATO,Unauthorised Transaction
ATO_TICKET_NDM_004731,2026-09-26 15:35:15,NDM_004731,My phone was lost and I need to secure my account.,High,ATO,Unauthorised Transaction
TICKET_001731,2026-09-24 10:51:17,NDM_004732,My phone was lost and I need to secure my account.,Low,LEGITIMATE,
ATO_TICKET_NDM_004734,2026-09-22 08:35:00,NDM_004734,I received an OTP that I did not request.,High,ATO,Unauthorised Transaction
TICKET_001067,2026-09-05 12:28:12,NDM_004735,I changed my phone and need help accessing my account.,Low,LEGITIMATE,
TICKET_001724,2026-09-17 22:37:40,NDM_004735,My phone was lost and I need to secure my account.,Low,LEGITIMATE,
TICKET_000179,2026-09-26 10:11:56,NDM_004735,My SIM card was replaced and I cannot log in.,Low,LEGITIMATE,
TICKET_001484,2026-09-17 04:07:52,NDM_004739,I received an OTP that I did not request.,Low,LEGITIMATE,
TICKET_001572,2026-09-19 11:36:27,NDM_004745,I received an OTP that I did not request.,Low,LEGITIMATE,
TICKET_001058,2026-09-29 06:39:11,NDM_004745,There is no problem with my account; I need assistance with a payment.,Low,LEGITIMATE,
TICKET_001198,2026-09-03 10:54:32,NDM_004746,My account is locked after several login attempts.,Medium,LEGITIMATE,
TICKET_001509,2026-09-24 15:12:02,NDM_004747,I received an OTP that I did not request.,Medium,LEGITIMATE,
TICKET_000122,2026-09-11 03:41:34,NDM_004750,My account is locked after several login attempts.,High,LEGITIMATE,
TICKET_000227,2026-09-19 20:57:59,NDM_004751,I cannot access my account and my password no longer works.,Low,LEGITIMATE,
ATO_TICKET_NDM_004751,2026-09-28 03:44:44,NDM_004751,I noticed a transfer that I do not recognise.,High,ATO,Unauthorised Transaction
TICKET_000296,2026-09-12 20:49:12,NDM_004753,My SIM card was replaced and I cannot log in.,Low,LEGITIMATE,
TICKET_001459,2026-09-09 01:35:36,NDM_004756,I cannot access my account and my password no longer works.,Low,LEGITIMATE,
ATO_TICKET_NDM_004763,2026-09-12 15:15:17,NDM_004763,I noticed a transfer that I do not recognise.,High,ATO,Unauthorised Transaction
TICKET_000123,2026-09-03 14:19:54,NDM_004764,I received an OTP that I did not request.,Low,LEGITIMATE,
ATO_TICKET_NDM_004772,2026-09-19 22:52:04,NDM_004772,My SIM card was replaced and I cannot log in.,High,ATO,Unauthorised Transaction
TICKET_001298,2026-09-07 02:04:27,NDM_004774,I am travelling and cannot access my normal device.,Low,LEGITIMATE,
TICKET_001092,2026-09-17 21:38:47,NDM_004774,My phone was lost and I need to secure my account.,Low,LEGITIMATE,
ATO_TICKET_NDM_004774,2026-09-24 22:30:49,NDM_004774,My SIM card was replaced and I cannot log in.,Medium,ATO,Unauthorised Transaction
TICKET_000250,2026-09-26 12:06:28,NDM_004777,I noticed a transfer that I do not recognise.,Low,LEGITIMATE,
ATO_TICKET_NDM_004778,2026-09-26 00:53:45,NDM_004778,I noticed a transfer that I do not recognise.,High,ATO,Unauthorised Transaction
TICKET_000752,2026-09-25 15:22:57,NDM_004779,I received an OTP that I did not request.,Low,LEGITIMATE,
ATO_TICKET_NDM_004779,2026-09-28 04:36:56,NDM_004779,There was a transaction on my account that I did not make.,High,ATO,Unauthorised Transaction
TICKET_000510,2026-09-26 02:58:36,NDM_004780,I changed my phone and need help accessing my account.,Medium,LEGITIMATE,
ATO_TICKET_NDM_004781,2026-09-30 13:27:41,NDM_004781,My phone was lost and I need to secure my account.,High,ATO,Unauthorised Transaction
TICKET_001086,2026-09-18 06:05:27,NDM_004782,I changed my phone and need help accessing my account.,Medium,LEGITIMATE,
ATO_TICKET_NDM_004782,2026-09-25 12:52:13,NDM_004782,My SIM card was replaced and I cannot log in.,High,ATO,Unauthorised Transaction
TICKET_000562,2026-09-20 18:36:46,NDM_004785,I changed my phone and need help accessing my account.,Low,LEGITIMATE,
TICKET_001093,2026-09-21 03:01:41,NDM_004791,I cannot access my account and my password no longer works.,Low,LEGITIMATE,
ATO_TICKET_NDM_004796,2026-09-24 20:37:23,NDM_004796,I received an OTP that I did not request.,Medium,ATO,Unauthorised Transaction
TICKET_001884,2026-09-13 11:56:12,NDM_004797,I am travelling and cannot access my normal device.,Medium,LEGITIMATE,
TICKET_001123,2026-09-15 08:29:20,NDM_004797,My SIM card was replaced and I cannot log in.,Low,LEGITIMATE,
ATO_TICKET_NDM_004797,2026-09-28 23:25:03,NDM_004797,I received an OTP that I did not request.,High,ATO,Unauthorised Transaction
ATO_TICKET_NDM_004798,2026-09-18 22:11:10,NDM_004798,There was a transaction on my account that I did not make.,High,ATO,Unauthorised Transaction
ATO_TICKET_NDM_004799,2026-09-27 07:46:20,NDM_004799,My phone was lost and I need to secure my account.,High,ATO,Unauthorised Transaction
TICKET_001525,2026-09-30 09:14:37,NDM_004799,There was a transaction on my account that I did not make.,Medium,LEGITIMATE,
ATO_TICKET_NDM_004800,2026-09-22 05:55:50,NDM_004800,I received an OTP that I did not request.,High,ATO,Unauthorised Transaction
TICKET_000091,2026-09-28 15:54:08,NDM_004805,My phone was lost and I need to secure my account.,Low,LEGITIMATE,
TICKET_001664,2026-09-20 16:39:55,NDM_004806,I changed my phone and need help accessing my account.,Low,LEGITIMATE,
ATO_TICKET_NDM_004808,2026-09-30 14:31:10,NDM_004808,My SIM card was replaced and I cannot log in.,High,ATO,Unauthorised Transaction
ATO_TICKET_NDM_004809,2026-09-27 04:50:16,NDM_004809,There was a transaction on my account that I did not make.,High,ATO,Unauthorised Transaction
TICKET_001617,2026-09-30 00:09:48,NDM_004809,I noticed a transfer that I do not recognise.,Low,LEGITIMATE,
TICKET_001679,2026-09-25 04:46:43,NDM_004813,I made this transaction myself but it is showing as pending.,Medium,LEGITIMATE,
ATO_TICKET_NDM_004813,2026-09-27 04:30:26,NDM_004813,My phone was lost and I need to secure my account.,High,ATO,Unauthorised Transaction
TICKET_000073,2026-09-16 06:28:38,NDM_004814,I cannot access my account and my password no longer works.,Low,LEGITIMATE,
TICKET_001973,2026-09-20 11:14:53,NDM_004816,There is no problem with my account; I need assistance with a payment.,Medium,LEGITIMATE,
TICKET_001070,2026-09-18 18:20:27,NDM_004817,My SIM card was replaced and I cannot log in.,Medium,LEGITIMATE,
TICKET_000097,2026-09-29 11:07:48,NDM_004817,I cannot access my account and my password no longer works.,Low,LEGITIMATE,
TICKET_000134,2026-09-16 15:10:31,NDM_004819,My SIM card was replaced and I cannot log in.,Low,LEGITIMATE,
TICKET_001643,2026-09-29 19:55:53,NDM_004822,I received an OTP that I did not request.,Low,LEGITIMATE,
TICKET_000028,2026-09-29 22:50:06,NDM_004822,There is no problem with my account; I need assistance with a payment.,High,LEGITIMATE,
ATO_TICKET_NDM_004824,2026-09-29 23:28:51,NDM_004824,My phone was lost and I need to secure my account.,High,ATO,Unauthorised Transaction
TICKET_001637,2026-09-08 02:50:28,NDM_004827,My account is locked after several login attempts.,Medium,LEGITIMATE,
TICKET_001420,2026-09-26 15:30:30,NDM_004832,My phone was lost and I need to secure my account.,Medium,LEGITIMATE,
ATO_TICKET_NDM_004833,2026-09-25 03:38:54,NDM_004833,My phone was lost and I need to secure my account.,Medium,ATO,Unauthorised Transaction
TICKET_000898,2026-09-17 12:27:26,NDM_004834,My account is locked after several login attempts.,Low,LEGITIMATE,
TICKET_001616,2026-09-28 08:35:47,NDM_004834,I received an OTP that I did not request.,Medium,LEGITIMATE,
ATO_TICKET_NDM_004834,2026-09-29 16:44:46,NDM_004834,My SIM card was replaced and I cannot log in.,Medium,ATO,Unauthorised Transaction
TICKET_000976,2026-09-30 22:28:12,NDM_004834,My phone was lost and I need to secure my account.,Medium,LEGITIMATE,
TICKET_000183,2026-09-12 02:38:53,NDM_004836,I am travelling and cannot access my normal device.,Medium,LEGITIMATE,
ATO_TICKET_NDM_004837,2026-09-25 09:05:43,NDM_004837,There was a transaction on my account that I did not make.,High,ATO,Unauthorised Transaction
ATO_TICKET_NDM_004838,2026-09-25 06:34:35,NDM_004838,I noticed a transfer that I do not recognise.,High,ATO,Unauthorised Transaction
TICKET_000497,2026-09-22 03:41:52,NDM_004842,There is no problem with my account; I need assistance with a payment.,Low,LEGITIMATE,
TICKET_000824,2026-09-19 03:11:52,NDM_004844,I changed my phone and need help accessing my account.,Low,LEGITIMATE,
TICKET_000963,2026-09-03 14:12:01,NDM_004848,I am travelling and cannot access my normal device.,Low,LEGITIMATE,
TICKET_000863,2026-09-08 09:06:59,NDM_004848,I noticed a transfer that I do not recognise.,Low,LEGITIMATE,
TICKET_001586,2026-09-09 17:54:25,NDM_004848,I noticed a transfer that I do not recognise.,Medium,LEGITIMATE,
ATO_TICKET_NDM_004848,2026-09-29 12:32:48,NDM_004848,I received an OTP that I did not request.,High,ATO,Unauthorised Transaction
ATO_TICKET_NDM_004849,2026-09-30 14:05:41,NDM_004849,My phone was lost and I need to secure my account.,High,ATO,Unauthorised Transaction
TICKET_000408,2026-09-24 06:36:25,NDM_004852,I made this transaction myself but it is showing as pending.,Medium,LEGITIMATE,
ATO_TICKET_NDM_004852,2026-09-25 01:09:31,NDM_004852,I received an OTP that I did not request.,High,ATO,Unauthorised Transaction
TICKET_001262,2026-09-21 03:17:11,NDM_004856,There is no problem with my account; I need assistance with a payment.,High,LEGITIMATE,
TICKET_000921,2026-09-05 22:45:23,NDM_004859,I noticed a transfer that I do not recognise.,Low,LEGITIMATE,
ATO_TICKET_NDM_004859,2026-09-30 22:14:04,NDM_004859,I received an OTP that I did not request.,High,ATO,Unauthorised Transaction
ATO_TICKET_NDM_004860,2026-09-21 06:16:45,NDM_004860,There was a transaction on my account that I did not make.,Medium,ATO,Unauthorised Transaction
TICKET_000981,2026-09-28 04:33:43,NDM_004861,There was a transaction on my account that I did not make.,Low,LEGITIMATE,
ATO_TICKET_NDM_004863,2026-09-24 01:51:38,NDM_004863,There was a transaction on my account that I did not make.,High,ATO,Unauthorised Transaction
ATO_TICKET_NDM_004864,2026-09-30 23:06:33,NDM_004864,My SIM card was replaced and I cannot log in.,High,ATO,Unauthorised Transaction
TICKET_000972,2026-09-03 15:37:10,NDM_004865,I cannot access my account and my password no longer works.,High,LEGITIMATE,
ATO_TICKET_NDM_004869,2026-09-28 18:39:40,NDM_004869,I received an OTP that I did not request.,High,ATO,Unauthorised Transaction
ATO_TICKET_NDM_004870,2026-09-16 23:19:53,NDM_004870,There was a transaction on my account that I did not make.,Medium,ATO,Unauthorised Transaction
TICKET_000312,2026-09-22 23:53:45,NDM_004872,There was a transaction on my account that I did not make.,Medium,LEGITIMATE,
ATO_TICKET_NDM_004872,2026-09-28 10:01:48,NDM_004872,I noticed a transfer that I do not recognise.,High,ATO,Unauthorised Transaction
TICKET_001278,2026-09-20 09:34:33,NDM_004877,I made this transaction myself but it is showing as pending.,High,LEGITIMATE,
TICKET_000190,2026-09-21 21:30:25,NDM_004877,I noticed a transfer that I do not recognise.,Low,LEGITIMATE,
ATO_TICKET_NDM_004878,2026-09-12 13:49:23,NDM_004878,My phone was lost and I need to secure my account.,High,ATO,Unauthorised Transaction
ATO_TICKET_NDM_004879,2026-09-18 10:53:33,NDM_004879,My SIM card was replaced and I cannot log in.,High,ATO,Unauthorised Transaction
TICKET_000853,2026-09-27 13:12:13,NDM_004880,My SIM card was replaced and I cannot log in.,Low,LEGITIMATE,
TICKET_001027,2026-09-16 09:56:20,NDM_004882,There is no problem with my account; I need assistance with a payment.,Low,LEGITIMATE,
TICKET_001763,2026-09-15 01:40:26,NDM_004883,I am travelling and cannot access my normal device.,Low,LEGITIMATE,
ATO_TICKET_NDM_004883,2026-09-29 10:11:10,NDM_004883,My phone was lost and I need to secure my account.,High,ATO,Unauthorised Transaction
TICKET_000811,2026-09-14 09:29:12,NDM_004885,I cannot access my account and my password no longer works.,Low,LEGITIMATE,
TICKET_000217,2026-09-19 10:51:28,NDM_004892,There is no problem with my account; I need assistance with a payment.,Low,LEGITIMATE,
TICKET_000713,2026-09-06 08:29:01,NDM_004895,I made this transaction myself but it is showing as pending.,Low,LEGITIMATE,
ATO_TICKET_NDM_004897,2026-09-29 08:11:47,NDM_004897,My phone was lost and I need to secure my account.,High,ATO,Unauthorised Transaction
TICKET_000236,2026-09-21 00:26:10,NDM_004904,I am travelling and cannot access my normal device.,Low,LEGITIMATE,
ATO_TICKET_NDM_004904,2026-09-24 04:41:45,NDM_004904,My phone was lost and I need to secure my account.,High,ATO,Unauthorised Transaction
TICKET_001016,2026-09-26 17:57:09,NDM_004906,My phone was lost and I need to secure my account.,Medium,LEGITIMATE,
TICKET_001114,2026-09-10 06:34:15,NDM_004908,My SIM card was replaced and I cannot log in.,Low,LEGITIMATE,
ATO_TICKET_NDM_004908,2026-09-30 23:32:11,NDM_004908,I received an OTP that I did not request.,High,ATO,Unauthorised Transaction
ATO_TICKET_NDM_004909,2026-09-22 09:56:54,NDM_004909,My SIM card was replaced and I cannot log in.,Medium,ATO,Unauthorised Transaction
TICKET_000565,2026-09-20 22:07:15,NDM_004911,I noticed a transfer that I do not recognise.,Low,LEGITIMATE,
TICKET_001222,2026-09-30 17:18:30,NDM_004911,I noticed a transfer that I do not recognise.,Low,LEGITIMATE,
ATO_TICKET_NDM_004912,2026-09-27 18:30:26,NDM_004912,There was a transaction on my account that I did not make.,High,ATO,Unauthorised Transaction
TICKET_000068,2026-09-19 12:54:05,NDM_004916,I changed my phone and need help accessing my account.,Low,LEGITIMATE,
TICKET_001505,2026-09-04 18:58:27,NDM_004917,I noticed a transfer that I do not recognise.,Low,LEGITIMATE,
TICKET_000569,2026-09-10 18:46:31,NDM_004917,I made this transaction myself but it is showing as pending.,Medium,LEGITIMATE,
TICKET_001287,2026-09-15 23:26:16,NDM_004920,Please help me update my registered mobile number.,Low,LEGITIMATE,
TICKET_001834,2026-09-23 12:46:41,NDM_004920,There is no problem with my account; I need assistance with a payment.,Low,LEGITIMATE,
TICKET_001856,2026-09-20 23:02:45,NDM_004921,There was a transaction on my account that I did not make.,Medium,LEGITIMATE,
ATO_TICKET_NDM_004921,2026-09-28 03:59:53,NDM_004921,I received an OTP that I did not request.,High,ATO,Unauthorised Transaction
TICKET_000550,2026-09-28 10:24:59,NDM_004926,My SIM card was replaced and I cannot log in.,Medium,LEGITIMATE,
ATO_TICKET_NDM_004927,2026-09-23 13:03:52,NDM_004927,There was a transaction on my account that I did not make.,High,ATO,Unauthorised Transaction
TICKET_000262,2026-09-10 23:00:21,NDM_004930,I made this transaction myself but it is showing as pending.,Low,LEGITIMATE,
ATO_TICKET_NDM_004933,2026-09-30 09:27:28,NDM_004933,I received an OTP that I did not request.,High,ATO,Unauthorised Transaction
TICKET_000392,2026-09-25 21:39:14,NDM_004934,There was a transaction on my account that I did not make.,Medium,LEGITIMATE,
TICKET_001835,2026-09-03 18:37:46,NDM_004935,I noticed a transfer that I do not recognise.,Low,LEGITIMATE,
TICKET_000139,2026-09-09 11:25:18,NDM_004936,I received an OTP that I did not request.,Medium,LEGITIMATE,
TICKET_000025,2026-09-17 10:56:39,NDM_004936,I changed my phone and need help accessing my account.,Medium,LEGITIMATE,
TICKET_000987,2026-09-28 05:55:27,NDM_004936,Please help me update my registered mobile number.,Low,LEGITIMATE,
TICKET_000899,2026-09-25 01:44:44,NDM_004938,I changed my phone and need help accessing my account.,Low,LEGITIMATE,
TICKET_001861,2026-09-22 03:28:27,NDM_004939,Please help me update my registered mobile number.,High,LEGITIMATE,
ATO_TICKET_NDM_004939,2026-09-28 03:57:54,NDM_004939,My SIM card was replaced and I cannot log in.,High,ATO,Unauthorised Transaction
TICKET_000836,2026-09-28 20:47:06,NDM_004939,My SIM card was replaced and I cannot log in.,Medium,LEGITIMATE,
TICKET_001514,2026-09-23 14:19:24,NDM_004940,I received an OTP that I did not request.,Low,LEGITIMATE,
TICKET_001300,2026-09-27 00:07:18,NDM_004940,I cannot access my account and my password no longer works.,Low,LEGITIMATE,
ATO_TICKET_NDM_004940,2026-09-28 15:25:34,NDM_004940,My SIM card was replaced and I cannot log in.,Medium,ATO,Unauthorised Transaction
ATO_TICKET_NDM_004941,2026-09-30 01:59:05,NDM_004941,I received an OTP that I did not request.,High,ATO,Unauthorised Transaction
TICKET_001804,2026-09-05 05:00:48,NDM_004942,Please help me update my registered mobile number.,Medium,LEGITIMATE,
TICKET_000540,2026-09-22 11:05:52,NDM_004942,Please help me update my registered mobile number.,Low,LEGITIMATE,
TICKET_000938,2026-09-04 20:42:04,NDM_004943,My SIM card was replaced and I cannot log in.,High,LEGITIMATE,
TICKET_000979,2026-09-19 11:59:13,NDM_004944,There was a transaction on my account that I did not make.,Low,LEGITIMATE,
TICKET_000211,2026-09-10 08:22:10,NDM_004945,I cannot access my account and my password no longer works.,Medium,LEGITIMATE,
ATO_TICKET_NDM_004945,2026-09-30 20:39:21,NDM_004945,My SIM card was replaced and I cannot log in.,High,ATO,Unauthorised Transaction
TICKET_000394,2026-09-24 23:28:50,NDM_004946,I received an OTP that I did not request.,Low,LEGITIMATE,
TICKET_001041,2026-09-30 02:02:13,NDM_004946,There was a transaction on my account that I did not make.,Low,LEGITIMATE,
ATO_TICKET_NDM_004947,2026-09-30 19:41:38,NDM_004947,I noticed a transfer that I do not recognise.,Medium,ATO,Unauthorised Transaction
TICKET_000799,2026-09-20 22:45:20,NDM_004952,I cannot access my account and my password no longer works.,Low,LEGITIMATE,
TICKET_000892,2026-09-02 08:59:21,NDM_004954,My account is locked after several login attempts.,Medium,LEGITIMATE,
ATO_TICKET_NDM_004954,2026-09-30 04:50:02,NDM_004954,I received an OTP that I did not request.,High,ATO,Unauthorised Transaction
TICKET_001872,2026-09-02 05:21:37,NDM_004957,I cannot access my account and my password no longer works.,Low,LEGITIMATE,
TICKET_000798,2026-09-11 21:32:26,NDM_004961,My phone was lost and I need to secure my account.,Medium,LEGITIMATE,
TICKET_000150,2026-09-04 16:02:38,NDM_004962,There was a transaction on my account that I did not make.,Low,LEGITIMATE,
TICKET_000615,2026-09-05 15:55:57,NDM_004963,I am travelling and cannot access my normal device.,Low,LEGITIMATE,
TICKET_001475,2026-09-05 19:58:19,NDM_004963,I received an OTP that I did not request.,Medium,LEGITIMATE,
TICKET_001982,2026-09-17 01:26:21,NDM_004963,There was a transaction on my account that I did not make.,Low,LEGITIMATE,
ATO_TICKET_NDM_004963,2026-09-20 18:53:12,NDM_004963,I noticed a transfer that I do not recognise.,Medium,ATO,Unauthorised Transaction
ATO_TICKET_NDM_004967,2026-09-27 06:14:07,NDM_004967,I received an OTP that I did not request.,Medium,ATO,Unauthorised Transaction
TICKET_001547,2026-09-10 02:28:21,NDM_004969,My account is locked after several login attempts.,Low,LEGITIMATE,
TICKET_000125,2026-09-27 13:33:52,NDM_004969,I am travelling and cannot access my normal device.,Low,LEGITIMATE,
TICKET_000195,2026-09-20 10:39:15,NDM_004972,I cannot access my account and my password no longer works.,Low,LEGITIMATE,
TICKET_001741,2026-09-12 03:18:41,NDM_004977,I received an OTP that I did not request.,Low,LEGITIMATE,
TICKET_001951,2026-09-16 21:50:09,NDM_004977,There is no problem with my account; I need assistance with a payment.,Low,LEGITIMATE,
TICKET_000451,2026-09-11 17:22:51,NDM_004978,I received an OTP that I did not request.,Low,LEGITIMATE,
ATO_TICKET_NDM_004978,2026-09-24 15:50:01,NDM_004978,My phone was lost and I need to secure my account.,Medium,ATO,Unauthorised Transaction
TICKET_001029,2026-09-07 03:24:40,NDM_004982,My account is locked after several login attempts.,Low,LEGITIMATE,
ATO_TICKET_NDM_004982,2026-09-29 14:31:28,NDM_004982,I received an OTP that I did not request.,High,ATO,Unauthorised Transaction
ATO_TICKET_NDM_004988,2026-09-18 22:15:05,NDM_004988,I noticed a transfer that I do not recognise.,Medium,ATO,Unauthorised Transaction
TICKET_001943,2026-09-02 21:33:24,NDM_004990,I changed my phone and need help accessing my account.,Low,LEGITIMATE,
TICKET_000235,2026-09-10 04:29:17,NDM_004990,I noticed a transfer that I do not recognise.,Low,LEGITIMATE,
ATO_TICKET_NDM_004990,2026-09-30 23:04:12,NDM_004990,My phone was lost and I need to secure my account.,High,ATO,Unauthorised Transaction
ATO_TICKET_NDM_004993,2026-09-30 19:46:02,NDM_004993,My SIM card was replaced and I cannot log in.,High,ATO,Unauthorised Transaction
ATO_TICKET_NDM_004994,2026-09-20 23:38:39,NDM_004994,There was a transaction on my account that I did not make.,High,ATO,Unauthorised Transaction
ATO_TICKET_NDM_004995,2026-09-25 14:30:57,NDM_004995,I noticed a transfer that I do not recognise.,High,ATO,Unauthorised Transaction
TICKET_001815,2026-09-18 00:21:58,NDM_005000,There is no problem with my account; I need assistance with a payment.,Medium,LEGITIMATE,
