account_id,n_logins,n_failed,mean_mfa,lat_std,lon_std,failure_rate,geo_dispersion,n_txns,total_amount,mean_amount,max_amount,n_cashout,n_device_events,n_sim_changes,label_account_takeover
ACC100000,16,2,0.6875,0.05557403133058939,0.06192954296348908,0.125,0.11750357429407847,18,8504.93,472.49611111111113,977.97,3,2.0,1.0,0
ACC100001,18,2,0.8888888888888888,0.07376625355403847,0.06691658962709096,0.1111111111111111,0.14068284318112945,15,8714.96,580.9973333333332,1617.04,2,2.0,1.0,0
ACC100002,19,3,0.8421052631578947,0.04179758170345878,0.05352651854113496,0.15789473684210525,0.09532410024459373,11,4703.77,427.6154545454546,1076.45,1,1.0,1.0,0
ACC100003,19,1,0.47368421052631576,0.049362377652270584,0.054686793470789044,0.05263157894736842,0.10404917112305963,11,4179.03,379.91181818181815,806.82,1,3.0,0.0,0
ACC100004,20,1,0.9,0.055305184633706976,0.05922596425644123,0.05,0.1145311488901482,14,6430.76,459.34000000000003,1418.02,1,0.0,0.0,0
ACC100005,14,0,0.7857142857142857,0.044170628200246316,0.056277425548556755,0.0,0.10044805374880307,16,8192.33,512.020625,1630.5,4,2.0,0.0,0
ACC100006,14,0,0.8571428571428571,0.04004643458632646,0.04847992447315784,0.0,0.0885263590594843,13,5248.13,403.7023076923077,743.31,3,2.0,0.0,0
ACC100007,13,1,0.9230769230769231,0.05277646862973724,0.050526355143651405,0.07692307692307693,0.10330282377338865,9,3173.04,352.56,1530.34,1,2.0,0.0,0
ACC100008,21,1,0.5714285714285714,0.04817897783018964,0.05758188000371226,0.047619047619047616,0.1057608578339019,8,4516.02,564.5025,1430.05,0,2.0,1.0,0
ACC100009,12,0,0.8333333333333334,0.06297701360356993,0.05752982559797272,0.0,0.12050683920154265,8,3662.92,457.865,1381.88,2,2.0,0.0,0
ACC100010,13,1,0.9230769230769231,0.05158199969279682,0.052831755213834555,0.07692307692307693,0.10441375490663138,11,6179.87,561.8063636363636,1512.33,1,1.0,0.0,0
ACC100011,13,1,0.6923076923076923,0.05869124776406244,0.06364444705569913,0.07692307692307693,0.12233569481976157,15,4544.53,302.96866666666665,733.1,1,3.0,1.0,0
ACC100012,11,1,0.5454545454545454,0.03811640782464351,0.04144723918867888,0.09090909090909091,0.07956364701332239,8,4365.09,545.63625,1033.47,1,3.0,1.0,0
ACC100013,15,2,0.8,0.049124416390571864,0.05742676661461509,0.13333333333333333,0.10655118300518696,12,4312.74,359.395,974.61,0,2.0,0.0,0
ACC100014,12,1,0.9166666666666666,0.049286868218500944,0.049797033500546026,0.08333333333333333,0.09908390171904696,13,4056.56,312.0430769230769,572.67,2,1.0,0.0,0
ACC100015,9,1,0.5555555555555556,0.03914284736704776,0.04339337827108849,0.1111111111111111,0.08253622563813626,11,7038.32,639.8472727272728,1466.4,2,1.0,1.0,0
ACC100016,9,0,1.0,0.04086644235936266,0.060112702022485476,0.0,0.10097914438184813,11,3987.68,362.5163636363636,1144.33,5,5.0,1.0,0
ACC100017,15,1,0.7333333333333333,0.045376782399729275,0.031907251004542315,0.06666666666666667,0.07728403340427159,11,5443.5,494.8636363636364,1237.61,2,0.0,0.0,0
ACC100018,23,2,0.7391304347826086,0.03525336751217698,0.04967678456684902,0.08695652173913043,0.084930152079026,11,4838.92,439.9018181818182,792.66,1,1.0,0.0,0
ACC100019,16,2,0.75,0.034104261097405435,0.04950767238519712,0.125,0.08361193348260255,9,4646.8,516.3111111111111,1070.5,0,3.0,0.0,0
ACC100020,16,2,0.75,0.05814473285116488,0.055922493610947185,0.125,0.11406722646211206,6,2734.6000000000004,455.7666666666667,1035.65,1,1.0,1.0,0
ACC100021,12,1,0.8333333333333334,0.04035641963877127,0.04547129880651665,0.08333333333333333,0.08582771844528791,11,3890.7400000000002,353.7036363636364,1108.67,1,0.0,0.0,0
ACC100022,16,0,0.6875,0.03647764098275363,0.068460996194913,0.0,0.10493863717766663,13,8241.23,633.9407692307692,1322.16,3,3.0,2.0,0
ACC100023,11,0,0.8181818181818182,0.05600048863423183,0.03324780512236381,0.0,0.08924829375659564,15,8867.02,591.1346666666667,2317.36,1,1.0,0.0,0
ACC100024,16,1,0.9375,0.047781035289467456,0.04548918552799246,0.0625,0.09327022081745992,6,3250.76,541.7933333333334,1207.66,0,4.0,2.0,0
ACC100025,15,0,0.5333333333333333,0.04336902229977173,0.06371856274348224,0.0,0.10708758504325397,7,4577.89,653.9842857142858,893.9,0,2.0,1.0,0
ACC100026,19,0,0.7894736842105263,0.05155134498333328,0.05439855304233133,0.0,0.10594989802566461,12,5329.95,444.16249999999997,805.72,3,2.0,1.0,0
ACC100027,7,0,0.5714285714285714,0.0640574964945,0.059170838216457855,0.0,0.12322833471095786,6,2260.16,376.6933333333333,644.6,2,3.0,1.0,0
ACC100028,18,1,0.6111111111111112,0.05092045186661895,0.03480221238553826,0.05555555555555555,0.08572266425215722,11,4683.92,425.8109090909091,783.8,1,3.0,0.0,0
ACC100029,20,3,0.75,0.054430649985966084,0.053655041211132855,0.15,0.10808569119709893,9,3393.18,377.02,733.25,1,2.0,0.0,0
ACC100030,13,2,0.8461538461538461,0.05113862883353795,0.05626839186503302,0.15384615384615385,0.10740702069857097,9,4997.57,555.2855555555556,1901.5,1,1.0,1.0,0
ACC100031,14,0,0.7857142857142857,0.05399999796499794,0.043251437757974194,0.0,0.09725143572297212,11,8900.04,809.0945454545455,3362.55,4,2.0,0.0,0
ACC100032,21,0,0.8095238095238095,0.04083136224591511,0.03689735053076764,0.0,0.07772871277668275,9,3103.15,344.7944444444445,813.34,1,1.0,0.0,0
ACC100033,23,1,0.8260869565217391,0.05259107966261061,0.037757694815581964,0.043478260869565216,0.09034877447819258,11,6319.99,574.5445454545454,1376.39,1,1.0,0.0,0
ACC100034,14,0,0.7142857142857143,0.03914555607523747,0.06379794684766806,0.0,0.10294350292290552,9,8985.130000000001,998.3477777777779,3674.26,1,3.0,1.0,0
ACC100035,19,2,0.8421052631578947,0.05863914924827445,0.0468730417914572,0.10526315789473684,0.10551219103973165,13,8294.55,638.0423076923076,3231.33,1,4.0,1.0,0
ACC100036,14,0,1.0,0.06431566939455992,0.052144397990178906,0.0,0.11646006738473882,9,4743.92,527.1022222222223,1086.16,1,2.0,2.0,0
ACC100037,23,2,0.8260869565217391,0.04656764980010414,0.04329472258777699,0.08695652173913043,0.08986237238788113,5,2095.46,419.092,756.88,2,1.0,0.0,0
ACC100038,18,1,0.7777777777777778,0.05318788008781064,0.0443444335948688,0.05555555555555555,0.09753231368267945,8,6436.3,804.5375,2484.0,1,1.0,0.0,0
ACC100039,21,1,0.8571428571428571,0.03901169421743049,0.04243553317905259,0.047619047619047616,0.08144722739648308,6,2827.48,471.24666666666667,1066.63,0,2.0,1.0,0
ACC100040,12,0,0.8333333333333334,0.045757068505115336,0.05947431582140466,0.0,0.10523138432651999,11,4093.46,372.13272727272727,817.3,1,1.0,0.0,0
ACC100041,12,2,0.8333333333333334,0.055348605276561415,0.04079581362212235,0.16666666666666666,0.09614441889868376,9,5594.7,621.6333333333333,2704.93,2,2.0,1.0,0
ACC100042,21,0,0.8571428571428571,0.04438907845083389,0.045852747749624286,0.0,0.09024182620045818,11,5287.4800000000005,480.68000000000006,2201.08,1,2.0,0.0,0
ACC100043,15,0,0.7333333333333333,0.04737814143372748,0.05661829840507273,0.0,0.10399643983880022,7,3712.03,530.2900000000001,952.9,0,1.0,1.0,0
ACC100044,13,2,0.8461538461538461,0.04753336480021974,0.045864801318662315,0.15384615384615385,0.09339816611888205,12,4752.58,396.04833333333335,875.05,2,4.0,0.0,0
ACC100045,13,0,0.7692307692307693,0.06184625892962104,0.04114624324690331,0.0,0.10299250217652435,9,5924.94,658.3266666666666,1411.02,1,0.0,0.0,0
ACC100046,11,1,0.8181818181818182,0.03206475550280314,0.0374567338283903,0.09090909090909091,0.06952148933119344,7,2814.44,402.0628571428571,856.47,0,0.0,0.0,0
ACC100047,17,0,0.8235294117647058,0.05566512465575892,0.05115372952305279,0.0,0.1068188541788117,9,4676.33,519.5922222222222,1349.0,2,2.0,0.0,0
ACC100048,18,2,0.7777777777777778,0.05957445059250395,0.04514224323383894,0.1111111111111111,0.10471669382634288,13,5755.94,442.76461538461535,1275.69,1,1.0,0.0,0
ACC100049,7,0,1.0,0.05915569448900242,0.04403021689703506,0.0,0.10318591138603747,13,10304.42,792.6476923076923,2198.77,3,1.0,1.0,0
ACC100050,14,1,0.7142857142857143,1.9296512469304445,1.6870214993874857,0.07142857142857142,3.6166727463179305,14,73551.33,5253.666428571429,28384.25,8,4.0,4.0,1
ACC100051,15,2,0.8666666666666667,0.03868524758809721,0.044617131025564624,0.13333333333333333,0.08330237861366183,13,7341.75,564.75,1356.28,2,2.0,0.0,0
ACC100052,15,1,0.8,0.04269536274585332,0.07423036985980754,0.06666666666666667,0.11692573260566086,17,10302.67,606.0394117647058,2491.08,1,5.0,3.0,0
ACC100053,12,0,0.6666666666666666,0.04201771181371738,0.06329451302275638,0.0,0.10531222483647376,11,5353.62,486.69272727272727,1141.54,2,1.0,0.0,0
ACC100054,16,4,0.5,3.094489705374162,2.05044124454551,0.25,5.144930949919672,12,30890.09,2574.1741666666667,15793.78,5,2.0,2.0,1
ACC100055,25,2,0.76,0.0502264246521025,0.04598142741006059,0.08,0.09620785206216309,12,6286.530000000001,523.8775,1500.43,1,3.0,2.0,0
ACC100056,23,4,0.8260869565217391,0.041265423035998554,0.05683669519728002,0.17391304347826086,0.09810211823327858,6,2697.42,449.57,942.17,0,3.0,1.0,0
ACC100057,15,0,0.7333333333333333,0.048458232383303934,0.047092823232420714,0.0,0.09555105561572465,13,7295.5,561.1923076923077,1298.3,5,1.0,0.0,0
ACC100058,10,0,0.6,0.03935920194538728,0.04877982734241196,0.0,0.08813902928779924,13,5757.5,442.88461538461536,743.99,3,1.0,0.0,0
ACC100059,18,3,0.5555555555555556,0.04382500703742174,0.0394411102337475,0.16666666666666666,0.08326611727116924,15,5233.24,348.88266666666664,1007.87,0,3.0,0.0,0
ACC100060,24,1,0.8333333333333334,0.05466326694978256,0.0560015191305336,0.041666666666666664,0.11066478608031616,9,10917.83,1213.0922222222223,2595.5,2,1.0,0.0,0
ACC100061,14,0,0.7857142857142857,0.06268283717990976,0.044563797952061404,0.0,0.10724663513197116,12,5101.83,425.1525,1217.65,3,2.0,1.0,0
ACC100062,13,1,0.7692307692307693,0.05460427568493994,0.05105871557234298,0.07692307692307693,0.10566299125728293,7,4105.97,586.5671428571429,1435.88,1,1.0,0.0,0
ACC100063,16,2,0.8125,0.04128324115182816,0.054068166851360455,0.125,0.09535140800318861,13,6377.72,490.5938461538462,1335.35,2,3.0,0.0,0
ACC100064,13,1,0.8461538461538461,0.044503903602913716,0.05547056969748975,0.07692307692307693,0.09997447330040346,11,4900.51,445.5009090909091,1027.02,1,0.0,0.0,0
ACC100065,13,4,0.6923076923076923,1.4069959290484724,1.8859737332306354,0.3076923076923077,3.292969662279108,13,16324.45,1255.7269230769232,6626.85,4,3.0,1.0,1
ACC100066,14,3,0.9285714285714286,0.04981486825136747,0.06850171089545454,0.21428571428571427,0.118316579146822,9,3147.6800000000003,349.74222222222227,709.71,1,1.0,0.0,0
ACC100067,15,2,0.6,1.6786216313505835,3.003675504634756,0.13333333333333333,4.68229713598534,7,19295.43,2756.4900000000002,11975.98,2,4.0,3.0,1
ACC100068,12,2,0.5833333333333334,0.05333232787878002,0.04878635163711966,0.16666666666666666,0.10211867951589967,6,2226.52,371.08666666666664,694.98,0,1.0,1.0,0
ACC100069,12,0,0.9166666666666666,0.04841524615868498,0.046772764672953736,0.0,0.09518801083163872,18,7655.69,425.31611111111107,1372.75,0,1.0,1.0,0
ACC100070,13,1,0.9230769230769231,0.07710756140380155,0.03410560710348626,0.07692307692307693,0.11121316850728781,9,4481.39,497.93222222222226,975.84,2,5.0,2.0,0
ACC100071,12,4,0.75,1.785824754967448,1.2837301577351785,0.3333333333333333,3.0695549127026265,14,19693.76,1406.6971428571428,7312.19,1,0.0,0.0,1
ACC100072,16,3,0.75,1.611610630795065,2.0930012936769375,0.1875,3.704611924472003,10,64369.7,6436.969999999999,58044.57,2,1.0,1.0,1
ACC100073,11,0,0.8181818181818182,0.02895135104399679,0.02681766039554527,0.0,0.05576901143954206,13,7666.89,589.7607692307693,1303.03,3,2.0,0.0,0
ACC100074,13,3,0.7692307692307693,0.03969207761809713,0.04937431077091347,0.23076923076923078,0.0890663883890106,14,9081.03,648.6450000000001,2135.89,4,4.0,3.0,0
ACC100075,11,3,0.6363636363636364,0.05104128631892921,0.03837630424197703,0.2727272727272727,0.08941759056090623,6,3964.58,660.7633333333333,2029.25,0,2.0,1.0,0
ACC100076,14,1,0.7857142857142857,0.06037696644352939,0.05630309264825724,0.07142857142857142,0.11668005909178664,11,3401.82,309.25636363636363,753.24,4,2.0,1.0,0
ACC100077,21,1,0.7142857142857143,0.053753915914940345,0.04842034302901631,0.047619047619047616,0.10217425894395665,5,4000.09,800.018,3414.46,2,3.0,2.0,0
ACC100078,18,0,0.7777777777777778,0.041445581692504514,0.040470165320217556,0.0,0.08191574701272207,10,10031.699999999999,1003.1699999999998,2594.88,1,2.0,0.0,0
ACC100079,13,4,0.7692307692307693,0.04102987654418142,0.05061336222676143,0.3076923076923077,0.09164323877094285,9,5902.4,655.8222222222222,1498.61,0,2.0,1.0,0
ACC100080,11,2,0.8181818181818182,0.04397496601890264,0.04320160560989278,0.18181818181818182,0.08717657162879541,9,4360.52,484.50222222222226,1053.37,3,2.0,0.0,0
ACC100081,21,0,0.8571428571428571,0.03673693807392797,0.050400457764359634,0.0,0.08713739583828761,9,4949.66,549.9622222222222,861.14,1,2.0,0.0,0
ACC100082,17,1,0.8235294117647058,0.041945558202760594,0.04270867886039181,0.058823529411764705,0.08465423706315241,14,6099.59,435.685,870.05,4,1.0,0.0,0
ACC100083,18,1,0.8888888888888888,0.03840378691839129,0.04727345978453421,0.05555555555555555,0.08567724670292551,7,2416.09,345.1557142857143,785.21,0,1.0,1.0,0
ACC100084,17,2,1.0,0.050348225624439275,0.07082574359568945,0.11764705882352941,0.12117396922012873,14,6773.2,483.8,1533.72,2,6.0,1.0,0
ACC100085,13,1,0.8461538461538461,0.03316888215767519,0.049439433290669514,0.07692307692307693,0.08260831544834471,12,8834.34,736.195,2259.28,0,2.0,0.0,0
ACC100086,16,0,0.875,0.06276789485875722,0.04425111674673519,0.0,0.1070190116054924,9,3016.63,335.18111111111114,765.29,0,2.0,1.0,0
ACC100087,15,1,0.8,0.04932243283691896,0.05457142109199558,0.06666666666666667,0.10389385392891454,9,3143.91,349.3233333333333,801.44,0,6.0,1.0,0
ACC100088,10,1,0.7,0.06607559727732738,0.054857481005075356,0.1,0.12093307828240274,15,8718.9,581.26,1683.7,0,2.0,0.0,0
ACC100089,23,0,0.9130434782608695,0.055907820802437565,0.042875731824038435,0.0,0.098783552626476,15,11744.63,782.9753333333333,1970.71,3,1.0,1.0,0
ACC100090,14,2,0.7857142857142857,0.04216001503951186,0.05442778863617506,0.14285714285714285,0.09658780367568692,14,6958.43,497.0307142857143,1904.07,2,1.0,0.0,0
ACC100091,14,2,0.9285714285714286,0.035209159179251784,0.05851054051748584,0.14285714285714285,0.09371969969673763,20,7482.9,374.145,1210.37,0,2.0,1.0,0
ACC100092,16,1,0.875,0.04016166445338965,0.04137148323422825,0.0625,0.08153314768761791,12,5600.89,466.74083333333334,1559.67,1,1.0,0.0,0
ACC100093,16,1,0.9375,0.06516873355631007,0.038775774223949955,0.0625,0.10394450778026003,9,4382.72,486.9688888888889,1108.97,1,2.0,1.0,0
ACC100094,13,1,0.8461538461538461,0.035827235020731915,0.0596398131091331,0.07692307692307693,0.095467048129865,10,4274.3,427.43,1168.31,2,0.0,0.0,0
ACC100095,11,0,0.7272727272727273,0.05848928884070065,0.048474298719667554,0.0,0.1069635875603682,11,6008.8,546.2545454545455,1837.08,1,2.0,0.0,0
ACC100096,24,2,0.7083333333333334,0.042677943765579505,0.057582140290499836,0.08333333333333333,0.10026008405607933,7,1952.29,278.8985714285714,1092.57,0,1.0,0.0,0
ACC100097,10,0,0.5,0.04515898950744285,0.0463997413785917,0.0,0.09155873088603456,10,3604.68,360.46799999999996,915.4,1,1.0,1.0,0
ACC100098,14,3,0.6428571428571429,1.6407080604971196,2.5683312644937035,0.21428571428571427,4.209039324990823,15,26023.059999999998,1734.8706666666665,7657.53,6,0.0,0.0,1
ACC100099,17,0,0.7058823529411765,0.04520496540269441,0.05304749675304805,0.0,0.09825246215574246,9,5203.79,578.1988888888889,2150.29,3,3.0,2.0,0
ACC100100,17,1,0.9411764705882353,0.04036822789681794,0.06549112423024452,0.058823529411764705,0.10585935212706246,11,8000.96,727.36,1935.62,4,1.0,0.0,0
ACC100101,21,2,0.7619047619047619,0.04193261998787602,0.05388408370001821,0.09523809523809523,0.09581670368789423,10,3474.49,347.44899999999996,1256.73,1,3.0,0.0,0
ACC100102,14,1,0.8571428571428571,0.055730846510233904,0.03909722805722054,0.07142857142857142,0.09482807456745444,15,8257.07,550.4713333333333,2152.11,1,3.0,2.0,0
ACC100103,9,0,0.7777777777777778,0.04436724580137919,0.051566801335743706,0.0,0.09593404713712289,10,5207.32,520.732,1515.64,3,3.0,1.0,0
ACC100104,12,1,0.6666666666666666,0.033030210001258935,0.047283621195220046,0.08333333333333333,0.08031383119647897,15,5706.280000000001,380.4186666666667,644.58,3,1.0,0.0,0
ACC100105,17,1,0.8235294117647058,0.046309247424880844,0.04763469370235991,0.058823529411764705,0.09394394112724075,10,11482.25,1148.225,3200.5,3,0.0,0.0,0
ACC100106,24,2,0.75,0.060394430440735725,0.049571207017959265,0.08333333333333333,0.10996563745869499,16,13540.5,846.28125,5582.27,0,5.0,1.0,0
ACC100107,13,1,0.6923076923076923,0.05187472953281358,0.045836547672841066,0.07692307692307693,0.09771127720565465,11,6649.39,604.49,1694.33,0,3.0,1.0,0
ACC100108,10,0,0.8,0.06342318626145768,0.053465361580080084,0.0,0.11688854784153777,7,3048.34,435.4771428571429,1018.14,1,3.0,1.0,0
ACC100109,12,1,1.0,0.0460949086782977,0.05373266880557702,0.08333333333333333,0.09982757748387472,11,7919.4,719.9454545454545,3295.56,1,2.0,0.0,0
ACC100110,17,0,0.9411764705882353,0.04302793381322527,0.056819233487591825,0.0,0.0998471673008171,7,2405.6800000000003,343.66857142857145,561.35,1,2.0,2.0,0
ACC100111,20,0,0.8,0.044157154751970594,0.05498420251595802,0.0,0.09914135726792861,13,9611.83,739.3715384615384,3249.72,0,4.0,1.0,0
ACC100112,14,2,0.7857142857142857,0.04747307912657667,0.059459141479628455,0.14285714285714285,0.10693222060620512,13,6781.84,521.6800000000001,1111.83,4,1.0,1.0,0
ACC100113,10,2,0.9,0.035924088173690874,0.0512072086939173,0.2,0.08713129686760818,14,6217.24,444.0885714285714,1134.07,0,3.0,3.0,0
ACC100114,13,0,0.5384615384615384,0.04161538177164804,0.05138183606025692,0.0,0.09299721783190495,12,8380.8,698.4,1305.65,2,0.0,0.0,0
ACC100115,12,1,0.9166666666666666,0.044895139610051996,0.05402394250363771,0.08333333333333333,0.09891908211368972,12,5828.75,485.7291666666667,1003.69,1,1.0,0.0,0
ACC100116,17,0,0.7647058823529411,0.054464500715927754,0.034550695915352175,0.0,0.08901519663127994,19,7291.43,383.75947368421055,852.83,0,1.0,0.0,0
ACC100117,17,0,0.7647058823529411,0.049530198750209885,0.05401366725190881,0.0,0.10354386600211869,11,7318.38,665.3072727272728,1525.64,5,4.0,1.0,0
ACC100118,14,1,0.8571428571428571,0.05186484972852651,0.04997369637789732,0.07142857142857142,0.10183854610642383,12,5446.08,453.84,1012.31,3,2.0,0.0,0
ACC100119,15,0,0.6666666666666666,0.0374537403561606,0.048063937575258606,0.0,0.0855176779314192,9,5278.95,586.55,1250.28,0,3.0,0.0,0
ACC100120,20,1,0.7,0.05316787811411974,0.03178318986342789,0.05,0.08495106797754763,14,12582.849999999999,898.7749999999999,3707.87,0,2.0,1.0,0
ACC100121,17,0,0.7647058823529411,0.05653109763661058,0.05259239418842625,0.0,0.10912349182503683,11,6681.32,607.3927272727273,2286.92,2,2.0,1.0,0
ACC100122,19,1,0.7368421052631579,0.053807695812541266,0.05233186052235181,0.05263157894736842,0.10613955633489308,12,5847.5599999999995,487.2966666666666,1190.8,1,1.0,1.0,0
ACC100123,23,1,0.8695652173913043,0.047357790031628814,0.06304013622053338,0.043478260869565216,0.11039792625216219,10,4781.51,478.151,1084.11,1,3.0,1.0,0
ACC100124,16,0,1.0,0.06264935088783176,0.049457063870254475,0.0,0.11210641475808623,9,7396.820000000001,821.8688888888889,1919.73,2,2.0,1.0,0
ACC100125,16,2,0.8125,0.0440564618794262,0.0619914174167147,0.125,0.1060478792961409,12,4013.1499999999996,334.4291666666666,750.68,0,2.0,2.0,0
ACC100126,11,0,0.7272727272727273,0.06792071045778972,0.05064835275074207,0.0,0.11856906320853179,12,6646.280000000001,553.8566666666667,1811.97,1,1.0,0.0,0
ACC100127,13,1,0.6923076923076923,0.06563630659619524,0.06007618027053043,0.07692307692307693,0.12571248686672568,13,4306.14,331.2415384615385,1263.75,3,2.0,0.0,0
ACC100128,16,1,0.875,0.04216774241052039,0.043408645452258664,0.0625,0.08557638786277905,11,5619.51,510.86454545454546,962.16,1,0.0,0.0,0
ACC100129,18,0,0.8888888888888888,0.04422725367146667,0.05215385860432694,0.0,0.0963811122757936,15,5597.0199999999995,373.13466666666665,1093.59,1,2.0,2.0,0
ACC100130,14,0,0.8571428571428571,0.05027612108793169,0.060599193499148586,0.0,0.11087531458708028,9,6799.87,755.5411111111111,2993.27,1,0.0,0.0,0
ACC100131,11,3,0.7272727272727273,1.526778667891084,1.3287723028146234,0.2727272727272727,2.8555509707057074,5,1746.66,349.332,633.83,1,4.0,3.0,1
ACC100132,14,0,0.9285714285714286,0.07125045131917981,0.05221405909362955,0.0,0.12346451041280937,17,9582.6,563.6823529411765,2776.18,4,4.0,0.0,0
ACC100133,10,3,1.0,0.03261843377941722,0.047139420870434434,0.3,0.07975785464985166,11,9032.369999999999,821.1245454545453,3919.91,2,3.0,0.0,0
ACC100134,15,2,0.6666666666666666,0.05922490065118607,0.05348781970825671,0.13333333333333333,0.11271272035944277,13,10881.73,837.0561538461538,2843.0,1,4.0,3.0,0
ACC100135,13,2,0.8461538461538461,0.037453047529283454,0.04435937735106707,0.15384615384615385,0.08181242488035052,13,9646.029999999999,742.0023076923076,1785.57,2,2.0,0.0,0
ACC100136,17,1,0.7647058823529411,0.0399497414038601,0.03808877787485459,0.058823529411764705,0.07803851927871469,10,5199.5,519.95,1319.89,6,1.0,0.0,0
ACC100137,24,4,0.7916666666666666,0.05683746452110972,0.041389243684240726,0.16666666666666666,0.09822670820535045,10,8208.61,820.8610000000001,2995.28,2,1.0,1.0,0
ACC100138,18,0,0.8888888888888888,0.05911434582529807,0.05383815494706839,0.0,0.11295250077236646,14,8175.61,583.9721428571428,3540.58,1,1.0,0.0,0
ACC100139,12,2,0.9166666666666666,0.05750442077867499,0.03663677052560049,0.16666666666666666,0.09414119130427548,12,5679.9,473.325,1157.35,2,1.0,0.0,0
ACC100140,17,1,0.8235294117647058,0.05146001446011546,0.06602523303297676,0.058823529411764705,0.11748524749309222,8,3983.05,497.88125,959.7,1,4.0,2.0,0
ACC100141,11,1,0.7272727272727273,2.1194921200393955,1.6013188327693588,0.09090909090909091,3.7208109528087543,15,51581.03,3438.735333333333,18924.17,6,1.0,1.0,1
ACC100142,15,1,0.8666666666666667,0.036170182405374944,0.0685291720989773,0.06666666666666667,0.10469935450435225,13,5012.95,385.61153846153843,783.67,4,3.0,0.0,0
ACC100143,14,0,0.7142857142857143,0.06406680622085563,0.04936786838188595,0.0,0.11343467460274158,11,6285.599999999999,571.4181818181818,2465.38,1,1.0,0.0,0
ACC100144,10,0,1.0,0.031388504619083504,0.05864546586622747,0.0,0.09003397048531098,15,6932.5599999999995,462.17066666666665,1458.45,0,1.0,0.0,0
ACC100145,11,0,0.7272727272727273,0.03368210477120125,0.05875363509063627,0.0,0.09243573986183752,7,4046.83,578.1185714285714,1029.56,1,0.0,0.0,0
ACC100146,17,0,0.8235294117647058,0.03971083068294356,0.0512829148249332,0.0,0.09099374550787676,6,1733.1100000000001,288.8516666666667,446.86,1,6.0,2.0,0
ACC100147,13,0,0.8461538461538461,0.049206206612893544,0.048332625547424055,0.0,0.0975388321603176,14,6344.43,453.17357142857145,1357.32,2,1.0,0.0,0
ACC100148,15,1,0.8,0.05938599161418456,0.04576618943322914,0.06666666666666667,0.1051521810474137,14,10256.69,732.6207142857144,2806.38,1,0.0,0.0,0
ACC100149,18,0,0.8333333333333334,0.03457992021900775,0.05157811893566094,0.0,0.08615803915466869,10,3219.27,321.927,565.26,2,0.0,0.0,0
ACC100150,6,0,0.8333333333333334,0.1078676781988006,0.06158814009206402,0.0,0.16945581829086462,12,4932.85,411.0708333333334,1239.58,1,2.0,2.0,0
ACC100151,11,0,0.7272727272727273,0.06271433357984153,0.05754718538255855,0.0,0.12026151896240009,8,3436.4,429.55,1068.67,1,2.0,0.0,0
ACC100152,19,1,0.5263157894736842,0.04291766290787146,0.02998687432159116,0.05263157894736842,0.07290453722946262,12,5106.48,425.53999999999996,1005.91,3,0.0,0.0,0
ACC100153,15,2,0.7333333333333333,1.4519381423594102,2.281025841547949,0.13333333333333333,3.7329639839073594,9,23054.25,2561.5833333333335,14647.52,3,0.0,0.0,1
ACC100154,14,1,0.8571428571428571,0.02920416197946927,0.0424115731665489,0.07142857142857142,0.07161573514601817,13,6183.57,475.65923076923076,832.21,2,6.0,1.0,0
ACC100155,18,2,0.6111111111111112,0.04929443120386338,0.04198087177240713,0.1111111111111111,0.09127530297627051,8,4378.97,547.37125,1845.06,0,5.0,1.0,0
ACC100156,22,3,0.7272727272727273,0.047448596017893564,0.047236088677970085,0.13636363636363635,0.09468468469586365,11,6235.83,566.8936363636363,1816.02,1,4.0,1.0,0
ACC100157,12,0,0.8333333333333334,0.04031983777474579,0.042784494323825,0.0,0.0831043320985708,5,3634.7,726.9399999999999,2197.17,2,0.0,0.0,0
ACC100158,8,0,1.0,0.053051953983134024,0.07094257234854612,0.0,0.12399452633168015,11,6253.01,568.4554545454546,1603.07,2,5.0,3.0,0
ACC100159,20,2,0.95,0.047774847764774364,0.04999216780761905,0.1,0.09776701557239342,18,8321.869999999999,462.32611111111106,1717.02,2,3.0,0.0,0
ACC100160,24,0,0.875,0.05228327090634887,0.04881456705248748,0.0,0.10109783795883635,11,5611.3,510.1181818181818,1660.56,1,2.0,1.0,0
ACC100161,23,0,0.8695652173913043,0.048270221755243634,0.039722777985798395,0.0,0.08799299974104202,9,5370.68,596.7422222222223,1963.45,1,4.0,1.0,0
ACC100162,8,2,0.875,0.027383829300206813,0.05616934694042632,0.25,0.08355317624063313,7,3876.6499999999996,553.8071428571428,1431.33,3,1.0,0.0,0
ACC100163,18,1,0.7222222222222222,0.04683361035435479,0.04843683576394741,0.05555555555555555,0.09527044611830221,9,3349.13,372.1255555555556,1057.09,1,0.0,0.0,0
ACC100164,14,3,0.6428571428571429,0.05179712803358379,0.06025627549279553,0.21428571428571427,0.11205340352637932,15,6140.46,409.364,974.91,2,2.0,1.0,0
ACC100165,13,1,0.7692307692307693,0.05836719420166057,0.03977324348649246,0.07692307692307693,0.09814043768815303,13,6891.76,530.1353846153846,1903.11,2,3.0,1.0,0
ACC100166,15,0,0.6666666666666666,0.06926136489173937,0.040994916061106945,0.0,0.11025628095284631,12,9906.77,825.5641666666667,5058.81,1,2.0,1.0,0
ACC100167,14,1,0.8571428571428571,0.03879590793534151,0.04408566834977466,0.07142857142857142,0.08288157628511617,11,7549.55,686.3227272727273,2761.48,2,1.0,0.0,0
ACC100168,8,2,0.75,0.06327025367421882,0.07491213901250403,0.25,0.13818239268672283,8,2947.79,368.47375,792.33,3,0.0,0.0,0
ACC100169,18,2,0.8888888888888888,0.05163949190477192,0.06657506353708817,0.1111111111111111,0.11821455544186009,12,7587.679999999999,632.3066666666666,2473.24,4,1.0,0.0,0
ACC100170,16,0,0.625,0.05152270535081273,0.058074376162527794,0.0,0.10959708151334052,6,1783.29,297.215,653.83,2,2.0,0.0,0
ACC100171,17,2,0.7647058823529411,0.04985507083773206,0.050061286704104875,0.11764705882352941,0.09991635754183693,16,9396.46,587.27875,2826.34,2,0.0,0.0,0
ACC100172,14,2,0.9285714285714286,0.06639157110873119,0.05591737625312137,0.14285714285714285,0.12230894736185255,11,5615.3099999999995,510.48272727272723,1282.06,2,0.0,0.0,0
ACC100173,10,1,0.5,0.07023804682807049,0.03294892512156594,0.1,0.10318697194963643,12,7217.5,601.4583333333334,2030.58,3,2.0,1.0,0
ACC100174,15,1,0.7333333333333333,0.055756357741260615,0.050320955589382974,0.06666666666666667,0.10607731333064359,12,5741.09,478.4241666666667,1338.41,2,0.0,0.0,0
ACC100175,12,2,0.9166666666666666,0.07132140388070855,0.040141937565533956,0.16666666666666666,0.11146334144624251,11,6039.58,549.0527272727272,956.29,0,4.0,1.0,0
ACC100176,20,0,0.85,0.04134373592214425,0.04507663036722206,0.0,0.08642036628936631,13,5316.17,408.93615384615384,974.98,4,0.0,0.0,0
ACC100177,18,2,0.7777777777777778,0.05495384397219419,0.042700772214474735,0.1111111111111111,0.09765461618666893,10,7149.889999999999,714.9889999999999,1993.81,1,2.0,0.0,0
ACC100178,10,3,0.6,1.984685537616028,2.8751508775096397,0.3,4.859836415125668,11,51737.450000000004,4703.404545454546,16636.63,3,1.0,1.0,1
ACC100179,20,1,0.8,0.0384611848080907,0.04718438942344337,0.05,0.08564557423153407,13,6365.64,489.6646153846154,1573.25,6,2.0,0.0,0
ACC100180,12,1,0.8333333333333334,0.06089434155431302,0.04587762377931629,0.08333333333333333,0.10677196533362932,10,5457.72,545.772,1958.92,1,2.0,0.0,0
ACC100181,18,2,0.7777777777777778,0.04113317165570277,0.050002605487669896,0.1111111111111111,0.09113577714337268,13,5250.14,403.8569230769231,1052.06,3,1.0,1.0,0
ACC100182,6,1,0.6666666666666666,0.022272830983061084,0.030893974601314676,0.16666666666666666,0.05316680558437576,12,5964.3,497.02500000000003,1487.99,3,2.0,1.0,0
ACC100183,16,1,0.9375,0.04453543860417977,0.04981883010803845,0.0625,0.09435426871221822,7,3413.89,487.6985714285714,759.61,1,2.0,1.0,0
ACC100184,13,1,0.8461538461538461,0.05732443431234844,0.05389811137930935,0.07692307692307693,0.11122254569165779,11,6262.62,569.329090909091,1099.11,1,0.0,0.0,0
ACC100185,15,3,0.8666666666666667,0.06280209808445515,0.04120763105473084,0.2,0.10400972913918599,13,5087.83,391.3715384615385,739.02,3,1.0,0.0,0
ACC100186,14,0,0.8571428571428571,0.05284123067587132,0.05089610404140447,0.0,0.10373733471727578,9,5209.32,578.8133333333333,1188.71,1,2.0,0.0,0
ACC100187,18,1,0.9444444444444444,0.05370147847917848,0.05466099324935956,0.05555555555555555,0.10836247172853804,12,7650.47,637.5391666666667,2962.71,1,2.0,1.0,0
ACC100188,17,0,0.7058823529411765,0.0462580461999347,0.04238089539070131,0.0,0.08863894159063601,9,4970.25,552.25,988.06,2,1.0,0.0,0
ACC100189,19,1,0.631578947368421,0.062238726873282184,0.057523361132877204,0.05263157894736842,0.1197620880061594,16,12026.19,751.636875,2564.26,3,2.0,1.0,0
ACC100190,15,0,0.8,0.0621924371454862,0.0428621789104613,0.0,0.1050546160559475,13,5609.33,431.48692307692306,2197.09,2,2.0,1.0,0
ACC100191,11,0,0.7272727272727273,0.031025488055643962,0.05501525408301133,0.0,0.0860407421386553,10,4418.03,441.803,1294.95,2,2.0,0.0,0
ACC100192,19,0,0.7894736842105263,0.04250124525179487,0.05875837578716706,0.0,0.10125962103896194,17,6848.63,402.86058823529413,1063.43,3,0.0,0.0,0
ACC100193,15,2,0.6666666666666666,0.07505225608106093,0.04217880645876245,0.13333333333333333,0.11723106253982338,12,7125.620000000001,593.8016666666667,2054.26,5,0.0,0.0,0
ACC100194,12,0,1.0,0.060650204226591654,0.055168062785593885,0.0,0.11581826701218553,14,8864.02,633.1442857142857,1244.73,2,1.0,0.0,0
ACC100195,18,2,0.7777777777777778,0.04438516099260956,0.039443112423425124,0.1111111111111111,0.08382827341603469,6,4963.08,827.18,2140.56,1,2.0,0.0,0
ACC100196,18,2,0.7222222222222222,0.050854893209982203,0.050758607563937665,0.1111111111111111,0.10161350077391987,9,12935.14,1437.2377777777776,7390.37,2,2.0,0.0,0
ACC100197,12,0,0.6666666666666666,0.051365330690746024,0.0452019475311192,0.0,0.09656727822186523,15,8570.8,571.3866666666667,1492.43,2,3.0,1.0,0
ACC100198,6,0,0.6666666666666666,0.04171845714628801,0.052523153624536495,0.0,0.0942416107708245,15,6764.41,450.96066666666667,1062.75,4,0.0,0.0,0
ACC100199,12,0,0.75,0.04910878693824002,0.04050139073556638,0.0,0.0896101776738064,12,3638.48,303.20666666666665,663.83,0,2.0,0.0,0
ACC100200,15,1,0.8666666666666667,0.06176717574893643,0.033281085719467716,0.06666666666666667,0.09504826146840414,12,5466.889999999999,455.5741666666666,1463.6,1,0.0,0.0,0
ACC100201,8,0,0.875,0.05884977090621753,0.05734991437283418,0.0,0.11619968527905171,13,8265.289999999999,635.7915384615384,1780.06,3,0.0,0.0,0
ACC100202,12,0,0.9166666666666666,0.05173724626915392,0.0514672792493769,0.0,0.10320452551853082,10,5304.5599999999995,530.4559999999999,957.52,1,1.0,1.0,0
ACC100203,19,1,0.8421052631578947,0.053983232722806425,0.04932109319467738,0.05263157894736842,0.10330432591748381,10,4140.1900000000005,414.01900000000006,909.63,1,2.0,1.0,0
ACC100204,19,2,0.8421052631578947,0.05764660892427095,0.04284572146613036,0.10526315789473684,0.10049233039040131,12,9255.71,771.3091666666666,2789.64,4,1.0,0.0,0
ACC100205,14,1,0.9285714285714286,0.05308342387327602,0.0400684195066163,0.07142857142857142,0.09315184337989232,13,9024.47,694.1899999999999,2549.11,1,1.0,0.0,0
ACC100206,13,1,0.6153846153846154,0.048173307589396024,0.04506555196997983,0.07692307692307693,0.09323885955937586,14,6103.49,435.9635714285714,1363.82,0,1.0,0.0,0
ACC100207,19,1,0.8947368421052632,0.051171652994362396,0.040612767704070546,0.05263157894736842,0.09178442069843294,8,4682.16,585.27,1238.39,3,1.0,0.0,0
ACC100208,21,1,0.8095238095238095,0.04383527010025049,0.038801669698977866,0.047619047619047616,0.08263693979922836,12,7766.87,647.2391666666666,2355.83,3,4.0,2.0,0
ACC100209,13,0,0.7692307692307693,0.05793171488695641,0.04005057219732742,0.0,0.09798228708428383,14,9709.86,693.5614285714286,1719.97,3,0.0,0.0,0
ACC100210,17,1,0.8823529411764706,0.05964440583205454,0.04552189760724859,0.058823529411764705,0.10516630343930314,9,6263.290000000001,695.9211111111113,2197.53,5,0.0,0.0,0
ACC100211,20,2,1.0,0.04804729550415052,0.039599395263856196,0.1,0.08764669076800671,11,11126.6,1011.5090909090909,2877.29,3,3.0,0.0,0
ACC100212,18,6,0.8333333333333334,0.05445264807475337,0.041720932897408795,0.3333333333333333,0.09617358097216216,14,5711.4,407.95714285714286,955.37,1,3.0,1.0,0
ACC100213,12,0,0.75,0.03578323947426679,0.0738149754864174,0.0,0.10959821496068418,6,1325.81,220.96833333333333,473.63,1,4.0,1.0,0
ACC100214,10,0,0.9,0.05627161214443161,0.060930802281496714,0.0,0.11720241442592833,15,5677.47,378.498,935.15,4,4.0,0.0,0
ACC100215,13,1,0.6923076923076923,0.03946436399640853,0.035649885819934314,0.07692307692307693,0.07511424981634285,12,4958.56,413.21333333333337,1080.9,1,3.0,2.0,0
ACC100216,14,1,0.7857142857142857,0.0512751101712802,0.05687269763483876,0.07142857142857142,0.10814780780611896,11,2914.1000000000004,264.91818181818184,760.82,1,2.0,1.0,0
ACC100217,9,1,0.7777777777777778,0.026444081463428533,0.05105298990047242,0.1111111111111111,0.07749707136390095,13,5810.61,446.96999999999997,1059.24,0,2.0,0.0,0
ACC100218,11,1,0.7272727272727273,3.2963242502410584,2.295311131336306,0.09090909090909091,5.5916353815773645,9,28364.69,3151.632222222222,6812.63,5,1.0,0.0,1
ACC100219,15,0,0.7333333333333333,0.05503895590094937,0.05008308620492078,0.0,0.10512204210587014,10,5196.67,519.667,1202.68,1,0.0,0.0,0
ACC100220,11,0,0.9090909090909091,0.021004514666224484,0.05810077608619518,0.0,0.07910529075241966,7,4648.23,664.0328571428571,1312.24,2,2.0,2.0,0
ACC100221,14,0,0.6428571428571429,0.053682907525948814,0.052633414469149875,0.0,0.10631632199509869,13,6767.04,520.5415384615385,2609.73,2,1.0,0.0,0
ACC100222,13,2,0.8461538461538461,0.056142355691261324,0.05835211199570179,0.15384615384615385,0.11449446768696311,10,5252.18,525.2180000000001,2385.52,2,1.0,1.0,0
ACC100223,13,2,0.8461538461538461,0.04919896027669373,0.05339910087594052,0.15384615384615385,0.10259806115263426,5,5903.91,1180.782,2761.04,0,2.0,0.0,0
ACC100224,15,0,0.6666666666666666,0.0357514328717179,0.054740397722861996,0.0,0.0904918305945799,9,5945.14,660.5711111111111,1200.18,2,2.0,2.0,0
ACC100225,13,0,0.7692307692307693,0.049533279411227864,0.04993704369837358,0.0,0.09947032310960144,7,2890.19,412.88428571428574,818.94,1,0.0,0.0,0
ACC100226,16,3,0.9375,0.0733290347224981,0.04798996943806585,0.1875,0.12131900416056396,19,9660.77,508.4615789473684,1510.41,7,0.0,0.0,0
ACC100227,12,1,0.5833333333333334,0.04674473232354637,0.04842082259324235,0.08333333333333333,0.09516555491678871,21,13256.25,631.25,2432.22,2,0.0,0.0,0
ACC100228,18,0,0.8888888888888888,0.04236980056596919,0.047071562818158816,0.0,0.089441363384128,9,4076.59,452.95444444444445,1044.96,3,3.0,0.0,0
ACC100229,19,1,0.7368421052631579,0.04126789811953934,0.0447120292041812,0.05263157894736842,0.08597992732372053,10,3189.74,318.974,630.26,2,0.0,0.0,0
ACC100230,19,1,0.6842105263157895,0.05225200519390257,0.03652811542325072,0.05263157894736842,0.08878012061715329,8,2539.11,317.38875,716.57,2,1.0,0.0,0
ACC100231,12,0,0.8333333333333334,0.03992276919252971,0.04875581938848322,0.0,0.08867858858101293,13,5334.38,410.3369230769231,1116.64,1,0.0,0.0,0
ACC100232,6,0,0.8333333333333334,0.0485042438005858,0.06067776089035105,0.0,0.10918200469093685,9,5917.09,657.4544444444444,2141.91,1,2.0,1.0,0
ACC100233,16,1,1.0,0.044520747504206766,0.03924058910532959,0.0625,0.08376133660953636,8,2485.9700000000003,310.74625000000003,472.73,2,2.0,1.0,0
ACC100234,17,0,0.9411764705882353,0.048002715149923526,0.03489394225194831,0.0,0.08289665740187183,8,7492.51,936.56375,2456.91,2,1.0,0.0,0
ACC100235,18,2,0.7777777777777778,0.045655490259657296,0.0552461577050972,0.1111111111111111,0.1009016479647545,12,9392.66,782.7216666666667,2414.17,1,5.0,3.0,0
ACC100236,12,0,1.0,0.04069136886367919,0.040524298733955424,0.0,0.08121566759763461,9,4284.95,476.10555555555555,1132.77,2,3.0,3.0,0
ACC100237,17,0,0.8235294117647058,0.06326441419108517,0.06065797496183528,0.0,0.12392238915292045,12,5589.2,465.76666666666665,778.43,1,2.0,0.0,0
ACC100238,11,0,0.7272727272727273,0.043190024100689985,0.04351847465575585,0.0,0.08670849875644583,13,7897.78,607.5215384615384,1289.24,1,2.0,0.0,0
ACC100239,15,1,0.6666666666666666,0.052958836665398745,0.05578607694534781,0.06666666666666667,0.10874491361074656,12,6331.54,527.6283333333333,1522.86,0,2.0,1.0,0
ACC100240,13,1,0.7692307692307693,0.05121867397836956,0.043081127999896385,0.07692307692307693,0.09429980197826594,13,8201.06,630.8507692307692,2075.45,2,4.0,1.0,0
ACC100241,13,2,0.8461538461538461,0.048907677285227096,0.04222926285202759,0.15384615384615385,0.09113694013725468,11,5639.4,512.6727272727272,1748.59,4,1.0,1.0,0
ACC100242,21,2,0.9047619047619048,0.05433293572743793,0.06297827894637653,0.09523809523809523,0.11731121467381446,16,9457.27,591.079375,1192.74,2,2.0,1.0,0
ACC100243,14,2,0.8571428571428571,0.04657594589768129,0.05776615800785989,0.14285714285714285,0.10434210390554119,7,3918.82,559.8314285714285,867.55,1,2.0,1.0,0
ACC100244,17,2,0.8823529411764706,0.039154804002454,0.05608218431069305,0.11764705882352941,0.09523698831314704,6,3773.51,628.9183333333334,1054.21,1,2.0,0.0,0
ACC100245,16,0,0.75,0.06690090059184554,0.0563495164131868,0.0,0.12325041700503234,14,6499.8,464.2714285714286,1114.04,4,3.0,1.0,0
ACC100246,22,0,0.7272727272727273,0.05836598758261106,0.036136428598597344,0.0,0.0945024161812084,17,9179.84,539.9905882352941,1255.96,0,2.0,0.0,0
ACC100247,13,0,0.8461538461538461,0.04499643718089643,0.05773970881775228,0.0,0.10273614599864872,7,6425.93,917.99,3685.45,0,2.0,1.0,0
ACC100248,11,0,1.0,0.06579918623426059,0.07122161827065474,0.0,0.13702080450491533,13,7158.15,550.626923076923,1734.75,3,1.0,0.0,0
ACC100249,12,0,0.9166666666666666,0.047547242057481384,0.05734705284229553,0.0,0.10489429489977692,11,5030.2300000000005,457.2936363636364,1599.78,2,4.0,1.0,0
ACC100250,15,3,0.8666666666666667,0.04435671742760475,0.051383724493824494,0.2,0.09574044192142925,11,6102.28,554.7527272727273,1299.19,2,1.0,1.0,0
ACC100251,23,3,0.9130434782608695,0.052860646464681395,0.059603682871595114,0.13043478260869565,0.11246432933627651,11,7500.07,681.8245454545454,1407.15,3,5.0,1.0,0
ACC100252,8,1,0.875,0.061888886609102085,0.05054427867862682,0.125,0.1124331652877289,10,7868.29,786.829,2616.24,0,3.0,2.0,0
ACC100253,10,1,0.9,0.052297343250982765,0.05845291457422954,0.1,0.1107502578252123,7,3229.49,461.35571428571427,734.65,0,3.0,1.0,0
ACC100254,12,1,0.8333333333333334,0.040390277858100364,0.04653339221364702,0.08333333333333333,0.08692367007174738,9,5252.38,583.5977777777778,1042.83,1,1.0,1.0,0
ACC100255,13,0,0.8461538461538461,0.04649345004875307,0.05841665551044275,0.0,0.10491010555919582,17,11294.63,664.39,1474.57,1,1.0,1.0,0
ACC100256,12,0,0.8333333333333334,0.036225719140863546,0.04463169141751052,0.0,0.08085741055837406,8,3614.14,451.7675,880.93,2,4.0,1.0,0
ACC100257,23,0,0.8695652173913043,0.05065692832527231,0.0538205005976809,0.0,0.10447742892295321,12,4200.58,350.04833333333335,1069.01,2,1.0,0.0,0
ACC100258,12,1,0.9166666666666666,0.046561112497122505,0.05152879747963226,0.08333333333333333,0.09808990997675476,8,5659.92,707.49,1887.34,0,2.0,1.0,0
ACC100259,14,1,0.8571428571428571,0.05075748036680715,0.05435280556261381,0.07142857142857142,0.10511028592942095,17,8516.199999999999,500.9529411764705,1814.72,3,1.0,0.0,0
ACC100260,23,1,0.8260869565217391,0.03948588880878557,0.04641396648192118,0.043478260869565216,0.08589985529070675,13,9515.619999999999,731.9707692307692,2909.35,0,1.0,0.0,0
ACC100261,19,2,0.6842105263157895,0.0658368655503668,0.048405263475823045,0.10526315789473684,0.11424212902618985,13,8413.130000000001,647.1638461538462,2701.33,2,1.0,0.0,0
ACC100262,20,1,0.95,0.06504695550948278,0.04466391337416268,0.05,0.10971086888364545,18,7126.48,395.91555555555556,1435.31,4,3.0,1.0,0
ACC100263,16,0,0.75,0.06763805634897167,0.04606298586356182,0.0,0.11370104221253349,11,6462.0,587.4545454545455,1265.34,1,1.0,0.0,0
ACC100264,15,1,0.6,0.07254827817851132,0.05654802257500124,0.06666666666666667,0.12909630075351256,13,6187.68,475.97538461538466,1698.21,3,3.0,2.0,0
ACC100265,17,0,0.9411764705882353,0.038818197104844895,0.04503954471611953,0.0,0.08385774182096442,11,11198.92,1018.0836363636364,3568.87,4,2.0,0.0,0
ACC100266,13,0,0.8461538461538461,0.03179062109716622,0.028147405035923636,0.0,0.05993802613308985,12,6191.01,515.9175,1415.92,1,2.0,1.0,0
ACC100267,16,0,0.75,0.06406478491860149,0.046308055004861605,0.0,0.11037283992346308,16,8972.59,560.786875,2018.55,5,3.0,0.0,0
ACC100268,12,1,0.9166666666666666,0.03355745299505242,0.042330055050828264,0.08333333333333333,0.07588750804588068,13,6678.31,513.7161538461539,2104.35,1,2.0,1.0,0
ACC100269,17,1,0.9411764705882353,0.043597029209366464,0.04749218511564791,0.058823529411764705,0.09108921432501438,17,8843.06,520.18,1639.12,2,2.0,1.0,0
ACC100270,15,1,0.8,0.040697084252642325,0.04685044595000447,0.06666666666666667,0.0875475302026468,7,8804.57,1257.7957142857142,1785.81,0,6.0,2.0,0
ACC100271,20,1,0.9,0.04364971815186031,0.046906227843711734,0.05,0.09055594599557204,16,8824.4,551.525,1420.71,3,2.0,1.0,0
ACC100272,6,2,0.8333333333333334,0.068435938414452,0.026008434529333414,0.3333333333333333,0.09444437294378541,11,6776.47,616.0427272727273,1793.63,1,5.0,1.0,0
ACC100273,16,2,0.6875,0.05445232624354384,0.06240454811149719,0.125,0.11685687435504102,11,4439.54,403.5945454545454,1010.35,2,1.0,0.0,0
ACC100274,16,1,0.6875,0.043219420306925306,0.05390580944264355,0.0625,0.09712522974956886,8,4643.78,580.4725,1001.21,1,0.0,0.0,0
ACC100275,17,1,0.5882352941176471,0.04846001535529362,0.05390099106913804,0.058823529411764705,0.10236100642443166,12,6117.46,509.78833333333336,1368.39,2,2.0,0.0,0
ACC100276,13,0,0.8461538461538461,0.034547644544740574,0.0368613497116438,0.0,0.07140899425638438,10,5393.2,539.3199999999999,1647.22,2,1.0,0.0,0
ACC100277,11,1,0.7272727272727273,0.06544382879441529,0.06464016201599848,0.09090909090909091,0.13008399081041377,6,5812.16,968.6933333333333,3270.35,2,2.0,1.0,0
ACC100278,13,4,0.7692307692307693,0.06358766409958008,0.05603136598691165,0.3076923076923077,0.11961903008649173,8,7083.37,885.42125,2523.01,1,1.0,1.0,0
ACC100279,19,0,0.8421052631578947,0.05172101781877969,0.048207639951646494,0.0,0.09992865777042619,13,6308.28,485.2523076923077,929.29,1,1.0,0.0,0
ACC100280,16,1,0.875,0.047876552629306,0.043320503228840464,0.0625,0.09119705585814647,7,3505.45,500.7785714285714,1251.85,0,3.0,2.0,0
ACC100281,20,0,0.8,0.04472266115799274,0.04325760626756841,0.0,0.08798026742556114,12,5725.43,477.1191666666667,1286.96,3,3.0,1.0,0
ACC100282,13,2,0.5384615384615384,1.8539618826469146,2.3019232815971464,0.15384615384615385,4.1558851642440615,13,13404.64,1031.1261538461538,2178.69,3,4.0,1.0,1
ACC100283,12,1,0.9166666666666666,0.029166495670494435,0.04305212485517478,0.08333333333333333,0.07221862052566921,16,8861.63,553.851875,1951.16,3,0.0,0.0,0
ACC100284,12,0,0.75,0.06803457454363436,0.05598507918105578,0.0,0.12401965372469015,13,4659.96,358.45846153846156,616.46,1,1.0,0.0,0
ACC100285,12,0,0.8333333333333334,0.03420696367169066,0.05590671545828169,0.0,0.09011367912997235,13,8258.57,635.2746153846153,1787.15,1,1.0,0.0,0
ACC100286,16,4,0.375,2.0805031352615964,1.992973009256523,0.25,4.07347614451812,7,16633.33,2376.19,8006.77,3,1.0,0.0,1
ACC100287,16,1,0.875,0.041599406546247726,0.04645734782213195,0.0625,0.08805675436837967,14,7452.17,532.2978571428572,2797.34,3,2.0,1.0,0
ACC100288,17,1,0.8235294117647058,0.051495521649945426,0.04558965794744088,0.058823529411764705,0.0970851795973863,9,3896.34,432.9266666666667,1085.46,1,2.0,0.0,0
ACC100289,18,2,0.8333333333333334,0.03947637003131966,0.05741890587283961,0.1111111111111111,0.09689527590415928,10,4495.05,449.505,846.08,1,0.0,0.0,0
ACC100290,20,2,0.9,0.06235449990092725,0.04330236531767308,0.1,0.10565686521860032,14,7972.12,569.4371428571428,1973.4,1,2.0,0.0,0
ACC100291,9,1,0.6666666666666666,0.030364123567131016,0.0693712476462681,0.1111111111111111,0.09973537121339912,9,8658.81,962.0899999999999,1887.89,0,2.0,2.0,0
ACC100292,14,1,0.9285714285714286,0.03906549586313947,0.03754286121982612,0.07142857142857142,0.0766083570829656,12,6859.19,571.5991666666666,1564.27,2,1.0,0.0,0
ACC100293,17,0,0.8235294117647058,0.03917800346983436,0.053935587264155545,0.0,0.0931135907339899,8,3621.5600000000004,452.69500000000005,2187.61,3,4.0,1.0,0
ACC100294,9,0,1.0,0.04025183225643277,0.051639691883064776,0.0,0.09189152413949755,6,2486.26,414.3766666666667,697.45,1,1.0,0.0,0
ACC100295,15,3,0.8,0.05151015803656965,0.05802307997274663,0.2,0.10953323800931627,7,7813.95,1116.2785714285715,4476.91,1,3.0,1.0,0
ACC100296,8,0,1.0,0.04258257314576327,0.034500755685306535,0.0,0.0770833288310698,14,6955.74,496.8385714285714,1292.44,0,1.0,0.0,0
ACC100297,13,0,0.6153846153846154,0.04480888762574237,0.05203645911207922,0.0,0.0968453467378216,11,5057.6900000000005,459.79,1087.08,2,1.0,0.0,0
ACC100298,16,1,0.75,0.043409069232899514,0.06460501528519218,0.0625,0.10801408451809169,9,4292.37,476.93,1065.51,0,2.0,1.0,0
ACC100299,17,1,0.8235294117647058,0.045539965479591146,0.05330685034887695,0.058823529411764705,0.0988468158284681,11,7655.21,695.9281818181818,3008.13,1,1.0,1.0,0
ACC100300,18,1,0.6666666666666666,0.061441792689413695,0.05124921807150927,0.05555555555555555,0.11269101076092297,9,11165.32,1240.591111111111,6407.56,1,1.0,0.0,0
ACC100301,12,1,0.75,0.037009405029074134,0.062002362491646264,0.08333333333333333,0.0990117675207204,15,6443.91,429.594,1403.26,2,1.0,0.0,0
ACC100302,26,4,0.8076923076923077,0.04541150786038541,0.045592361708447604,0.15384615384615385,0.09100386956883302,12,7228.27,602.3558333333334,1686.69,5,5.0,3.0,0
ACC100303,14,1,0.8571428571428571,0.03643980509833155,0.054280476829475025,0.07142857142857142,0.09072028192780657,18,10473.99,581.8883333333333,1349.89,4,1.0,0.0,0
ACC100304,10,1,0.8,0.0448685797016627,0.05026050912772329,0.1,0.09512908882938599,11,4226.63,384.2390909090909,849.52,1,0.0,0.0,0
ACC100305,22,2,0.6818181818181818,0.050268472515129496,0.058779094113145726,0.09090909090909091,0.10904756662827522,14,7945.110000000001,567.5078571428572,2957.48,2,4.0,2.0,0
ACC100306,17,1,0.8235294117647058,0.03426867245407539,0.04356034522901097,0.058823529411764705,0.07782901768308637,11,5115.92,465.08363636363634,1933.05,1,5.0,1.0,0
ACC100307,11,1,1.0,0.07432496582881486,0.056650974476092734,0.09090909090909091,0.13097594030490758,9,3293.58,365.9533333333333,1017.57,3,1.0,1.0,0
ACC100308,15,1,0.9333333333333333,0.06014113717708014,0.06646851958061123,0.06666666666666667,0.12660965675769137,12,9673.95,806.1625,2541.6,2,2.0,0.0,0
ACC100309,10,1,0.8,0.06182934308778213,0.022888242979022484,0.1,0.08471758606680461,7,3855.03,550.7185714285714,1153.63,0,4.0,2.0,0
ACC100310,12,0,0.8333333333333334,0.038069086918231555,0.05716292703556006,0.0,0.0952320139537916,5,1679.46,335.892,628.49,1,5.0,3.0,0
ACC100311,13,0,0.7692307692307693,0.04056462713200966,0.04072293658495797,0.0,0.08128756371696763,10,4778.360000000001,477.83600000000007,1361.74,2,1.0,0.0,0
ACC100312,15,0,0.8,0.049290439525038,0.057386295858688756,0.0,0.10667673538372675,7,5497.68,785.3828571428572,1690.63,2,1.0,0.0,0
ACC100313,13,3,0.6923076923076923,2.1501800325339486,1.4362919885629977,0.23076923076923078,3.586472021096946,8,15901.150000000001,1987.6437500000002,6411.66,2,0.0,0.0,1
ACC100314,14,1,0.5714285714285714,0.05931981350885448,0.04584522216768513,0.07142857142857142,0.1051650356765396,9,5029.48,558.8311111111111,1942.11,1,1.0,0.0,0
ACC100315,13,1,0.8461538461538461,0.06254128790093542,0.04342935170761593,0.07692307692307693,0.10597063960855135,13,4747.25,365.1730769230769,628.94,2,1.0,1.0,0
ACC100316,16,1,0.75,0.053825978470747125,0.04960304930142849,0.0625,0.10342902777217561,11,6691.86,608.3509090909091,1398.06,1,1.0,0.0,0
ACC100317,15,1,0.8,0.05478448424769308,0.03695266985650421,0.06666666666666667,0.09173715410419729,8,8534.24,1066.78,3330.34,2,4.0,1.0,0
ACC100318,15,4,1.0,0.05494296783288755,0.05141754656961122,0.26666666666666666,0.10636051440249877,11,4949.83,449.98454545454547,1312.23,1,2.0,2.0,0
ACC100319,14,0,0.7142857142857143,0.05716862516535361,0.044544370397009495,0.0,0.1017129955623631,15,10618.65,707.91,2292.85,3,3.0,1.0,0
ACC100320,13,2,0.8461538461538461,0.05281902459317438,0.05759744585683081,0.15384615384615385,0.11041647045000519,9,5663.639999999999,629.2933333333333,1524.0,2,2.0,1.0,0
ACC100321,22,2,0.8181818181818182,0.054594644180177364,0.03564364268799275,0.09090909090909091,0.09023828686817012,10,6375.45,637.545,3031.91,1,1.0,0.0,0
ACC100322,20,2,0.75,0.050739847052857466,0.05908668564958333,0.1,0.1098265327024408,21,13008.98,619.4752380952381,1841.59,4,1.0,0.0,0
ACC100323,14,1,0.9285714285714286,0.044926430704254436,0.0511325083150969,0.07142857142857142,0.09605893901935134,9,3866.97,429.6633333333333,968.14,1,3.0,1.0,0
ACC100324,12,2,0.75,0.03265013225644938,0.05210245370247112,0.16666666666666666,0.0847525859589205,13,5555.55,427.35,1031.15,2,2.0,1.0,0
ACC100325,14,1,0.7142857142857143,0.04003021386375574,0.051966567866505296,0.07142857142857142,0.09199678173026105,17,11941.41,702.4358823529411,2617.18,3,3.0,0.0,0
ACC100326,12,0,0.8333333333333334,0.03705991054626237,0.056593467874487845,0.0,0.09365337842075022,11,5115.5599999999995,465.05090909090904,979.6,1,4.0,0.0,0
ACC100327,16,3,0.6875,2.079077767575085,1.2813391077956973,0.1875,3.3604168753707824,21,30127.03,1434.6204761904762,9733.41,5,2.0,1.0,1
ACC100328,12,1,0.9166666666666666,0.04396115709729816,0.05652578052213319,0.08333333333333333,0.10048693761943135,8,4105.87,513.23375,1680.76,1,2.0,0.0,0
ACC100329,11,1,0.7272727272727273,0.05338357936158406,0.048488778458149875,0.09090909090909091,0.10187235781973394,14,12118.779999999999,865.6271428571428,2227.68,2,2.0,1.0,0
ACC100330,18,2,0.8333333333333334,0.03766904599460666,0.04729379458804243,0.1111111111111111,0.08496284058264908,11,5604.8099999999995,509.5281818181818,1468.85,0,0.0,0.0,0
ACC100331,20,1,0.8,2.151804782526813,1.9847007546943218,0.05,4.136505537221135,18,58619.47,3256.637222222222,13060.76,9,1.0,1.0,1
ACC100332,14,1,0.7142857142857143,0.07318838405402567,0.04054850846161366,0.07142857142857142,0.11373689251563933,12,6219.96,518.33,1808.59,2,3.0,2.0,0
ACC100333,15,0,0.7333333333333333,0.058447271311922885,0.04096152898931852,0.0,0.09940880030124141,9,5199.23,577.6922222222222,2106.29,3,1.0,0.0,0
ACC100334,11,1,0.8181818181818182,0.06536286963768284,0.04735166887718343,0.09090909090909091,0.11271453851486626,11,6671.86,606.5327272727272,1715.35,2,2.0,0.0,0
ACC100335,21,0,0.8095238095238095,0.0631249660065915,0.049134015469839934,0.0,0.11225898147643143,13,6844.2,526.4769230769231,918.32,3,0.0,0.0,0
ACC100336,19,2,1.0,0.04908487934300063,0.04871521430993858,0.10526315789473684,0.09780009365293921,8,3360.29,420.03625,630.19,0,2.0,0.0,0
ACC100337,14,1,0.6428571428571429,0.04337557739426308,0.04155501847478335,0.07142857142857142,0.08493059586904643,8,2793.34,349.1675,547.65,1,5.0,1.0,0
ACC100338,20,1,0.75,0.040870068831796544,0.04129808552973198,0.05,0.08216815436152852,14,4447.1,317.65000000000003,696.19,2,1.0,1.0,0
ACC100339,10,2,0.7,0.06348729006659524,0.03897071407551558,0.2,0.10245800414211083,9,2345.66,260.62888888888887,737.05,0,4.0,1.0,0
ACC100340,14,1,0.7142857142857143,0.05464327472367915,0.049139713354591844,0.07142857142857142,0.103782988078271,12,5765.3099999999995,480.44249999999994,1010.51,4,1.0,1.0,0
ACC100341,11,1,0.9090909090909091,0.029569548218026258,0.03082638480263361,0.09090909090909091,0.06039593302065987,16,8579.46,536.21625,1621.04,3,0.0,0.0,0
ACC100342,12,1,0.9166666666666666,0.03378029168110608,0.06664511621380434,0.08333333333333333,0.10042540789491042,11,3777.9500000000003,343.45000000000005,685.97,0,2.0,0.0,0
ACC100343,12,2,0.8333333333333334,0.055424559702191796,0.04721901581508721,0.16666666666666666,0.10264357551727901,16,5562.04,347.6275,781.37,2,2.0,0.0,0
ACC100344,21,2,0.8571428571428571,0.05423215352713257,0.051109513139271895,0.09523809523809523,0.10534166666640446,17,14120.92,830.6423529411765,3961.54,5,0.0,0.0,0
ACC100345,17,4,0.8823529411764706,0.04850613211688996,0.061104121599697345,0.23529411764705882,0.10961025371658731,13,4403.84,338.7569230769231,842.17,1,3.0,1.0,0
ACC100346,16,3,0.5625,2.99946875271272,2.0068225793942687,0.1875,5.006291332106988,11,32898.83,2990.802727272727,17690.7,3,2.0,1.0,1
ACC100347,9,1,0.7777777777777778,1.563256749634486,2.629988936975042,0.1111111111111111,4.193245686609528,6,11177.77,1862.9616666666668,7397.43,2,6.0,3.0,1
ACC100348,14,2,0.9285714285714286,0.05695731436207873,0.058151798796741844,0.14285714285714285,0.11510911315882058,14,10137.46,724.1042857142857,4926.66,1,0.0,0.0,0
ACC100349,15,1,0.8,0.04289043294366729,0.046053066698982674,0.06666666666666667,0.08894349964264997,17,11161.73,656.5723529411764,1557.37,1,4.0,2.0,0
ACC100350,18,0,0.8888888888888888,0.05673425381156921,0.04351605856395112,0.0,0.10025031237552033,10,4278.01,427.80100000000004,874.26,1,2.0,1.0,0
ACC100351,6,1,0.6666666666666666,0.0628797794737439,0.056875914644660235,0.16666666666666666,0.11975569411840414,16,10755.31,672.206875,2646.27,2,1.0,0.0,0
ACC100352,13,3,0.6923076923076923,1.380577319132313,1.2698063790422556,0.23076923076923078,2.6503836981745685,13,27969.739999999998,2151.5184615384615,6583.36,3,4.0,2.0,1
ACC100353,18,1,0.6666666666666666,0.047446776855619294,0.04748586339345884,0.05555555555555555,0.09493264024907813,6,4098.33,683.055,1660.72,1,0.0,0.0,0
ACC100354,12,0,0.75,0.051229137660656995,0.04919141570221252,0.0,0.10042055336286951,12,10364.63,863.7191666666666,2257.04,1,2.0,0.0,0
ACC100355,14,1,0.7857142857142857,0.0473287967309544,0.06030479223936654,0.07142857142857142,0.10763358897032094,9,6484.67,720.5188888888889,1260.66,1,4.0,2.0,0
ACC100356,15,2,0.6666666666666666,2.1989899404694224,1.202670281261066,0.13333333333333333,3.4016602217304883,5,3421.4700000000003,684.2940000000001,1757.2,1,2.0,0.0,1
ACC100357,13,2,1.0,0.055129067673633854,0.03134555953503038,0.15384615384615385,0.08647462720866424,13,11749.85,903.8346153846154,2332.91,0,0.0,0.0,0
ACC100358,14,3,1.0,0.029507335649679656,0.05352770259459093,0.21428571428571427,0.08303503824427058,13,6751.47,519.3438461538461,1411.98,2,2.0,0.0,0
ACC100359,14,1,0.9285714285714286,0.055211414351792096,0.04442168315210561,0.07142857142857142,0.0996330975038977,14,7493.83,535.2735714285715,1676.16,3,0.0,0.0,0
ACC100360,13,0,0.9230769230769231,0.05132537484095077,0.0436323965149872,0.0,0.09495777135593797,10,6448.82,644.882,1439.74,3,0.0,0.0,0
ACC100361,11,0,0.8181818181818182,0.04283517883065918,0.05226848868190948,0.0,0.09510366751256866,6,3672.24,612.04,1640.65,1,0.0,0.0,0
ACC100362,17,2,0.8235294117647058,0.0551989596555843,0.05179702608996593,0.11764705882352941,0.10699598574555022,16,13489.890000000001,843.1181250000001,2526.4,3,3.0,0.0,0
ACC100363,21,0,0.7142857142857143,0.05600041368894817,0.04585787048821866,0.0,0.10185828417716683,16,8102.65,506.415625,1648.37,2,2.0,0.0,0
ACC100364,16,3,0.75,0.053335363112416635,0.044010589161396496,0.1875,0.09734595227381312,9,4244.95,471.6611111111111,1176.69,1,0.0,0.0,0
ACC100365,17,0,0.6470588235294118,0.05008614784431273,0.04153767867852026,0.0,0.09162382652283299,9,6730.610000000001,747.8455555555556,2301.05,1,2.0,0.0,0
ACC100366,9,1,0.6666666666666666,0.049720069165054295,0.06974406386528142,0.1111111111111111,0.11946413303033572,12,8744.18,728.6816666666667,1568.98,3,1.0,0.0,0
ACC100367,17,0,0.8235294117647058,0.031109844526621917,0.05495747286338119,0.0,0.08606731739000312,7,4010.49,572.9271428571428,1326.1,0,2.0,2.0,0
ACC100368,14,2,0.7142857142857143,0.05550346638021612,0.05413926283410227,0.14285714285714285,0.10964272921431839,5,1256.6000000000001,251.32000000000002,567.2,0,0.0,0.0,0
ACC100369,15,1,0.8666666666666667,0.05630182015158081,0.04261558847361466,0.06666666666666667,0.09891740862519546,10,5869.13,586.913,1253.56,2,1.0,1.0,0
ACC100370,18,2,0.7777777777777778,0.05666939209132209,0.0668300175207986,0.1111111111111111,0.12349940961212069,10,4795.03,479.503,1741.16,3,2.0,0.0,0
ACC100371,15,0,0.6,0.049501339087226426,0.0517302711415759,0.0,0.10123161022880232,14,9196.65,656.9035714285714,1987.32,2,0.0,0.0,0
ACC100372,12,1,0.9166666666666666,0.054803336411373686,0.05232431137249733,0.08333333333333333,0.10712764778387102,15,11426.380000000001,761.7586666666667,2731.77,5,0.0,0.0,0
ACC100373,13,0,0.9230769230769231,0.03993169488526947,0.03258450158571957,0.0,0.07251619647098904,17,9103.58,535.5047058823529,1809.57,1,1.0,1.0,0
ACC100374,14,1,0.7857142857142857,0.0649269551534223,0.04677768088064459,0.07142857142857142,0.11170463603406688,16,10472.52,654.5325,1439.19,5,2.0,1.0,0
ACC100375,15,2,0.7333333333333333,0.051507075796854,0.03771627538041621,0.13333333333333333,0.0892233511772702,5,2625.52,525.104,1648.47,0,6.0,1.0,0
ACC100376,12,3,0.75,0.04527799234627228,0.045300939852445744,0.25,0.09057893219871802,17,6143.58,361.3870588235294,629.2,4,3.0,0.0,0
ACC100377,11,2,0.7272727272727273,0.0704145878481028,0.03238631866025586,0.18181818181818182,0.10280090650835866,10,5458.79,545.879,1306.9,2,0.0,0.0,0
ACC100378,15,1,0.6,0.04796971465215864,0.05001995982557833,0.06666666666666667,0.09798967447773697,10,3783.4,378.34000000000003,947.11,1,2.0,0.0,0
ACC100379,18,1,0.7222222222222222,0.06234146769824437,0.055906066176168105,0.05555555555555555,0.11824753387441247,13,8827.33,679.0253846153846,3041.59,1,0.0,0.0,0
ACC100380,10,0,0.7,0.07497834428093957,0.047039888510829596,0.0,0.12201823279176915,12,4280.75,356.7291666666667,785.81,2,1.0,1.0,0
ACC100381,13,0,0.8461538461538461,0.050645337953362124,0.045885374185054895,0.0,0.09653071213841702,16,11912.460000000001,744.5287500000001,2110.82,1,1.0,0.0,0
ACC100382,15,1,0.8666666666666667,0.05146714624745715,0.06756841682606646,0.06666666666666667,0.11903556307352361,10,7128.95,712.895,2311.55,1,0.0,0.0,0
ACC100383,13,0,0.7692307692307693,0.06449517473503398,0.05284086777951604,0.0,0.11733604251455002,12,4443.53,370.2941666666666,1127.35,3,2.0,0.0,0
ACC100384,14,1,0.7857142857142857,0.034530566169699566,0.0531708365285232,0.07142857142857142,0.08770140269822277,15,7381.72,492.11466666666666,1632.0,1,1.0,0.0,0
ACC100385,14,0,0.7857142857142857,0.0349244718823884,0.03462399044428211,0.0,0.0695484623266705,11,6002.71,545.7009090909091,1073.23,0,2.0,0.0,0
ACC100386,19,3,0.5789473684210527,2.156615812735938,2.3424625371254604,0.15789473684210525,4.499078349861398,7,17639.67,2519.952857142857,11429.47,1,1.0,0.0,1
ACC100387,16,1,0.8125,0.059263890073692184,0.05328725926523235,0.0625,0.11255114933892454,11,6877.57,625.2336363636364,2046.34,1,1.0,0.0,0
ACC100388,14,2,0.7142857142857143,0.06721526514216744,0.036940401212739074,0.14285714285714285,0.10415566635490651,18,11075.81,615.3227777777778,2425.97,2,0.0,0.0,0
ACC100389,15,1,0.8,0.06536447119986585,0.05291016915489954,0.06666666666666667,0.1182746403547654,14,7304.65,521.7607142857142,1656.1,4,0.0,0.0,0
ACC100390,14,0,0.7142857142857143,0.04241144620536736,0.056168287169153855,0.0,0.09857973337452122,13,7744.1,595.7,2773.77,0,2.0,0.0,0
ACC100391,18,1,0.7222222222222222,0.04127069138408342,0.03956763713562796,0.05555555555555555,0.08083832851971139,5,3355.39,671.078,1144.77,1,2.0,2.0,0
ACC100392,18,1,0.7222222222222222,0.05300056387664028,0.0428092516419517,0.05555555555555555,0.09580981551859198,8,2807.55,350.94375,666.3,1,2.0,0.0,0
ACC100393,15,1,0.9333333333333333,0.04352739367340978,0.04361993100581864,0.06666666666666667,0.08714732467922842,11,6485.150000000001,589.559090909091,1481.95,3,2.0,1.0,0
ACC100394,17,2,0.6470588235294118,1.531834455183795,2.511209445694855,0.11764705882352941,4.04304390087865,12,82722.81,6893.5675,43215.77,4,2.0,0.0,1
ACC100395,12,1,0.8333333333333334,0.054495979139972006,0.044226870346047144,0.08333333333333333,0.09872284948601914,18,7956.43,442.0238888888889,1369.36,2,1.0,0.0,0
ACC100396,18,0,0.9444444444444444,0.043202248564695706,0.045796427922465216,0.0,0.08899867648716092,9,5699.65,633.2944444444444,1503.61,2,2.0,1.0,0
ACC100397,18,2,0.8333333333333334,0.049815311516017924,0.06544519460382135,0.1111111111111111,0.11526050611983928,13,8325.22,640.4015384615384,2263.85,1,2.0,1.0,0
ACC100398,12,1,0.75,0.05141667796277073,0.049213779174189634,0.08333333333333333,0.10063045713696037,11,4928.7699999999995,448.06999999999994,1572.55,0,3.0,1.0,0
ACC100399,17,2,0.8823529411764706,0.041249885917845806,0.053123948432498194,0.11764705882352941,0.094373834350344,11,6824.59,620.4172727272727,1602.44,3,0.0,0.0,0
ACC100400,15,2,0.8666666666666667,0.05214249523683935,0.054038058017340365,0.13333333333333333,0.10618055325417972,12,4660.49,388.37416666666667,869.5,2,3.0,2.0,0
ACC100401,15,4,0.8,0.5338769638890861,1.029755389724506,0.26666666666666666,1.563632353613592,16,107870.92,6741.9325,49776.28,11,3.0,1.0,1
ACC100402,18,0,0.6111111111111112,0.03806128571906406,0.060584962218845725,0.0,0.09864624793790978,13,5390.2,414.6307692307692,1057.34,2,3.0,1.0,0
ACC100403,17,0,1.0,0.05440885997811061,0.07038749941239153,0.0,0.12479635939050214,16,12015.55,750.971875,4189.32,3,2.0,1.0,0
ACC100404,17,2,0.8235294117647058,0.060770183042828024,0.07598112236524455,0.11764705882352941,0.13675130540807257,11,5774.9400000000005,524.9945454545455,1544.45,0,0.0,0.0,0
ACC100405,12,1,0.6666666666666666,0.056926483025890276,0.03422247622232853,0.08333333333333333,0.09114895924821881,9,5276.13,586.2366666666667,1926.96,1,0.0,0.0,0
ACC100406,21,3,0.8095238095238095,0.04337021415891876,0.04792633037128227,0.14285714285714285,0.09129654453020103,13,5121.900000000001,393.99230769230775,1564.4,2,5.0,0.0,0
ACC100407,22,0,0.7727272727272727,0.052046661548604566,0.047662226051747504,0.0,0.09970888760035207,15,5905.97,393.73133333333334,802.33,1,0.0,0.0,0
ACC100408,16,2,0.9375,0.051417078874630755,0.056450627026338115,0.125,0.10786770590096886,10,3468.79,346.879,651.77,1,2.0,1.0,0
ACC100409,14,0,0.7142857142857143,0.055532536745250875,0.030777175965956284,0.0,0.08630971271120716,10,4676.28,467.628,1499.5,3,3.0,1.0,0
ACC100410,8,0,0.875,0.06194236952891892,0.059367451399857246,0.0,0.12130982092877617,13,5421.61,417.04692307692306,1157.96,1,2.0,2.0,0
ACC100411,9,0,0.7777777777777778,0.034119935521627245,0.045576440673272774,0.0,0.07969637619490003,9,3402.2400000000002,378.0266666666667,932.48,2,3.0,0.0,0
ACC100412,16,1,0.75,0.057530060258384356,0.043025615916567554,0.0625,0.10055567617495191,7,2306.81,329.5442857142857,765.51,2,3.0,0.0,0
ACC100413,13,1,0.7692307692307693,0.04870268907439222,0.07124994916777272,0.07692307692307693,0.11995263824216494,10,3672.4100000000003,367.24100000000004,684.51,0,5.0,0.0,0
ACC100414,14,1,0.7857142857142857,0.05701374810102799,0.051961057374887744,0.07142857142857142,0.10897480547591573,9,7293.5,810.3888888888889,1682.48,2,1.0,0.0,0
ACC100415,12,2,0.8333333333333334,0.04592186710912218,0.04837381820653304,0.16666666666666666,0.09429568531565521,9,8066.360000000001,896.2622222222222,2290.64,1,1.0,0.0,0
ACC100416,18,1,0.8888888888888888,0.057971922435345144,0.05394029378968577,0.05555555555555555,0.11191221622503092,13,9044.09,695.6992307692308,3977.41,2,4.0,2.0,0
ACC100417,17,3,0.6470588235294118,0.04773834936400713,0.054775886977004605,0.17647058823529413,0.10251423634101173,9,5947.34,660.8155555555555,1016.21,3,1.0,0.0,0
ACC100418,12,0,0.75,0.0424096570977827,0.05289011120839743,0.0,0.09529976830618013,11,5773.92,524.9018181818182,968.33,1,4.0,2.0,0
ACC100419,12,1,0.6666666666666666,0.025003071023497452,0.054379348659266705,0.08333333333333333,0.07938241968276416,12,10741.01,895.0841666666666,3024.52,4,3.0,1.0,0
ACC100420,13,0,0.6923076923076923,0.05111534342380313,0.04408843676532749,0.0,0.09520378018913062,13,6479.4,498.4153846153846,1305.83,0,1.0,0.0,0
ACC100421,19,2,0.8421052631578947,0.04880721773389655,0.04432396286672181,0.10526315789473684,0.09313118060061835,15,9179.38,611.9586666666667,2250.2,1,5.0,1.0,0
ACC100422,20,0,0.8,0.049882456572268086,0.04844181833042408,0.0,0.09832427490269216,15,6215.14,414.3426666666667,927.06,1,4.0,0.0,0
ACC100423,13,0,0.8461538461538461,0.04827063661248257,0.06368928481306574,0.0,0.11195992142554831,15,6018.41,401.2273333333333,1030.94,1,1.0,0.0,0
ACC100424,11,0,0.8181818181818182,0.04876800926091536,0.05193761292515779,0.0,0.10070562218607315,9,6197.14,688.5711111111111,3491.61,1,2.0,0.0,0
ACC100425,15,1,0.6,1.79568189589306,2.1275621734969903,0.06666666666666667,3.9232440693900505,11,85067.25,7733.386363636364,34210.01,4,0.0,0.0,1
ACC100426,20,2,0.85,0.04276410539840989,0.05464651479232032,0.1,0.09741062019073021,3,1755.81,585.27,1653.05,2,1.0,1.0,0
ACC100427,16,0,0.9375,0.03856619417745717,0.05111745584109871,0.0,0.08968365001855588,10,6770.83,677.083,1851.42,0,3.0,1.0,0
ACC100428,18,1,0.7777777777777778,0.04929533811099306,0.058622290480468235,0.05555555555555555,0.1079176285914613,9,14852.029999999999,1650.2255555555555,7977.46,0,2.0,2.0,0
ACC100429,14,0,0.9285714285714286,0.03680076220543668,0.044831251364434735,0.0,0.08163201356987142,14,5692.45,406.6035714285714,1319.72,4,2.0,1.0,0
ACC100430,9,0,0.8888888888888888,0.05045656547962842,0.05532695495366132,0.0,0.10578352043328974,13,5631.19,433.1684615384615,1021.69,1,4.0,1.0,0
ACC100431,25,1,0.8,0.05962225479354725,0.03228674753930533,0.04,0.09190900233285257,9,8411.19,934.5766666666667,2684.73,2,4.0,1.0,0
ACC100432,17,1,0.8235294117647058,0.05840798066944578,0.05094174513165884,0.058823529411764705,0.10934972580110462,10,7405.9,740.5899999999999,3013.54,0,1.0,1.0,0
ACC100433,15,1,0.8666666666666667,0.050527897056501195,0.02557882680953784,0.06666666666666667,0.07610672386603903,9,4523.96,502.6622222222222,1066.81,2,1.0,1.0,0
ACC100434,20,2,0.75,0.04073345191931512,0.06445320191303186,0.1,0.10518665383234699,12,5212.9,434.4083333333333,1300.72,3,2.0,0.0,0
ACC100435,23,3,0.5652173913043478,2.5695760288698004,2.343691519314669,0.13043478260869565,4.91326754818447,6,8322.460000000001,1387.0766666666668,2927.57,3,3.0,3.0,1
ACC100436,16,0,0.9375,0.07438945265739404,0.042663731181570734,0.0,0.11705318383896476,6,3260.4500000000003,543.4083333333334,976.01,0,2.0,1.0,0
ACC100437,13,1,0.7692307692307693,0.048226286852604994,0.054257297748544785,0.07692307692307693,0.10248358460114979,12,6519.32,543.2766666666666,1734.1,3,1.0,1.0,0
ACC100438,15,1,0.8666666666666667,0.048810383360608035,0.04132027866038138,0.06666666666666667,0.0901306620209894,8,5618.34,702.2925,2112.56,1,1.0,0.0,0
ACC100439,14,0,0.8571428571428571,0.05378369784466424,0.034578984280140536,0.0,0.08836268212480478,8,4136.59,517.07375,1652.39,1,3.0,2.0,0
ACC100440,22,2,0.7727272727272727,0.06078740417630535,0.04332788535516919,0.09090909090909091,0.10411528953147453,10,5431.82,543.182,1287.86,6,0.0,0.0,0
ACC100441,17,0,0.7647058823529411,0.04317882787281966,0.04456850807200853,0.0,0.0877473359448282,10,9309.4,930.9399999999999,1949.71,2,3.0,0.0,0
ACC100442,12,0,1.0,0.045204708624414065,0.042413772598775906,0.0,0.08761848122318996,10,4219.05,421.90500000000003,1204.8,0,2.0,0.0,0
ACC100443,13,1,0.6923076923076923,0.02573621363580299,0.04571592608091819,0.07692307692307693,0.07145213971672118,10,4774.9800000000005,477.49800000000005,1681.37,0,2.0,1.0,0
ACC100444,16,0,0.8125,0.046815835995953285,0.028292501214986297,0.0,0.07510833721093958,25,14363.58,574.5432,1379.58,3,4.0,1.0,0
ACC100445,11,2,0.6363636363636364,0.06613277278599194,0.0440685107118864,0.18181818181818182,0.11020128349787835,11,10102.75,918.4318181818181,3894.74,1,2.0,1.0,0
ACC100446,11,2,0.5454545454545454,0.03484496572481647,0.05419672247721926,0.18181818181818182,0.08904168820203573,13,5864.5,451.11538461538464,1306.14,0,3.0,0.0,0
ACC100447,20,4,0.95,0.06127104815575832,0.04282030845042424,0.2,0.10409135660618256,19,11414.380000000001,600.7568421052632,1231.41,5,1.0,0.0,0
ACC100448,15,1,0.7333333333333333,0.04513316487272494,0.05985929294922468,0.06666666666666667,0.10499245782194962,12,4230.0,352.5,541.31,1,4.0,2.0,0
ACC100449,13,1,0.9230769230769231,0.036656459534999235,0.03991289393872994,0.07692307692307693,0.07656935347372917,11,7136.25,648.75,2249.81,1,4.0,1.0,0
ACC100450,17,0,0.7058823529411765,0.05248758326555746,0.06032983543917274,0.0,0.1128174187047302,10,5264.7699999999995,526.477,1727.86,0,1.0,0.0,0
ACC100451,9,0,0.8888888888888888,0.042886801906621315,0.059062572751277076,0.0,0.10194937465789838,13,6202.36,477.1046153846154,1153.51,1,2.0,0.0,0
ACC100452,13,2,0.8461538461538461,0.046695387681967404,0.044184737473940916,0.15384615384615385,0.09088012515590832,13,7292.39,560.953076923077,2100.63,2,3.0,0.0,0
ACC100453,19,0,0.7894736842105263,0.046703305166233076,0.06910001777235988,0.0,0.11580332293859297,17,10641.16,625.9505882352942,1618.17,2,3.0,0.0,0
ACC100454,12,1,0.75,0.04572739381874442,0.05715963027638746,0.08333333333333333,0.10288702409513187,11,7732.66,702.9690909090909,1866.77,3,1.0,0.0,0
ACC100455,17,2,0.7647058823529411,0.046247466544284445,0.05577661920554234,0.11764705882352941,0.10202408574982678,9,3306.86,367.4288888888889,868.5,0,1.0,0.0,0
ACC100456,8,0,1.0,0.04580757696214518,0.06035141731085167,0.0,0.10615899427299685,15,6730.81,448.7206666666667,2092.28,2,2.0,0.0,0
ACC100457,8,1,1.0,0.0571326010885454,0.05650002370416576,0.125,0.11363262479271116,10,4640.08,464.008,2062.79,1,0.0,0.0,0
ACC100458,13,2,0.9230769230769231,0.06329750471040785,0.047344914166526884,0.15384615384615385,0.11064241887693474,3,712.96,237.65333333333334,293.15,0,1.0,0.0,0
ACC100459,16,0,0.9375,0.04559944261355228,0.0466285137192548,0.0,0.09222795633280709,14,5478.33,391.3092857142857,1073.13,3,2.0,0.0,0
ACC100460,15,1,0.6,0.0448371306587998,0.053362863848329306,0.06666666666666667,0.0981999945071291,17,7111.37,418.3158823529412,1011.39,2,0.0,0.0,0
ACC100461,14,1,0.8571428571428571,0.062253612808352815,0.051590556785624984,0.07142857142857142,0.1138441695939778,8,3338.3999999999996,417.29999999999995,1071.58,2,4.0,1.0,0
ACC100462,12,0,0.6666666666666666,0.04807751317120378,0.06240408640465914,0.0,0.11048159957586293,14,5200.04,371.43142857142857,1150.31,2,3.0,0.0,0
ACC100463,14,1,0.8571428571428571,0.05023222390738154,0.05140075094589697,0.07142857142857142,0.1016329748532785,8,2800.37,350.04625,565.58,0,2.0,2.0,0
ACC100464,13,0,0.8461538461538461,0.030505503917010974,0.05646744580638972,0.0,0.0869729497234007,10,6419.26,641.926,1508.46,2,0.0,0.0,0
ACC100465,15,2,0.9333333333333333,0.04993385911097086,0.04482772526440543,0.13333333333333333,0.0947615843753763,15,7982.9400000000005,532.196,952.44,0,5.0,3.0,0
ACC100466,14,0,0.7857142857142857,0.048956769447393834,0.036173896240670626,0.0,0.08513066568806446,18,10023.75,556.875,1227.17,6,2.0,1.0,0
ACC100467,10,0,1.0,0.05148346983903322,0.05907645234966288,0.0,0.11055992218869609,10,4185.55,418.555,807.6,2,0.0,0.0,0
ACC100468,15,2,0.8666666666666667,0.03289192692961098,0.05159791616316229,0.13333333333333333,0.08448984309277327,12,6718.91,559.9091666666667,1082.22,2,3.0,1.0,0
ACC100469,18,0,1.0,0.032350656366142906,0.054685307976610524,0.0,0.08703596434275343,7,2512.0099999999998,358.8585714285714,953.03,4,1.0,0.0,0
ACC100470,17,2,0.9411764705882353,0.054331476495998954,0.06427167979389743,0.11764705882352941,0.11860315628989639,10,6374.05,637.405,2147.88,2,3.0,1.0,0
ACC100471,16,2,0.875,0.04085202565357073,0.03962214658495767,0.125,0.0804741722385284,12,7919.46,659.955,2296.32,3,0.0,0.0,0
ACC100472,12,1,0.8333333333333334,0.02331735437719112,0.054053379901611104,0.08333333333333333,0.07737073427880223,11,7848.07,713.460909090909,1746.28,0,2.0,1.0,0
ACC100473,14,1,0.6428571428571429,0.03660467828744673,0.06027378560178008,0.07142857142857142,0.0968784638892268,11,7417.84,674.3490909090909,1598.37,1,2.0,2.0,0
ACC100474,11,0,0.9090909090909091,0.03904961645720154,0.031418703173282235,0.0,0.07046831963048378,13,7352.93,565.61,2795.97,2,2.0,0.0,0
ACC100475,12,0,0.9166666666666666,0.056153368851150284,0.05982941406932607,0.0,0.11598278292047635,16,11207.07,700.441875,2557.15,3,1.0,0.0,0
ACC100476,20,2,0.75,0.04448759111435315,0.04600169190252389,0.1,0.09048928301687705,10,2879.46,287.946,648.71,2,0.0,0.0,0
ACC100477,12,1,0.9166666666666666,0.044693955933321594,0.05807870835027575,0.08333333333333333,0.10277266428359735,11,4723.24,429.38545454545454,1617.42,3,0.0,0.0,0
ACC100478,17,1,0.7058823529411765,0.059824127043113566,0.038651262250142815,0.058823529411764705,0.09847538929325639,15,7320.15,488.01,1400.07,4,4.0,0.0,0
ACC100479,11,1,0.7272727272727273,0.06273224196390706,0.034114291859730715,0.09090909090909091,0.09684653382363778,14,5238.8,374.2,1561.74,2,1.0,0.0,0
ACC100480,20,1,0.85,0.06897004002501833,0.04453207330263911,0.05,0.11350211332765744,10,4245.21,424.521,899.94,2,4.0,2.0,0
ACC100481,15,1,0.8,0.04291190089118912,0.04937626960392985,0.06666666666666667,0.09228817049511898,8,3839.7400000000002,479.96750000000003,1088.22,1,2.0,0.0,0
ACC100482,18,0,0.9444444444444444,0.04432574791365142,0.05884221729292358,0.0,0.10316796520657501,13,8620.26,663.0969230769231,1809.86,1,0.0,0.0,0
ACC100483,13,0,0.8461538461538461,0.031075994527889783,0.057065000050546745,0.0,0.08814099457843652,9,4954.41,550.49,2621.41,2,3.0,2.0,0
ACC100484,7,0,0.7142857142857143,0.05611404204194985,0.03973547653216333,0.0,0.09584951857411318,14,6491.31,463.665,1505.01,2,1.0,0.0,0
ACC100485,15,1,0.5333333333333333,0.04888741390271363,0.05584221137659997,0.06666666666666667,0.10472962527931359,10,7703.21,770.321,2138.46,2,2.0,1.0,0
ACC100486,17,0,0.7647058823529411,0.042211489584486096,0.04844161130559385,0.0,0.09065310089007994,9,4396.9400000000005,488.54888888888894,839.72,0,1.0,0.0,0
ACC100487,19,1,0.7894736842105263,0.03880743508071436,0.04721686436753245,0.05263157894736842,0.08602429944824681,10,4109.24,410.924,1284.07,2,4.0,1.0,0
ACC100488,21,1,0.9047619047619048,0.05390370028821692,0.03578191682160935,0.047619047619047616,0.08968561710982627,11,7681.15,698.2863636363636,1698.03,1,2.0,1.0,0
ACC100489,14,3,0.6428571428571429,0.04546797025029059,0.04826040911463657,0.21428571428571427,0.09372837936492716,13,6336.46,487.42,969.13,2,1.0,0.0,0
ACC100490,15,1,0.8666666666666667,0.06089556477711499,0.05451450396781621,0.06666666666666667,0.1154100687449312,11,5250.94,477.3581818181818,1130.36,3,0.0,0.0,0
ACC100491,12,0,0.6666666666666666,0.0644889889591215,0.05703884375554735,0.0,0.12152783271466885,7,3950.92,564.4171428571428,1375.51,3,0.0,0.0,0
ACC100492,10,0,0.9,0.05215181790801848,0.05643051184125987,0.0,0.10858232974927835,11,7491.99,681.09,1567.67,3,3.0,1.0,0
ACC100493,22,2,0.8636363636363636,0.034849807616529116,0.06089868813406517,0.09090909090909091,0.09574849575059428,10,3248.88,324.88800000000003,573.96,2,1.0,1.0,0
ACC100494,15,2,0.6666666666666666,1.04359517292501,1.47860434815435,0.13333333333333333,2.5221995210793597,6,19820.18,3303.3633333333332,17974.53,0,2.0,0.0,1
ACC100495,15,2,0.9333333333333333,0.05310952026574091,0.053620667657162745,0.13333333333333333,0.10673018792290365,8,4009.0,501.125,1148.99,0,1.0,0.0,0
ACC100496,13,1,0.8461538461538461,0.03071449586775365,0.0639342320329333,0.07692307692307693,0.09464872790068696,8,10843.82,1355.4775,6680.36,1,1.0,0.0,0
ACC100497,15,0,0.7333333333333333,0.06195794272461495,0.05626835531205606,0.0,0.11822629803667101,13,6006.639999999999,462.04923076923075,1717.48,1,4.0,1.0,0
ACC100498,20,1,0.75,0.04746237401740903,0.057835577058452686,0.05,0.1052979510758617,8,4196.66,524.5825,998.89,1,1.0,0.0,0
ACC100499,13,0,0.8461538461538461,0.05332117489616759,0.04732356435846455,0.0,0.10064473925463213,17,8499.71,499.98294117647055,1162.04,4,1.0,0.0,0
ACC100500,16,7,0.75,2.3090480386225547,2.849181022029253,0.4375,5.1582290606518075,11,17825.88,1620.5345454545457,5866.7,1,3.0,3.0,1
ACC100501,20,1,0.75,0.04393290907736473,0.04221354578057155,0.05,0.08614645485793629,14,4071.83,290.84499999999997,707.17,0,1.0,0.0,0
ACC100502,19,1,0.8421052631578947,0.04572630949592335,0.04174153274085265,0.05263157894736842,0.087467842236776,12,5854.36,487.8633333333333,1262.23,2,2.0,2.0,0
ACC100503,12,0,0.75,0.027872463874301475,0.06274930580323303,0.0,0.0906217696775345,10,4559.09,455.909,872.03,0,3.0,3.0,0
ACC100504,11,0,0.9090909090909091,0.04126071651429147,0.05743701055780745,0.0,0.09869772707209892,11,7512.45,682.9499999999999,1098.96,1,3.0,1.0,0
ACC100505,11,0,0.7272727272727273,0.07163192025905774,0.050783843171552,0.0,0.12241576343060973,17,9490.45,558.2617647058823,1726.2,2,2.0,0.0,0
ACC100506,18,2,0.7222222222222222,0.05640165829852461,0.06406697093437291,0.1111111111111111,0.12046862923289753,8,6269.92,783.74,2127.07,3,3.0,1.0,0
ACC100507,12,2,0.8333333333333334,0.05000766229168074,0.04336702681936388,0.16666666666666666,0.09337468911104463,9,5588.16,620.9066666666666,1208.35,1,2.0,1.0,0
ACC100508,16,1,0.875,0.043106893783554694,0.037561579994277186,0.0625,0.08066847377783187,11,7152.2,650.1999999999999,3203.97,2,1.0,1.0,0
ACC100509,11,0,0.8181818181818182,0.024075842286785814,0.04261404591318346,0.0,0.06668988819996928,13,7041.51,541.6546153846155,1351.25,2,4.0,2.0,0
ACC100510,22,0,0.7727272727272727,0.03930207164384386,0.06059109631275202,0.0,0.09989316795659589,13,7367.91,566.7623076923077,2062.27,0,2.0,0.0,0
ACC100511,21,3,0.8095238095238095,0.04155659193597737,0.04102769970223912,0.14285714285714285,0.08258429163821648,14,8662.62,618.7585714285715,1467.71,1,3.0,3.0,0
ACC100512,19,0,0.8421052631578947,0.06155810263482784,0.0666018171432559,0.0,0.12815991977808375,7,3375.05,482.15000000000003,1567.61,1,2.0,1.0,0
ACC100513,21,0,0.6666666666666666,0.06270515244265919,0.0447358650195526,0.0,0.1074410174622118,9,4280.219999999999,475.5799999999999,1559.08,0,1.0,0.0,0
ACC100514,19,3,0.9473684210526315,0.057404092911925164,0.04732108131522533,0.15789473684210525,0.1047251742271505,7,2769.07,395.5814285714286,689.79,0,0.0,0.0,0
ACC100515,13,0,0.9230769230769231,0.03422816541522945,0.05611648027963114,0.0,0.09034464569486059,13,8679.8,667.676923076923,1452.86,2,3.0,2.0,0
ACC100516,13,1,0.7692307692307693,0.05889066901840984,0.0654057768169271,0.07692307692307693,0.12429644583533694,12,7510.14,625.845,1931.31,4,4.0,0.0,0
ACC100517,17,1,0.6470588235294118,0.04425481695284043,0.035784775352917915,0.058823529411764705,0.08003959230575834,14,9150.14,653.5814285714285,1953.89,1,3.0,1.0,0
ACC100518,10,0,0.9,0.05952365449503615,0.053887326896033816,0.0,0.11341098139106998,6,4170.13,695.0216666666666,1479.31,0,0.0,0.0,0
ACC100519,16,5,0.5625,0.05174813201137426,0.050332083455784445,0.3125,0.1020802154671587,10,5264.14,526.414,1503.53,0,0.0,0.0,0
ACC100520,18,1,0.9444444444444444,0.04928494579841724,0.05019745195731089,0.05555555555555555,0.09948239775572812,14,6256.78,446.91285714285715,817.61,3,0.0,0.0,0
ACC100521,8,1,0.875,0.048054089687708024,0.05220979656293049,0.125,0.1002638862506385,13,5212.1,400.9307692307693,1188.69,2,2.0,1.0,0
ACC100522,26,1,0.7307692307692307,0.05435812486152865,0.05818757890187348,0.038461538461538464,0.11254570376340213,10,4962.89,496.28900000000004,1607.54,4,1.0,0.0,0
ACC100523,18,0,0.8333333333333334,0.07223217671468288,0.05303361370872755,0.0,0.12526579042341043,15,9042.54,602.836,1239.83,3,2.0,1.0,0
ACC100524,14,1,0.7142857142857143,0.05847330376118024,0.044221091009945514,0.07142857142857142,0.10269439477112575,16,7950.3,496.89375,2370.12,4,2.0,0.0,0
ACC100525,14,0,0.7857142857142857,0.05252384335593808,0.05311488895377084,0.0,0.10563873230970891,8,3420.0,427.5,837.16,0,3.0,0.0,0
ACC100526,10,0,0.9,0.06309927363554466,0.05040659568835068,0.0,0.11350586932389534,7,3391.52,484.5028571428571,1224.04,0,0.0,0.0,0
ACC100527,22,2,0.7727272727272727,0.048989432556057394,0.056852865465940414,0.09090909090909091,0.10584229802199781,13,4496.110000000001,345.85461538461544,912.99,3,1.0,0.0,0
ACC100528,15,1,0.5333333333333333,0.05118054410846074,0.050908556676232085,0.06666666666666667,0.10208910078469283,13,6118.150000000001,470.6269230769231,1622.12,3,2.0,0.0,0
ACC100529,10,2,0.7,2.6935510861644665,1.9604003349656238,0.2,4.65395142113009,9,13396.03,1488.447777777778,7267.33,3,2.0,1.0,1
ACC100530,17,3,0.7647058823529411,0.057666257082303794,0.05438446604554153,0.17647058823529413,0.11205072312784532,16,7954.78,497.17375,1901.17,5,0.0,0.0,0
ACC100531,10,0,0.6,0.06934910477672634,0.03678299123840317,0.0,0.10613209601512952,5,1806.19,361.238,627.5,0,3.0,2.0,0
ACC100532,17,0,0.5294117647058824,0.049089803661548824,0.05137212923137039,0.0,0.10046193289291921,10,4376.24,437.62399999999997,1226.69,2,1.0,0.0,0
ACC100533,21,2,0.7619047619047619,0.056787691489986684,0.04239659072097567,0.09523809523809523,0.09918428221096236,9,3914.03,434.89222222222224,945.38,3,2.0,2.0,0
ACC100534,19,0,0.7894736842105263,0.05690015467763842,0.05490925102342164,0.0,0.11180940570106006,10,6186.93,618.693,1361.0,4,1.0,1.0,0
ACC100535,15,1,0.8,0.04142346930815695,0.045094961179820564,0.06666666666666667,0.08651843048797751,13,5448.17,419.09000000000003,1238.08,1,2.0,0.0,0
ACC100536,15,0,0.6666666666666666,0.043968579690501726,0.04593962601170238,0.0,0.0899082057022041,15,5974.89,398.326,917.59,2,5.0,1.0,0
ACC100537,13,0,0.5384615384615384,0.06217232771364859,0.03460380148080712,0.0,0.09677612919445572,10,4300.39,430.03900000000004,1548.06,2,0.0,0.0,0
ACC100538,21,1,0.6190476190476191,0.046163913447214676,0.060885239043081824,0.047619047619047616,0.1070491524902965,7,6350.900000000001,907.2714285714286,2141.13,4,2.0,1.0,0
ACC100539,14,0,0.8571428571428571,0.04679222016673144,0.05780272627510588,0.0,0.10459494644183731,15,11785.79,785.7193333333333,5193.12,1,0.0,0.0,0
ACC100540,16,0,0.625,0.05642999165632876,0.04913910484532674,0.0,0.1055690965016555,7,6052.2,864.6,4198.08,0,3.0,2.0,0
ACC100541,17,0,0.8823529411764706,0.05445417730964804,0.05488671823160387,0.0,0.10934089554125191,9,5357.900000000001,595.3222222222223,989.07,1,2.0,0.0,0
ACC100542,13,1,0.6153846153846154,0.044853112117964195,0.04723732634262721,0.07692307692307693,0.0920904384605914,16,11051.01,690.688125,1727.05,1,1.0,0.0,0
ACC100543,11,1,0.9090909090909091,0.050846110068430095,0.09161999583258888,0.09090909090909091,0.142466105901019,9,4225.28,469.4755555555555,972.14,1,1.0,0.0,0
ACC100544,15,1,0.7333333333333333,0.04361233115268467,0.06399665913899193,0.06666666666666667,0.10760899029167659,7,3594.29,513.47,1244.0,0,0.0,0.0,0
ACC100545,19,2,0.8947368421052632,0.042759118585656355,0.05926402664181032,0.10526315789473684,0.10202314522746667,15,8293.69,552.9126666666667,1564.07,1,1.0,0.0,0
ACC100546,10,0,0.7,0.061570022467647895,0.04479102216590644,0.0,0.10636104463355434,10,4998.96,499.896,1339.18,3,2.0,1.0,0
ACC100547,19,1,0.9473684210526315,0.04232997154768793,0.05078412113116102,0.05263157894736842,0.09311409267884896,14,4863.37,347.38357142857143,1074.79,3,2.0,1.0,0
ACC100548,22,4,0.8636363636363636,0.0665027024806469,0.04887330316138622,0.18181818181818182,0.11537600564203311,4,3539.37,884.8425,1354.92,1,0.0,0.0,0
ACC100549,16,1,0.6875,0.0456720588361564,0.05333072558728914,0.0625,0.09900278442344554,15,7196.280000000001,479.75200000000007,1162.69,2,0.0,0.0,0
ACC100550,14,1,0.5714285714285714,2.011509475302259,0.7521511033381184,0.07142857142857142,2.7636605786403776,11,37713.33,3428.4845454545457,18708.28,3,2.0,1.0,1
ACC100551,20,1,0.65,0.042086793465534136,0.04964261327358985,0.05,0.09172940673912398,15,17797.23,1186.482,5377.91,2,2.0,1.0,0
ACC100552,14,1,0.7142857142857143,0.04071762382691172,0.03924474907131243,0.07142857142857142,0.07996237289822415,11,4350.25,395.47727272727275,907.87,0,2.0,2.0,0
ACC100553,19,1,0.8421052631578947,0.024293216149311975,0.03422087526778895,0.05263157894736842,0.05851409141710093,12,5747.92,478.99333333333334,1224.78,1,1.0,1.0,0
ACC100554,20,3,0.85,0.050404870274294133,0.05315651071674076,0.15,0.1035613809910349,14,6149.71,439.265,1152.26,3,1.0,0.0,0
ACC100555,13,0,0.8461538461538461,0.0529574381594338,0.04764945717666332,0.0,0.10060689533609712,12,8324.12,693.6766666666667,2371.8,3,0.0,0.0,0
ACC100556,10,3,0.5,1.138329946115019,1.8712202040676842,0.3,3.009550150182703,11,44158.84,4014.4399999999996,17739.27,6,3.0,1.0,1
ACC100557,7,0,1.0,0.05791892938368579,0.06118463081214978,0.0,0.11910356019583557,6,3822.4,637.0666666666667,2019.53,0,0.0,0.0,0
ACC100558,13,2,0.7692307692307693,0.03142277469019514,0.04756170755598381,0.15384615384615385,0.07898448224617895,16,8812.45,550.778125,1393.05,1,1.0,0.0,0
ACC100559,8,1,0.875,0.039558760543200615,0.034870280018539104,0.125,0.07442904056173971,14,9146.48,653.3199999999999,2059.63,1,3.0,0.0,0
ACC100560,14,1,0.7142857142857143,0.051892543769804726,0.04230505711073745,0.07142857142857142,0.09419760088054217,8,2987.34,373.4175,980.01,1,2.0,1.0,0
ACC100561,12,1,0.8333333333333334,0.04575963137566082,0.06268528112481361,0.08333333333333333,0.10844491250047443,8,2957.6499999999996,369.70624999999995,858.67,3,2.0,2.0,0
ACC100562,21,6,0.7142857142857143,2.2082389781172216,2.234029347496622,0.2857142857142857,4.442268325613844,16,33277.85,2079.865625,5522.12,4,4.0,3.0,1
ACC100563,14,1,0.8571428571428571,0.056533536191235335,0.042211294775135126,0.07142857142857142,0.09874483096637046,8,3671.58,458.9475,915.93,2,3.0,2.0,0
ACC100564,15,0,0.6666666666666666,0.05093698441164711,0.05165232212546209,0.0,0.10258930653710921,6,3006.79,501.13166666666666,927.39,0,2.0,1.0,0
ACC100565,9,1,0.7777777777777778,0.037634064061402905,0.06998565924530678,0.1111111111111111,0.10761972330670969,7,2714.23,387.7471428571429,849.6,2,2.0,0.0,0
ACC100566,11,2,1.0,0.0477561895084149,0.03766579591377514,0.18181818181818182,0.08542198542219004,12,6668.72,555.7266666666667,2000.88,2,0.0,0.0,0
ACC100567,19,1,0.8421052631578947,0.04136037881442205,0.0330587497596706,0.05263157894736842,0.07441912857409265,6,3186.42,531.07,901.33,0,2.0,0.0,0
ACC100568,19,1,0.9473684210526315,0.043647729253717744,0.03452014836693045,0.05263157894736842,0.0781678776206482,12,5411.18,450.9316666666667,979.2,0,5.0,2.0,0
ACC100569,16,1,0.9375,0.06128462558695559,0.039926164666794696,0.0625,0.1012107902537503,17,8180.08,481.18117647058824,1052.32,2,1.0,0.0,0
ACC100570,13,0,0.9230769230769231,0.04491609556746491,0.0513843061943709,0.0,0.09630040176183581,7,2667.52,381.07428571428574,996.47,1,1.0,1.0,0
ACC100571,12,1,0.8333333333333334,0.041264971571393076,0.042303910378749955,0.08333333333333333,0.08356888195014303,12,6452.59,537.7158333333333,1302.3,2,0.0,0.0,0
ACC100572,17,1,0.8235294117647058,0.04754678578237748,0.03681084898425041,0.058823529411764705,0.08435763476662789,15,7473.4400000000005,498.2293333333334,1910.24,0,2.0,1.0,0
ACC100573,24,0,0.625,0.03732218106267856,0.0450790270251748,0.0,0.08240120808785337,11,3520.92,320.08363636363634,877.19,2,0.0,0.0,0
ACC100574,13,1,0.8461538461538461,0.06371795323221362,0.04923705348512997,0.07692307692307693,0.11295500671734358,11,4050.56,368.2327272727273,715.92,1,0.0,0.0,0
ACC100575,16,2,0.8125,0.06532989074688562,0.04244100218735019,0.125,0.1077708929342358,10,4451.9,445.18999999999994,1258.03,0,4.0,0.0,0
ACC100576,20,1,0.6,0.057167649114365005,0.05292532450239868,0.05,0.11009297361676368,10,5025.05,502.505,2413.24,3,0.0,0.0,0
ACC100577,20,2,0.7,0.05715354642033207,0.05679270037416358,0.1,0.11394624679449564,11,4986.8,453.3454545454546,2075.16,0,3.0,1.0,0
ACC100578,18,1,0.8333333333333334,0.04591870373759669,0.053936005714349464,0.05555555555555555,0.09985470945194616,7,4016.59,573.7985714285714,1517.34,1,2.0,1.0,0
ACC100579,17,0,0.6470588235294118,0.03138002010459372,0.04062297596767929,0.0,0.072002996072273,7,2639.0,377.0,772.09,0,1.0,0.0,0
ACC100580,18,2,0.8333333333333334,0.040886401290129666,0.07069687571098267,0.1111111111111111,0.11158327700111234,8,6843.070000000001,855.3837500000001,4721.56,1,2.0,1.0,0
ACC100581,12,1,0.9166666666666666,0.038190101644750334,0.026669895637840814,0.08333333333333333,0.06485999728259115,16,12511.39,781.961875,5176.04,0,1.0,0.0,0
ACC100582,10,0,0.9,0.07501908571971683,0.06312510418033389,0.0,0.13814418990005073,15,6499.73,433.3153333333333,1022.2,5,1.0,1.0,0
ACC100583,19,3,0.5789473684210527,3.08516208156592,3.0123399699699163,0.15789473684210525,6.0975020515358365,9,39355.6,4372.844444444444,23574.74,5,1.0,1.0,1
ACC100584,11,0,0.6363636363636364,0.02646425376376079,0.05289839488886481,0.0,0.0793626486526256,13,5896.58,453.58307692307693,931.34,2,3.0,1.0,0
ACC100585,11,0,0.8181818181818182,0.05538807551351563,0.03602759548406694,0.0,0.09141567099758258,10,6100.43,610.043,2488.57,0,0.0,0.0,0
ACC100586,15,1,0.8666666666666667,0.03779318154678924,0.06413222353262076,0.06666666666666667,0.10192540507941,9,4763.28,529.2533333333333,1684.06,2,3.0,1.0,0
ACC100587,18,1,0.8888888888888888,0.04448580738644101,0.04406968486593825,0.05555555555555555,0.08855549225237927,12,5596.78,466.3983333333333,1179.67,3,1.0,1.0,0
ACC100588,11,0,0.9090909090909091,0.05752661992503993,0.04430904689071413,0.0,0.10183566681575407,8,5051.7300000000005,631.4662500000001,1342.18,1,1.0,1.0,0
ACC100589,18,1,0.7777777777777778,0.04972337366761111,0.03727282254745005,0.05555555555555555,0.08699619621506116,12,9095.65,757.9708333333333,1898.07,1,1.0,1.0,0
ACC100590,15,1,0.6666666666666666,0.04299526330500452,0.05459637176153659,0.06666666666666667,0.09759163506654112,18,7812.139999999999,434.00777777777773,806.91,3,2.0,2.0,0
ACC100591,20,3,0.8,0.04700507811312574,0.05251707767353888,0.15,0.09952215578666462,6,4025.81,670.9683333333334,1329.59,0,2.0,1.0,0
ACC100592,17,0,0.7058823529411765,0.05017578144999485,0.04300568361890676,0.0,0.09318146506890161,11,7029.91,639.0827272727273,1666.83,0,4.0,2.0,0
ACC100593,16,1,0.75,0.07137581172918453,0.049910075385636445,0.0625,0.12128588711482097,16,13905.11,869.069375,5861.59,2,1.0,0.0,0
ACC100594,18,0,0.9444444444444444,0.05692225663704502,0.0443754941056896,0.0,0.10129775074273462,11,5059.19,459.9263636363636,876.01,1,1.0,0.0,0
ACC100595,15,1,1.0,0.042886344813105354,0.04794037467322845,0.06666666666666667,0.0908267194863338,8,3309.89,413.73625,622.91,1,2.0,1.0,0
ACC100596,13,0,0.8461538461538461,0.031165457949960697,0.031075905828744265,0.0,0.06224136377870496,12,6967.889999999999,580.6574999999999,2459.63,2,3.0,1.0,0
ACC100597,25,1,0.76,0.037619238429293066,0.03529281654954659,0.04,0.07291205497883965,13,6393.17,491.7823076923077,1440.44,3,1.0,0.0,0
ACC100598,19,2,0.631578947368421,0.05532696961926853,0.04581723672687506,0.10526315789473684,0.10114420634614359,12,4567.01,380.5841666666667,1077.37,0,1.0,0.0,0
ACC100599,13,0,0.6923076923076923,0.05648760699117766,0.04325743007172683,0.0,0.0997450370629045,10,4012.1600000000003,401.216,558.37,0,0.0,0.0,0
ACC100600,10,2,0.8,0.03114946762519922,0.04444319220457995,0.2,0.07559265982977917,18,12583.16,699.0644444444445,2772.73,2,0.0,0.0,0
ACC100601,14,5,0.7142857142857143,2.853190774831297,1.9217225029232903,0.35714285714285715,4.774913277754587,11,52780.7,4798.245454545454,24493.07,5,4.0,1.0,1
ACC100602,13,0,0.8461538461538461,0.036322937232976756,0.04755745378230879,0.0,0.08388039101528555,11,4789.96,435.4509090909091,1325.66,2,2.0,1.0,0
ACC100603,18,3,0.8333333333333334,1.9203874997721284,2.749744260170366,0.16666666666666666,4.670131759942494,6,9589.58,1598.2633333333333,4937.99,2,1.0,1.0,1
ACC100604,12,0,0.6666666666666666,0.044404739714256944,0.032038821148820514,0.0,0.07644356086307746,10,4724.16,472.416,1126.33,0,3.0,1.0,0
ACC100605,10,1,0.9,0.049126106433680795,0.07015622329249567,0.1,0.11928232972617647,11,5510.32,500.9381818181818,1271.53,1,1.0,1.0,0
ACC100606,10,0,0.9,0.03597152577618382,0.07560895670046874,0.0,0.11158048247665256,14,6900.37,492.88357142857143,1039.49,2,2.0,1.0,0
ACC100607,16,6,0.5,2.6661694038451498,3.3038234358025744,0.375,5.969992839647724,14,13673.32,976.6657142857142,3391.88,4,1.0,0.0,1
ACC100608,20,0,0.75,0.059552626880945,0.03359674013008363,0.0,0.09314936701102863,10,4519.650000000001,451.96500000000003,717.4,1,6.0,2.0,0
ACC100609,13,2,0.6923076923076923,0.0574657434187244,0.06610485939700123,0.15384615384615385,0.12357060281572563,21,11260.11,536.1957142857143,1907.31,5,4.0,1.0,0
ACC100610,19,1,0.8947368421052632,0.0417660582977493,0.04238288507603484,0.05263157894736842,0.08414894337378415,4,3297.46,824.365,1499.92,1,2.0,2.0,0
ACC100611,18,1,0.8888888888888888,0.05122828090718918,0.051012211789275216,0.05555555555555555,0.1022404926964644,16,7231.610000000001,451.97562500000004,1233.13,2,3.0,1.0,0
ACC100612,11,0,0.8181818181818182,0.0639591645291957,0.05430390911761665,0.0,0.11826307364681235,12,6691.54,557.6283333333333,1852.56,3,2.0,1.0,0
ACC100613,8,1,0.5,0.0537028530766421,0.04469189763576483,0.125,0.09839475071240693,12,6730.110000000001,560.8425000000001,1457.15,6,2.0,0.0,0
ACC100614,18,4,0.8333333333333334,0.04221054022258367,0.057151043998035264,0.2222222222222222,0.09936158422061894,7,2497.11,356.73,725.21,1,3.0,1.0,0
ACC100615,13,1,0.6923076923076923,0.06723875942661918,0.06234736027558244,0.07692307692307693,0.12958611970220163,7,3464.77,494.96714285714285,1221.6,1,2.0,1.0,0
ACC100616,17,0,0.8823529411764706,0.06442570561598565,0.05603746383394994,0.0,0.1204631694499356,16,8325.36,520.335,1450.27,4,1.0,1.0,0
ACC100617,21,0,0.9047619047619048,0.04931384090457654,0.05095676925917954,0.0,0.10027061016375607,13,6369.49,489.9607692307692,793.99,1,1.0,0.0,0
ACC100618,16,2,0.875,0.0498971943099008,0.05251005578299632,0.125,0.10240725009289711,11,13168.12,1197.1018181818183,7169.89,3,6.0,1.0,0
ACC100619,11,0,0.8181818181818182,0.030567656703837084,0.047053826044802446,0.0,0.07762148274863953,14,5920.17,422.8692857142857,1762.47,0,4.0,1.0,0
ACC100620,14,1,0.7142857142857143,0.04119146996408611,0.042712180752279325,0.07142857142857142,0.08390365071636544,13,6817.75,524.4423076923077,1672.31,3,0.0,0.0,0
ACC100621,15,1,0.7333333333333333,0.04087936608398632,0.050186820504799966,0.06666666666666667,0.09106618658878629,13,5846.29,449.7146153846154,1362.32,1,3.0,1.0,0
ACC100622,20,1,0.95,0.0514789931607263,0.04222582646974065,0.05,0.09370481963046695,8,3252.58,406.5725,749.12,0,4.0,2.0,0
ACC100623,18,1,0.8333333333333334,0.0405279170304067,0.05755959372741744,0.05555555555555555,0.09808751075782414,17,10845.9,637.9941176470588,1018.05,3,3.0,2.0,0
ACC100624,13,1,0.9230769230769231,0.04823151831504332,0.052491498701194135,0.07692307692307693,0.10072301701623745,13,5694.56,438.04307692307697,1958.16,3,1.0,1.0,0
ACC100625,11,0,0.9090909090909091,0.04442542883611487,0.052764776474118556,0.0,0.09719020531023342,12,5923.12,493.5933333333333,995.44,1,2.0,0.0,0
ACC100626,16,1,0.75,0.05772258801081831,0.035630789588032855,0.0625,0.09335337759885116,13,6292.24,484.0184615384615,1360.8,1,0.0,0.0,0
ACC100627,17,2,0.8235294117647058,0.05194249365460637,0.04424309101928906,0.11764705882352941,0.09618558467389543,15,6302.2,420.14666666666665,1066.66,3,3.0,0.0,0
ACC100628,12,0,0.75,0.049012203180494276,0.040906600934323224,0.0,0.08991880411481751,15,7688.38,512.5586666666667,1122.31,3,4.0,1.0,0
ACC100629,9,0,0.8888888888888888,0.03825526107609253,0.03738786567858566,0.0,0.07564312675467819,10,7939.72,793.972,1974.73,2,3.0,1.0,0
ACC100630,10,0,0.7,0.034497705237691786,0.04552169690256543,0.0,0.08001940214025721,10,4172.23,417.22299999999996,830.03,1,5.0,2.0,0
ACC100631,14,2,0.8571428571428571,0.05801564254767627,0.04066821598261787,0.14285714285714285,0.09868385853029414,7,1714.38,244.9114285714286,492.49,1,1.0,0.0,0
ACC100632,12,1,0.75,0.06204959099320674,0.046645984594474915,0.08333333333333333,0.10869557558768166,15,7467.68,497.8453333333334,1803.94,3,0.0,0.0,0
ACC100633,20,4,0.7,0.04907042710013306,0.0539260553662933,0.2,0.10299648246642637,9,4682.19,520.2433333333333,1510.32,0,1.0,0.0,0
ACC100634,21,2,0.9047619047619048,0.05612854803717898,0.04455791309125448,0.09523809523809523,0.10068646112843346,12,4550.45,379.20416666666665,785.74,2,3.0,1.0,0
ACC100635,12,0,0.75,0.04583301955815439,0.04909647506325043,0.0,0.09492949462140482,18,7294.66,405.25888888888886,972.12,2,3.0,2.0,0
ACC100636,15,3,0.8,0.055002569636942125,0.04503401042809943,0.2,0.10003658006504156,10,5201.5199999999995,520.1519999999999,1445.36,1,2.0,0.0,0
ACC100637,21,1,0.8095238095238095,0.05798903632009531,0.050321640237481494,0.047619047619047616,0.10831067655757681,13,7444.76,572.6738461538462,2190.15,1,0.0,0.0,0
ACC100638,17,0,0.7647058823529411,0.04835441080312785,0.059237082235409716,0.0,0.10759149303853757,20,18205.07,910.2535,2723.39,4,1.0,1.0,0
ACC100639,12,3,0.75,0.05688726424546477,0.05918887270015521,0.25,0.11607613694561998,8,3427.71,428.46375,1069.54,0,1.0,1.0,0
ACC100640,16,0,0.9375,0.0622420958837345,0.05118099907843387,0.0,0.11342309496216837,11,3115.4,283.21818181818185,703.64,0,3.0,0.0,0
ACC100641,10,2,0.7,0.2074368380442051,0.33526412738482925,0.2,0.5427009654290343,15,46493.68,3099.578666666667,21156.06,7,2.0,2.0,1
ACC100642,18,0,0.8333333333333334,0.049351912240865256,0.06580741957096184,0.0,0.1151593318118271,8,4498.77,562.34625,1078.04,1,3.0,2.0,0
ACC100643,18,1,0.7222222222222222,0.05178388631951971,0.059491126377360114,0.05555555555555555,0.11127501269687982,11,9607.64,873.4218181818181,1555.5,1,2.0,0.0,0
ACC100644,15,1,0.9333333333333333,0.03413053652976357,0.04412983873374653,0.06666666666666667,0.0782603752635101,6,2407.79,401.29833333333335,592.93,1,2.0,1.0,0
ACC100645,17,0,0.7058823529411765,0.05876534655630265,0.04226757031105361,0.0,0.10103291686735627,8,4226.03,528.25375,2214.18,0,5.0,4.0,0
ACC100646,18,2,0.7222222222222222,0.04324514442500874,0.06385565037619953,0.1111111111111111,0.10710079480120827,11,7844.110000000001,713.1009090909091,2062.21,2,1.0,0.0,0
ACC100647,14,6,0.5714285714285714,2.214837662805655,0.6705315921296756,0.42857142857142855,2.8853692549353305,20,60557.11,3027.8555,12027.71,11,2.0,0.0,1
ACC100648,15,0,0.8666666666666667,0.045484295562942825,0.05189045053902489,0.0,0.09737474610196772,7,3735.79,533.6842857142857,1040.18,3,1.0,1.0,0
ACC100649,11,0,1.0,0.028248639548899182,0.05831430823952772,0.0,0.08656294778842691,9,4792.35,532.4833333333333,1175.46,1,2.0,0.0,0
ACC100650,10,0,0.6,1.3490622692159995,1.9576840626107137,0.0,3.306746331826713,9,34951.1,3883.4555555555553,15135.27,3,1.0,1.0,1
ACC100651,15,1,0.7333333333333333,0.04637738775780817,0.04411264584911597,0.06666666666666667,0.09049003360692415,7,2610.59,372.9414285714286,734.14,2,2.0,0.0,0
ACC100652,13,2,0.8461538461538461,0.05252748242830997,0.06433190778279793,0.15384615384615385,0.1168593902111079,13,7628.62,586.8169230769231,1430.55,2,1.0,0.0,0
ACC100653,22,5,0.5909090909090909,1.4140500128388402,0.9591656933472819,0.22727272727272727,2.373215706186122,20,40143.74,2007.187,8068.87,8,1.0,0.0,1
ACC100654,8,0,0.875,0.03199976562414168,0.0528079268941434,0.0,0.08480769251828509,12,7270.64,605.8866666666667,1410.94,0,2.0,0.0,0
ACC100655,15,0,0.9333333333333333,0.05753265739270755,0.05329717047791976,0.0,0.11082982787062731,9,2898.4,322.0444444444445,761.96,1,1.0,0.0,0
ACC100656,15,3,0.8666666666666667,0.05608228223737316,0.054263731639361,0.2,0.11034601387673415,11,8141.01,740.0918181818182,1834.48,3,1.0,0.0,0
ACC100657,14,2,1.0,0.06220785479183635,0.06020534869086803,0.14285714285714285,0.12241320348270437,8,7319.47,914.93375,2979.95,1,1.0,0.0,0
ACC100658,15,0,0.9333333333333333,0.04175107982635501,0.05026439902678505,0.0,0.09201547885314006,18,7351.9,408.43888888888887,1375.87,3,1.0,1.0,0
ACC100659,15,2,0.8,0.04613393028790766,0.04054346638691107,0.13333333333333333,0.08667739667481873,9,6454.32,717.1466666666666,1916.41,1,0.0,0.0,0
ACC100660,19,0,0.8947368421052632,0.05328518111366235,0.04557077780193856,0.0,0.09885595891560091,8,5566.38,695.7975,1497.48,1,2.0,1.0,0
ACC100661,20,4,0.8,0.052942215520419306,0.03840144048833432,0.2,0.09134365600875363,11,6044.32,549.4836363636364,1135.91,4,3.0,1.0,0
ACC100662,13,0,0.8461538461538461,0.047089666240765264,0.04076471104603538,0.0,0.08785437728680065,10,3935.27,393.527,992.02,3,4.0,1.0,0
ACC100663,11,3,0.8181818181818182,0.030470850452075093,0.0364276094092473,0.2727272727272727,0.0668984598613224,10,6787.5199999999995,678.752,2429.29,3,0.0,0.0,0
ACC100664,12,1,0.9166666666666666,0.04373291787727645,0.05104325186159337,0.08333333333333333,0.09477616973886982,12,9707.64,808.9699999999999,2483.28,3,3.0,0.0,0
ACC100665,12,1,0.9166666666666666,0.049198167618008846,0.04776494451208309,0.08333333333333333,0.09696311213009193,14,8444.0,603.1428571428571,1470.77,2,0.0,0.0,0
ACC100666,11,1,1.0,0.05474813736972744,0.05085714931416672,0.09090909090909091,0.10560528668389416,12,6549.43,545.7858333333334,1149.27,1,0.0,0.0,0
ACC100667,10,2,1.0,0.03762006556790317,0.03434191478515803,0.2,0.0719619803530612,7,2061.86,294.5514285714286,513.48,1,2.0,0.0,0
ACC100668,25,1,0.96,0.051784848813785936,0.04015329998891721,0.04,0.09193814880270315,8,3301.26,412.6575,812.96,0,3.0,1.0,0
ACC100669,21,1,0.8095238095238095,0.04700835336101754,0.0455967923892742,0.047619047619047616,0.09260514575029175,12,5009.91,417.4925,863.79,2,2.0,1.0,0
ACC100670,16,3,0.875,0.02903849671843685,0.04654803567284037,0.1875,0.07558653239127722,10,4744.1900000000005,474.41900000000004,2835.08,0,3.0,0.0,0
ACC100671,17,3,0.8823529411764706,0.03764257015979769,0.04146550568562652,0.17647058823529413,0.0791080758454242,12,5878.67,489.88916666666665,1738.6,2,1.0,0.0,0
ACC100672,15,0,0.6666666666666666,0.047055487003566945,0.04680663363649406,0.0,0.093862120640061,11,9454.119999999999,859.4654545454545,2623.24,2,4.0,2.0,0
ACC100673,7,1,0.8571428571428571,0.055311171695107963,0.018329549393053892,0.14285714285714285,0.07364072108816186,12,3790.83,315.9025,667.71,2,5.0,1.0,0
ACC100674,19,3,0.8421052631578947,0.05447047164016256,0.046963629077620195,0.15789473684210525,0.10143410071778275,7,4665.6,666.5142857142857,1729.71,1,1.0,0.0,0
ACC100675,16,2,0.6875,0.03473417565357401,0.0597468213938325,0.125,0.0944809970474065,5,2931.62,586.324,821.4,1,2.0,1.0,0
ACC100676,13,0,0.7692307692307693,0.04700832168555169,0.05632990848335905,0.0,0.10333823016891075,11,9136.63,830.6027272727272,2947.74,1,1.0,1.0,0
ACC100677,8,0,0.75,1.884091547243089,0.738000496394528,0.0,2.622092043637617,7,35726.18,5103.74,17750.88,3,3.0,1.0,1
ACC100678,18,2,0.8888888888888888,0.04285121393785378,0.04545516501063308,0.1111111111111111,0.08830637894848686,7,4176.66,596.6657142857142,1165.12,1,1.0,0.0,0
ACC100679,22,1,0.6363636363636364,0.052507422686982434,0.04197613138511558,0.045454545454545456,0.09448355407209802,11,4245.59,385.9627272727273,839.44,2,4.0,1.0,0
ACC100680,10,0,0.7,0.04208840035501996,0.05899752254685486,0.0,0.10108592290187482,12,6044.51,503.7091666666667,1495.66,3,2.0,0.0,0
ACC100681,11,0,1.0,0.0613223257579459,0.04875697619082586,0.0,0.11007930194877176,11,6133.28,557.570909090909,1794.46,2,2.0,1.0,0
ACC100682,13,1,0.8461538461538461,0.05222433119945885,0.0584071792654259,0.07692307692307693,0.11063151046488476,14,11235.630000000001,802.5450000000001,2337.86,3,2.0,0.0,0
ACC100683,8,0,0.875,0.030047174219407533,0.044014573479376304,0.0,0.07406174769878383,8,2949.12,368.64,613.0,1,3.0,0.0,0
ACC100684,18,1,0.7777777777777778,0.04233764683906371,0.05141195182882803,0.05555555555555555,0.09374959866789173,7,2143.16,306.1657142857143,528.38,1,2.0,0.0,0
ACC100685,19,2,0.8947368421052632,0.05450944067596941,0.059549977536193933,0.10526315789473684,0.11405941821216334,12,5592.0199999999995,466.0016666666666,2294.44,3,2.0,0.0,0
ACC100686,13,1,0.6923076923076923,0.06076134166577989,0.036872336931215756,0.07692307692307693,0.09763367859699565,9,6188.29,687.5877777777778,1364.49,0,0.0,0.0,0
ACC100687,6,0,0.6666666666666666,0.022738227723373756,0.037665408533560284,0.0,0.06040363625693404,16,8114.400000000001,507.15000000000003,1787.17,3,6.0,2.0,0
ACC100688,18,1,0.7777777777777778,0.060350295795583264,0.05298333317913517,0.05555555555555555,0.11333362897471844,12,6398.96,533.2466666666667,1141.46,1,1.0,1.0,0
ACC100689,18,1,0.6666666666666666,0.05001876281943536,0.05803505166898926,0.05555555555555555,0.10805381448842462,11,3858.75,350.79545454545456,591.04,2,3.0,1.0,0
ACC100690,17,2,0.8823529411764706,0.06117642760179483,0.03616221215903903,0.11764705882352941,0.09733863976083386,14,10922.41,780.1721428571428,1539.43,2,1.0,0.0,0
ACC100691,16,2,1.0,0.04522925307069898,0.04196833528586399,0.125,0.08719758835656297,8,4478.2,559.775,1132.62,0,2.0,0.0,0
ACC100692,14,1,0.8571428571428571,0.04306670075923758,0.048292301959745904,0.07142857142857142,0.09135900271898348,7,2857.93,408.2757142857143,898.63,0,1.0,1.0,0
ACC100693,20,0,0.6,0.04957007161584504,0.041001623523696525,0.0,0.09057169513954157,11,5180.04,470.9127272727273,1295.94,2,2.0,0.0,0
ACC100694,21,0,0.8571428571428571,0.049795454468397865,0.05914956868980976,0.0,0.10894502315820762,10,4975.04,497.504,1310.45,0,4.0,2.0,0
ACC100695,7,0,0.8571428571428571,0.04630034968499026,0.031873178752826,0.0,0.07817352843781625,13,6516.76,501.2892307692308,910.19,2,1.0,0.0,0
ACC100696,14,2,0.8571428571428571,0.05444605809200739,0.04217198239235374,0.14285714285714285,0.09661804048436114,10,2967.21,296.721,633.37,0,2.0,0.0,0
ACC100697,16,1,0.75,0.05082413755621765,0.047650326599090194,0.0625,0.09847446415530783,15,6901.0199999999995,460.068,1203.98,1,1.0,0.0,0
ACC100698,15,1,0.6666666666666666,1.2443573272213748,2.825032513812052,0.06666666666666667,4.069389841033427,11,35109.58,3191.78,8219.76,7,1.0,0.0,1
ACC100699,14,1,0.9285714285714286,0.04937106250818198,0.048476604190538924,0.07142857142857142,0.09784766669872091,9,3298.87,366.5411111111111,807.45,2,0.0,0.0,0
ACC100700,17,2,0.9411764705882353,0.05399142224900721,0.03914255150389817,0.11764705882352941,0.09313397375290539,18,8105.68,450.3155555555556,1379.29,0,1.0,0.0,0
ACC100701,12,1,0.9166666666666666,0.04490619431524771,0.02536908760796278,0.08333333333333333,0.07027528192321049,14,5640.860000000001,402.91857142857145,1204.22,2,0.0,0.0,0
ACC100702,11,1,0.8181818181818182,0.05936945801887149,0.04080497741474992,0.09090909090909091,0.10017443543362141,8,5003.8099999999995,625.4762499999999,1340.01,1,3.0,2.0,0
ACC100703,20,3,0.8,0.051840750837236355,0.04854417521565892,0.15,0.10038492605289528,9,4200.68,466.74222222222227,1422.73,0,3.0,2.0,0
ACC100704,15,1,0.8666666666666667,0.03258990787403511,0.05375062347368223,0.06666666666666667,0.08634053134771734,9,3639.86,404.4288888888889,1262.23,2,1.0,0.0,0
ACC100705,17,1,0.7647058823529411,0.03816176481922244,0.039969299799603404,0.058823529411764705,0.07813106461882585,9,4855.66,539.5177777777777,1784.72,1,1.0,0.0,0
ACC100706,11,0,0.8181818181818182,0.049798860885109944,0.05320163189568134,0.0,0.10300049278079129,14,7452.31,532.3078571428572,2350.98,2,0.0,0.0,0
ACC100707,9,1,0.7777777777777778,0.046538374249406,0.04120431139793138,0.1111111111111111,0.08774268564733739,7,4090.1,584.3,1456.1,2,3.0,1.0,0
ACC100708,14,0,0.7142857142857143,0.04182544049412357,0.048522341064890825,0.0,0.09034778155901439,8,4831.13,603.89125,2315.61,2,1.0,0.0,0
ACC100709,6,0,1.0,0.05862188726633311,0.06030104476706942,0.0,0.11892293203340254,11,10320.92,938.2654545454545,2715.49,1,4.0,3.0,0
ACC100710,10,1,0.8,0.03608237643072985,0.04947756955316963,0.1,0.08555994598389947,10,5148.47,514.847,1321.43,1,2.0,1.0,0
ACC100711,13,0,0.7692307692307693,0.060137091246498936,0.03746640717585109,0.0,0.09760349842235003,11,5792.95,526.6318181818182,1542.74,1,1.0,1.0,0
ACC100712,14,1,0.8571428571428571,0.0567636588587537,0.05964653393944152,0.07142857142857142,0.11641019279819523,9,4727.67,525.2966666666666,894.15,0,2.0,1.0,0
ACC100713,16,0,0.8125,0.041608472194173796,0.035160024056686695,0.0,0.07676849625086049,13,8857.89,681.3761538461538,3026.41,1,0.0,0.0,0
ACC100714,23,4,0.8695652173913043,1.273985172458561,2.20023474715067,0.17391304347826086,3.4742199196092307,11,48636.67,4421.515454545454,31356.14,4,1.0,0.0,1
ACC100715,15,2,0.8,0.05047831877813137,0.049310538813677945,0.13333333333333333,0.09978885759180932,19,8412.47,442.7615789473684,1469.61,3,2.0,2.0,0
ACC100716,19,1,0.7368421052631579,0.06588884046821283,0.05169575921163967,0.05263157894736842,0.1175845996798525,12,7807.36,650.6133333333333,1314.02,1,2.0,2.0,0
ACC100717,17,0,0.7647058823529411,0.049010380053017284,0.03780066331506394,0.0,0.08681104336808122,14,8263.84,590.2742857142857,1531.4,4,2.0,1.0,0
ACC100718,11,0,1.0,0.059271989398641985,0.06483435957745089,0.0,0.12410634897609288,9,6330.08,703.3422222222222,2127.5,2,4.0,2.0,0
ACC100719,8,2,0.5,2.5606965296505337,2.4463520747372884,0.25,5.007048604387823,7,22411.33,3201.6185714285716,9631.49,2,1.0,1.0,1
ACC100720,18,2,0.9444444444444444,0.05363532789769099,0.04327690783355339,0.1111111111111111,0.09691223573124438,7,3492.3999999999996,498.91428571428565,1060.57,1,1.0,1.0,0
ACC100721,18,2,0.8333333333333334,0.04449216572001767,0.04375970480597206,0.1111111111111111,0.08825187052598973,10,5918.66,591.866,1541.13,2,2.0,1.0,0
ACC100722,12,0,0.75,0.0450345414570018,0.04198407345937758,0.0,0.08701861491637938,10,5147.36,514.736,1303.14,2,4.0,0.0,0
ACC100723,12,2,0.75,0.04296599342397534,0.056495510011994134,0.16666666666666666,0.09946150343596948,9,4936.37,548.4855555555555,1050.39,2,0.0,0.0,0
ACC100724,17,0,0.8235294117647058,0.0474662101177372,0.056918420077489984,0.0,0.10438463019522717,10,6877.0,687.7,1773.5,4,2.0,1.0,0
ACC100725,14,0,0.7857142857142857,0.05492968182189794,0.052649880769614334,0.0,0.10757956259151227,7,3372.75,481.82142857142856,1430.45,0,1.0,0.0,0
ACC100726,22,0,0.9090909090909091,0.0583149962520687,0.058481363627867974,0.0,0.11679635987993667,9,5320.0599999999995,591.1177777777777,1379.52,0,1.0,1.0,0
ACC100727,16,1,0.875,0.04651300131862775,0.03549096070363094,0.0625,0.08200396202225868,14,8137.389999999999,581.2421428571428,3059.06,2,3.0,0.0,0
ACC100728,12,0,0.75,0.08069127848932885,0.0490666769598151,0.0,0.12975795544914395,5,3076.87,615.374,1798.94,0,2.0,1.0,0
ACC100729,17,1,0.9411764705882353,0.04701441581172361,0.023755787220604417,0.058823529411764705,0.07077020303232803,14,7511.04,536.5028571428571,3081.7,2,1.0,0.0,0
ACC100730,16,2,0.8125,0.04323233695202393,0.05833972917318019,0.125,0.10157206612520411,11,2902.28,263.8436363636364,471.23,1,2.0,0.0,0
ACC100731,13,0,0.9230769230769231,0.0484437964063141,0.04419397800954065,0.0,0.09263777441585475,10,7307.219999999999,730.722,2414.99,3,1.0,0.0,0
ACC100732,10,0,1.0,0.04129407947878243,0.04152525469853061,0.0,0.08281933417731305,7,3401.51,485.93,979.34,1,2.0,2.0,0
ACC100733,19,1,0.6842105263157895,0.061531196860897336,0.04942556101726367,0.05263157894736842,0.110956757878161,16,7336.43,458.526875,1482.23,2,2.0,1.0,0
ACC100734,17,0,0.8823529411764706,0.04123140489966354,0.05236931985203458,0.0,0.09360072475169812,10,4613.41,461.341,1315.84,2,1.0,0.0,0
ACC100735,14,0,0.5,0.04824360402862051,0.04640240674413695,0.0,0.09464601077275746,16,6269.96,391.8725,1251.93,1,1.0,1.0,0
ACC100736,13,2,0.8461538461538461,0.03446703367359034,0.04286501322727262,0.15384615384615385,0.07733204690086296,21,10542.67,502.03190476190474,1361.65,5,4.0,2.0,0
ACC100737,15,0,0.8666666666666667,0.05763739444228233,0.05473187197167621,0.0,0.11236926641395854,13,5737.12,441.31692307692305,1232.71,0,1.0,0.0,0
ACC100738,12,0,0.8333333333333334,0.06571587776868766,0.030647243931650005,0.0,0.09636312170033767,18,9702.13,539.0072222222221,2237.38,1,2.0,2.0,0
ACC100739,14,1,0.8571428571428571,0.05121311430603569,0.06269894096236624,0.07142857142857142,0.11391205526840192,15,8308.289999999999,553.886,1619.57,0,3.0,2.0,0
ACC100740,16,1,0.75,0.052556956009647236,0.045920394887966245,0.0625,0.09847735089761347,6,2339.8999999999996,389.9833333333333,777.79,2,3.0,0.0,0
ACC100741,10,0,0.6,0.05502500037861578,0.05073418856046803,0.0,0.10575918893908381,9,3795.5499999999997,421.72777777777776,826.68,1,1.0,0.0,0
ACC100742,19,2,1.0,0.04263294651622098,0.04966616978439778,0.10526315789473684,0.09229911630061877,9,6284.61,698.29,1948.62,1,4.0,1.0,0
ACC100743,16,3,0.75,0.07447038673190855,0.040451664572260376,0.1875,0.11492205130416892,7,5613.69,801.9557142857142,1653.02,1,1.0,0.0,0
ACC100744,13,3,0.7692307692307693,0.04249819905686502,0.03284112103398989,0.23076923076923078,0.07533932009085491,15,7593.51,506.23400000000004,2854.36,2,2.0,1.0,0
ACC100745,14,2,0.5714285714285714,1.600172314845436,0.9350470772657904,0.14285714285714285,2.5352193921112267,8,44465.130000000005,5558.141250000001,37484.9,4,1.0,1.0,1
ACC100746,13,0,0.9230769230769231,0.04432500162696859,0.05426029029192626,0.0,0.09858529191889484,10,3497.48,349.748,521.68,2,1.0,0.0,0
ACC100747,18,1,0.8333333333333334,0.037825065175827004,0.04994690121695657,0.05555555555555555,0.08777196639278358,9,2818.35,313.15,522.26,1,0.0,0.0,0
ACC100748,20,0,0.8,0.05202533264518458,0.05719431766953962,0.0,0.10921965031472419,11,7398.3099999999995,672.5736363636363,2627.18,2,1.0,1.0,0
ACC100749,20,2,0.75,0.044526089336241456,0.042800399653815324,0.1,0.08732648899005678,8,6877.5599999999995,859.6949999999999,1805.52,2,3.0,0.0,0
ACC100750,6,0,0.6666666666666666,0.060729191223551256,0.03048834203429309,0.0,0.09121753325784435,10,2932.92,293.29200000000003,696.28,0,4.0,1.0,0
ACC100751,14,1,0.6428571428571429,0.05921734645253134,0.047606616032961284,0.07142857142857142,0.10682396248549263,10,5611.55,561.155,1976.44,2,3.0,0.0,0
ACC100752,14,0,0.7142857142857143,0.05514141908675448,0.040035512395211935,0.0,0.09517693148196642,17,5334.2699999999995,313.7805882352941,937.51,4,1.0,1.0,0
ACC100753,9,1,0.7777777777777778,0.030365843384375885,0.029907988527779455,0.1111111111111111,0.06027383191215534,11,6474.0,588.5454545454545,2129.65,3,1.0,0.0,0
ACC100754,10,1,0.8,0.04147527375838927,0.046557615441038855,0.1,0.08803288919942812,9,11786.53,1309.6144444444444,5713.4,1,1.0,0.0,0
ACC100755,22,0,0.8636363636363636,0.05609346579381512,0.05653643980632416,0.0,0.11262990560013927,6,4521.610000000001,753.6016666666668,1449.47,0,4.0,4.0,0
ACC100756,20,1,0.75,0.06629306127856965,0.048653608077380686,0.05,0.11494666935595034,12,3682.97,306.91416666666663,590.42,1,4.0,1.0,0
ACC100757,14,1,0.9285714285714286,0.055643044548203915,0.0433942468461039,0.07142857142857142,0.09903729139430781,10,6797.78,679.778,1473.2,4,4.0,0.0,0
ACC100758,12,1,0.9166666666666666,0.049971543417380575,0.035888624010029437,0.08333333333333333,0.08586016742741001,10,4551.7699999999995,455.17699999999996,1540.89,1,4.0,2.0,0
ACC100759,20,2,0.9,0.05053885321424029,0.05228952270015893,0.1,0.10282837591439922,13,3581.54,275.50307692307695,585.99,2,2.0,1.0,0
ACC100760,18,3,0.8888888888888888,0.04133859904788539,0.057441243637200934,0.16666666666666666,0.09877984268508633,10,7017.96,701.796,1779.47,2,3.0,0.0,0
ACC100761,12,0,0.75,0.04521119799609851,0.04204125318894395,0.0,0.08725245118504246,10,4144.42,414.442,908.71,1,4.0,1.0,0
ACC100762,11,1,0.7272727272727273,0.04260650825231452,0.04192226355790214,0.09090909090909091,0.08452877181021666,12,5739.9400000000005,478.3283333333334,1079.46,3,3.0,3.0,0
ACC100763,10,0,0.7,0.06479624131760185,0.049658719722165706,0.0,0.11445496103976756,13,8993.35,691.7961538461539,2827.97,2,4.0,2.0,0
ACC100764,11,0,0.5454545454545454,0.044416821137942604,0.043277025187631726,0.0,0.08769384632557434,15,11529.57,768.638,2275.42,3,2.0,1.0,0
ACC100765,24,7,0.625,2.438967254620758,1.819115089677603,0.2916666666666667,4.258082344298361,19,54309.4,2858.3894736842108,14467.81,5,0.0,0.0,1
ACC100766,15,1,0.6666666666666666,0.06005168012399224,0.06963995022016291,0.06666666666666667,0.12969163034415515,10,4099.2699999999995,409.92699999999996,1251.78,1,2.0,1.0,0
ACC100767,10,0,0.8,0.05560426142742019,0.0512539169234887,0.0,0.10685817835090888,11,5204.58,473.14363636363635,2554.22,2,0.0,0.0,0
ACC100768,18,2,0.7222222222222222,0.045233063851119755,0.054471058754444246,0.1111111111111111,0.099704122605564,10,2829.3500000000004,282.93500000000006,525.47,1,1.0,0.0,0
ACC100769,21,1,0.8095238095238095,0.04980701901195395,0.05274170528330099,0.047619047619047616,0.10254872429525494,14,7922.41,565.8864285714286,1384.08,4,1.0,0.0,0
ACC100770,18,1,0.9444444444444444,0.056968317361552216,0.057010286882784394,0.05555555555555555,0.11397860424433662,10,5954.19,595.419,1329.18,0,1.0,0.0,0
ACC100771,15,0,0.8666666666666667,0.04496140673108545,0.037871968525546605,0.0,0.08283337525663206,8,3802.96,475.37,1020.85,0,0.0,0.0,0
ACC100772,16,1,0.9375,0.042842003824128796,0.046545159075174106,0.0625,0.0893871628993029,12,7122.9800000000005,593.5816666666667,3041.05,2,3.0,1.0,0
ACC100773,14,2,0.8571428571428571,0.05434070176333639,0.03104077166396586,0.14285714285714285,0.08538147342730225,11,6449.0,586.2727272727273,1039.61,3,2.0,0.0,0
ACC100774,16,1,0.75,1.4090207194478488,2.13740044005953,0.0625,3.546421159507379,9,79115.6,8790.622222222222,53204.54,3,5.0,1.0,1
ACC100775,19,2,0.6842105263157895,0.03221461838089814,0.054444955839585446,0.10526315789473684,0.08665957422048359,12,6904.95,575.4125,1172.09,1,0.0,0.0,0
ACC100776,15,0,0.8,0.03126823277629199,0.04154331073309676,0.0,0.07281154350938875,12,4386.28,365.5233333333333,698.57,1,3.0,2.0,0
ACC100777,15,0,0.5333333333333333,0.05642649411486804,0.04341683127653702,0.0,0.09984332539140506,17,7009.98,412.3517647058823,870.16,1,0.0,0.0,0
ACC100778,16,2,0.8125,0.04139080211834508,0.03998110334895839,0.125,0.08137190546730347,17,13029.51,766.4417647058824,3829.4,4,0.0,0.0,0
ACC100779,7,0,0.42857142857142855,0.04742567618816588,0.06327405998248146,0.0,0.11069973617064735,19,9318.369999999999,490.44052631578944,1492.86,2,2.0,2.0,0
ACC100780,13,2,0.8461538461538461,0.05915122622653366,0.06432405539581644,0.15384615384615385,0.12347528162235011,9,4444.4,493.8222222222222,1259.31,1,3.0,0.0,0
ACC100781,15,0,0.8,0.07628805810560273,0.05245352591535069,0.0,0.12874158402095343,12,8552.91,712.7425,1982.14,3,1.0,0.0,0
ACC100782,10,0,0.6,0.05639084244016143,0.04261247730679396,0.0,0.09900331974695539,12,5635.42,469.61833333333334,946.19,0,0.0,0.0,0
ACC100783,17,0,0.6470588235294118,0.030059855729370935,0.06501327692456807,0.0,0.095073132653939,8,4549.55,568.69375,911.21,2,3.0,1.0,0
ACC100784,17,1,0.7647058823529411,0.03465355108702682,0.038637052659788604,0.058823529411764705,0.07329060374681542,9,4545.81,505.09000000000003,1448.38,2,1.0,0.0,0
ACC100785,18,3,0.7777777777777778,0.05614098848644632,0.04770524456993302,0.16666666666666666,0.10384623305637933,14,4202.9800000000005,300.21285714285716,735.37,1,4.0,1.0,0
ACC100786,17,2,0.9411764705882353,0.05195664128414587,0.04149370434174323,0.11764705882352941,0.09345034562588911,12,7644.77,637.0641666666667,1292.44,3,3.0,1.0,0
ACC100787,16,2,0.9375,0.05714379377208575,0.057035433065771565,0.125,0.1141792268378573,10,4121.66,412.166,1447.68,1,2.0,0.0,0
ACC100788,9,0,0.5555555555555556,0.04395976695924491,0.0363528540832783,0.0,0.08031262104252321,4,946.94,236.735,264.57,1,2.0,0.0,0
ACC100789,19,0,0.9473684210526315,0.06421970603541313,0.040060652845812936,0.0,0.10428035888122607,10,4892.9800000000005,489.29800000000006,1799.34,1,0.0,0.0,0
ACC100790,15,1,0.6666666666666666,0.04997210936398139,0.07247194991035857,0.06666666666666667,0.12244405927433996,11,7397.71,672.5190909090909,2386.08,2,2.0,0.0,0
ACC100791,13,2,0.6153846153846154,1.9003256490833622,1.096075867320815,0.15384615384615385,2.9964015164041773,14,86517.28,6179.805714285714,57054.8,6,1.0,1.0,1
ACC100792,18,2,0.9444444444444444,0.039719642084493426,0.04522048273540952,0.1111111111111111,0.08494012481990294,9,4978.14,553.1266666666667,1706.96,2,3.0,3.0,0
ACC100793,12,1,0.9166666666666666,0.05621918954171496,0.06085661924606753,0.08333333333333333,0.11707580878778248,11,7600.14,690.9218181818183,1985.27,2,1.0,1.0,0
ACC100794,16,2,0.9375,0.037843834812731826,0.04043710290892059,0.125,0.07828093772165241,5,2631.5,526.3,1471.09,2,1.0,0.0,0
ACC100795,16,1,0.8125,0.0435472616819933,0.04603911380554729,0.0625,0.08958637548754059,13,8458.0,650.6153846153846,1681.66,3,2.0,1.0,0
ACC100796,13,0,0.7692307692307693,0.052411537191435556,0.046996571069682185,0.0,0.09940810826111773,9,5280.54,586.7266666666667,940.35,2,3.0,1.0,0
ACC100797,19,2,0.7368421052631579,0.03741842745827639,0.05851846412265882,0.10526315789473684,0.09593689158093521,10,6106.509999999999,610.651,1902.81,2,1.0,0.0,0
ACC100798,20,1,0.8,0.06022295068720631,0.04494966307467129,0.05,0.1051726137618776,16,11076.86,692.30375,1783.53,1,1.0,0.0,0
ACC100799,13,2,0.6153846153846154,0.05550918611896376,0.049898039630574265,0.15384615384615385,0.10540722574953802,12,5171.48,430.95666666666665,851.79,4,2.0,1.0,0
