scenario,iteration,cases_simulated,cases_detected,detection_rate,mean_response_minutes,p95_response_minutes,sla_breaches,sla_breach_rate,amount_under_review
Baseline Manual,1,100,60,0.6,29.28875731394565,40.70272152497371,59,0.9833333333333333,144075.8
Baseline Manual,2,100,56,0.56,28.501442250174133,44.5149272120008,53,0.9464285714285714,134232.83000000002
Baseline Manual,3,100,57,0.57,30.72523852554638,44.173683600071705,57,1.0,130696.96999999999
Baseline Manual,4,100,62,0.62,29.903595447672796,42.54684075212834,61,0.9838709677419355,126731.36
Baseline Manual,5,100,62,0.62,29.15836986458867,40.63221065764509,61,0.9838709677419355,137505.25999999998
Baseline Manual,6,100,69,0.69,32.13023724232893,43.65808399687646,66,0.9565217391304348,208967.07999999996
Baseline Manual,7,100,50,0.5,30.141321915694206,42.743833722127576,49,0.98,136141.64
Baseline Manual,8,100,51,0.51,29.86165892279756,41.48333133593667,50,0.9803921568627451,87210.86000000002
Baseline Manual,9,100,63,0.63,29.64969918961571,42.58410025848656,62,0.9841269841269841,168189.43
Baseline Manual,10,100,56,0.56,30.290211968822685,40.92182883150545,53,0.9464285714285714,125382.08
Baseline Manual,11,100,60,0.6,30.575679688367224,43.031559749361094,60,1.0,152348.73
Baseline Manual,12,100,71,0.71,29.449626094915164,40.43230843088624,67,0.9436619718309859,167836.69999999995
Baseline Manual,13,100,69,0.69,31.113429029182992,42.9691284690256,67,0.9710144927536232,171700.05
Baseline Manual,14,100,58,0.58,30.033264439777547,43.308920936876866,56,0.9655172413793104,140064.77
Baseline Manual,15,100,63,0.63,29.942713137000272,41.779768857516636,60,0.9523809523809523,170388.96999999997
Baseline Manual,16,100,54,0.54,29.240074653335416,41.935958027713696,50,0.9259259259259259,107498.11000000002
Baseline Manual,17,100,56,0.56,30.299822625381392,43.92629034656413,55,0.9821428571428571,146577.55
Baseline Manual,18,100,64,0.64,29.333545146732355,39.397609631913106,63,0.984375,150510.28
Baseline Manual,19,100,55,0.55,30.246411994065465,39.93248352435014,55,1.0,186679.87
Baseline Manual,20,100,64,0.64,30.0099078106957,43.13207098184406,61,0.953125,165034.89
Baseline Manual,21,100,65,0.65,30.537098806695663,40.82259109109549,63,0.9692307692307692,164653.47
Baseline Manual,22,100,60,0.6,31.018950631699227,44.833028875649156,59,0.9833333333333333,115931.62999999998
Baseline Manual,23,100,53,0.53,30.516731309033993,42.268814119852536,52,0.9811320754716981,170209.40999999997
Baseline Manual,24,100,62,0.62,30.556140477132253,42.731605780432695,60,0.967741935483871,177181.54
Baseline Manual,25,100,63,0.63,30.950141575073147,42.026102310016945,62,0.9841269841269841,185350.24999999997
Baseline Manual,26,100,65,0.65,31.67825788776071,46.12635119225776,62,0.9538461538461539,159655.97999999998
Baseline Manual,27,100,57,0.57,29.35580983554634,40.999629992006334,56,0.9824561403508771,103096.04999999999
Baseline Manual,28,100,56,0.56,31.01103505061463,41.9712543029003,55,0.9821428571428571,143030.78
Baseline Manual,29,100,64,0.64,31.05308786844747,43.25539316163823,63,0.984375,156616.47
Baseline Manual,30,100,51,0.51,30.19724966879209,44.15664748647736,50,0.9803921568627451,178374.75
Baseline Manual,31,100,57,0.57,28.239215502193986,41.09635673484538,55,0.9649122807017544,183897.92
Baseline Manual,32,100,55,0.55,29.925790634898153,39.45259223360588,54,0.9818181818181818,112601.81
Baseline Manual,33,100,57,0.57,29.989482596876673,42.41292467623258,54,0.9473684210526315,155673.77
Baseline Manual,34,100,52,0.52,30.713766174528892,43.986985425494964,48,0.9230769230769231,125427.88
Baseline Manual,35,100,66,0.66,29.721322744120904,44.32628699521213,65,0.9848484848484849,142398.21000000002
Baseline Manual,36,100,61,0.61,29.48693505908467,43.003180515247365,60,0.9836065573770492,130404.86000000002
Baseline Manual,37,100,59,0.59,29.14133869427777,39.942500145379114,57,0.9661016949152542,137241.70999999996
Baseline Manual,38,100,57,0.57,29.618330215121034,42.02116011309026,56,0.9824561403508771,164499.37
Baseline Manual,39,100,63,0.63,28.792866873982117,41.5751747803802,61,0.9682539682539683,184589.27
Baseline Manual,40,100,64,0.64,30.190193297116842,42.899642460836915,60,0.9375,193539.40000000002
Baseline Manual,41,100,52,0.52,29.240673895507463,40.55960102832665,50,0.9615384615384616,123414.42999999998
Baseline Manual,42,100,57,0.57,29.89907537953667,40.201735522094985,55,0.9649122807017544,166658.63999999998
Baseline Manual,43,100,66,0.66,28.89796674919817,43.02979888551916,62,0.9393939393939394,239705.75000000003
Baseline Manual,44,100,63,0.63,29.22139624158649,40.74784081347711,60,0.9523809523809523,157711.57
Baseline Manual,45,100,56,0.56,30.75406496650522,42.983073044723284,55,0.9821428571428571,125135.87
Baseline Manual,46,100,62,0.62,30.27464242309878,42.64724986901869,60,0.967741935483871,196339.50999999998
Baseline Manual,47,100,61,0.61,29.553009997585956,43.50747034678178,60,0.9836065573770492,133181.22
Baseline Manual,48,100,64,0.64,28.87381605529452,41.39544257314262,60,0.9375,181518.41
Baseline Manual,49,100,61,0.61,27.88355254566488,41.38463999720409,57,0.9344262295081968,151047.27
Baseline Manual,50,100,58,0.58,30.15955915472677,42.47711020973945,57,0.9827586206896551,207254.16
Baseline Manual,51,100,49,0.49,31.690267585629524,43.02513588977333,49,1.0,130026.47
Baseline Manual,52,100,56,0.56,29.6967584121428,41.24671860623306,54,0.9642857142857143,150514.96999999997
Baseline Manual,53,100,62,0.62,29.646338068854604,42.37727827983587,60,0.967741935483871,141788.25
Baseline Manual,54,100,62,0.62,30.833112761726362,44.056046144126626,61,0.9838709677419355,156861.43999999997
Baseline Manual,55,100,53,0.53,28.682053611347797,42.48215693391345,53,1.0,127803.45000000001
Baseline Manual,56,100,53,0.53,30.206643160235295,41.723124605664694,52,0.9811320754716981,141745.43
Baseline Manual,57,100,65,0.65,29.870994442448396,39.7690591551237,64,0.9846153846153847,169542.61000000002
Baseline Manual,58,100,69,0.69,28.53036246406836,42.20202430147032,68,0.9855072463768116,142817.84000000003
Baseline Manual,59,100,59,0.59,30.378308812021853,44.44036740662427,55,0.9322033898305084,145434.75999999998
Baseline Manual,60,100,53,0.53,30.697311722906353,41.59972299513651,51,0.9622641509433962,97524.49
Baseline Manual,61,100,52,0.52,30.532434281087276,45.7935564068651,50,0.9615384615384616,129581.31999999999
Baseline Manual,62,100,62,0.62,32.687799500565546,43.89580812728178,61,0.9838709677419355,147479.54
Baseline Manual,63,100,64,0.64,30.84210652573985,43.98032356155399,63,0.984375,144641.1
Baseline Manual,64,100,66,0.66,30.86046187042458,45.31452504091706,65,0.9848484848484849,154063.85000000003
Baseline Manual,65,100,62,0.62,30.08842670187608,42.75272439311361,61,0.9838709677419355,155594.25999999995
Baseline Manual,66,100,62,0.62,29.553408221623,38.91015771964856,60,0.967741935483871,152696.69999999998
Baseline Manual,67,100,64,0.64,31.336411176418906,47.53595790264871,62,0.96875,183639.95
Baseline Manual,68,100,69,0.69,29.320908378971694,41.13550495978553,66,0.9565217391304348,182155.84000000003
Baseline Manual,69,100,60,0.6,28.662847239241103,41.09507839058619,59,0.9833333333333333,126186.46
Baseline Manual,70,100,60,0.6,27.95715648041135,38.16584394956063,57,0.95,154920.99000000002
Baseline Manual,71,100,62,0.62,28.98473447045012,42.553910787693184,56,0.9032258064516129,168533.09999999998
Baseline Manual,72,100,55,0.55,29.973544075950798,44.133573808116296,54,0.9818181818181818,124431.92
Baseline Manual,73,100,57,0.57,29.234108369384742,41.35647360677789,55,0.9649122807017544,131922.91
Baseline Manual,74,100,60,0.6,29.943848793008534,44.30049597356623,58,0.9666666666666667,230554.08000000002
Baseline Manual,75,100,67,0.67,29.08163681584038,41.83214260531564,64,0.9552238805970149,151559.46000000002
Baseline Manual,76,100,70,0.7,30.13222907219826,44.05101072961036,66,0.9428571428571428,140523.12999999998
Baseline Manual,77,100,61,0.61,27.926799744449355,40.433621172005495,55,0.9016393442622951,189611.86000000002
Baseline Manual,78,100,57,0.57,29.08047307851625,41.65696213394286,55,0.9649122807017544,123983.15
Baseline Manual,79,100,68,0.68,29.266709557866363,48.73996034365247,65,0.9558823529411765,187346.68000000002
Baseline Manual,80,100,52,0.52,29.429620069827937,41.639125107013754,51,0.9807692307692307,146464.59000000003
Baseline Manual,81,100,56,0.56,28.699862093882757,39.27274099695649,54,0.9642857142857143,129035.04999999999
Baseline Manual,82,100,66,0.66,29.06104562910315,43.34083061936883,65,0.9848484848484849,151159.03
Baseline Manual,83,100,63,0.63,30.381484798168565,45.73124176240983,62,0.9841269841269841,111030.72
Baseline Manual,84,100,60,0.6,29.246676421239947,41.13633372674442,58,0.9666666666666667,178047.0
Baseline Manual,85,100,62,0.62,29.180992876500298,42.369653188056795,59,0.9516129032258065,169700.79
Baseline Manual,86,100,55,0.55,30.991938197763876,44.620599760434594,54,0.9818181818181818,101907.3
Baseline Manual,87,100,64,0.64,31.04084826980195,45.42199216561531,61,0.953125,162994.8
Baseline Manual,88,100,56,0.56,30.475256071036636,41.25712730582362,52,0.9285714285714286,122308.08000000002
Baseline Manual,89,100,56,0.56,30.637610020858542,46.92786941633929,55,0.9821428571428571,130166.84
Baseline Manual,90,100,61,0.61,30.460435055841973,41.87527764639106,57,0.9344262295081968,114847.01999999997
Baseline Manual,91,100,54,0.54,31.084361985079774,40.79091063982257,54,1.0,156949.70000000004
Baseline Manual,92,100,64,0.64,30.406119220931267,40.692809346853714,64,1.0,176044.39
Baseline Manual,93,100,57,0.57,30.44035387913338,45.29303725442723,55,0.9649122807017544,121498.03
Baseline Manual,94,100,64,0.64,29.4347698949229,44.87361605726546,63,0.984375,150885.09
Baseline Manual,95,100,64,0.64,30.88446059512426,41.79238378817841,63,0.984375,154815.81
Baseline Manual,96,100,62,0.62,30.438225452516093,42.78747406793421,62,1.0,200277.66999999998
Baseline Manual,97,100,63,0.63,31.454181832694495,43.54092992054326,62,0.9841269841269841,138148.9
Baseline Manual,98,100,57,0.57,30.075873244005958,43.02194012585621,57,1.0,170117.55
Baseline Manual,99,100,58,0.58,28.019017467016006,40.730415666535926,56,0.9655172413793104,121750.40000000001
Baseline Manual,100,100,66,0.66,27.67614515416425,38.465796345039365,63,0.9545454545454546,235216.58000000002
Baseline Manual,101,100,56,0.56,32.0128376952614,42.648156151568095,55,0.9821428571428571,162337.36
Baseline Manual,102,100,66,0.66,31.17593429244807,45.07259575136534,64,0.9696969696969697,167517.84
Baseline Manual,103,100,65,0.65,30.45991687800405,40.65904323254867,63,0.9692307692307692,154309.96000000002
Baseline Manual,104,100,59,0.59,27.492681242369493,40.65490616852579,56,0.9491525423728814,147048.63000000003
Baseline Manual,105,100,61,0.61,29.336871182399037,43.45119253551103,59,0.9672131147540983,135520.4
Baseline Manual,106,100,56,0.56,30.774610068818674,42.620953144232075,56,1.0,152963.41999999998
Baseline Manual,107,100,61,0.61,31.11271627244515,44.33891897382547,60,0.9836065573770492,166651.39000000004
Baseline Manual,108,100,57,0.57,29.03406185573946,40.40100681908907,53,0.9298245614035088,176820.93999999997
Baseline Manual,109,100,56,0.56,28.611423939827052,39.159770764489814,55,0.9821428571428571,105481.41
Baseline Manual,110,100,56,0.56,30.370944787778836,42.33997398059181,56,1.0,102722.67
Baseline Manual,111,100,62,0.62,30.03049115674246,40.68401148801483,60,0.967741935483871,138261.70999999996
Baseline Manual,112,100,59,0.59,28.13840019407774,37.75183924978066,56,0.9491525423728814,135730.59000000003
Baseline Manual,113,100,52,0.52,31.054733723192257,42.93140312248038,50,0.9615384615384616,93474.38
Baseline Manual,114,100,57,0.57,29.7995371025653,42.946597977755744,55,0.9649122807017544,155800.9
Baseline Manual,115,100,59,0.59,29.773754364600364,41.44764675015444,58,0.9830508474576272,175056.99999999997
Baseline Manual,116,100,74,0.74,29.30089480689903,42.04878030734042,72,0.972972972972973,194930.44
Baseline Manual,117,100,57,0.57,28.79506094323841,40.32833176304087,54,0.9473684210526315,189744.41
Baseline Manual,118,100,58,0.58,29.895755771552423,40.68431564939215,57,0.9827586206896551,124057.06999999999
Baseline Manual,119,100,53,0.53,29.75217751574204,41.12428891084587,51,0.9622641509433962,160015.56000000003
Baseline Manual,120,100,60,0.6,29.720897738358783,42.90436938080132,59,0.9833333333333333,127340.79000000001
Baseline Manual,121,100,51,0.51,31.368167460993554,43.06099272559749,49,0.9607843137254902,138162.8
Baseline Manual,122,100,61,0.61,30.5419814397873,42.93510564995482,60,0.9836065573770492,187438.81999999998
Baseline Manual,123,100,50,0.5,31.286662441319002,41.77881950745645,48,0.96,96864.53999999998
Baseline Manual,124,100,60,0.6,31.185473603958403,42.67531394707024,57,0.95,138871.58
Baseline Manual,125,100,51,0.51,29.45316027643907,43.510412364239585,50,0.9803921568627451,117954.17
Baseline Manual,126,100,62,0.62,29.37371967233048,41.459460698882594,59,0.9516129032258065,152290.21999999997
Baseline Manual,127,100,65,0.65,29.72302085418441,44.32153830238189,65,1.0,180065.97
Baseline Manual,128,100,64,0.64,30.405409410235066,41.69673553107164,64,1.0,179653.07
Baseline Manual,129,100,46,0.46,28.16212099392587,43.01829729103787,43,0.9347826086956522,130999.35999999999
Baseline Manual,130,100,60,0.6,28.85745050289113,41.972557839102436,57,0.95,220632.39
Baseline Manual,131,100,58,0.58,30.117183632669246,41.773990144273,57,0.9827586206896551,163746.88
Baseline Manual,132,100,68,0.68,31.393499638164045,44.22316764115001,67,0.9852941176470589,181740.16000000003
Baseline Manual,133,100,55,0.55,31.389845195592024,42.43875612528616,55,1.0,208019.71999999994
Baseline Manual,134,100,62,0.62,30.376821609808722,41.65709217185389,61,0.9838709677419355,168521.89
Baseline Manual,135,100,55,0.55,29.891060485060027,44.57500705324229,53,0.9636363636363636,141846.94999999998
Baseline Manual,136,100,61,0.61,30.679679975842422,47.013901935250956,59,0.9672131147540983,142924.0
Baseline Manual,137,100,59,0.59,30.524530212771595,43.49051422607661,58,0.9830508474576272,174916.01
Baseline Manual,138,100,64,0.64,30.170895320811297,44.85351185504519,62,0.96875,199892.03000000003
Baseline Manual,139,100,50,0.5,29.601305559938602,41.80795589548834,48,0.96,99861.74000000002
Baseline Manual,140,100,60,0.6,29.69156817396578,41.324056299144296,59,0.9833333333333333,188841.37000000005
Baseline Manual,141,100,64,0.64,28.470728173408975,45.23346367631185,63,0.984375,148261.09000000003
Baseline Manual,142,100,58,0.58,30.869516531335567,43.44084825338782,56,0.9655172413793104,165351.27000000002
Baseline Manual,143,100,58,0.58,29.24690792108929,42.49921099636801,55,0.9482758620689655,148837.77
Baseline Manual,144,100,60,0.6,30.503103267548568,40.584970466437085,57,0.95,122524.53
Baseline Manual,145,100,52,0.52,30.655438104413708,43.45934279292249,50,0.9615384615384616,109261.54999999999
Baseline Manual,146,100,60,0.6,32.68478903511808,42.387798860065466,59,0.9833333333333333,147148.68000000002
Baseline Manual,147,100,59,0.59,30.124702927885068,45.00047825162215,56,0.9491525423728814,143572.51
Baseline Manual,148,100,62,0.62,29.6968500620298,43.93197100377436,60,0.967741935483871,199300.02000000002
Baseline Manual,149,100,56,0.56,28.11777960834749,38.389820531234136,55,0.9821428571428571,130662.4
Baseline Manual,150,100,56,0.56,29.571435707781035,41.93633299213876,56,1.0,144625.63
Baseline Manual,151,100,63,0.63,28.6081373994611,40.131159560325436,60,0.9523809523809523,213118.86000000004
Baseline Manual,152,100,61,0.61,31.892803394888904,46.049081423535696,61,1.0,200084.74
Baseline Manual,153,100,59,0.59,30.071623239008346,43.35492326722079,56,0.9491525423728814,169394.34
Baseline Manual,154,100,59,0.59,29.255452745711313,40.09483905561657,56,0.9491525423728814,126854.21999999999
Baseline Manual,155,100,60,0.6,28.857795688157204,42.133634473613185,59,0.9833333333333333,128222.26000000001
Baseline Manual,156,100,54,0.54,31.747086950793374,40.2356231019038,54,1.0,120596.71
Baseline Manual,157,100,61,0.61,29.862611282248732,44.33140132586564,58,0.9508196721311475,158302.06999999995
Baseline Manual,158,100,63,0.63,30.72773282986678,40.91222629275399,63,1.0,133789.80999999997
Baseline Manual,159,100,58,0.58,28.002801033972986,38.77141486680146,56,0.9655172413793104,135846.08
Baseline Manual,160,100,50,0.5,29.04478243610048,41.62105576445808,47,0.94,159014.57
Baseline Manual,161,100,65,0.65,31.388462381480142,42.14036023949713,62,0.9538461538461539,189668.52000000002
Baseline Manual,162,100,63,0.63,29.159041918351534,43.16794072912652,61,0.9682539682539683,146739.20000000004
Baseline Manual,163,100,64,0.64,29.873197085855438,40.52444970472079,64,1.0,167515.47
Baseline Manual,164,100,56,0.56,31.002422748587303,43.84505841201446,56,1.0,177695.9
Baseline Manual,165,100,67,0.67,29.702022933596343,44.46519816425321,65,0.9701492537313433,215399.1
Baseline Manual,166,100,62,0.62,32.39971207628156,46.28235859198868,60,0.967741935483871,165363.18999999997
Baseline Manual,167,100,63,0.63,29.787287130028723,43.624651404982906,61,0.9682539682539683,209965.47000000006
Baseline Manual,168,100,66,0.66,31.10602618116754,44.08681639362231,64,0.9696969696969697,185258.87
Baseline Manual,169,100,70,0.7,27.925454884016474,41.164779375310204,63,0.9,206453.30000000008
Baseline Manual,170,100,57,0.57,29.946631974154574,46.177355633830516,55,0.9649122807017544,128766.89
Baseline Manual,171,100,66,0.66,30.88145735443464,43.22800634750058,66,1.0,162649.57000000004
Baseline Manual,172,100,61,0.61,29.385105851625458,40.53690006825448,59,0.9672131147540983,183975.02
Baseline Manual,173,100,60,0.6,29.35983392869886,40.308172472687026,59,0.9833333333333333,154946.27
Baseline Manual,174,100,62,0.62,31.413021393174223,42.46747002885879,58,0.9354838709677419,135641.85000000003
Baseline Manual,175,100,64,0.64,31.46346867794644,43.4795459802905,64,1.0,164229.68
Baseline Manual,176,100,64,0.64,30.769700537102743,42.340426261877454,64,1.0,169010.82
Baseline Manual,177,100,60,0.6,28.997819876501712,43.23656231124369,57,0.95,145568.53
Baseline Manual,178,100,62,0.62,30.776599362916055,44.02241684819718,58,0.9354838709677419,134728.67
Baseline Manual,179,100,65,0.65,31.43261327513035,45.13460691787942,63,0.9692307692307692,139727.7
Baseline Manual,180,100,60,0.6,30.199280196256122,41.4353753601712,58,0.9666666666666667,144559.74
Baseline Manual,181,100,58,0.58,28.78254828977132,39.9790107118588,56,0.9655172413793104,160834.03999999998
Baseline Manual,182,100,63,0.63,32.20110193797123,44.92607648360709,63,1.0,128671.96000000002
Baseline Manual,183,100,62,0.62,30.283784840026843,42.64102378802412,60,0.967741935483871,171214.87
Baseline Manual,184,100,62,0.62,29.68268737393258,42.381105680900916,61,0.9838709677419355,191377.77
Baseline Manual,185,100,66,0.66,29.974922388182705,38.467505504540796,66,1.0,165206.50999999998
Baseline Manual,186,100,69,0.69,30.771109048755303,44.53407019982925,66,0.9565217391304348,172936.17000000004
Baseline Manual,187,100,63,0.63,31.39874325701485,44.844901905440956,61,0.9682539682539683,163020.4
Baseline Manual,188,100,58,0.58,30.19582238570931,40.55121371019791,57,0.9827586206896551,142082.28999999998
Baseline Manual,189,100,60,0.6,28.378569214196737,42.41349264875267,57,0.95,133572.69
Baseline Manual,190,100,56,0.56,29.80225085643414,44.62781050900726,52,0.9285714285714286,192269.08000000002
Baseline Manual,191,100,69,0.69,28.869455762689565,39.55272906581848,66,0.9565217391304348,201174.69999999998
Baseline Manual,192,100,68,0.68,30.312136983012557,42.836029293580125,68,1.0,192045.68
Baseline Manual,193,100,61,0.61,31.625940115447502,44.44108478908503,59,0.9672131147540983,160252.63
Baseline Manual,194,100,55,0.55,31.373682470751294,41.609443715990636,54,0.9818181818181818,178312.76999999993
Baseline Manual,195,100,53,0.53,31.81717003626355,42.026823695801355,52,0.9811320754716981,129517.86
Baseline Manual,196,100,58,0.58,28.786551531684506,42.12294163210907,55,0.9482758620689655,211520.97999999998
Baseline Manual,197,100,63,0.63,29.41584955223637,41.30118008232435,59,0.9365079365079365,189033.32000000004
Baseline Manual,198,100,67,0.67,29.761014858818278,43.435614735185354,66,0.9850746268656716,171921.48
Baseline Manual,199,100,52,0.52,30.865366940184135,46.45238669269657,49,0.9423076923076923,149393.3
Baseline Manual,200,100,55,0.55,29.44443582949877,43.99386619026549,53,0.9636363636363636,134161.62
Baseline Manual,201,100,62,0.62,29.738175983359817,41.09689420705072,60,0.967741935483871,190508.44
Baseline Manual,202,100,57,0.57,31.92245865451541,45.2099117950611,56,0.9824561403508771,129543.06999999999
Baseline Manual,203,100,57,0.57,29.326143315136633,43.08900057401499,56,0.9824561403508771,149675.7
Baseline Manual,204,100,53,0.53,28.953804590310675,41.51357106156027,51,0.9622641509433962,87165.03999999998
Baseline Manual,205,100,58,0.58,27.687176185903475,39.472998947071,56,0.9655172413793104,161823.54
Baseline Manual,206,100,57,0.57,29.347572938768934,43.3601128561656,56,0.9824561403508771,153092.11
Baseline Manual,207,100,57,0.57,30.848050653992026,45.994638103054356,56,0.9824561403508771,186360.06999999998
Baseline Manual,208,100,54,0.54,29.303600126182637,39.67123526492244,54,1.0,122598.86
Baseline Manual,209,100,60,0.6,29.13800165715422,42.44766448456607,59,0.9833333333333333,152143.95
Baseline Manual,210,100,49,0.49,31.31066365253764,42.70733887236071,48,0.9795918367346939,144410.09999999998
Baseline Manual,211,100,61,0.61,29.1254920592996,42.0763513102676,61,1.0,120931.18000000001
Baseline Manual,212,100,60,0.6,29.849740792181013,41.472918597660424,58,0.9666666666666667,141102.5
Baseline Manual,213,100,62,0.62,30.17418759945576,44.4800614800053,62,1.0,156395.61
Baseline Manual,214,100,55,0.55,30.196190366406604,41.401984944196535,52,0.9454545454545454,126913.06999999998
Baseline Manual,215,100,63,0.63,29.696652557066148,45.14794635788684,61,0.9682539682539683,172282.62
Baseline Manual,216,100,60,0.6,28.936132463533006,40.20046185098092,58,0.9666666666666667,145262.95999999996
Baseline Manual,217,100,63,0.63,29.671604108959325,38.21485484114641,63,1.0,134444.66999999998
Baseline Manual,218,100,70,0.7,30.573125256033393,44.30705213586816,67,0.9571428571428572,130683.34
Baseline Manual,219,100,61,0.61,28.140330668698592,45.81791282962558,60,0.9836065573770492,180855.53
Baseline Manual,220,100,64,0.64,30.010056722760595,41.65683480584424,62,0.96875,186231.96999999997
Baseline Manual,221,100,52,0.52,30.12934944408277,41.52605725213587,50,0.9615384615384616,137099.55999999997
Baseline Manual,222,100,55,0.55,28.784174223640473,40.075205617346434,53,0.9636363636363636,105241.31999999999
Baseline Manual,223,100,58,0.58,29.985358622467896,42.66301290099167,53,0.9137931034482759,148884.47
Baseline Manual,224,100,63,0.63,29.730608338963286,46.04324246428125,59,0.9365079365079365,192337.54
Baseline Manual,225,100,69,0.69,29.114854039092393,40.422733737838485,68,0.9855072463768116,205078.49999999997
Baseline Manual,226,100,61,0.61,30.106530633865944,44.577304435646404,59,0.9672131147540983,141766.65
Baseline Manual,227,100,62,0.62,30.75707457341487,43.04222345772572,62,1.0,164029.29000000004
Baseline Manual,228,100,66,0.66,27.927452528673648,39.48901137381803,62,0.9393939393939394,104731.83
Baseline Manual,229,100,72,0.72,29.08800165507192,42.88919400169227,68,0.9444444444444444,160008.93
Baseline Manual,230,100,55,0.55,29.947913935703205,38.27102193632325,55,1.0,129174.14
Baseline Manual,231,100,53,0.53,31.481736286357574,42.909396390090656,52,0.9811320754716981,162403.25000000006
Baseline Manual,232,100,59,0.59,31.52315251805439,44.35184826641315,57,0.9661016949152542,148105.25
Baseline Manual,233,100,68,0.68,31.42407743135061,44.28535723468299,66,0.9705882352941176,180826.6
Baseline Manual,234,100,64,0.64,30.54748881669674,41.33622150107371,64,1.0,157770.77000000002
Baseline Manual,235,100,58,0.58,31.537146208366526,41.79523100800723,58,1.0,162440.78
Baseline Manual,236,100,52,0.52,28.425919888147895,40.629528910992626,49,0.9423076923076923,123033.54
Baseline Manual,237,100,56,0.56,29.81126438809082,43.04760353822499,51,0.9107142857142857,144181.0
Baseline Manual,238,100,57,0.57,27.40460163383363,38.95953784668732,55,0.9649122807017544,146983.62999999998
Baseline Manual,239,100,57,0.57,29.936308423976108,43.823880870036106,55,0.9649122807017544,153014.5
Baseline Manual,240,100,55,0.55,27.956707718761947,40.18024339429945,52,0.9454545454545454,121214.06
Baseline Manual,241,100,63,0.63,29.93970647579748,40.899281818509095,60,0.9523809523809523,146051.65
Baseline Manual,242,100,56,0.56,30.33659954401826,40.938933902773485,54,0.9642857142857143,123625.62
Baseline Manual,243,100,67,0.67,31.00595268464317,44.7560758725091,67,1.0,157443.14
Baseline Manual,244,100,60,0.6,30.71992153367288,42.99128640267943,59,0.9833333333333333,153132.7
Baseline Manual,245,100,64,0.64,28.696233663413626,41.34035917290482,62,0.96875,191683.61000000002
Baseline Manual,246,100,59,0.59,30.889938652350022,42.869874650581444,58,0.9830508474576272,189506.87
Baseline Manual,247,100,60,0.6,29.305724818692916,41.21558156372524,57,0.95,128323.17
Baseline Manual,248,100,61,0.61,31.15331680142192,44.693772392413734,60,0.9836065573770492,147063.67000000004
Baseline Manual,249,100,65,0.65,29.986965067750578,40.07991369971087,62,0.9538461538461539,132515.56
Baseline Manual,250,100,60,0.6,30.628328084613234,43.05405348772195,60,1.0,168191.49
Baseline Manual,251,100,66,0.66,31.16481017813586,40.83356639177018,66,1.0,188943.03
Baseline Manual,252,100,57,0.57,30.727066924807346,42.4581097313113,56,0.9824561403508771,164974.38000000003
Baseline Manual,253,100,58,0.58,30.734995046026473,41.56025729938594,57,0.9827586206896551,194881.63
Baseline Manual,254,100,70,0.7,30.51799394403533,45.47313598732914,67,0.9571428571428572,234458.64
Baseline Manual,255,100,57,0.57,28.92862274743055,41.07249444774443,55,0.9649122807017544,127511.1
Baseline Manual,256,100,64,0.64,29.707929349595645,40.902523635153635,64,1.0,198802.5
Baseline Manual,257,100,64,0.64,29.18621269380379,41.76205344880256,64,1.0,123974.14000000001
Baseline Manual,258,100,57,0.57,29.346563896679694,44.56497203049944,55,0.9649122807017544,147290.03
Baseline Manual,259,100,55,0.55,29.544373362006585,41.70045136723489,53,0.9636363636363636,152738.58999999997
Baseline Manual,260,100,62,0.62,29.421186144563382,43.37417798858259,58,0.9354838709677419,131115.4
Baseline Manual,261,100,60,0.6,30.643563214376393,43.64440298483062,58,0.9666666666666667,206438.2
Baseline Manual,262,100,62,0.62,30.689400506735712,40.412492703579254,60,0.967741935483871,164253.94000000006
Baseline Manual,263,100,61,0.61,29.822383051397388,44.8835671016046,57,0.9344262295081968,150886.03000000003
Baseline Manual,264,100,58,0.58,30.60947844223662,42.13885070094475,57,0.9827586206896551,127745.99
Baseline Manual,265,100,58,0.58,31.439757295499568,42.844505063512415,58,1.0,125158.27
Baseline Manual,266,100,53,0.53,29.3445425766448,40.54943094825619,52,0.9811320754716981,108348.20000000001
Baseline Manual,267,100,56,0.56,30.743622648426832,43.558783390083796,55,0.9821428571428571,118612.04999999999
Baseline Manual,268,100,64,0.64,28.921689970655105,38.85568789034793,61,0.953125,169397.59000000003
Baseline Manual,269,100,52,0.52,28.3493204618911,41.92658224242869,51,0.9807692307692307,152452.55
Baseline Manual,270,100,66,0.66,29.41520052441158,40.08128142820482,64,0.9696969696969697,168481.1
Baseline Manual,271,100,63,0.63,31.39150129451717,42.84595839010216,60,0.9523809523809523,159902.85000000003
Baseline Manual,272,100,49,0.49,28.419179709266974,37.38620780358929,49,1.0,100861.58
Baseline Manual,273,100,54,0.54,30.339211006446394,42.87701393222684,52,0.9629629629629629,105549.08000000002
Baseline Manual,274,100,59,0.59,30.729373008357,43.44100160848627,57,0.9661016949152542,151476.92
Baseline Manual,275,100,65,0.65,32.14688333913101,43.71344343677731,65,1.0,173293.41999999998
Baseline Manual,276,100,63,0.63,28.93190898889748,39.81985412294952,61,0.9682539682539683,162643.66999999998
Baseline Manual,277,100,58,0.58,30.006043796553215,42.357068178392375,57,0.9827586206896551,215565.32
Baseline Manual,278,100,61,0.61,30.07302873539524,38.6679827122495,60,0.9836065573770492,157960.63999999998
Baseline Manual,279,100,65,0.65,30.51645390519757,43.459332216594134,64,0.9846153846153847,147475.83000000002
Baseline Manual,280,100,56,0.56,31.908052685415075,43.165305545100246,56,1.0,133595.43
Baseline Manual,281,100,60,0.6,30.03847769814762,43.43722565399125,59,0.9833333333333333,143741.96
Baseline Manual,282,100,62,0.62,29.801227387074263,39.423710141894226,61,0.9838709677419355,174539.31
Baseline Manual,283,100,61,0.61,29.79192995190575,39.91443386144041,60,0.9836065573770492,149074.25
Baseline Manual,284,100,68,0.68,30.275129514469032,41.85733700610791,68,1.0,187490.79999999996
Baseline Manual,285,100,64,0.64,31.20358484055757,42.304708352701574,64,1.0,128576.04000000001
Baseline Manual,286,100,65,0.65,29.034959025363225,41.01146243852938,63,0.9692307692307692,136465.06999999998
Baseline Manual,287,100,61,0.61,30.052002598294028,42.07273146063514,60,0.9836065573770492,144639.52
Baseline Manual,288,100,59,0.59,29.78720081276764,44.662481671481096,56,0.9491525423728814,141512.50000000003
Baseline Manual,289,100,57,0.57,31.28795837395937,43.25791482465039,56,0.9824561403508771,100913.34
Baseline Manual,290,100,56,0.56,28.965380288993515,44.568367181768465,54,0.9642857142857143,178281.11
Baseline Manual,291,100,64,0.64,28.71156611152392,43.375110196746604,64,1.0,164849.72999999998
Baseline Manual,292,100,53,0.53,29.361498177003334,39.44317653120026,50,0.9433962264150944,144436.5
Baseline Manual,293,100,64,0.64,31.540764272212336,45.970772925091154,62,0.96875,166365.72
Baseline Manual,294,100,62,0.62,29.97981341678194,41.8791480081222,62,1.0,128827.46000000002
Baseline Manual,295,100,64,0.64,28.872277780611846,40.707077428088624,61,0.953125,179847.64
Baseline Manual,296,100,61,0.61,31.509102290239984,44.1596343993848,59,0.9672131147540983,141781.46
Baseline Manual,297,100,64,0.64,31.930823143589535,44.96619963134703,62,0.96875,184970.84000000003
Baseline Manual,298,100,51,0.51,30.178306096731376,42.90188342296052,48,0.9411764705882353,119738.75
Baseline Manual,299,100,67,0.67,29.627074948906742,43.46257672441175,65,0.9701492537313433,136187.61000000002
Baseline Manual,300,100,63,0.63,29.107097039916567,42.53676496653434,61,0.9682539682539683,155292.27
Baseline Manual,301,100,55,0.55,28.63397452820641,43.420789002106694,53,0.9636363636363636,167730.51
Baseline Manual,302,100,55,0.55,28.029247566888145,39.544029149954355,53,0.9636363636363636,152263.67
Baseline Manual,303,100,56,0.56,31.178847183904654,43.936046960814465,56,1.0,110917.09
Baseline Manual,304,100,54,0.54,29.232089389741482,40.01038653941034,52,0.9629629629629629,123720.15
Baseline Manual,305,100,66,0.66,28.577822663081957,41.577615229610586,63,0.9545454545454546,184337.21
Baseline Manual,306,100,66,0.66,30.123348933670886,44.241111273798396,62,0.9393939393939394,135679.81
Baseline Manual,307,100,63,0.63,32.64093662438052,46.28438359319446,61,0.9682539682539683,184463.07000000004
Baseline Manual,308,100,60,0.6,30.284320345780202,44.33886346770388,59,0.9833333333333333,102918.1
Baseline Manual,309,100,55,0.55,31.70476756303123,47.46649613037344,54,0.9818181818181818,162156.04000000004
Baseline Manual,310,100,59,0.59,31.63129456447298,41.69465516582495,58,0.9830508474576272,119723.09000000003
Baseline Manual,311,100,60,0.6,30.02591039749717,43.43519911094845,60,1.0,156542.09
Baseline Manual,312,100,71,0.71,27.41919142894598,37.667862926412155,68,0.9577464788732394,154929.51
Baseline Manual,313,100,55,0.55,30.341026592312797,40.24677936723008,55,1.0,133909.99000000002
Baseline Manual,314,100,63,0.63,27.291618989471374,38.14890532451234,61,0.9682539682539683,164790.88999999998
Baseline Manual,315,100,66,0.66,30.06631091008556,47.345311820245755,66,1.0,209380.14
Baseline Manual,316,100,65,0.65,29.365862036383927,46.089115299224,61,0.9384615384615385,151062.07
Baseline Manual,317,100,64,0.64,29.738707902190036,41.199434879199536,62,0.96875,169448.21000000002
Baseline Manual,318,100,49,0.49,30.026894312868716,44.790526521470994,47,0.9591836734693877,105889.88
Baseline Manual,319,100,52,0.52,29.984706096710354,40.16756980195207,50,0.9615384615384616,102197.23999999999
Baseline Manual,320,100,60,0.6,30.400797796123975,40.66649488828439,58,0.9666666666666667,119611.88
Baseline Manual,321,100,61,0.61,31.378823878988854,40.771474470086204,61,1.0,124086.97999999998
Baseline Manual,322,100,53,0.53,30.46763925224107,44.770638553015935,51,0.9622641509433962,176771.97000000003
Baseline Manual,323,100,70,0.7,31.135254356201262,42.52775771067284,69,0.9857142857142858,170228.84000000003
Baseline Manual,324,100,60,0.6,29.707985310019406,42.31277628736965,60,1.0,161076.02000000005
Baseline Manual,325,100,56,0.56,27.828040214995124,41.72185181147766,53,0.9464285714285714,151291.91
Baseline Manual,326,100,67,0.67,29.76990351327754,41.64609340714524,63,0.9402985074626866,221779.37
Baseline Manual,327,100,57,0.57,27.872000451483732,40.65949887355215,54,0.9473684210526315,148092.18
Baseline Manual,328,100,53,0.53,29.2397998617104,40.851329542394964,48,0.9056603773584906,124669.65
Baseline Manual,329,100,57,0.57,28.446271830171383,39.20402384369749,54,0.9473684210526315,147572.37
Baseline Manual,330,100,54,0.54,28.43419370270099,42.54111264189864,53,0.9814814814814815,147136.96
Baseline Manual,331,100,63,0.63,29.84974214793852,43.23685522280749,62,0.9841269841269841,155890.72999999998
Baseline Manual,332,100,58,0.58,30.257978878567776,42.35382512633666,56,0.9655172413793104,141158.41999999998
Baseline Manual,333,100,55,0.55,30.592162979505378,42.62147372856689,55,1.0,116511.98
Baseline Manual,334,100,60,0.6,29.41355825114697,45.472159814603785,58,0.9666666666666667,142145.00000000003
Baseline Manual,335,100,54,0.54,30.16047916162026,43.460093084718146,53,0.9814814814814815,96564.12
Baseline Manual,336,100,61,0.61,30.029040615960273,40.7130013297968,58,0.9508196721311475,112233.87999999999
Baseline Manual,337,100,61,0.61,32.07404539397713,43.44987811804791,60,0.9836065573770492,150557.83
Baseline Manual,338,100,69,0.69,31.21834897766631,42.872670610689845,64,0.927536231884058,186116.86000000002
Baseline Manual,339,100,65,0.65,31.64985997937776,42.46128173028352,65,1.0,174112.91999999998
Baseline Manual,340,100,56,0.56,31.58920736179649,47.649093248832926,54,0.9642857142857143,143379.90999999997
Baseline Manual,341,100,65,0.65,29.114949255483065,39.282195393175584,63,0.9692307692307692,195353.53999999998
Baseline Manual,342,100,63,0.63,28.65028509290775,44.003114470699934,59,0.9365079365079365,190443.94999999995
Baseline Manual,343,100,55,0.55,30.09168865853702,45.56640971974729,54,0.9818181818181818,149889.15
Baseline Manual,344,100,54,0.54,29.094592302943486,40.19356987835544,50,0.9259259259259259,151002.87
Baseline Manual,345,100,63,0.63,29.9689483493865,46.93624695206548,62,0.9841269841269841,143040.36999999997
Baseline Manual,346,100,62,0.62,29.773911680175033,40.36585432892895,60,0.967741935483871,194776.17999999996
Baseline Manual,347,100,64,0.64,29.82080320212866,42.17285692092282,62,0.96875,167130.88
Baseline Manual,348,100,61,0.61,29.53395527993232,43.25289453982412,59,0.9672131147540983,147724.02000000002
Baseline Manual,349,100,64,0.64,29.75707704648917,41.42935803699903,63,0.984375,235118.88
Baseline Manual,350,100,62,0.62,31.083220911284652,45.06858343492377,62,1.0,143640.93000000002
Baseline Manual,351,100,69,0.69,30.247884653460975,44.35322944581356,67,0.9710144927536232,171958.74000000002
Baseline Manual,352,100,59,0.59,29.145837283601228,42.17518539024271,53,0.8983050847457628,159191.47999999998
Baseline Manual,353,100,72,0.72,30.507447929880374,42.04600867825511,70,0.9722222222222222,190940.45
Baseline Manual,354,100,63,0.63,30.507084153427048,40.54813344957016,62,0.9841269841269841,184599.74000000002
Baseline Manual,355,100,59,0.59,30.560344088680285,43.520477471919264,58,0.9830508474576272,163772.34
Baseline Manual,356,100,60,0.6,29.24789042917998,44.11664702190022,58,0.9666666666666667,119187.48
Baseline Manual,357,100,61,0.61,30.70130119446386,43.273045679400695,60,0.9836065573770492,139420.86
Baseline Manual,358,100,68,0.68,29.548905184334018,43.84066417214948,65,0.9558823529411765,149218.24
Baseline Manual,359,100,60,0.6,30.843063640945903,43.316237224155884,58,0.9666666666666667,117282.94999999997
Baseline Manual,360,100,68,0.68,30.405807138499057,40.604798750614734,68,1.0,138801.83999999997
Baseline Manual,361,100,64,0.64,30.402717046572164,43.879428010246414,64,1.0,143697.83000000002
Baseline Manual,362,100,65,0.65,28.392676067729532,43.92957652124004,61,0.9384615384615385,150738.51
Baseline Manual,363,100,50,0.5,29.7159210849038,43.358701154361476,50,1.0,115693.67000000001
Baseline Manual,364,100,57,0.57,31.87782366006634,43.99869083265783,55,0.9649122807017544,126584.74999999999
Baseline Manual,365,100,64,0.64,30.971606120072458,41.739648964351325,62,0.96875,167744.63
Baseline Manual,366,100,59,0.59,30.52806562202181,41.760239233544425,59,1.0,150637.96000000002
Baseline Manual,367,100,58,0.58,30.438548849076835,40.56537161575116,57,0.9827586206896551,168245.61
Baseline Manual,368,100,59,0.59,29.754505495865487,44.85550026879765,58,0.9830508474576272,135834.28
Baseline Manual,369,100,58,0.58,31.095588992750496,48.94971973494672,57,0.9827586206896551,152846.58999999997
Baseline Manual,370,100,60,0.6,28.204514991014246,38.43636829722849,57,0.95,115506.98000000001
Baseline Manual,371,100,57,0.57,32.289847354855304,44.079433593101406,56,0.9824561403508771,154973.90000000005
Baseline Manual,372,100,56,0.56,30.824627253615173,43.30472363487716,56,1.0,153871.19
Baseline Manual,373,100,65,0.65,30.663788532225553,44.11568486293109,63,0.9692307692307692,209912.51000000004
Baseline Manual,374,100,61,0.61,29.637595581074578,38.8018788976384,59,0.9672131147540983,166677.38999999998
Baseline Manual,375,100,62,0.62,29.56915610688446,42.8388168545183,62,1.0,163750.03999999998
Baseline Manual,376,100,66,0.66,31.862278888849183,42.16543290433647,65,0.9848484848484849,192660.58
Baseline Manual,377,100,53,0.53,29.917622698922077,41.19494743460119,51,0.9622641509433962,121743.24
Baseline Manual,378,100,60,0.6,29.233512901682126,40.39788756733884,59,0.9833333333333333,122352.5
Baseline Manual,379,100,65,0.65,30.16349037785211,43.91353250820576,63,0.9692307692307692,207337.93
Baseline Manual,380,100,60,0.6,31.165262168123338,43.595129245049996,57,0.95,135977.05
Baseline Manual,381,100,56,0.56,30.303172448211722,44.00815203448738,54,0.9642857142857143,138243.74
Baseline Manual,382,100,63,0.63,30.98689749966844,44.533475119268076,61,0.9682539682539683,133363.53
Baseline Manual,383,100,59,0.59,30.491790553936514,40.88643627452702,58,0.9830508474576272,180321.71
Baseline Manual,384,100,60,0.6,29.928131786568436,42.45213058946436,59,0.9833333333333333,143804.1
Baseline Manual,385,100,53,0.53,31.185678087280035,43.96547439834902,53,1.0,118618.51
Baseline Manual,386,100,62,0.62,29.683539836464995,42.48715900426038,61,0.9838709677419355,176393.48
Baseline Manual,387,100,59,0.59,28.27857196682514,40.888140516376204,57,0.9661016949152542,192509.47000000003
Baseline Manual,388,100,61,0.61,26.4978636046317,36.13251292048886,57,0.9344262295081968,151054.17
Baseline Manual,389,100,59,0.59,28.842815229058395,38.850221640345204,57,0.9661016949152542,172752.56
Baseline Manual,390,100,52,0.52,29.058817250509225,38.72535234169102,52,1.0,152187.37000000002
Baseline Manual,391,100,60,0.6,30.351532913440497,40.46244266352472,59,0.9833333333333333,165729.16
Baseline Manual,392,100,54,0.54,29.871442053500022,44.349291902304834,51,0.9444444444444444,105806.79000000001
Baseline Manual,393,100,56,0.56,29.967702823646864,42.56108469307371,56,1.0,137308.87
Baseline Manual,394,100,53,0.53,31.284582640275225,43.670062654627024,53,1.0,173989.45
Baseline Manual,395,100,52,0.52,29.95647453966156,43.49684643689877,51,0.9807692307692307,173696.20000000004
Baseline Manual,396,100,55,0.55,32.40458268463973,46.608999441793195,54,0.9818181818181818,135281.13999999998
Baseline Manual,397,100,52,0.52,31.934392405401244,44.63007714798643,52,1.0,114756.14
Baseline Manual,398,100,58,0.58,31.63202289179056,40.454593656031854,58,1.0,129732.41000000002
Baseline Manual,399,100,63,0.63,29.50124765135175,39.44010484404845,61,0.9682539682539683,180044.92
Baseline Manual,400,100,56,0.56,28.851584972935647,40.50186957786795,50,0.8928571428571429,177675.0
Baseline Manual,401,100,63,0.63,27.518897687651616,42.15434176468067,61,0.9682539682539683,178915.77000000002
Baseline Manual,402,100,62,0.62,30.182811561215598,43.16806803215905,62,1.0,196263.64
Baseline Manual,403,100,63,0.63,30.044633104131137,45.47509329846728,62,0.9841269841269841,141757.57999999996
Baseline Manual,404,100,65,0.65,28.895548977599447,40.926167061955844,62,0.9538461538461539,124642.05
Baseline Manual,405,100,65,0.65,30.8639207514028,42.90184570945606,63,0.9692307692307692,165693.94999999998
Baseline Manual,406,100,61,0.61,31.027950448588754,44.81407889606819,59,0.9672131147540983,180962.22999999998
Baseline Manual,407,100,64,0.64,30.56817421070174,46.73762611831322,62,0.96875,120356.02
Baseline Manual,408,100,67,0.67,30.280255131290662,44.139302030695404,64,0.9552238805970149,236839.68
Baseline Manual,409,100,68,0.68,29.546580448857213,39.91929916669898,66,0.9705882352941176,180901.21000000002
Baseline Manual,410,100,60,0.6,30.22453115656389,39.47943873673862,60,1.0,126452.91
Baseline Manual,411,100,64,0.64,30.268838479152585,41.98883876695584,61,0.953125,185471.31
Baseline Manual,412,100,64,0.64,29.18005206777392,41.477764922256426,59,0.921875,139970.09
Baseline Manual,413,100,58,0.58,31.37566841463571,45.25834500559634,56,0.9655172413793104,228480.25
Baseline Manual,414,100,61,0.61,30.572069496983648,42.42426419369194,61,1.0,137032.29
Baseline Manual,415,100,66,0.66,30.600459704910996,43.32517845888777,64,0.9696969696969697,158978.28
Baseline Manual,416,100,58,0.58,28.855771213580354,44.690753770246374,53,0.9137931034482759,144287.8
Baseline Manual,417,100,63,0.63,28.37451874319304,41.220694619789526,60,0.9523809523809523,216714.52000000002
Baseline Manual,418,100,58,0.58,30.573950265849476,41.635243079885015,55,0.9482758620689655,173543.70999999996
Baseline Manual,419,100,63,0.63,29.448483088584446,41.249553419805814,62,0.9841269841269841,112523.49
Baseline Manual,420,100,62,0.62,28.7188589353992,41.74221365023932,57,0.9193548387096774,130726.91
Baseline Manual,421,100,69,0.69,30.19444079737341,41.06173795956402,68,0.9855072463768116,199334.9
Baseline Manual,422,100,72,0.72,28.866103549459677,41.059223763062434,65,0.9027777777777778,168692.79
Baseline Manual,423,100,69,0.69,29.182656146640003,41.43908841516094,66,0.9565217391304348,183838.12
Baseline Manual,424,100,65,0.65,30.684337956283986,46.614939028867965,62,0.9538461538461539,150634.77000000002
Baseline Manual,425,100,62,0.62,31.14469742664393,42.305942701974914,61,0.9838709677419355,108010.79
Baseline Manual,426,100,60,0.6,31.810565163861316,47.00908077127653,60,1.0,133530.25999999998
Baseline Manual,427,100,52,0.52,28.99571707495567,36.38830563243644,51,0.9807692307692307,156560.44
Baseline Manual,428,100,60,0.6,30.7697301564269,42.125745719095825,59,0.9833333333333333,176080.15999999997
Baseline Manual,429,100,51,0.51,29.409625367992096,44.17582026448025,48,0.9411764705882353,124547.75000000001
Baseline Manual,430,100,61,0.61,29.964083393979728,42.454891320630125,59,0.9672131147540983,142063.94000000003
Baseline Manual,431,100,51,0.51,29.820157601578664,41.57942009041895,51,1.0,117125.05
Baseline Manual,432,100,65,0.65,31.385201190537707,44.412905780422896,63,0.9692307692307692,165872.8
Baseline Manual,433,100,54,0.54,29.339663114378205,38.67196036782259,51,0.9444444444444444,149771.57
Baseline Manual,434,100,48,0.48,29.429625277166327,43.278514487529634,47,0.9791666666666666,113341.18999999999
Baseline Manual,435,100,52,0.52,30.64234818255624,42.88619798592633,50,0.9615384615384616,108958.54000000001
Baseline Manual,436,100,63,0.63,31.261955008384067,44.20129074624819,63,1.0,156436.25999999998
Baseline Manual,437,100,56,0.56,29.543407623624994,44.50268874797949,54,0.9642857142857143,129382.62000000001
Baseline Manual,438,100,65,0.65,30.361670364147262,41.655139497545726,65,1.0,204587.1
Baseline Manual,439,100,59,0.59,31.366524567712133,41.488729513597455,59,1.0,148232.05
Baseline Manual,440,100,63,0.63,31.981183258646244,46.64228822147672,62,0.9841269841269841,197970.26000000004
Baseline Manual,441,100,57,0.57,31.14668101092027,41.10207938155315,57,1.0,144896.03
Baseline Manual,442,100,47,0.47,29.7776184568761,40.37506181555401,45,0.9574468085106383,78383.82999999999
Baseline Manual,443,100,67,0.67,30.491382807644218,43.986443653687815,63,0.9402985074626866,173853.55
Baseline Manual,444,100,49,0.49,31.30121091316196,45.16997421161672,46,0.9387755102040817,104241.26
Baseline Manual,445,100,63,0.63,30.713020979669786,44.559023156543546,63,1.0,153730.53
Baseline Manual,446,100,62,0.62,31.18807523086753,44.189822722875164,62,1.0,139315.1
Baseline Manual,447,100,63,0.63,30.295991125503164,41.43308097679705,59,0.9365079365079365,185321.02
Baseline Manual,448,100,62,0.62,29.917605454782425,43.529905266007674,59,0.9516129032258065,137215.36
Baseline Manual,449,100,60,0.6,31.63852558638647,40.8132748642218,60,1.0,172062.11
Baseline Manual,450,100,67,0.67,29.60804673272251,46.16733333173721,65,0.9701492537313433,158921.8
Baseline Manual,451,100,58,0.58,31.60251074724313,46.44346752168028,56,0.9655172413793104,190396.34999999998
Baseline Manual,452,100,61,0.61,30.78619885425629,46.05630338543345,61,1.0,204910.33
Baseline Manual,453,100,62,0.62,31.452677231384204,46.890068710256784,61,0.9838709677419355,151150.37
Baseline Manual,454,100,68,0.68,30.624423878408464,41.42197707961636,67,0.9852941176470589,202738.60000000003
Baseline Manual,455,100,58,0.58,30.23564239966324,41.86324624483172,57,0.9827586206896551,104097.48000000001
Baseline Manual,456,100,67,0.67,32.13623850624976,43.215355364100056,66,0.9850746268656716,185325.39000000004
Baseline Manual,457,100,62,0.62,29.48775073202454,41.95485583667392,62,1.0,216921.99
Baseline Manual,458,100,67,0.67,29.680253259201656,41.4064869278199,65,0.9701492537313433,170499.19999999998
Baseline Manual,459,100,60,0.6,29.464268924508076,41.19579586523451,58,0.9666666666666667,164208.25
Baseline Manual,460,100,65,0.65,29.61399361813464,41.61316999699862,63,0.9692307692307692,169436.62
Baseline Manual,461,100,65,0.65,30.305645502407817,43.93443362685964,59,0.9076923076923077,149261.19
Baseline Manual,462,100,61,0.61,31.786780862151495,44.23833185414206,60,0.9836065573770492,151314.93
Baseline Manual,463,100,58,0.58,28.468693478022455,45.70752574880055,53,0.9137931034482759,143310.82
Baseline Manual,464,100,57,0.57,29.315643733341176,42.31969626865952,56,0.9824561403508771,160479.93000000002
Baseline Manual,465,100,66,0.66,29.072850004371695,44.35782091226628,61,0.9242424242424242,227824.8
Baseline Manual,466,100,64,0.64,29.86212045227918,42.475999620244636,63,0.984375,148137.62
Baseline Manual,467,100,68,0.68,26.85150696840466,39.6790825524106,64,0.9411764705882353,166964.91999999998
Baseline Manual,468,100,55,0.55,31.568853178758626,40.75929859357207,55,1.0,134458.25
Baseline Manual,469,100,60,0.6,29.61755650357301,44.01336976129513,57,0.95,136523.00999999998
Baseline Manual,470,100,60,0.6,28.787183116187286,39.70872158503631,58,0.9666666666666667,124846.07
Baseline Manual,471,100,61,0.61,30.636356193484712,42.75948177286543,61,1.0,148246.56
Baseline Manual,472,100,61,0.61,28.636649119517934,42.243317946095154,56,0.9180327868852459,190034.61
Baseline Manual,473,100,63,0.63,30.66150426280658,42.58602696248343,61,0.9682539682539683,142679.21
Baseline Manual,474,100,66,0.66,30.553141281618068,41.00923555801424,66,1.0,192403.34
Baseline Manual,475,100,54,0.54,29.924726748566307,42.793488624437124,54,1.0,109394.2
Baseline Manual,476,100,62,0.62,29.792831591521395,41.24775117253108,61,0.9838709677419355,176738.33
Baseline Manual,477,100,63,0.63,30.721168397062815,43.887736963993596,61,0.9682539682539683,171304.72000000003
Baseline Manual,478,100,57,0.57,28.930890691605327,39.77223320294773,56,0.9824561403508771,149144.71
Baseline Manual,479,100,62,0.62,28.691453632331907,42.400426664048794,60,0.967741935483871,128126.79
Baseline Manual,480,100,59,0.59,31.706405688649905,44.70504152918957,57,0.9661016949152542,183507.68
Baseline Manual,481,100,57,0.57,31.72559620520323,42.124815526484824,57,1.0,145606.3
Baseline Manual,482,100,66,0.66,30.714908127748572,43.26211898340976,63,0.9545454545454546,110124.65
Baseline Manual,483,100,53,0.53,29.842191568747737,42.48184367529002,51,0.9622641509433962,110526.64000000001
Baseline Manual,484,100,63,0.63,31.39515698555591,44.20389491019833,61,0.9682539682539683,180300.87999999998
Baseline Manual,485,100,55,0.55,29.03494265072801,41.71687495738944,50,0.9090909090909091,217979.02
Baseline Manual,486,100,61,0.61,28.342773292337643,40.049710815458795,57,0.9344262295081968,212283.59999999998
Baseline Manual,487,100,57,0.57,30.773485221489526,45.967808502299526,56,0.9824561403508771,162529.22999999998
Baseline Manual,488,100,61,0.61,31.413620882720867,47.17279424703817,60,0.9836065573770492,128580.44000000002
Baseline Manual,489,100,56,0.56,29.608697257000056,44.502816070461975,51,0.9107142857142857,170547.5
Baseline Manual,490,100,56,0.56,29.82721295850619,44.863205278136235,53,0.9464285714285714,152350.58000000002
Baseline Manual,491,100,61,0.61,31.84185063650132,47.41154508794615,59,0.9672131147540983,120604.81000000001
Baseline Manual,492,100,71,0.71,29.465232608863133,43.38318877669715,68,0.9577464788732394,260169.03999999998
Baseline Manual,493,100,69,0.69,28.85460068978573,41.91840979412337,68,0.9855072463768116,145774.08
Baseline Manual,494,100,54,0.54,30.882041405355668,44.17964301881005,52,0.9629629629629629,161999.41999999998
Baseline Manual,495,100,53,0.53,30.781223890394728,44.94854074856089,51,0.9622641509433962,167436.47
Baseline Manual,496,100,62,0.62,30.523212635692623,39.932620018352445,60,0.967741935483871,187906.54
Baseline Manual,497,100,64,0.64,29.773834395591983,41.65043828638074,64,1.0,184074.69
Baseline Manual,498,100,67,0.67,29.918640886242468,43.13280864965341,63,0.9402985074626866,131484.80000000002
Baseline Manual,499,100,58,0.58,30.226584052689166,42.56952443899281,57,0.9827586206896551,134548.31
Baseline Manual,500,100,64,0.64,31.470038871579703,45.20901954585881,63,0.984375,176894.83000000002
Baseline Manual,501,100,53,0.53,30.195001437291282,44.25467632832924,51,0.9622641509433962,132417.9
Baseline Manual,502,100,58,0.58,29.653077842201945,41.7099106109231,56,0.9655172413793104,104730.29000000001
Baseline Manual,503,100,65,0.65,30.396171340677782,41.36920125634942,64,0.9846153846153847,136516.49
Baseline Manual,504,100,49,0.49,31.02021629228975,46.82852476354287,48,0.9795918367346939,119859.51000000001
Baseline Manual,505,100,60,0.6,29.199890647703068,42.51049761817187,59,0.9833333333333333,133203.32
Baseline Manual,506,100,57,0.57,29.419539447280393,45.6018023163824,54,0.9473684210526315,153554.61000000002
Baseline Manual,507,100,61,0.61,29.474935639989912,40.969846384328804,60,0.9836065573770492,212857.59000000005
Baseline Manual,508,100,65,0.65,29.847410931853965,40.84939059026575,65,1.0,186966.19
Baseline Manual,509,100,63,0.63,31.083162347903485,45.25333306665409,62,0.9841269841269841,151725.95
Baseline Manual,510,100,64,0.64,30.430761061696632,43.17433907917798,62,0.96875,103282.35
Baseline Manual,511,100,63,0.63,29.731337005315446,45.27028041690014,62,0.9841269841269841,190974.63000000003
Baseline Manual,512,100,55,0.55,31.67378105879006,42.22501827964071,55,1.0,135526.60000000003
Baseline Manual,513,100,57,0.57,31.296963879174463,43.239726677152376,57,1.0,191553.02000000002
Baseline Manual,514,100,65,0.65,29.858836698067933,41.763099031006774,63,0.9692307692307692,181991.49
Baseline Manual,515,100,59,0.59,29.59882513122471,40.573304649036146,57,0.9661016949152542,149271.46000000002
Baseline Manual,516,100,62,0.62,28.83085245016423,40.15445160998747,61,0.9838709677419355,207604.33999999997
Baseline Manual,517,100,55,0.55,27.491012561743908,40.56616748132574,53,0.9636363636363636,143429.88
Baseline Manual,518,100,64,0.64,30.070020310030223,42.779326099333026,61,0.953125,191036.88
Baseline Manual,519,100,57,0.57,29.802486279332644,42.37859189565981,56,0.9824561403508771,136109.21
Baseline Manual,520,100,67,0.67,29.97209526445492,40.93096064973838,67,1.0,158505.0
Baseline Manual,521,100,58,0.58,30.357817668507057,46.522937012751974,55,0.9482758620689655,182398.36
Baseline Manual,522,100,63,0.63,28.21489809253255,39.310990640612644,58,0.9206349206349206,187826.01
Baseline Manual,523,100,53,0.53,31.231831446297644,46.41947050398907,53,1.0,131933.12
Baseline Manual,524,100,62,0.62,31.65350912907549,43.769750918236646,62,1.0,144418.79
Baseline Manual,525,100,64,0.64,30.295195587597753,43.70933416552065,62,0.96875,176561.18000000002
Baseline Manual,526,100,55,0.55,29.60205195612862,42.87304529730547,47,0.8545454545454545,134788.23
Baseline Manual,527,100,58,0.58,30.403428643453864,39.60359160132332,58,1.0,158586.90000000002
Baseline Manual,528,100,57,0.57,29.84340462696755,40.41444172826122,56,0.9824561403508771,150641.65
Baseline Manual,529,100,58,0.58,29.942752614359307,42.63221709975729,56,0.9655172413793104,183817.41
Baseline Manual,530,100,65,0.65,31.048999260866754,42.850037214892424,65,1.0,162775.47
Baseline Manual,531,100,64,0.64,29.86755137737915,43.301996252167974,63,0.984375,151792.6
Baseline Manual,532,100,60,0.6,30.018298277890114,39.97318848010072,60,1.0,194507.02
Baseline Manual,533,100,63,0.63,28.22916517864388,37.28168680530452,60,0.9523809523809523,181685.24
Baseline Manual,534,100,62,0.62,31.298592489783193,46.337396343832715,60,0.967741935483871,134996.32
Baseline Manual,535,100,59,0.59,28.41709788909919,42.021863658289554,55,0.9322033898305084,151445.62999999998
Baseline Manual,536,100,52,0.52,29.378812257632376,40.25122874129678,52,1.0,126642.57999999999
Baseline Manual,537,100,58,0.58,29.795179271879274,41.13343603544064,54,0.9310344827586207,173969.76999999996
Baseline Manual,538,100,61,0.61,29.202012281177517,38.58679129318118,59,0.9672131147540983,111686.46
Baseline Manual,539,100,64,0.64,29.165360944097838,43.01191135962297,62,0.96875,121473.1
Baseline Manual,540,100,67,0.67,31.23439247883687,45.63322274423541,64,0.9552238805970149,171873.18999999997
Baseline Manual,541,100,53,0.53,32.18233056258899,46.25467520990259,52,0.9811320754716981,139184.58
Baseline Manual,542,100,63,0.63,30.460294664842674,41.24768556930354,63,1.0,155190.8
Baseline Manual,543,100,55,0.55,31.197223681489227,46.71087014959749,55,1.0,145160.78000000003
Baseline Manual,544,100,59,0.59,31.102836932112215,44.94600182435849,57,0.9661016949152542,138609.56999999998
Baseline Manual,545,100,57,0.57,28.622329760806302,42.245818680041715,53,0.9298245614035088,124670.46999999999
Baseline Manual,546,100,60,0.6,30.609070138497557,42.14710215685406,60,1.0,123864.37
Baseline Manual,547,100,52,0.52,29.68591706475685,42.7483567359328,52,1.0,154274.55000000002
Baseline Manual,548,100,59,0.59,28.979754206744417,40.88361922834217,56,0.9491525423728814,137745.93000000002
Baseline Manual,549,100,53,0.53,28.68514587540416,44.54494674613104,50,0.9433962264150944,124504.87999999999
Baseline Manual,550,100,67,0.67,29.102886722652293,41.72375442461301,63,0.9402985074626866,129635.2
Baseline Manual,551,100,59,0.59,31.099651026147846,44.15314707369577,57,0.9661016949152542,129602.56
Baseline Manual,552,100,64,0.64,29.48012632770594,39.323658087084816,63,0.984375,151159.52000000002
Baseline Manual,553,100,54,0.54,33.23986694391207,45.691849354494515,53,0.9814814814814815,129490.63
Baseline Manual,554,100,61,0.61,29.402149091697773,38.67882308578544,59,0.9672131147540983,142936.02
Baseline Manual,555,100,53,0.53,30.886487918503313,43.806332223438616,51,0.9622641509433962,222386.71
Baseline Manual,556,100,60,0.6,31.01562641973719,43.09313304617531,58,0.9666666666666667,116089.92
Baseline Manual,557,100,57,0.57,30.374483941092056,44.536655027124326,54,0.9473684210526315,122947.29
Baseline Manual,558,100,66,0.66,30.93857744335657,44.150889929091704,63,0.9545454545454546,172989.27000000002
Baseline Manual,559,100,48,0.48,31.950568508661757,43.28035774942771,46,0.9583333333333334,139481.47999999998
Baseline Manual,560,100,59,0.59,28.6866359990096,38.502672873607644,59,1.0,141421.88999999998
Baseline Manual,561,100,67,0.67,30.01962308930986,44.63998733838597,66,0.9850746268656716,181513.69
Baseline Manual,562,100,64,0.64,28.872820523299474,41.2451928932116,60,0.9375,182039.64
Baseline Manual,563,100,59,0.59,30.256474017707756,42.86550066694644,59,1.0,139771.08000000002
Baseline Manual,564,100,65,0.65,32.19596514685668,45.21578417503761,63,0.9692307692307692,153971.06000000003
Baseline Manual,565,100,57,0.57,30.881623406287524,45.21902117995232,56,0.9824561403508771,132445.98
Baseline Manual,566,100,54,0.54,31.15104480763509,45.1721641807884,52,0.9629629629629629,118575.70999999999
Baseline Manual,567,100,59,0.59,29.539521433223836,43.181165959615726,58,0.9830508474576272,164838.83
Baseline Manual,568,100,60,0.6,29.372014895315274,41.65722314317068,59,0.9833333333333333,151996.76
Baseline Manual,569,100,59,0.59,30.024805418527833,44.86666917031334,57,0.9661016949152542,161195.12
Baseline Manual,570,100,64,0.64,29.594799241555492,43.35120154559437,61,0.953125,149804.66999999998
Baseline Manual,571,100,60,0.6,30.059912340762516,45.231112166037,60,1.0,191706.22
Baseline Manual,572,100,58,0.58,31.62999093445339,43.15932067513935,57,0.9827586206896551,155709.69
Baseline Manual,573,100,63,0.63,29.76787767740843,41.52452659112188,62,0.9841269841269841,179338.91000000003
Baseline Manual,574,100,53,0.53,30.31419784401536,40.940766425368544,52,0.9811320754716981,131903.84
Baseline Manual,575,100,56,0.56,29.716942064597514,41.63965970274266,56,1.0,128375.03
Baseline Manual,576,100,60,0.6,29.555290575927003,40.91029505089584,60,1.0,163233.52000000005
Baseline Manual,577,100,56,0.56,28.796914741661368,40.912445155184024,54,0.9642857142857143,117642.48999999999
Baseline Manual,578,100,57,0.57,30.086761645912123,43.396638206334224,54,0.9473684210526315,131008.37999999999
Baseline Manual,579,100,59,0.59,29.93665048045533,41.925545850242884,58,0.9830508474576272,184322.9
Baseline Manual,580,100,57,0.57,30.2699459743957,42.37705118217384,55,0.9649122807017544,150244.22
Baseline Manual,581,100,76,0.76,32.375374155331485,45.71594891508546,74,0.9736842105263158,199222.74
Baseline Manual,582,100,58,0.58,30.57945090765817,45.352934121106415,52,0.896551724137931,140752.02
Baseline Manual,583,100,59,0.59,30.444036610774205,45.39754827379596,55,0.9322033898305084,192721.55000000002
Baseline Manual,584,100,66,0.66,30.958824746463264,44.55078869506274,64,0.9696969696969697,191656.52000000002
Baseline Manual,585,100,56,0.56,29.675376105448088,43.742117188048866,55,0.9821428571428571,102784.34
Baseline Manual,586,100,57,0.57,30.935717434009447,44.85504691544596,55,0.9649122807017544,128985.22000000002
Baseline Manual,587,100,60,0.6,29.499224322649905,43.27242666588086,58,0.9666666666666667,127330.15000000001
Baseline Manual,588,100,49,0.49,29.84148698914926,43.00390659164493,45,0.9183673469387755,139318.17
Baseline Manual,589,100,54,0.54,28.905335776120232,41.89412482506329,51,0.9444444444444444,169197.04
Baseline Manual,590,100,58,0.58,28.13145080316694,40.46665394146902,55,0.9482758620689655,133352.00000000003
Baseline Manual,591,100,62,0.62,30.11130328538963,45.39453126187325,62,1.0,181247.87000000002
Baseline Manual,592,100,63,0.63,30.84346952402202,41.54382618133116,63,1.0,178965.05999999997
Baseline Manual,593,100,62,0.62,29.90890028370523,43.24805448610194,62,1.0,192023.83999999997
Baseline Manual,594,100,57,0.57,29.901444909090117,42.25189943094449,56,0.9824561403508771,157572.99
Baseline Manual,595,100,46,0.46,30.178959715850418,43.15581782884085,44,0.9565217391304348,79023.52
Baseline Manual,596,100,67,0.67,30.440708674546283,41.59950641398056,66,0.9850746268656716,199262.13
Baseline Manual,597,100,66,0.66,32.1206833629865,45.36275393673017,62,0.9393939393939394,131917.4
Baseline Manual,598,100,67,0.67,29.68008622271511,41.87885574556887,64,0.9552238805970149,129245.36999999998
Baseline Manual,599,100,60,0.6,30.198398054167104,43.287969629520646,59,0.9833333333333333,112072.48
Baseline Manual,600,100,63,0.63,29.58961988913921,41.497741075056496,62,0.9841269841269841,160547.87
Baseline Manual,601,100,64,0.64,29.60106217199025,43.23018795664524,63,0.984375,129074.36000000002
Baseline Manual,602,100,60,0.6,30.814164192324377,41.973579566423304,59,0.9833333333333333,154986.98
Baseline Manual,603,100,52,0.52,28.259648208694504,41.946502734034695,48,0.9230769230769231,89180.81000000001
Baseline Manual,604,100,73,0.73,30.71736941120476,43.13108886367081,71,0.9726027397260274,231978.36
Baseline Manual,605,100,55,0.55,29.322528552674857,41.99028631475091,52,0.9454545454545454,189581.17
Baseline Manual,606,100,57,0.57,31.335525571595856,43.528470990293954,55,0.9649122807017544,126180.89
Baseline Manual,607,100,60,0.6,30.447392087222557,41.552815694951946,60,1.0,199801.00000000003
Baseline Manual,608,100,69,0.69,31.18495935175423,47.160263263385836,68,0.9855072463768116,166531.0
Baseline Manual,609,100,53,0.53,29.704040114129555,43.90267892520249,50,0.9433962264150944,136108.59000000003
Baseline Manual,610,100,47,0.47,29.558371276423685,40.69178321510402,47,1.0,149815.09
Baseline Manual,611,100,58,0.58,30.525858720359867,44.75425592807176,57,0.9827586206896551,124057.85
Baseline Manual,612,100,56,0.56,30.814863936280158,41.932319561747605,54,0.9642857142857143,187217.5
Baseline Manual,613,100,64,0.64,28.857684744751577,42.34014082495472,60,0.9375,159114.03
Baseline Manual,614,100,64,0.64,30.771767799971435,45.61191165238674,63,0.984375,212699.45
Baseline Manual,615,100,63,0.63,30.613652369245116,43.182980179341804,62,0.9841269841269841,221986.59000000003
Baseline Manual,616,100,59,0.59,29.764901538417114,43.919575493057685,57,0.9661016949152542,114981.31999999998
Baseline Manual,617,100,60,0.6,32.248049384809065,44.2073883323556,60,1.0,141617.46
Baseline Manual,618,100,70,0.7,30.163569188725113,44.608503574622006,70,1.0,237234.77
Baseline Manual,619,100,63,0.63,29.626802575134963,42.577300017726365,61,0.9682539682539683,138934.08000000002
Baseline Manual,620,100,52,0.52,30.00105576160543,42.90641079125569,52,1.0,113588.82
Baseline Manual,621,100,50,0.5,30.947315578608006,44.29501261670972,49,0.98,140311.93000000002
Baseline Manual,622,100,63,0.63,29.39861726856451,42.84611991310611,61,0.9682539682539683,178102.48
Baseline Manual,623,100,69,0.69,31.38995559760022,44.663995715605644,67,0.9710144927536232,158227.31
Baseline Manual,624,100,59,0.59,30.855630143739386,42.84884136196531,58,0.9830508474576272,158910.25999999998
Baseline Manual,625,100,59,0.59,31.610101829951326,43.597391373076825,59,1.0,171746.63
Baseline Manual,626,100,54,0.54,31.14364589234971,45.225861074875695,53,0.9814814814814815,102215.76999999999
Baseline Manual,627,100,55,0.55,31.382453903516257,42.83034240875149,55,1.0,159085.03000000003
Baseline Manual,628,100,49,0.49,30.154375415925667,41.9694772971066,46,0.9387755102040817,87107.21999999999
Baseline Manual,629,100,55,0.55,30.215386216799992,43.123800266084075,54,0.9818181818181818,127108.71999999999
Baseline Manual,630,100,52,0.52,30.165924405545354,45.6225496201408,52,1.0,162042.08
Baseline Manual,631,100,63,0.63,29.821488997015525,41.471257552459086,61,0.9682539682539683,143903.64000000004
Baseline Manual,632,100,61,0.61,29.9725044914332,43.08754520824744,60,0.9836065573770492,111985.64000000001
Baseline Manual,633,100,54,0.54,29.466769504915526,41.64497295239462,49,0.9074074074074074,126680.54
Baseline Manual,634,100,63,0.63,30.83548370791617,43.9414504942779,61,0.9682539682539683,199985.86000000002
Baseline Manual,635,100,58,0.58,30.66479358673117,43.972767851564136,55,0.9482758620689655,163327.96999999997
Baseline Manual,636,100,54,0.54,29.300992889477925,42.01097685671312,50,0.9259259259259259,152693.59
Baseline Manual,637,100,53,0.53,30.425494990700503,41.76675871683016,50,0.9433962264150944,139494.91999999998
Baseline Manual,638,100,61,0.61,30.95603285015386,46.78117955058734,57,0.9344262295081968,129743.51000000002
Baseline Manual,639,100,64,0.64,27.917628671026552,38.78704596795517,63,0.984375,181947.42
Baseline Manual,640,100,66,0.66,30.090129046054205,43.32598657779688,63,0.9545454545454546,157246.51
Baseline Manual,641,100,64,0.64,30.03664504345388,47.45305806911363,61,0.953125,183383.01
Baseline Manual,642,100,63,0.63,30.209502767622997,41.26585024221412,59,0.9365079365079365,143029.94999999998
Baseline Manual,643,100,59,0.59,29.54588029497954,40.6100851246492,58,0.9830508474576272,147626.2
Baseline Manual,644,100,61,0.61,28.585545569394764,39.55396531732217,60,0.9836065573770492,153273.79999999996
Baseline Manual,645,100,64,0.64,28.45040305531476,42.82682882543503,60,0.9375,168003.49
Baseline Manual,646,100,59,0.59,29.030069189977077,43.634051038101326,55,0.9322033898305084,196228.18000000002
Baseline Manual,647,100,68,0.68,29.866806926863187,42.221712648663214,67,0.9852941176470589,156100.42
Baseline Manual,648,100,49,0.49,30.186642395133262,42.954181401338495,46,0.9387755102040817,122769.91
Baseline Manual,649,100,64,0.64,31.356151084759027,44.855761983365596,62,0.96875,169863.12
Baseline Manual,650,100,63,0.63,29.26906610689838,45.25889345502151,59,0.9365079365079365,135039.56
Baseline Manual,651,100,59,0.59,28.719554622223093,43.31641878619351,55,0.9322033898305084,155814.13
Baseline Manual,652,100,62,0.62,29.00463811815914,43.286686456677984,62,1.0,143846.7
Baseline Manual,653,100,61,0.61,28.929255700762475,39.800430985244404,59,0.9672131147540983,162530.15
Baseline Manual,654,100,68,0.68,30.00859344181242,43.3406958455658,65,0.9558823529411765,172852.59
Baseline Manual,655,100,51,0.51,31.01139985692776,41.03795158789234,50,0.9803921568627451,132259.81
Baseline Manual,656,100,62,0.62,30.466144049985807,42.38157829312362,59,0.9516129032258065,181376.48
Baseline Manual,657,100,59,0.59,31.38644318139292,45.51032081913294,59,1.0,169759.07
Baseline Manual,658,100,58,0.58,28.936417453563163,39.40764590641515,57,0.9827586206896551,154433.64999999997
Baseline Manual,659,100,52,0.52,29.191710820670167,42.829161403046996,50,0.9615384615384616,125183.48
Baseline Manual,660,100,63,0.63,28.946380948907766,45.33149097686828,60,0.9523809523809523,157016.21
Baseline Manual,661,100,54,0.54,29.28811782711532,41.39855101045182,52,0.9629629629629629,128062.7
Baseline Manual,662,100,62,0.62,30.583896709606993,43.98380001593748,62,1.0,146373.76000000004
Baseline Manual,663,100,64,0.64,29.8488009217552,41.92296510909998,63,0.984375,201878.12
Baseline Manual,664,100,55,0.55,29.040299007525185,40.702456350130014,52,0.9454545454545454,105558.2
Baseline Manual,665,100,66,0.66,31.16792674744714,43.73523963269915,62,0.9393939393939394,161902.04
Baseline Manual,666,100,63,0.63,31.00361571062177,40.894191572391605,63,1.0,171422.79
Baseline Manual,667,100,66,0.66,29.190637136824428,41.110691139652175,65,0.9848484848484849,194983.96000000002
Baseline Manual,668,100,63,0.63,30.26302054976333,43.45345901951526,62,0.9841269841269841,202476.95
Baseline Manual,669,100,73,0.73,31.070018638878174,43.69538462567898,72,0.9863013698630136,220461.36
Baseline Manual,670,100,49,0.49,31.46927344787881,45.09841623685439,49,1.0,125734.58999999998
Baseline Manual,671,100,59,0.59,31.41774811574852,43.96142638356999,57,0.9661016949152542,136076.52000000002
Baseline Manual,672,100,55,0.55,29.370398118934343,40.50253397733696,53,0.9636363636363636,214395.42
Baseline Manual,673,100,51,0.51,29.854240887646284,39.69727530641198,49,0.9607843137254902,118981.20000000001
Baseline Manual,674,100,61,0.61,29.848012597812318,43.781124234199424,59,0.9672131147540983,179356.87
Baseline Manual,675,100,58,0.58,29.350497102622924,40.77059060616676,56,0.9655172413793104,147362.34
Baseline Manual,676,100,57,0.57,29.4606266878962,41.63833240297767,55,0.9649122807017544,185311.96
Baseline Manual,677,100,58,0.58,31.836832500362263,45.41168732487661,55,0.9482758620689655,169258.77000000002
Baseline Manual,678,100,57,0.57,31.971632541164873,43.53508774893497,56,0.9824561403508771,157770.38
Baseline Manual,679,100,67,0.67,28.04574512834084,38.177748088178845,63,0.9402985074626866,259174.37999999998
Baseline Manual,680,100,57,0.57,29.386390328185513,44.71671580105173,54,0.9473684210526315,141519.02000000002
Baseline Manual,681,100,54,0.54,31.241293071877735,44.547782880558756,53,0.9814814814814815,142393.75999999995
Baseline Manual,682,100,60,0.6,31.011689752790073,42.84232718588197,58,0.9666666666666667,125234.33
Baseline Manual,683,100,57,0.57,30.58727734556383,44.89881886298729,55,0.9649122807017544,195158.16999999998
Baseline Manual,684,100,59,0.59,28.186899895039804,43.76839052034996,56,0.9491525423728814,179910.93999999997
Baseline Manual,685,100,59,0.59,29.542703957575437,39.54840184079564,57,0.9661016949152542,131369.78
Baseline Manual,686,100,61,0.61,30.67511028574121,41.16910222372415,59,0.9672131147540983,186518.07
Baseline Manual,687,100,65,0.65,31.082675665127756,44.22650856332946,65,1.0,114032.52
Baseline Manual,688,100,66,0.66,30.29947846221282,42.78661885337692,64,0.9696969696969697,156490.56
Baseline Manual,689,100,60,0.6,29.895821779630637,43.49111166063274,58,0.9666666666666667,143003.49000000002
Baseline Manual,690,100,59,0.59,28.909158049130433,38.05349583651514,58,0.9830508474576272,171379.11
Baseline Manual,691,100,65,0.65,29.631482289070373,40.61221492603668,63,0.9692307692307692,157600.15000000002
Baseline Manual,692,100,59,0.59,30.297069451605523,44.50798013894283,56,0.9491525423728814,109187.51000000001
Baseline Manual,693,100,68,0.68,31.09423351235921,43.89172846852313,67,0.9852941176470589,168609.41
Baseline Manual,694,100,60,0.6,30.36251835335166,41.9783080321349,60,1.0,154494.81
Baseline Manual,695,100,62,0.62,29.330901267505826,45.49500116217076,59,0.9516129032258065,151644.21
Baseline Manual,696,100,58,0.58,31.18392543880355,43.896227480758526,56,0.9655172413793104,147540.27000000002
Baseline Manual,697,100,56,0.56,30.240662166353363,43.30369569915625,54,0.9642857142857143,135110.16
Baseline Manual,698,100,59,0.59,28.282041278589944,43.21704955706177,54,0.9152542372881356,132322.45
Baseline Manual,699,100,59,0.59,30.73963324084936,43.78565572206679,58,0.9830508474576272,162530.33000000002
Baseline Manual,700,100,57,0.57,29.584660896735134,40.422742211629,56,0.9824561403508771,131234.27999999997
Baseline Manual,701,100,56,0.56,29.811806735868913,42.27551235151358,54,0.9642857142857143,227166.59999999998
Baseline Manual,702,100,62,0.62,29.262241068155824,40.42550827555574,62,1.0,133133.59
Baseline Manual,703,100,72,0.72,30.345106197110642,41.78686512673584,72,1.0,229444.17
Baseline Manual,704,100,64,0.64,29.056015634089526,42.23698163462898,61,0.953125,154186.85
Baseline Manual,705,100,62,0.62,31.429573882809056,42.708169031076544,62,1.0,113451.46999999999
Baseline Manual,706,100,61,0.61,29.006055186635503,42.2453182130292,58,0.9508196721311475,142842.08000000002
Baseline Manual,707,100,54,0.54,30.19520994064389,38.56418009171703,53,0.9814814814814815,130989.75000000001
Baseline Manual,708,100,57,0.57,31.51778708899011,43.812110190934014,57,1.0,156577.28
Baseline Manual,709,100,61,0.61,27.62604214677261,39.54302335886328,58,0.9508196721311475,161323.03000000003
Baseline Manual,710,100,65,0.65,30.446308625591513,44.09454361271526,63,0.9692307692307692,163765.04
Baseline Manual,711,100,52,0.52,27.4021804905229,38.943097752485556,50,0.9615384615384616,109339.13999999998
Baseline Manual,712,100,66,0.66,30.48734002994727,41.63538865738029,65,0.9848484848484849,153788.13999999998
Baseline Manual,713,100,60,0.6,31.02308942823015,43.139804581577636,59,0.9833333333333333,130062.72
Baseline Manual,714,100,59,0.59,31.029452649231274,43.851229842765825,59,1.0,136176.91
Baseline Manual,715,100,63,0.63,30.24986112123093,42.39186786741012,63,1.0,139092.94000000003
Baseline Manual,716,100,54,0.54,28.462007115781812,41.50063400755008,52,0.9629629629629629,108069.23999999999
Baseline Manual,717,100,70,0.7,30.347217912313194,46.67105520829637,70,1.0,183733.88999999996
Baseline Manual,718,100,66,0.66,29.44779552795224,41.51720845820638,65,0.9848484848484849,131837.35
Baseline Manual,719,100,55,0.55,30.311189061328584,42.790384185765944,53,0.9636363636363636,168540.57
Baseline Manual,720,100,63,0.63,31.07679279780122,46.46557346535963,61,0.9682539682539683,122776.26000000001
Baseline Manual,721,100,59,0.59,31.41170306056916,42.87351597641276,59,1.0,141203.39
Baseline Manual,722,100,69,0.69,30.51415981958354,42.42329249368425,65,0.9420289855072463,141270.71999999997
Baseline Manual,723,100,60,0.6,30.434613702747217,42.17168695348261,60,1.0,226458.28
Baseline Manual,724,100,58,0.58,29.73216562673785,39.86981721809461,56,0.9655172413793104,109355.31
Baseline Manual,725,100,56,0.56,30.992500029085583,44.54529593273187,54,0.9642857142857143,142803.93
Baseline Manual,726,100,59,0.59,30.81372026489437,41.759211930108954,59,1.0,126858.32
Baseline Manual,727,100,66,0.66,30.762403637396652,39.84631466527621,66,1.0,136153.51
Baseline Manual,728,100,61,0.61,29.066928475344643,40.444148908453165,60,0.9836065573770492,144929.42
Baseline Manual,729,100,64,0.64,30.77449024796904,44.74882497659565,61,0.953125,153590.78
Baseline Manual,730,100,67,0.67,28.740611104152354,41.09955497125673,63,0.9402985074626866,124601.13999999998
Baseline Manual,731,100,61,0.61,29.94811996156774,43.71433875230032,60,0.9836065573770492,135432.81
Baseline Manual,732,100,59,0.59,29.43497408315036,38.860188459630365,57,0.9661016949152542,156326.99
Baseline Manual,733,100,57,0.57,29.919718849378285,41.71046383479595,55,0.9649122807017544,211756.74000000002
Baseline Manual,734,100,58,0.58,29.86588520722329,44.38702877263151,55,0.9482758620689655,123487.24000000002
Baseline Manual,735,100,60,0.6,30.497515556007514,45.10150406395839,59,0.9833333333333333,229342.14999999997
Baseline Manual,736,100,71,0.71,28.745961722082694,41.26843901640345,68,0.9577464788732394,137650.54
Baseline Manual,737,100,55,0.55,29.751773330062893,44.59715615606693,54,0.9818181818181818,155952.81000000003
Baseline Manual,738,100,57,0.57,28.411907856654178,39.95445575169946,54,0.9473684210526315,170490.74000000002
Baseline Manual,739,100,45,0.45,27.547493413596303,42.24555690714997,42,0.9333333333333333,77106.31999999999
Baseline Manual,740,100,73,0.73,29.62639574803166,44.14065351895361,70,0.958904109589041,191824.09999999998
Baseline Manual,741,100,58,0.58,30.79119667017091,41.31662325533,58,1.0,119591.64000000001
Baseline Manual,742,100,66,0.66,28.984399460798524,40.92681676964177,63,0.9545454545454546,181116.2
Baseline Manual,743,100,56,0.56,31.643819466274635,43.35656027874996,55,0.9821428571428571,181736.67
Baseline Manual,744,100,55,0.55,32.14464701385979,42.628695377475765,55,1.0,163904.17
Baseline Manual,745,100,63,0.63,30.173148561998875,43.256413511750665,63,1.0,183263.32
Baseline Manual,746,100,51,0.51,30.71652305768909,44.06198503082754,49,0.9607843137254902,116306.83
Baseline Manual,747,100,53,0.53,30.849681278251914,44.06686428011373,52,0.9811320754716981,93237.23999999999
Baseline Manual,748,100,70,0.7,30.010326926871866,42.76186788987303,70,1.0,125620.65
Baseline Manual,749,100,66,0.66,29.22945362857428,43.601006974291245,63,0.9545454545454546,165528.29
Baseline Manual,750,100,58,0.58,30.276393318640025,40.06735147259924,58,1.0,114697.21
Baseline Manual,751,100,62,0.62,30.342472274649065,41.01051596048695,61,0.9838709677419355,178542.64999999997
Baseline Manual,752,100,59,0.59,29.36437756729626,39.35527463773297,56,0.9491525423728814,198522.26
Baseline Manual,753,100,60,0.6,29.448732291073778,40.41541658690125,59,0.9833333333333333,163203.84999999998
Baseline Manual,754,100,63,0.63,30.607230162793137,45.01940381197124,62,0.9841269841269841,188608.5
Baseline Manual,755,100,65,0.65,30.636870566371545,42.106751256238404,65,1.0,175976.45
Baseline Manual,756,100,51,0.51,28.91879118104654,43.21593976709218,48,0.9411764705882353,143661.05999999997
Baseline Manual,757,100,62,0.62,28.364487376199357,39.18588612712584,59,0.9516129032258065,168363.04
Baseline Manual,758,100,66,0.66,29.525845733783097,41.961837123199714,63,0.9545454545454546,168522.74000000002
Baseline Manual,759,100,71,0.71,31.01740627456792,40.35607547492319,71,1.0,177349.88
Baseline Manual,760,100,60,0.6,30.02422648360513,45.085640429083675,59,0.9833333333333333,187986.17999999996
Baseline Manual,761,100,65,0.65,28.8612836896366,38.92302051745876,61,0.9384615384615385,186929.8
Baseline Manual,762,100,61,0.61,30.28924383961545,41.61470802649355,60,0.9836065573770492,147802.36999999997
Baseline Manual,763,100,66,0.66,30.019280660209162,44.98065793722994,66,1.0,153282.71
Baseline Manual,764,100,60,0.6,31.323723375250232,41.793207482776026,59,0.9833333333333333,161150.26
Baseline Manual,765,100,60,0.6,30.368052070842033,42.753557093631336,60,1.0,210608.66
Baseline Manual,766,100,49,0.49,29.119644736893967,41.169599505106596,47,0.9591836734693877,89563.71999999999
Baseline Manual,767,100,52,0.52,30.50025959511115,41.31052497806183,51,0.9807692307692307,120562.23000000001
Baseline Manual,768,100,63,0.63,30.036823363999577,40.264394072162794,62,0.9841269841269841,198691.38999999996
Baseline Manual,769,100,58,0.58,29.851299484262917,43.84042851140768,56,0.9655172413793104,124690.68
Baseline Manual,770,100,63,0.63,31.99670560952217,44.64330030835605,63,1.0,125928.01000000001
Baseline Manual,771,100,57,0.57,28.758109937119347,40.76824538852356,55,0.9649122807017544,160470.24999999997
Baseline Manual,772,100,62,0.62,32.82180043270621,44.250034690496946,60,0.967741935483871,172527.56999999998
Baseline Manual,773,100,65,0.65,29.69055800925143,43.54536008397263,62,0.9538461538461539,200656.55
Baseline Manual,774,100,57,0.57,29.13329546332395,39.847506961219466,54,0.9473684210526315,117526.83
Baseline Manual,775,100,60,0.6,28.927523393801714,41.24831959012032,60,1.0,157352.08
Baseline Manual,776,100,55,0.55,30.688270159811378,43.33498953405563,54,0.9818181818181818,123307.69000000003
Baseline Manual,777,100,58,0.58,30.4503463407957,39.36223936578653,57,0.9827586206896551,182447.20000000004
Baseline Manual,778,100,61,0.61,30.88707170297032,46.70997831928262,61,1.0,178522.87000000002
Baseline Manual,779,100,69,0.69,29.596003647491376,40.91336415188001,67,0.9710144927536232,165958.77000000002
Baseline Manual,780,100,57,0.57,32.31759341949075,42.41074025269007,57,1.0,150753.66999999998
Baseline Manual,781,100,59,0.59,29.47079685337372,42.145578223455786,59,1.0,120635.76999999999
Baseline Manual,782,100,50,0.5,30.70992342986199,44.41987180900543,48,0.96,171489.71999999997
Baseline Manual,783,100,63,0.63,30.772800828473823,42.284513517724655,62,0.9841269841269841,152330.38
Baseline Manual,784,100,71,0.71,31.01513894194816,43.55306263745319,70,0.9859154929577465,159437.43000000002
Baseline Manual,785,100,50,0.5,30.58274782534422,43.73597630025156,48,0.96,104943.38
Baseline Manual,786,100,57,0.57,29.62973208840383,44.113725677858305,54,0.9473684210526315,125743.98
Baseline Manual,787,100,62,0.62,29.49238673730455,42.62470708247878,61,0.9838709677419355,158084.42
Baseline Manual,788,100,65,0.65,28.514516214625772,40.25867953574341,62,0.9538461538461539,197050.81
Baseline Manual,789,100,62,0.62,30.198839111739012,43.93397259630255,60,0.967741935483871,140663.83000000002
Baseline Manual,790,100,60,0.6,29.694221937857886,40.676645261195404,58,0.9666666666666667,116544.81999999999
Baseline Manual,791,100,50,0.5,29.84005984557757,42.263241984910785,48,0.96,146899.05999999997
Baseline Manual,792,100,53,0.53,29.834136756584677,44.179812326300066,51,0.9622641509433962,140650.94
Baseline Manual,793,100,64,0.64,28.270132399652375,40.55347532557436,64,1.0,130369.34
Baseline Manual,794,100,58,0.58,30.41536692735589,44.74440102717539,58,1.0,139549.3
Baseline Manual,795,100,62,0.62,29.255305527218646,39.58791978594421,61,0.9838709677419355,214167.15999999995
Baseline Manual,796,100,50,0.5,30.532371392031877,43.23818586243815,48,0.96,138026.19
Baseline Manual,797,100,62,0.62,29.12567166023592,43.25032586033277,59,0.9516129032258065,168126.64000000004
Baseline Manual,798,100,52,0.52,30.25513666500354,42.99485136493038,51,0.9807692307692307,153258.88
Baseline Manual,799,100,57,0.57,32.55940174815703,44.2083028837878,57,1.0,123760.18000000001
Baseline Manual,800,100,49,0.49,29.88621828898925,42.63915639152743,48,0.9795918367346939,144879.97
Baseline Manual,801,100,62,0.62,30.442842349087297,41.842589329966344,60,0.967741935483871,175958.43000000002
Baseline Manual,802,100,64,0.64,29.437395332340213,43.06505161686844,62,0.96875,176920.77
Baseline Manual,803,100,68,0.68,29.321909667280973,42.257321163715666,66,0.9705882352941176,173499.66
Baseline Manual,804,100,63,0.63,29.72281436722044,43.28547563794244,60,0.9523809523809523,162899.99000000005
Baseline Manual,805,100,69,0.69,31.0178538555688,43.7232670625458,67,0.9710144927536232,148103.89
Baseline Manual,806,100,63,0.63,29.936438859770238,43.97791219115777,62,0.9841269841269841,160584.38
Baseline Manual,807,100,59,0.59,29.701283404932074,42.84745692144148,57,0.9661016949152542,140731.53
Baseline Manual,808,100,63,0.63,29.452104983403537,41.76633224129551,60,0.9523809523809523,131411.61
Baseline Manual,809,100,53,0.53,29.621624687411376,42.07767900800077,51,0.9622641509433962,196910.96
Baseline Manual,810,100,52,0.52,31.600389443943655,40.54222079280207,52,1.0,151581.02000000002
Baseline Manual,811,100,54,0.54,32.36606410057949,47.115111117422465,53,0.9814814814814815,154384.55
Baseline Manual,812,100,51,0.51,30.14566231476749,41.47786945637286,50,0.9803921568627451,141395.93999999997
Baseline Manual,813,100,69,0.69,28.750783693134164,39.109294255691395,69,1.0,226847.49000000002
Baseline Manual,814,100,52,0.52,31.214489855466606,42.684817171192805,52,1.0,107567.09000000001
Baseline Manual,815,100,64,0.64,29.667167828452023,41.849738126191795,62,0.96875,144028.62
Baseline Manual,816,100,56,0.56,31.439205681934652,45.119665951928475,56,1.0,178197.94
Baseline Manual,817,100,57,0.57,29.007934547708704,43.869524079434015,55,0.9649122807017544,151169.78
Baseline Manual,818,100,57,0.57,28.991948289296566,40.75992783115757,55,0.9649122807017544,165790.33000000002
Baseline Manual,819,100,55,0.55,31.29012908131602,46.593804227365595,54,0.9818181818181818,114697.08
Baseline Manual,820,100,73,0.73,29.597268822710834,42.28480582341235,72,0.9863013698630136,167179.68
Baseline Manual,821,100,62,0.62,29.821178495932063,40.14747381304739,62,1.0,167869.76
Baseline Manual,822,100,67,0.67,28.6979838552556,42.09405049125711,65,0.9701492537313433,185598.83000000002
Baseline Manual,823,100,57,0.57,29.19749916321427,42.02247681985477,56,0.9824561403508771,156685.58999999997
Baseline Manual,824,100,64,0.64,29.129190516144618,40.80538146958639,60,0.9375,142232.59000000003
Baseline Manual,825,100,65,0.65,29.727294285621515,44.6413620499733,64,0.9846153846153847,153467.86
Baseline Manual,826,100,68,0.68,29.895623282854253,43.793172296467,66,0.9705882352941176,161505.32000000004
Baseline Manual,827,100,62,0.62,30.369964345361062,45.59260123740855,59,0.9516129032258065,202036.77
Baseline Manual,828,100,67,0.67,29.68842797404108,42.096637300924456,65,0.9701492537313433,139954.68999999997
Baseline Manual,829,100,55,0.55,30.82702627620665,43.20869663737942,52,0.9454545454545454,125870.2
Baseline Manual,830,100,57,0.57,30.929928461549604,46.540457820633364,55,0.9649122807017544,94947.74
Baseline Manual,831,100,57,0.57,28.36099976451468,39.12185974755901,53,0.9298245614035088,118276.86
Baseline Manual,832,100,62,0.62,28.45454305010138,39.2185144454265,60,0.967741935483871,183940.93
Baseline Manual,833,100,70,0.7,31.47902291535403,45.74940929667151,68,0.9714285714285714,165509.66999999998
Baseline Manual,834,100,68,0.68,29.707700343945184,43.283010730618614,63,0.9264705882352942,171888.42
Baseline Manual,835,100,66,0.66,29.501638018576784,41.13600601208732,65,0.9848484848484849,169388.39
Baseline Manual,836,100,60,0.6,30.51856173608604,42.74763182045822,60,1.0,128458.95999999999
Baseline Manual,837,100,61,0.61,29.186907804583292,43.644908343570144,57,0.9344262295081968,136641.24000000002
Baseline Manual,838,100,53,0.53,30.554243196371218,41.04146737438855,53,1.0,204467.80999999997
Baseline Manual,839,100,57,0.57,30.329185008671015,41.25577143137926,55,0.9649122807017544,143006.20999999996
Baseline Manual,840,100,60,0.6,28.675521519181924,41.874719394908176,56,0.9333333333333333,158213.07
Baseline Manual,841,100,61,0.61,29.68717047473658,40.824349751963425,56,0.9180327868852459,134015.65
Baseline Manual,842,100,59,0.59,31.92482508531498,45.38553787865524,58,0.9830508474576272,127412.34999999999
Baseline Manual,843,100,56,0.56,30.08023625400003,40.481976637931325,54,0.9642857142857143,136683.22
Baseline Manual,844,100,55,0.55,30.238463933702565,43.378504623917486,53,0.9636363636363636,138137.2
Baseline Manual,845,100,59,0.59,27.874319186615306,40.98665709097091,56,0.9491525423728814,193400.2
Baseline Manual,846,100,57,0.57,28.42686748115085,39.56392037255739,56,0.9824561403508771,114953.41999999998
Baseline Manual,847,100,63,0.63,29.41672229381272,42.93178570701971,61,0.9682539682539683,206174.82
Baseline Manual,848,100,66,0.66,30.320715165008732,40.89387153383896,64,0.9696969696969697,172443.07
Baseline Manual,849,100,62,0.62,28.80757040123946,40.36308631317537,60,0.967741935483871,173225.10000000003
Baseline Manual,850,100,61,0.61,29.36157362068017,41.00995889644434,61,1.0,176527.03
Baseline Manual,851,100,54,0.54,30.717872105400648,40.92848842540991,54,1.0,119114.06999999999
Baseline Manual,852,100,55,0.55,31.52879055001824,42.89762101627603,55,1.0,214033.82999999996
Baseline Manual,853,100,60,0.6,29.613953700259405,40.81856580750884,57,0.95,144643.91
Baseline Manual,854,100,61,0.61,30.177316130202435,42.069555806956,59,0.9672131147540983,190419.94999999998
Baseline Manual,855,100,63,0.63,30.476220511468732,44.52788942832846,61,0.9682539682539683,152170.42
Baseline Manual,856,100,57,0.57,29.182096673330044,44.445835131450565,54,0.9473684210526315,152949.42
Baseline Manual,857,100,57,0.57,30.772351254231264,42.56904453558732,55,0.9649122807017544,99900.8
Baseline Manual,858,100,54,0.54,29.111660638918924,40.61510572042331,54,1.0,153136.64
Baseline Manual,859,100,66,0.66,31.067476184012605,42.690456941005934,66,1.0,223583.67
Baseline Manual,860,100,55,0.55,29.48526000701112,40.9752842881164,52,0.9454545454545454,152716.45
Baseline Manual,861,100,63,0.63,29.177121880728226,43.98838708469036,61,0.9682539682539683,172199.85
Baseline Manual,862,100,59,0.59,29.38984574469359,43.30645201376859,55,0.9322033898305084,139739.47
Baseline Manual,863,100,61,0.61,29.446815689510423,42.013829185841274,57,0.9344262295081968,178544.56999999998
Baseline Manual,864,100,56,0.56,29.508167829717625,42.60036595486402,52,0.9285714285714286,129099.70999999999
Baseline Manual,865,100,56,0.56,28.251996202843664,43.25676049963525,54,0.9642857142857143,230966.93999999997
Baseline Manual,866,100,65,0.65,30.092242141142034,44.02034876772189,65,1.0,166174.99999999997
Baseline Manual,867,100,56,0.56,28.671369558225678,44.15409032743697,55,0.9821428571428571,163254.08000000002
Baseline Manual,868,100,64,0.64,31.00020553846703,46.40411019935886,64,1.0,227240.99
Baseline Manual,869,100,65,0.65,29.96597081838081,41.3554569634665,63,0.9692307692307692,142478.67
Baseline Manual,870,100,58,0.58,30.786286107150243,45.89343619494272,58,1.0,169294.0
Baseline Manual,871,100,55,0.55,28.279734338377015,39.9718392426325,54,0.9818181818181818,112610.17000000001
Baseline Manual,872,100,49,0.49,31.08083556889594,41.61233388759784,49,1.0,110614.32000000002
Baseline Manual,873,100,57,0.57,30.443780153625017,42.57166207463609,56,0.9824561403508771,130887.89
Baseline Manual,874,100,49,0.49,29.379834897215925,39.671149795683135,46,0.9387755102040817,125382.39
Baseline Manual,875,100,60,0.6,30.034345179540708,45.18589107831769,58,0.9666666666666667,186750.98
Baseline Manual,876,100,55,0.55,30.33450458915856,46.914515104061145,54,0.9818181818181818,126641.51
Baseline Manual,877,100,64,0.64,30.901241249715653,42.94425391756578,61,0.953125,117366.68
Baseline Manual,878,100,56,0.56,31.032368065462187,45.10651344166652,55,0.9821428571428571,152843.05
Baseline Manual,879,100,65,0.65,29.16333143188067,42.54201811947419,63,0.9692307692307692,136732.33
Baseline Manual,880,100,56,0.56,28.413939466075444,41.81684602383784,51,0.9107142857142857,119534.69
Baseline Manual,881,100,60,0.6,29.191228062468237,40.27812626260227,59,0.9833333333333333,165859.66999999998
Baseline Manual,882,100,64,0.64,30.99786066496523,43.69072712026878,63,0.984375,168822.76
Baseline Manual,883,100,62,0.62,30.5670699615119,42.549298432600686,60,0.967741935483871,151823.22999999998
Baseline Manual,884,100,60,0.6,30.51146781844192,41.546923813983945,60,1.0,181761.21
Baseline Manual,885,100,62,0.62,29.29548865829856,39.94656284836136,60,0.967741935483871,143193.17999999996
Baseline Manual,886,100,65,0.65,29.381020794806773,41.04597267140053,63,0.9692307692307692,199023.17
Baseline Manual,887,100,60,0.6,30.293094680485947,43.559966851123875,59,0.9833333333333333,134220.90999999997
Baseline Manual,888,100,60,0.6,29.71521577874599,42.213115499173675,58,0.9666666666666667,155313.46
Baseline Manual,889,100,60,0.6,30.144686407727075,43.253181431976024,56,0.9333333333333333,136534.33000000005
Baseline Manual,890,100,62,0.62,29.819210611150332,43.50994521963161,60,0.967741935483871,211083.64
Baseline Manual,891,100,58,0.58,29.3398182554624,41.37657264626018,58,1.0,122200.95999999999
Baseline Manual,892,100,61,0.61,31.347925032883165,44.216666685299,61,1.0,147511.93000000002
Baseline Manual,893,100,71,0.71,29.180129069515292,43.63060483054512,68,0.9577464788732394,199660.4
Baseline Manual,894,100,52,0.52,30.937162918253605,42.940539602992054,51,0.9807692307692307,110617.21
Baseline Manual,895,100,52,0.52,31.118518680626153,42.62138874187765,51,0.9807692307692307,133511.61
Baseline Manual,896,100,65,0.65,28.581217303817652,39.40175879632994,64,0.9846153846153847,159030.12
Baseline Manual,897,100,64,0.64,28.823174120694077,39.18269852242519,63,0.984375,125259.56000000001
Baseline Manual,898,100,58,0.58,31.153507993932372,43.57039336683789,57,0.9827586206896551,135542.08999999997
Baseline Manual,899,100,54,0.54,31.087022328632063,43.714310594545886,53,0.9814814814814815,127639.22
Baseline Manual,900,100,67,0.67,30.026864831521298,43.09908576067197,67,1.0,175409.13999999998
Baseline Manual,901,100,58,0.58,31.813037828492128,48.23477942462017,56,0.9655172413793104,124512.79000000001
Baseline Manual,902,100,61,0.61,30.481412478669778,45.704686252960265,60,0.9836065573770492,169299.58000000002
Baseline Manual,903,100,51,0.51,29.280222362154785,41.484276234961186,48,0.9411764705882353,247677.76
Baseline Manual,904,100,57,0.57,29.7767724702911,43.410921550102294,56,0.9824561403508771,114986.69999999998
Baseline Manual,905,100,59,0.59,29.726098930101774,41.710152555921965,58,0.9830508474576272,235321.83000000002
Baseline Manual,906,100,57,0.57,31.074500480894727,43.739264548797166,57,1.0,153525.71
Baseline Manual,907,100,67,0.67,29.879034866891054,42.17124855732129,65,0.9701492537313433,149306.11000000002
Baseline Manual,908,100,55,0.55,30.387311904211714,44.960973591348385,53,0.9636363636363636,119371.20000000003
Baseline Manual,909,100,60,0.6,29.633424604796105,41.52878182123133,58,0.9666666666666667,160019.24999999994
Baseline Manual,910,100,60,0.6,29.11066623460045,42.19227504116484,57,0.95,162587.07000000004
Baseline Manual,911,100,54,0.54,27.12957192462777,38.90254952011457,52,0.9629629629629629,136304.94999999998
Baseline Manual,912,100,58,0.58,31.61893081698493,42.95059002779349,54,0.9310344827586207,160818.59000000003
Baseline Manual,913,100,67,0.67,28.056655727898235,38.874168593393726,65,0.9701492537313433,206725.79000000004
Baseline Manual,914,100,65,0.65,28.761439150463033,41.29930792714735,64,0.9846153846153847,179455.28
Baseline Manual,915,100,67,0.67,30.90042594410571,41.76278317246254,66,0.9850746268656716,144288.96999999997
Baseline Manual,916,100,61,0.61,31.079794884528514,44.24349099175723,58,0.9508196721311475,193905.36
Baseline Manual,917,100,61,0.61,30.358417485761482,43.67446417085418,61,1.0,172482.00999999998
Baseline Manual,918,100,67,0.67,29.661514540431387,44.01793570832614,66,0.9850746268656716,143515.31
Baseline Manual,919,100,55,0.55,30.94652792844282,40.9238822500539,53,0.9636363636363636,148451.49999999997
Baseline Manual,920,100,58,0.58,32.92093650985731,46.07070812650252,58,1.0,149009.11
Baseline Manual,921,100,68,0.68,29.260370571253496,41.20887060643774,65,0.9558823529411765,176147.66999999998
Baseline Manual,922,100,62,0.62,30.63676522305325,44.063793899953176,58,0.9354838709677419,156159.31000000003
Baseline Manual,923,100,55,0.55,31.318138267748655,39.98084261175393,55,1.0,143201.92000000004
Baseline Manual,924,100,59,0.59,27.168261684092542,38.3446455000435,59,1.0,178995.58000000002
Baseline Manual,925,100,58,0.58,30.186508549097336,45.93157995309417,57,0.9827586206896551,114001.49999999999
Baseline Manual,926,100,64,0.64,29.733897853488287,41.27006659471205,62,0.96875,121282.56
Baseline Manual,927,100,64,0.64,29.7783289661925,42.39490452676033,61,0.953125,157195.15999999997
Baseline Manual,928,100,64,0.64,28.926353146198476,42.428903240483756,61,0.953125,165456.03
Baseline Manual,929,100,54,0.54,30.11499212472316,41.283198804965906,53,0.9814814814814815,125748.12999999999
Baseline Manual,930,100,59,0.59,28.97570400723346,40.52148086810973,55,0.9322033898305084,123836.27000000002
Baseline Manual,931,100,72,0.72,30.257080658169684,41.94067574877021,70,0.9722222222222222,135757.85
Baseline Manual,932,100,58,0.58,30.532004554212236,43.888035240788945,58,1.0,149015.22999999998
Baseline Manual,933,100,66,0.66,28.647882515186392,40.236453747311785,64,0.9696969696969697,189637.86000000002
Baseline Manual,934,100,58,0.58,29.955670881319566,41.702764390451954,57,0.9827586206896551,210341.08000000002
Baseline Manual,935,100,59,0.59,31.797108175336692,44.74388819729746,59,1.0,167380.29
Baseline Manual,936,100,60,0.6,29.55540048847153,39.41645534229213,59,0.9833333333333333,179096.15
Baseline Manual,937,100,66,0.66,30.131123631320673,43.45798097860053,65,0.9848484848484849,162857.79
Baseline Manual,938,100,55,0.55,29.00471106411445,43.3538672560388,52,0.9454545454545454,126204.03000000001
Baseline Manual,939,100,58,0.58,28.86322800362367,42.66612666660058,54,0.9310344827586207,139275.23
Baseline Manual,940,100,58,0.58,29.96085091811725,42.31815622581243,56,0.9655172413793104,119967.7
Baseline Manual,941,100,59,0.59,28.684235399495716,44.27097342456622,56,0.9491525423728814,144434.47
Baseline Manual,942,100,55,0.55,33.10358151498526,43.503646714684194,55,1.0,119078.70000000001
Baseline Manual,943,100,62,0.62,30.90183340656291,41.960482987938256,61,0.9838709677419355,188486.92999999996
Baseline Manual,944,100,55,0.55,29.96592410991008,42.42279614228937,53,0.9636363636363636,147628.52
Baseline Manual,945,100,49,0.49,29.190103653926716,43.44689946255361,48,0.9795918367346939,134429.38999999998
Baseline Manual,946,100,66,0.66,30.089596998508398,42.453307789019334,65,0.9848484848484849,187386.09
Baseline Manual,947,100,65,0.65,32.45119177709864,45.72735579563085,65,1.0,164314.03999999998
Baseline Manual,948,100,56,0.56,31.743363059891106,45.022645110925936,55,0.9821428571428571,129472.86000000002
Baseline Manual,949,100,66,0.66,31.858975636637346,44.98961711814304,64,0.9696969696969697,129608.31
Baseline Manual,950,100,61,0.61,30.718421470747497,45.57882858250413,60,0.9836065573770492,240161.66999999998
Baseline Manual,951,100,60,0.6,31.316954231311176,43.307920672312214,58,0.9666666666666667,147198.07
Baseline Manual,952,100,72,0.72,29.505535682295267,42.59473957684945,68,0.9444444444444444,182983.64
Baseline Manual,953,100,52,0.52,31.196489143664078,41.44198185743811,52,1.0,220874.61000000002
Baseline Manual,954,100,60,0.6,29.315309838574443,40.10998396230303,57,0.95,171429.56000000003
Baseline Manual,955,100,65,0.65,29.99666134694733,44.20161891115856,64,0.9846153846153847,215557.58
Baseline Manual,956,100,67,0.67,30.550098832636017,42.00467436165173,66,0.9850746268656716,168288.06
Baseline Manual,957,100,54,0.54,30.339992846106732,44.45286112412754,54,1.0,133609.37
Baseline Manual,958,100,57,0.57,30.09238241573456,45.45552309853233,53,0.9298245614035088,124728.77
Baseline Manual,959,100,64,0.64,28.4762754348275,41.79286499209076,61,0.953125,168079.44
Baseline Manual,960,100,68,0.68,29.423940132661997,39.20736201808053,66,0.9705882352941176,182848.09000000003
Baseline Manual,961,100,60,0.6,29.685119026445257,41.98968990451773,60,1.0,192464.55000000002
Baseline Manual,962,100,66,0.66,28.369622461246173,40.57863265405723,64,0.9696969696969697,150348.88
Baseline Manual,963,100,61,0.61,30.727261392362102,43.223470052019955,60,0.9836065573770492,175877.21000000002
Baseline Manual,964,100,66,0.66,30.131366060672804,41.81834268481672,64,0.9696969696969697,194118.38000000003
Baseline Manual,965,100,60,0.6,27.607887160833663,40.924011528406886,58,0.9666666666666667,131729.41
Baseline Manual,966,100,58,0.58,30.30214950727898,42.54963127320571,55,0.9482758620689655,143666.52
Baseline Manual,967,100,59,0.59,32.19354461957048,45.87831213260745,58,0.9830508474576272,112804.32
Baseline Manual,968,100,60,0.6,29.711518157279354,41.96802911610629,57,0.95,152489.97
Baseline Manual,969,100,49,0.49,30.171013972587733,43.32321136346474,49,1.0,148494.58
Baseline Manual,970,100,57,0.57,30.031794088376213,40.92118586694787,55,0.9649122807017544,133122.62
Baseline Manual,971,100,65,0.65,29.616975014283156,42.91362373672573,64,0.9846153846153847,164560.86
Baseline Manual,972,100,57,0.57,30.90147952388584,45.509704534480065,56,0.9824561403508771,197349.29
Baseline Manual,973,100,62,0.62,31.30353842822003,43.472657004407765,59,0.9516129032258065,123644.81999999999
Baseline Manual,974,100,59,0.59,31.31803089013854,45.30534979929763,59,1.0,162737.89
Baseline Manual,975,100,61,0.61,29.465205566753294,40.293166774730146,59,0.9672131147540983,143792.72999999998
Baseline Manual,976,100,54,0.54,31.24586756346783,43.93216476033595,53,0.9814814814814815,119848.87999999999
Baseline Manual,977,100,64,0.64,29.430000533342586,40.81248366514565,64,1.0,170140.68
Baseline Manual,978,100,65,0.65,30.00567875865735,46.17912393798561,61,0.9384615384615385,149420.96
Baseline Manual,979,100,55,0.55,29.203802290196595,42.250027507486685,53,0.9636363636363636,159793.88
Baseline Manual,980,100,66,0.66,31.659948845543298,46.85242474592668,65,0.9848484848484849,168535.15000000002
Baseline Manual,981,100,65,0.65,30.605112742885254,43.654440493692334,61,0.9384615384615385,200224.71999999997
Baseline Manual,982,100,64,0.64,29.421475774020642,43.969661945915504,63,0.984375,188531.58000000002
Baseline Manual,983,100,55,0.55,30.153881788805183,45.47834140596585,54,0.9818181818181818,141707.62000000002
Baseline Manual,984,100,62,0.62,31.507212166435536,44.3400060302278,62,1.0,167605.61
Baseline Manual,985,100,66,0.66,29.456765061383646,41.552294961653075,63,0.9545454545454546,188277.93
Baseline Manual,986,100,54,0.54,31.953174581484543,42.11822094112821,54,1.0,129930.10000000002
Baseline Manual,987,100,62,0.62,31.169363326064765,42.99927202665246,61,0.9838709677419355,212457.03
Baseline Manual,988,100,56,0.56,29.669121225314267,42.396079119787814,54,0.9642857142857143,165580.41999999998
Baseline Manual,989,100,56,0.56,32.38595881230408,45.421704017461806,55,0.9821428571428571,158114.11
Baseline Manual,990,100,58,0.58,31.44147734868402,45.987084784091685,57,0.9827586206896551,110593.19999999998
Baseline Manual,991,100,62,0.62,30.93370316838609,48.009960732820964,61,0.9838709677419355,121077.16000000002
Baseline Manual,992,100,62,0.62,30.419962953458377,44.25693297208628,61,0.9838709677419355,211018.08
Baseline Manual,993,100,61,0.61,28.790629874092904,40.83665312023043,58,0.9508196721311475,118084.12
Baseline Manual,994,100,59,0.59,28.260225663517502,39.82847807753036,54,0.9152542372881356,136859.91
Baseline Manual,995,100,60,0.6,28.973792252842955,44.057385092219306,58,0.9666666666666667,145673.19000000003
Baseline Manual,996,100,66,0.66,31.55933360253182,44.69753816760712,66,1.0,171737.3
Baseline Manual,997,100,57,0.57,30.1014788341795,41.22487465195028,56,0.9824561403508771,129818.97
Baseline Manual,998,100,71,0.71,30.325512977340406,40.669302680330325,70,0.9859154929577465,161795.04999999996
Baseline Manual,999,100,62,0.62,30.945976393377006,43.45274190442702,61,0.9838709677419355,107777.54
Baseline Manual,1000,100,57,0.57,30.228941150119294,42.368311389626264,56,0.9824561403508771,133167.36000000002
Risk-Based XGBoost,1,100,92,0.92,14.986429500226262,22.406123118973895,48,0.5217391304347826,241593.31
Risk-Based XGBoost,2,100,95,0.95,14.574868599504759,20.681897848226505,43,0.45263157894736844,228142.82000000004
Risk-Based XGBoost,3,100,93,0.93,15.250038514620108,23.155263324198955,49,0.5268817204301075,228105.35
Risk-Based XGBoost,4,100,96,0.96,14.757006382185198,20.70393673983481,48,0.5,233834.49000000002
Risk-Based XGBoost,5,100,96,0.96,14.785108974953536,21.46149407221955,46,0.4791666666666667,252876.35
Risk-Based XGBoost,6,100,96,0.96,15.579928402939208,21.67114625174251,51,0.53125,252440.79
Risk-Based XGBoost,7,100,94,0.94,15.21652288188726,20.989833873597885,51,0.5425531914893617,211138.95999999996
Risk-Based XGBoost,8,100,91,0.91,14.979725310697928,21.445408871447597,48,0.5274725274725275,254017.36000000002
Risk-Based XGBoost,9,100,95,0.95,14.948055425801794,21.31746698626001,46,0.4842105263157895,242624.77000000002
Risk-Based XGBoost,10,100,95,0.95,15.774289769770336,21.010061061843935,58,0.6105263157894737,221293.01999999996
Risk-Based XGBoost,11,100,91,0.91,14.907457028968297,21.10161288075617,43,0.4725274725274725,229036.11000000002
Risk-Based XGBoost,12,100,94,0.94,14.911442325610048,20.86892778982501,48,0.5106382978723404,243789.34000000003
Risk-Based XGBoost,13,100,94,0.94,15.15698924055682,21.00373164448097,48,0.5106382978723404,293095.77999999997
Risk-Based XGBoost,14,100,96,0.96,14.838518357433989,21.322888966947268,50,0.5208333333333334,184518.68
Risk-Based XGBoost,15,100,92,0.92,15.318679202232616,20.396694887139525,51,0.5543478260869565,279336.3300000001
Risk-Based XGBoost,16,100,94,0.94,15.015761312452694,20.586567962871786,53,0.5638297872340425,239722.15
Risk-Based XGBoost,17,100,98,0.98,14.491974673346755,20.87910444457912,43,0.4387755102040816,213015.09000000003
Risk-Based XGBoost,18,100,97,0.97,15.287751832533205,21.405854646717895,53,0.5463917525773195,244315.93
Risk-Based XGBoost,19,100,95,0.95,14.473053683515595,19.938310043231805,47,0.49473684210526314,212128.19
Risk-Based XGBoost,20,100,93,0.93,14.80001974340668,20.72127933068768,45,0.4838709677419355,268558.1300000001
Risk-Based XGBoost,21,100,93,0.93,14.435679544619038,20.695249198428282,41,0.44086021505376344,208635.56
Risk-Based XGBoost,22,100,96,0.96,15.397704700358238,20.81719390648463,53,0.5520833333333334,270100.92
Risk-Based XGBoost,23,100,93,0.93,14.839316963850782,21.18248444526595,40,0.43010752688172044,232558.29
Risk-Based XGBoost,24,100,91,0.91,15.036549873489937,21.51474084977636,42,0.46153846153846156,201948.87
Risk-Based XGBoost,25,100,91,0.91,15.095628343478333,22.091215092857343,46,0.5054945054945055,246233.88000000003
Risk-Based XGBoost,26,100,95,0.95,14.790001822507994,20.8652330116525,45,0.47368421052631576,283090.76
Risk-Based XGBoost,27,100,95,0.95,14.80898891686625,22.42936776719194,41,0.43157894736842106,258373.45999999996
Risk-Based XGBoost,28,100,90,0.9,14.909393647933264,20.98493071812924,45,0.5,282166.97
Risk-Based XGBoost,29,100,95,0.95,15.33925795252986,20.713933862273674,54,0.5684210526315789,182980.61999999994
Risk-Based XGBoost,30,100,96,0.96,14.891428372382592,21.236037777719208,49,0.5104166666666666,240587.81
Risk-Based XGBoost,31,100,94,0.94,14.874988263414775,21.487476277422417,44,0.46808510638297873,182232.87000000005
Risk-Based XGBoost,32,100,94,0.94,15.19761001447606,22.121613764281175,42,0.44680851063829785,247913.57999999996
Risk-Based XGBoost,33,100,93,0.93,15.031401249974554,21.776525755530297,45,0.4838709677419355,230560.56000000003
Risk-Based XGBoost,34,100,92,0.92,14.853463338159973,20.620360564185464,47,0.5108695652173914,212222.59000000003
Risk-Based XGBoost,35,100,94,0.94,14.776039325402921,20.92974860644865,45,0.4787234042553192,194392.56
Risk-Based XGBoost,36,100,91,0.91,15.523241293909031,21.264130681367437,48,0.5274725274725275,241009.25000000003
Risk-Based XGBoost,37,100,94,0.94,15.58479919052465,22.24237681380224,55,0.5851063829787234,230102.69
Risk-Based XGBoost,38,100,95,0.95,14.65527945692389,21.355956947589263,46,0.4842105263157895,332519.1
Risk-Based XGBoost,39,100,95,0.95,15.045547255264928,21.778039551491787,51,0.5368421052631579,269794.02
Risk-Based XGBoost,40,100,93,0.93,14.901496392372804,21.850049596272612,44,0.4731182795698925,250305.05
Risk-Based XGBoost,41,100,93,0.93,15.221106063836505,20.82291295573393,55,0.5913978494623656,272106.32999999996
Risk-Based XGBoost,42,100,95,0.95,14.377675828797177,21.195668601152928,44,0.4631578947368421,211353.8
Risk-Based XGBoost,43,100,96,0.96,14.986814719225002,21.460867228400577,50,0.5208333333333334,211191.87
Risk-Based XGBoost,44,100,94,0.94,14.912948844169431,20.84268798987114,45,0.4787234042553192,304783.65
Risk-Based XGBoost,45,100,92,0.92,14.937794537219128,20.754124289965866,42,0.45652173913043476,224594.99000000002
Risk-Based XGBoost,46,100,98,0.98,15.010806750310294,22.093963747424514,50,0.5102040816326531,219180.63
Risk-Based XGBoost,47,100,92,0.92,14.84034629983862,20.687085301530942,47,0.5108695652173914,201480.32
Risk-Based XGBoost,48,100,94,0.94,15.620713990790183,21.59204880392628,51,0.5425531914893617,234941.93
Risk-Based XGBoost,49,100,98,0.98,14.98084249691808,21.346761982389353,48,0.4897959183673469,241985.1
Risk-Based XGBoost,50,100,91,0.91,15.076353753348693,21.085965197309754,47,0.5164835164835165,225549.35
Risk-Based XGBoost,51,100,94,0.94,15.364684488368338,21.01987713943717,57,0.6063829787234043,249389.51000000004
Risk-Based XGBoost,52,100,93,0.93,14.883043496464394,21.99954894341488,51,0.5483870967741935,268246.36999999994
Risk-Based XGBoost,53,100,92,0.92,15.537526928321006,21.820346072070297,53,0.5760869565217391,239640.39999999997
Risk-Based XGBoost,54,100,89,0.89,14.723117603790104,20.726263442563827,38,0.42696629213483145,214924.61000000002
Risk-Based XGBoost,55,100,95,0.95,15.270138695068049,21.814241870997886,52,0.5473684210526316,227106.56
Risk-Based XGBoost,56,100,93,0.93,15.061414409119386,20.927344137444486,45,0.4838709677419355,240734.11000000002
Risk-Based XGBoost,57,100,97,0.97,16.07741068486172,22.30964923402265,56,0.5773195876288659,197015.42
Risk-Based XGBoost,58,100,88,0.88,14.947089942592362,21.67211890450664,44,0.5,225335.18
Risk-Based XGBoost,59,100,92,0.92,14.96825272366775,21.741267790697787,44,0.4782608695652174,241110.32
Risk-Based XGBoost,60,100,93,0.93,14.729702778904889,22.49272304694154,44,0.4731182795698925,277076.6099999999
Risk-Based XGBoost,61,100,95,0.95,14.992080774459328,21.288008222117064,49,0.5157894736842106,215713.61000000002
Risk-Based XGBoost,62,100,94,0.94,14.50907531716614,21.098765527864998,45,0.4787234042553192,227503.81
Risk-Based XGBoost,63,100,94,0.94,14.814587394423155,21.25200672665784,51,0.5425531914893617,272814.16
Risk-Based XGBoost,64,100,92,0.92,14.49573578533061,21.200832357206597,39,0.42391304347826086,265631.72000000003
Risk-Based XGBoost,65,100,90,0.9,14.661111659683161,21.130084432345804,35,0.3888888888888889,237591.37
Risk-Based XGBoost,66,100,95,0.95,15.646826945465108,20.949162137265326,59,0.6210526315789474,214643.99000000005
Risk-Based XGBoost,67,100,96,0.96,15.183262714960156,22.114112633103506,54,0.5625,263080.01
Risk-Based XGBoost,68,100,98,0.98,15.719047495398959,22.526763084753068,52,0.5306122448979592,235484.31999999998
Risk-Based XGBoost,69,100,98,0.98,15.605412348515149,21.064762782473412,55,0.5612244897959183,210318.81999999998
Risk-Based XGBoost,70,100,97,0.97,14.872719088914929,22.697273604969315,42,0.4329896907216495,250354.25
Risk-Based XGBoost,71,100,97,0.97,15.086381175606924,20.312252523355898,54,0.5567010309278351,220287.67000000004
Risk-Based XGBoost,72,100,93,0.93,15.776993303597969,22.301658522291014,51,0.5483870967741935,233134.26
Risk-Based XGBoost,73,100,92,0.92,14.81641003811195,20.74557365857553,46,0.5,318792.15
Risk-Based XGBoost,74,100,94,0.94,15.54832918513162,21.49054957160406,53,0.5638297872340425,300595.33
Risk-Based XGBoost,75,100,94,0.94,14.953825746593466,22.174918923957676,48,0.5106382978723404,233006.05
Risk-Based XGBoost,76,100,95,0.95,14.483963871613275,20.15488901808911,44,0.4631578947368421,285346.0300000001
Risk-Based XGBoost,77,100,98,0.98,15.081301212078271,20.650295415894597,46,0.46938775510204084,298778.28
Risk-Based XGBoost,78,100,92,0.92,15.27171917141757,21.15993064596479,47,0.5108695652173914,216878.85
Risk-Based XGBoost,79,100,95,0.95,14.418953912928778,22.29964619236497,45,0.47368421052631576,215027.13
Risk-Based XGBoost,80,100,94,0.94,14.558168217177172,21.822816920153837,39,0.4148936170212766,286145.92000000004
Risk-Based XGBoost,81,100,95,0.95,14.897566039831199,20.700381705437916,47,0.49473684210526314,256105.81
Risk-Based XGBoost,82,100,93,0.93,14.78352506171991,21.42685106123496,46,0.4946236559139785,221187.33999999997
Risk-Based XGBoost,83,100,92,0.92,15.013220809114271,22.09370882566245,47,0.5108695652173914,227714.75000000003
Risk-Based XGBoost,84,100,95,0.95,15.13374835817582,23.094458635523097,47,0.49473684210526314,223024.30999999997
Risk-Based XGBoost,85,100,91,0.91,13.888921029907166,20.155204936544113,35,0.38461538461538464,298589.29
Risk-Based XGBoost,86,100,94,0.94,14.944926748457847,20.61964910366998,47,0.5,275561.96
Risk-Based XGBoost,87,100,97,0.97,14.86115774065742,20.76480641203567,45,0.4639175257731959,301940.38999999996
Risk-Based XGBoost,88,100,93,0.93,15.733449131587,22.058970654982485,54,0.5806451612903226,256734.19999999998
Risk-Based XGBoost,89,100,95,0.95,14.851273787003962,19.88998066333784,44,0.4631578947368421,233241.44999999998
Risk-Based XGBoost,90,100,94,0.94,14.207904642825035,20.09961400792368,38,0.40425531914893614,184574.88
Risk-Based XGBoost,91,100,91,0.91,15.447373995738332,21.85513092918606,46,0.5054945054945055,220446.77999999997
Risk-Based XGBoost,92,100,96,0.96,15.281757109868181,20.909770640509322,53,0.5520833333333334,239670.87
Risk-Based XGBoost,93,100,90,0.9,15.193775316875985,21.220497091453822,49,0.5444444444444444,286214.61
Risk-Based XGBoost,94,100,91,0.91,15.019332352713029,20.832036428677224,45,0.4945054945054945,202522.27000000002
Risk-Based XGBoost,95,100,96,0.96,15.17357376959589,20.922016823645727,48,0.5,219343.63
Risk-Based XGBoost,96,100,96,0.96,14.574719402822318,20.948015570289304,45,0.46875,263103.18
Risk-Based XGBoost,97,100,97,0.97,14.882518530016013,20.931840700454195,49,0.5051546391752577,363998.49
Risk-Based XGBoost,98,100,94,0.94,15.368550155157454,21.462339990734712,49,0.5212765957446809,200291.55000000002
Risk-Based XGBoost,99,100,94,0.94,15.668365028796728,22.16698008334266,54,0.574468085106383,273177.73000000004
Risk-Based XGBoost,100,100,94,0.94,14.669014021642107,20.381763176697813,43,0.4574468085106383,200862.0
Risk-Based XGBoost,101,100,97,0.97,14.803635676467206,21.29086459166931,45,0.4639175257731959,221312.10000000003
Risk-Based XGBoost,102,100,95,0.95,15.051451044481233,21.747658382046204,52,0.5473684210526316,242472.95
Risk-Based XGBoost,103,100,96,0.96,15.41608562439536,21.433271420341935,55,0.5729166666666666,255106.16
Risk-Based XGBoost,104,100,93,0.93,15.595660156255205,23.241570758876698,51,0.5483870967741935,286441.09
Risk-Based XGBoost,105,100,92,0.92,15.35040100591123,20.818425908952843,49,0.532608695652174,306097.80999999994
Risk-Based XGBoost,106,100,90,0.9,14.930944044630474,20.456800887675332,47,0.5222222222222223,259970.59000000003
Risk-Based XGBoost,107,100,92,0.92,15.123293436375187,20.5185451168755,49,0.532608695652174,244140.55000000002
Risk-Based XGBoost,108,100,91,0.91,15.303910093356677,21.649288266858633,49,0.5384615384615384,235792.13000000003
Risk-Based XGBoost,109,100,96,0.96,15.248563800782676,20.487590935011387,50,0.5208333333333334,237556.02
Risk-Based XGBoost,110,100,94,0.94,15.326981180402525,22.377994786342164,49,0.5212765957446809,188698.47999999998
Risk-Based XGBoost,111,100,93,0.93,14.95153051245163,21.618798223236674,42,0.45161290322580644,234296.25
Risk-Based XGBoost,112,100,98,0.98,14.435880105834697,21.692439017204695,41,0.41836734693877553,259541.59
Risk-Based XGBoost,113,100,88,0.88,14.848488413907432,20.305498391982717,46,0.5227272727272727,193372.01
Risk-Based XGBoost,114,100,97,0.97,15.081304214375814,20.855588647950853,50,0.5154639175257731,285030.49
Risk-Based XGBoost,115,100,96,0.96,15.41393523278777,20.364287083412204,56,0.5833333333333334,266652.95
Risk-Based XGBoost,116,100,91,0.91,14.635867753034843,21.387541316448182,44,0.4835164835164835,215703.09999999998
Risk-Based XGBoost,117,100,93,0.93,14.755545376136286,20.63675886745715,45,0.4838709677419355,298542.73
Risk-Based XGBoost,118,100,91,0.91,15.047731432761426,21.31302030566905,46,0.5054945054945055,225097.13
Risk-Based XGBoost,119,100,93,0.93,15.23324202777062,21.127277809729797,55,0.5913978494623656,226238.38999999998
Risk-Based XGBoost,120,100,94,0.94,15.702675687078294,22.09260858230244,54,0.574468085106383,271566.18999999994
Risk-Based XGBoost,121,100,91,0.91,15.200945132700818,20.667512351873818,45,0.4945054945054945,290274.79
Risk-Based XGBoost,122,100,92,0.92,14.851872729104961,22.729971451252347,41,0.44565217391304346,191777.61000000002
Risk-Based XGBoost,123,100,89,0.89,15.770402159452331,21.957348912746948,47,0.5280898876404494,244516.01
Risk-Based XGBoost,124,100,92,0.92,16.135606642805154,22.203109173715912,57,0.6195652173913043,240278.62
Risk-Based XGBoost,125,100,96,0.96,14.524513808928996,20.488342038027312,44,0.4583333333333333,199235.55
Risk-Based XGBoost,126,100,92,0.92,14.667421376784906,20.579239129392143,49,0.532608695652174,231549.28
Risk-Based XGBoost,127,100,93,0.93,14.640128732866874,20.627265821558957,43,0.46236559139784944,289793.2
Risk-Based XGBoost,128,100,93,0.93,14.657200615128147,21.057363021036135,42,0.45161290322580644,224508.55999999997
Risk-Based XGBoost,129,100,97,0.97,14.366067283309421,19.473647789641607,47,0.4845360824742268,278470.72000000003
Risk-Based XGBoost,130,100,95,0.95,15.744659844775926,22.134424119455595,54,0.5684210526315789,232917.05999999997
Risk-Based XGBoost,131,100,91,0.91,14.725154555981927,20.55485792147328,43,0.4725274725274725,218879.82
Risk-Based XGBoost,132,100,96,0.96,15.904905928859733,22.407022411179813,58,0.6041666666666666,195089.6
Risk-Based XGBoost,133,100,91,0.91,14.537490951749175,20.600860037141278,41,0.45054945054945056,232871.31
Risk-Based XGBoost,134,100,92,0.92,14.958884251999272,21.953262900264217,45,0.4891304347826087,229444.01
Risk-Based XGBoost,135,100,95,0.95,14.049662388071367,19.637169462697422,36,0.37894736842105264,229104.69999999995
Risk-Based XGBoost,136,100,94,0.94,15.521065675690858,21.954439635826883,48,0.5106382978723404,269739.91
Risk-Based XGBoost,137,100,94,0.94,15.359598290251432,22.3101421379815,51,0.5425531914893617,265306.82000000007
Risk-Based XGBoost,138,100,93,0.93,14.964737275133292,21.90742848537802,47,0.5053763440860215,200884.98999999993
Risk-Based XGBoost,139,100,92,0.92,15.912113201285218,22.786798527489978,54,0.5869565217391305,244683.22999999998
Risk-Based XGBoost,140,100,95,0.95,14.76284249760607,20.935219759657002,46,0.4842105263157895,321290.8399999999
Risk-Based XGBoost,141,100,93,0.93,15.278698723331544,22.34494163770175,48,0.5161290322580645,250721.10999999996
Risk-Based XGBoost,142,100,91,0.91,15.02966304167716,21.622690276766154,43,0.4725274725274725,316503.68
Risk-Based XGBoost,143,100,95,0.95,15.044835922980477,20.44548209544283,47,0.49473684210526314,270164.52
Risk-Based XGBoost,144,100,96,0.96,14.789865989760353,20.012802280458388,47,0.4895833333333333,206132.2
Risk-Based XGBoost,145,100,99,0.99,14.717083457022046,21.84454559696351,48,0.48484848484848486,276419.52
Risk-Based XGBoost,146,100,92,0.92,14.814767658025133,21.926921011262856,45,0.4891304347826087,383529.56999999995
Risk-Based XGBoost,147,100,91,0.91,14.571517752895703,21.715364588828294,41,0.45054945054945056,191646.8
Risk-Based XGBoost,148,100,93,0.93,15.308597373525613,21.980560282998482,54,0.5806451612903226,224413.64999999997
Risk-Based XGBoost,149,100,94,0.94,14.4227254254501,20.328907823939414,45,0.4787234042553192,213190.72
Risk-Based XGBoost,150,100,98,0.98,15.243876053890814,22.435948535296063,52,0.5306122448979592,237287.6
Risk-Based XGBoost,151,100,93,0.93,15.075994983709778,22.092596128799265,48,0.5161290322580645,188341.06999999998
Risk-Based XGBoost,152,100,93,0.93,15.339889892442093,21.960676758734945,54,0.5806451612903226,218048.79999999996
Risk-Based XGBoost,153,100,92,0.92,15.501598036509783,21.59862276774184,49,0.532608695652174,221885.81
Risk-Based XGBoost,154,100,94,0.94,14.821137808326613,22.008358929099014,40,0.425531914893617,239419.75
Risk-Based XGBoost,155,100,93,0.93,14.769927265661332,21.372388153606632,45,0.4838709677419355,309232.22000000003
Risk-Based XGBoost,156,100,94,0.94,14.225697895266428,20.56288734837615,35,0.3723404255319149,236147.85
Risk-Based XGBoost,157,100,98,0.98,14.048158213076274,19.918745631649045,38,0.3877551020408163,258794.81999999998
Risk-Based XGBoost,158,100,95,0.95,15.384528586730493,21.741445596485477,52,0.5473684210526316,257024.72999999995
Risk-Based XGBoost,159,100,96,0.96,15.09806825224421,22.234790888020562,48,0.5,288195.06000000006
Risk-Based XGBoost,160,100,94,0.94,14.556296364697348,21.188602004717477,42,0.44680851063829785,308452.62000000005
Risk-Based XGBoost,161,100,89,0.89,15.228970862878247,22.02188300752909,46,0.5168539325842697,199307.81
Risk-Based XGBoost,162,100,92,0.92,15.612868304992691,22.821545245345877,51,0.5543478260869565,252726.1
Risk-Based XGBoost,163,100,96,0.96,14.917853548023446,20.716638529630604,52,0.5416666666666666,264491.76
Risk-Based XGBoost,164,100,94,0.94,14.888447868487313,22.275923699067516,49,0.5212765957446809,224151.43
Risk-Based XGBoost,165,100,93,0.93,14.780220359818527,21.597737799874285,51,0.5483870967741935,243253.56
Risk-Based XGBoost,166,100,90,0.9,15.114943644101817,22.84362035606049,42,0.4666666666666667,266203.06
Risk-Based XGBoost,167,100,92,0.92,14.992667393491784,21.42489839247091,50,0.5434782608695652,301236.22000000003
Risk-Based XGBoost,168,100,92,0.92,15.331101735561264,21.807167938075608,48,0.5217391304347826,225199.49999999994
Risk-Based XGBoost,169,100,93,0.93,14.549809938065085,22.36619013874038,42,0.45161290322580644,242787.30000000002
Risk-Based XGBoost,170,100,96,0.96,15.404545893628304,21.316944582589443,58,0.6041666666666666,202643.15
Risk-Based XGBoost,171,100,94,0.94,14.846379249810683,21.01363584588326,48,0.5106382978723404,243712.68
Risk-Based XGBoost,172,100,96,0.96,14.774768907193812,20.874707366701212,44,0.4583333333333333,287654.42000000004
Risk-Based XGBoost,173,100,93,0.93,15.278542123632171,22.11890730494285,53,0.5698924731182796,259680.24000000002
Risk-Based XGBoost,174,100,88,0.88,15.119420904423759,22.226504047028133,48,0.5454545454545454,237943.27000000002
Risk-Based XGBoost,175,100,96,0.96,14.652752275219074,21.783209655630877,39,0.40625,214440.94999999998
Risk-Based XGBoost,176,100,94,0.94,14.369603866777647,20.252112970632236,41,0.43617021276595747,234939.03999999995
Risk-Based XGBoost,177,100,96,0.96,14.982958621768427,20.782437837573102,49,0.5104166666666666,243722.21999999997
Risk-Based XGBoost,178,100,97,0.97,15.096101591056469,20.623106661317333,51,0.5257731958762887,217915.4
Risk-Based XGBoost,179,100,96,0.96,15.33919583881144,21.882910482697724,44,0.4583333333333333,207140.62
Risk-Based XGBoost,180,100,93,0.93,15.005470028714983,21.10271230624677,49,0.5268817204301075,271253.18000000005
Risk-Based XGBoost,181,100,98,0.98,15.312571847930922,20.419351349909252,54,0.5510204081632653,233932.27
Risk-Based XGBoost,182,100,94,0.94,15.611240251728367,21.75797317105209,58,0.6170212765957447,182735.52000000002
Risk-Based XGBoost,183,100,92,0.92,14.644411327115018,23.274864005536998,42,0.45652173913043476,181997.59000000003
Risk-Based XGBoost,184,100,94,0.94,15.036914969733632,20.836312107347155,54,0.574468085106383,241806.93
Risk-Based XGBoost,185,100,91,0.91,15.147313843626977,20.69050495599596,47,0.5164835164835165,230148.05
Risk-Based XGBoost,186,100,93,0.93,15.283323954075907,22.013437930752392,48,0.5161290322580645,319336.5900000001
Risk-Based XGBoost,187,100,93,0.93,14.616426219766469,21.09346150110401,44,0.4731182795698925,218868.84000000005
Risk-Based XGBoost,188,100,95,0.95,14.758372268546111,20.9471739637343,48,0.5052631578947369,248280.41
Risk-Based XGBoost,189,100,91,0.91,15.413281340524549,21.782280281890735,49,0.5384615384615384,229338.81000000003
Risk-Based XGBoost,190,100,94,0.94,14.973685206362287,22.097596527710543,44,0.46808510638297873,226650.74
Risk-Based XGBoost,191,100,93,0.93,15.263236880393412,21.025237479800133,46,0.4946236559139785,225656.55000000002
Risk-Based XGBoost,192,100,91,0.91,15.260382646970106,23.043353296433583,42,0.46153846153846156,246792.19
Risk-Based XGBoost,193,100,92,0.92,15.379197594874869,22.166287351210947,52,0.5652173913043478,275182.1100000001
Risk-Based XGBoost,194,100,96,0.96,15.451045994062076,22.644672764650302,53,0.5520833333333334,279478.23
Risk-Based XGBoost,195,100,87,0.87,14.747265169061164,21.68997717747232,42,0.4827586206896552,190124.58000000002
Risk-Based XGBoost,196,100,97,0.97,14.944949422344814,22.790290813157213,45,0.4639175257731959,293686.87
Risk-Based XGBoost,197,100,90,0.9,14.840857346653305,19.638028369197947,45,0.5,216147.12
Risk-Based XGBoost,198,100,98,0.98,15.18654460834501,21.37635490963393,51,0.5204081632653061,298795.02999999997
Risk-Based XGBoost,199,100,96,0.96,14.367426713674256,20.681868076335903,41,0.4270833333333333,281730.04
Risk-Based XGBoost,200,100,92,0.92,15.059812080058105,21.05629528172199,47,0.5108695652173914,195232.22
Risk-Based XGBoost,201,100,96,0.96,14.7187742513642,20.843172992557253,45,0.46875,243427.76
Risk-Based XGBoost,202,100,93,0.93,14.654294711413183,20.729919859693066,45,0.4838709677419355,206163.08999999997
Risk-Based XGBoost,203,100,90,0.9,14.503282028487222,21.441549226289453,45,0.5,210716.84
Risk-Based XGBoost,204,100,93,0.93,14.572612499672958,21.872975274789663,43,0.46236559139784944,174301.19
Risk-Based XGBoost,205,100,96,0.96,14.811555464760717,20.93185071562326,48,0.5,303501.77
Risk-Based XGBoost,206,100,99,0.99,15.310934874127526,22.62068222114959,54,0.5454545454545454,276428.14
Risk-Based XGBoost,207,100,93,0.93,15.485228220803771,20.652727378050155,57,0.6129032258064516,276289.06
Risk-Based XGBoost,208,100,95,0.95,15.813326490764556,22.187005336099997,55,0.5789473684210527,271774.72
Risk-Based XGBoost,209,100,95,0.95,14.983835880000973,21.80586962854877,53,0.5578947368421052,175557.90999999997
Risk-Based XGBoost,210,100,94,0.94,15.22874831489589,20.949114910968298,41,0.43617021276595747,210578.33000000005
Risk-Based XGBoost,211,100,91,0.91,14.61468457812406,20.846558011761033,41,0.45054945054945056,244191.48
Risk-Based XGBoost,212,100,96,0.96,15.88511259924275,22.581372797572467,52,0.5416666666666666,296004.15
Risk-Based XGBoost,213,100,97,0.97,14.763198922069538,20.125737026854615,43,0.44329896907216493,234431.65
Risk-Based XGBoost,214,100,94,0.94,15.206243582311926,22.168105398926404,50,0.5319148936170213,206386.94999999998
Risk-Based XGBoost,215,100,94,0.94,14.446453927849433,21.567254353768956,46,0.48936170212765956,217000.88999999998
Risk-Based XGBoost,216,100,93,0.93,15.162226856785297,21.402783699762903,49,0.5268817204301075,187578.96000000002
Risk-Based XGBoost,217,100,94,0.94,14.65204175881446,20.93668476539309,44,0.46808510638297873,269783.91
Risk-Based XGBoost,218,100,92,0.92,14.406900135382928,20.565769176378982,40,0.43478260869565216,200079.28999999998
Risk-Based XGBoost,219,100,92,0.92,14.884989887494987,21.18977953120153,47,0.5108695652173914,236854.3
Risk-Based XGBoost,220,100,96,0.96,14.33334804557522,21.99274822075032,44,0.4583333333333333,327843.03
Risk-Based XGBoost,221,100,94,0.94,15.043950847590255,21.646505696371744,45,0.4787234042553192,222212.96
Risk-Based XGBoost,222,100,93,0.93,15.17844572349605,22.090757423149107,46,0.4946236559139785,197850.18
Risk-Based XGBoost,223,100,93,0.93,14.508597687147441,20.787253156902402,44,0.4731182795698925,195615.02
Risk-Based XGBoost,224,100,93,0.93,15.405951268158912,21.344467914958944,49,0.5268817204301075,305062.79000000004
Risk-Based XGBoost,225,100,95,0.95,16.05354661195831,21.5921141894573,60,0.631578947368421,234878.84
Risk-Based XGBoost,226,100,97,0.97,14.603954620399024,21.118649047265553,45,0.4639175257731959,287854.57
Risk-Based XGBoost,227,100,92,0.92,13.659715502501449,19.888730469710442,33,0.358695652173913,180512.19999999995
Risk-Based XGBoost,228,100,94,0.94,15.1629807827326,21.680544443939233,50,0.5319148936170213,218270.51
Risk-Based XGBoost,229,100,91,0.91,15.448972262365407,22.516611845556312,49,0.5384615384615384,185120.40000000002
Risk-Based XGBoost,230,100,92,0.92,15.443677574250962,22.078038530698045,51,0.5543478260869565,262041.8
Risk-Based XGBoost,231,100,92,0.92,14.977259996051375,21.23442695566721,48,0.5217391304347826,181017.38
Risk-Based XGBoost,232,100,96,0.96,14.477009781319902,22.861449343493064,44,0.4583333333333333,342880.14
Risk-Based XGBoost,233,100,92,0.92,14.688142804756168,21.10426359041211,48,0.5217391304347826,250731.91
Risk-Based XGBoost,234,100,96,0.96,15.18781749753469,21.568371133324746,49,0.5104166666666666,241268.99
Risk-Based XGBoost,235,100,93,0.93,15.280304687963815,20.508903450554655,50,0.5376344086021505,319846.83
Risk-Based XGBoost,236,100,91,0.91,15.423800555472221,21.289289008831737,50,0.5494505494505495,191161.41
Risk-Based XGBoost,237,100,95,0.95,15.340033873040992,20.72171962334308,48,0.5052631578947369,239062.56
Risk-Based XGBoost,238,100,91,0.91,14.35248180518003,20.364656191173545,46,0.5054945054945055,245656.78999999998
Risk-Based XGBoost,239,100,95,0.95,15.131873524046577,21.884829857575713,54,0.5684210526315789,250359.27
Risk-Based XGBoost,240,100,91,0.91,15.751102617284255,21.750701095343324,57,0.6263736263736264,245602.83000000002
Risk-Based XGBoost,241,100,95,0.95,15.021191906926546,21.202894733947268,49,0.5157894736842106,267386.92000000004
Risk-Based XGBoost,242,100,89,0.89,14.911228616296086,22.632420720207858,45,0.5056179775280899,281482.12
Risk-Based XGBoost,243,100,95,0.95,14.517618028914256,21.656680997656498,40,0.42105263157894735,235554.99000000002
Risk-Based XGBoost,244,100,99,0.99,14.898943050637868,22.295920874839872,42,0.42424242424242425,229670.09
Risk-Based XGBoost,245,100,94,0.94,15.371672972610131,22.007387201577593,53,0.5638297872340425,213296.89
Risk-Based XGBoost,246,100,95,0.95,15.881650242505236,23.441117982734344,55,0.5789473684210527,254385.59000000003
Risk-Based XGBoost,247,100,95,0.95,14.767962784303448,21.046272283365862,47,0.49473684210526314,227772.01
Risk-Based XGBoost,248,100,95,0.95,15.44447121036141,21.261704533719982,53,0.5578947368421052,212457.52999999994
Risk-Based XGBoost,249,100,94,0.94,14.317700933937322,21.2984385632561,38,0.40425531914893614,200518.33
Risk-Based XGBoost,250,100,96,0.96,15.166965766909977,22.25217826085754,48,0.5,259820.47000000003
Risk-Based XGBoost,251,100,93,0.93,14.355244478414651,21.788135900988994,41,0.44086021505376344,208852.79
Risk-Based XGBoost,252,100,95,0.95,15.55426117221351,21.880241491220808,53,0.5578947368421052,360131.74000000005
Risk-Based XGBoost,253,100,95,0.95,15.323378503735974,20.398917996129477,48,0.5052631578947369,241576.31
Risk-Based XGBoost,254,100,93,0.93,14.590333195659435,21.686169176677318,39,0.41935483870967744,238847.12
Risk-Based XGBoost,255,100,95,0.95,15.20644485475567,21.436041364670533,52,0.5473684210526316,204349.35
Risk-Based XGBoost,256,100,91,0.91,14.792310289227839,21.44878973576833,43,0.4725274725274725,253135.06999999998
Risk-Based XGBoost,257,100,95,0.95,15.547811429853606,21.465434484567417,55,0.5789473684210527,244341.28000000003
Risk-Based XGBoost,258,100,94,0.94,14.875138145213242,21.65170522980658,44,0.46808510638297873,238570.65
Risk-Based XGBoost,259,100,94,0.94,15.047245021044404,22.816146194911244,45,0.4787234042553192,178674.38999999996
Risk-Based XGBoost,260,100,93,0.93,15.751704966383596,22.552608417396904,52,0.5591397849462365,255014.91
Risk-Based XGBoost,261,100,96,0.96,14.477798075647835,21.280264424749348,37,0.3854166666666667,272817.86
Risk-Based XGBoost,262,100,91,0.91,15.163561692335739,21.747841274729595,46,0.5054945054945055,201331.80999999997
Risk-Based XGBoost,263,100,92,0.92,13.858709433273217,20.673837678790534,34,0.3695652173913043,274540.99000000005
Risk-Based XGBoost,264,100,96,0.96,14.771320887223425,22.1602673360787,49,0.5104166666666666,296271.68000000005
Risk-Based XGBoost,265,100,94,0.94,15.501334332321989,20.77693814163713,50,0.5319148936170213,230629.37
Risk-Based XGBoost,266,100,95,0.95,15.735988476279333,20.931604955622035,59,0.6210526315789474,336087.30000000005
Risk-Based XGBoost,267,100,97,0.97,15.242136303247229,22.02892807037794,43,0.44329896907216493,249210.61
Risk-Based XGBoost,268,100,97,0.97,15.20331641933486,21.554930457908398,46,0.4742268041237113,201737.06000000003
Risk-Based XGBoost,269,100,93,0.93,14.627171602369495,21.753154342728102,42,0.45161290322580644,218007.18
Risk-Based XGBoost,270,100,94,0.94,14.811931647151447,20.759489072635784,46,0.48936170212765956,212746.46
Risk-Based XGBoost,271,100,93,0.93,14.29719514629115,20.847973615182468,46,0.4946236559139785,273156.77999999997
Risk-Based XGBoost,272,100,97,0.97,15.303707910615664,22.11336028702244,53,0.5463917525773195,286970.9
Risk-Based XGBoost,273,100,96,0.96,14.957043271247676,22.024435288911818,44,0.4583333333333333,209461.66
Risk-Based XGBoost,274,100,96,0.96,15.204944313642983,20.33670880022617,53,0.5520833333333334,265427.05000000005
Risk-Based XGBoost,275,100,96,0.96,14.680798640205957,21.659516861755158,45,0.46875,288419.76
Risk-Based XGBoost,276,100,93,0.93,14.60802004951357,21.482619748586767,39,0.41935483870967744,244558.52000000005
Risk-Based XGBoost,277,100,93,0.93,14.826655409802443,20.495140506978455,42,0.45161290322580644,203694.27
Risk-Based XGBoost,278,100,94,0.94,16.05106991532278,22.136791132225216,62,0.6595744680851063,185821.74000000002
Risk-Based XGBoost,279,100,91,0.91,15.30860635282755,21.03499283754715,49,0.5384615384615384,236973.91999999998
Risk-Based XGBoost,280,100,90,0.9,14.707068446271549,21.96212484000823,41,0.45555555555555555,233114.42
Risk-Based XGBoost,281,100,94,0.94,15.199374438984075,22.610410931373064,46,0.48936170212765956,261612.74
Risk-Based XGBoost,282,100,92,0.92,15.911894198341743,22.921136689178418,52,0.5652173913043478,260904.4
Risk-Based XGBoost,283,100,93,0.93,14.539120790331694,20.510578580141534,40,0.43010752688172044,295290.78000000014
Risk-Based XGBoost,284,100,92,0.92,14.452540976183279,20.3243005037774,41,0.44565217391304346,210358.44
Risk-Based XGBoost,285,100,84,0.84,15.353183965161369,21.254777287726075,42,0.5,226497.01
Risk-Based XGBoost,286,100,96,0.96,14.731093041635068,20.285015510434423,45,0.46875,229222.12
Risk-Based XGBoost,287,100,93,0.93,15.303670465271724,22.09025789079395,49,0.5268817204301075,217461.35999999996
Risk-Based XGBoost,288,100,90,0.9,15.896970169195477,23.355827346216017,49,0.5444444444444444,333759.95
Risk-Based XGBoost,289,100,96,0.96,15.697845045427224,22.115013533970583,52,0.5416666666666666,275357.21
Risk-Based XGBoost,290,100,96,0.96,15.252147479079,21.615675952339185,52,0.5416666666666666,231771.65999999997
Risk-Based XGBoost,291,100,93,0.93,15.055366566188534,21.165616851875754,48,0.5161290322580645,297478.94000000006
Risk-Based XGBoost,292,100,96,0.96,15.106756470687666,21.57458062108983,49,0.5104166666666666,236426.53999999998
Risk-Based XGBoost,293,100,96,0.96,15.041573133244711,21.083129255583216,47,0.4895833333333333,185990.34
Risk-Based XGBoost,294,100,93,0.93,14.797613279821872,22.138959228902724,41,0.44086021505376344,197645.72000000003
Risk-Based XGBoost,295,100,92,0.92,14.228958186830942,19.258111262392514,41,0.44565217391304346,196971.61000000002
Risk-Based XGBoost,296,100,96,0.96,14.573933361354696,20.680951968928397,47,0.4895833333333333,287507.36
Risk-Based XGBoost,297,100,92,0.92,14.859933898371011,20.26312051367842,46,0.5,270341.89999999997
Risk-Based XGBoost,298,100,95,0.95,14.961531273828983,21.574152292164857,47,0.49473684210526314,285906.63
Risk-Based XGBoost,299,100,93,0.93,15.355439260798528,22.117274720482158,51,0.5483870967741935,259476.24000000002
Risk-Based XGBoost,300,100,95,0.95,15.008712799069835,21.994921410671953,48,0.5052631578947369,262522.22
Risk-Based XGBoost,301,100,96,0.96,14.15252313090045,20.31956026847343,41,0.4270833333333333,280551.3
Risk-Based XGBoost,302,100,94,0.94,15.540374929882224,22.055019264639114,50,0.5319148936170213,247777.26
Risk-Based XGBoost,303,100,94,0.94,14.698993675365232,22.373649591652264,40,0.425531914893617,238562.39
Risk-Based XGBoost,304,100,95,0.95,15.388059767315637,20.40408899472615,55,0.5789473684210527,318747.0599999999
Risk-Based XGBoost,305,100,98,0.98,15.30478875001523,21.335085044107842,53,0.5408163265306123,217536.47
Risk-Based XGBoost,306,100,96,0.96,14.779203950521458,20.728587019966557,45,0.46875,254141.71
Risk-Based XGBoost,307,100,91,0.91,14.485962545636237,19.824160100534044,43,0.4725274725274725,234152.64999999997
Risk-Based XGBoost,308,100,95,0.95,15.116274045313869,22.232682235584228,44,0.4631578947368421,325996.78
Risk-Based XGBoost,309,100,92,0.92,15.58920863358215,20.469396059383378,55,0.5978260869565217,169453.94999999998
Risk-Based XGBoost,310,100,90,0.9,14.679791950713462,21.80370891759352,46,0.5111111111111111,230261.31000000003
Risk-Based XGBoost,311,100,94,0.94,15.372988402956915,21.78614542084368,48,0.5106382978723404,218025.55999999997
Risk-Based XGBoost,312,100,94,0.94,14.445025623368947,21.166408833661862,42,0.44680851063829785,253338.22000000003
Risk-Based XGBoost,313,100,96,0.96,15.700992053688465,20.91761898264494,58,0.6041666666666666,219647.97999999998
Risk-Based XGBoost,314,100,93,0.93,14.825320194986494,20.847976271392326,44,0.4731182795698925,252087.86000000004
Risk-Based XGBoost,315,100,97,0.97,14.574029069265906,20.857879091630817,45,0.4639175257731959,243011.75999999998
Risk-Based XGBoost,316,100,92,0.92,14.948826535235723,22.125846535087035,47,0.5108695652173914,297340.44
Risk-Based XGBoost,317,100,97,0.97,15.387230283957821,21.91936122243044,56,0.5773195876288659,194546.28
Risk-Based XGBoost,318,100,92,0.92,14.629129358303803,19.937735195940466,42,0.45652173913043476,298412.49000000005
Risk-Based XGBoost,319,100,94,0.94,14.756464815925918,19.673231440508843,41,0.43617021276595747,268865.87
Risk-Based XGBoost,320,100,94,0.94,15.066712015029319,20.379411540010263,48,0.5106382978723404,249914.03000000006
Risk-Based XGBoost,321,100,96,0.96,15.499952717083362,21.32552745287839,59,0.6145833333333334,255315.47999999998
Risk-Based XGBoost,322,100,94,0.94,15.012574499640168,21.432937802506675,45,0.4787234042553192,215660.34
Risk-Based XGBoost,323,100,94,0.94,14.914880345590937,20.568305825780023,44,0.46808510638297873,232824.47000000003
Risk-Based XGBoost,324,100,96,0.96,15.046327373629778,20.485433187659478,45,0.46875,262366.1
Risk-Based XGBoost,325,100,97,0.97,14.587838182357986,21.657963826767705,42,0.4329896907216495,220813.57999999996
Risk-Based XGBoost,326,100,91,0.91,14.574724116807936,20.743552402926525,48,0.5274725274725275,205065.08000000002
Risk-Based XGBoost,327,100,93,0.93,14.844240291189356,21.02601411320873,49,0.5268817204301075,258916.26
Risk-Based XGBoost,328,100,95,0.95,15.186545213532607,21.858812676882263,48,0.5052631578947369,210697.02
Risk-Based XGBoost,329,100,94,0.94,14.411321919606046,19.932968545964815,36,0.3829787234042553,241141.9
Risk-Based XGBoost,330,100,98,0.98,14.763431939430891,21.14288166935897,52,0.5306122448979592,224870.83000000002
Risk-Based XGBoost,331,100,96,0.96,15.59601025738049,21.978161751483434,57,0.59375,242869.72999999998
Risk-Based XGBoost,332,100,92,0.92,15.310229676865125,21.58835786455152,46,0.5,293630.72
Risk-Based XGBoost,333,100,93,0.93,14.868750511044821,20.955894221611647,46,0.4946236559139785,208843.63
Risk-Based XGBoost,334,100,95,0.95,14.727966866356907,21.190425405776516,44,0.4631578947368421,279297.23000000004
Risk-Based XGBoost,335,100,98,0.98,15.474494857375278,22.19139599672063,62,0.6326530612244898,237281.59000000003
Risk-Based XGBoost,336,100,91,0.91,15.793376691278471,22.44383224223399,53,0.5824175824175825,212065.18
Risk-Based XGBoost,337,100,95,0.95,15.001669657149181,21.28915089773182,48,0.5052631578947369,272571.0
Risk-Based XGBoost,338,100,96,0.96,15.374454098021436,22.722112205998954,52,0.5416666666666666,249036.46999999997
Risk-Based XGBoost,339,100,93,0.93,14.636806984478122,22.023013491110373,42,0.45161290322580644,220655.01
Risk-Based XGBoost,340,100,94,0.94,15.418041239362108,21.7074135227468,49,0.5212765957446809,266558.3999999999
Risk-Based XGBoost,341,100,89,0.89,14.498962479596436,21.253024073421766,43,0.48314606741573035,267715.49
Risk-Based XGBoost,342,100,93,0.93,15.257007514508508,22.091290054484578,46,0.4946236559139785,247591.77
Risk-Based XGBoost,343,100,98,0.98,14.944215233334551,23.260460652309835,46,0.46938775510204084,192184.19999999998
Risk-Based XGBoost,344,100,89,0.89,14.107239946352395,19.528724661590687,37,0.4157303370786517,220506.25
Risk-Based XGBoost,345,100,96,0.96,15.636134879752737,22.025309853035168,52,0.5416666666666666,227749.87000000002
Risk-Based XGBoost,346,100,96,0.96,15.045605704514367,22.164966351953275,46,0.4791666666666667,226130.87999999998
Risk-Based XGBoost,347,100,92,0.92,15.208302052695716,21.500325228256756,44,0.4782608695652174,178654.67999999996
Risk-Based XGBoost,348,100,95,0.95,14.021784701373303,21.025013754330278,33,0.3473684210526316,363578.46
Risk-Based XGBoost,349,100,92,0.92,14.748620667064852,21.005499034923435,46,0.5,218965.04
Risk-Based XGBoost,350,100,97,0.97,15.297530359428581,22.490857230403492,49,0.5051546391752577,230619.20999999996
Risk-Based XGBoost,351,100,94,0.94,15.030065503793917,22.169741060878227,48,0.5106382978723404,300362.34
Risk-Based XGBoost,352,100,88,0.88,14.779256352337013,20.764329236201316,40,0.45454545454545453,210790.18
Risk-Based XGBoost,353,100,95,0.95,14.793713834329683,21.709398928801136,43,0.45263157894736844,255723.00999999998
Risk-Based XGBoost,354,100,92,0.92,15.149451226653165,21.642632677437973,44,0.4782608695652174,236234.95
Risk-Based XGBoost,355,100,93,0.93,14.707696403489894,20.351199104021227,46,0.4946236559139785,237169.03000000003
Risk-Based XGBoost,356,100,92,0.92,15.155555192159355,21.73112152289732,47,0.5108695652173914,216335.50000000003
Risk-Based XGBoost,357,100,92,0.92,15.153741680992722,21.882867247988052,43,0.4673913043478261,295590.06
Risk-Based XGBoost,358,100,92,0.92,14.797967757321375,21.026812366028192,40,0.43478260869565216,257880.52
Risk-Based XGBoost,359,100,96,0.96,15.63553053137259,23.08974096813081,50,0.5208333333333334,235714.31
Risk-Based XGBoost,360,100,87,0.87,15.587970769640274,20.80102588668172,50,0.5747126436781609,200664.38999999998
Risk-Based XGBoost,361,100,92,0.92,15.442029856683078,22.198719465443286,48,0.5217391304347826,276251.44
Risk-Based XGBoost,362,100,96,0.96,15.055462112587257,20.743203111536705,46,0.4791666666666667,236494.64999999997
Risk-Based XGBoost,363,100,94,0.94,14.726098640194405,20.63166753306373,50,0.5319148936170213,230186.77000000002
Risk-Based XGBoost,364,100,96,0.96,14.992940967165135,20.77307200493689,49,0.5104166666666666,246626.15
Risk-Based XGBoost,365,100,89,0.89,15.170746506885964,21.075910338954326,49,0.550561797752809,211451.91999999998
Risk-Based XGBoost,366,100,93,0.93,15.708131068282976,23.050867871332056,53,0.5698924731182796,220167.21000000002
Risk-Based XGBoost,367,100,96,0.96,15.161594752011437,20.364236840083493,49,0.5104166666666666,267644.82999999996
Risk-Based XGBoost,368,100,97,0.97,14.640729183249265,21.10289609739627,45,0.4639175257731959,239379.49
Risk-Based XGBoost,369,100,92,0.92,15.111891570951538,20.803799673352437,48,0.5217391304347826,330704.65
Risk-Based XGBoost,370,100,94,0.94,15.27452694906341,21.12087059008927,53,0.5638297872340425,233643.74000000002
Risk-Based XGBoost,371,100,96,0.96,14.337624908485806,20.872085464493377,43,0.4479166666666667,257861.58999999997
Risk-Based XGBoost,372,100,96,0.96,15.451333864471541,21.99835349220167,53,0.5520833333333334,324987.89
Risk-Based XGBoost,373,100,97,0.97,15.17441915244458,21.669066632591054,50,0.5154639175257731,255610.29
Risk-Based XGBoost,374,100,89,0.89,15.187989720853075,20.952954573668666,52,0.5842696629213483,208722.16
Risk-Based XGBoost,375,100,97,0.97,14.723693798266504,20.89719354882796,49,0.5051546391752577,241996.14
Risk-Based XGBoost,376,100,92,0.92,14.531924026739244,20.552737032374115,43,0.4673913043478261,210419.30999999997
Risk-Based XGBoost,377,100,93,0.93,14.622459259289126,20.28320858142111,42,0.45161290322580644,233727.03999999998
Risk-Based XGBoost,378,100,89,0.89,14.789621870065805,21.22275986222235,45,0.5056179775280899,238571.35
Risk-Based XGBoost,379,100,93,0.93,15.849221117110329,22.14100642990117,54,0.5806451612903226,230826.63999999996
Risk-Based XGBoost,380,100,92,0.92,15.45981380047411,22.825576753513143,44,0.4782608695652174,288834.28
Risk-Based XGBoost,381,100,91,0.91,15.663452389852852,22.984751563684192,50,0.5494505494505495,244632.93000000005
Risk-Based XGBoost,382,100,93,0.93,15.148100842903771,22.41438135250143,47,0.5053763440860215,231808.40999999997
Risk-Based XGBoost,383,100,97,0.97,14.467113943506599,21.124420812849916,45,0.4639175257731959,260664.02000000002
Risk-Based XGBoost,384,100,97,0.97,14.994885078668608,20.68804686943485,47,0.4845360824742268,285851.3
Risk-Based XGBoost,385,100,91,0.91,15.361832923449079,21.549812440474795,54,0.5934065934065934,220423.99
Risk-Based XGBoost,386,100,94,0.94,14.88211352901127,20.306831491997894,47,0.5,207742.93000000002
Risk-Based XGBoost,387,100,93,0.93,14.947983945473053,21.13507225978107,42,0.45161290322580644,232230.95
Risk-Based XGBoost,388,100,95,0.95,14.665750207864862,22.64454690570362,42,0.4421052631578947,219715.24999999997
Risk-Based XGBoost,389,100,96,0.96,14.871774204913862,21.171233183943748,45,0.46875,273504.71
Risk-Based XGBoost,390,100,89,0.89,15.431964528767269,21.341922008208588,50,0.5617977528089888,270385.4
Risk-Based XGBoost,391,100,93,0.93,15.3464675495804,21.90826460747194,45,0.4838709677419355,236371.88
Risk-Based XGBoost,392,100,96,0.96,15.947878607751369,23.5109573304856,53,0.5520833333333334,249173.40999999997
Risk-Based XGBoost,393,100,92,0.92,14.491027860751203,20.82045885180771,43,0.4673913043478261,215201.93000000002
Risk-Based XGBoost,394,100,92,0.92,14.415077053850869,20.88312364281991,39,0.42391304347826086,282396.46
Risk-Based XGBoost,395,100,92,0.92,14.37524400905586,20.52899720148334,40,0.43478260869565216,239596.47999999998
Risk-Based XGBoost,396,100,95,0.95,14.577719730480014,20.29728370418903,40,0.42105263157894735,234178.97999999998
Risk-Based XGBoost,397,100,92,0.92,15.15173494406315,22.14594399619403,43,0.4673913043478261,265510.26
Risk-Based XGBoost,398,100,90,0.9,15.151665515601447,21.430012869812845,46,0.5111111111111111,191077.11000000002
Risk-Based XGBoost,399,100,93,0.93,15.16387653534538,20.644467698932278,43,0.46236559139784944,232689.90000000002
Risk-Based XGBoost,400,100,92,0.92,15.216725108126766,23.114006881730432,46,0.5,188707.15000000002
Risk-Based XGBoost,401,100,93,0.93,14.808831043414076,20.680199655409698,47,0.5053763440860215,254895.22000000003
Risk-Based XGBoost,402,100,93,0.93,15.449502753634066,22.27048299766273,50,0.5376344086021505,245416.78
Risk-Based XGBoost,403,100,93,0.93,15.28000076921775,21.214765649542635,54,0.5806451612903226,178582.37999999995
Risk-Based XGBoost,404,100,94,0.94,14.797549124693223,20.999093613506293,50,0.5319148936170213,229538.85000000003
Risk-Based XGBoost,405,100,94,0.94,15.353011529905055,22.03012468479688,47,0.5,244817.31
Risk-Based XGBoost,406,100,91,0.91,14.842872676530956,21.469351374743397,40,0.43956043956043955,230741.81
Risk-Based XGBoost,407,100,89,0.89,14.964534905227268,21.103039630600932,46,0.5168539325842697,249387.98
Risk-Based XGBoost,408,100,98,0.98,14.968702983372062,21.396066973667153,46,0.46938775510204084,277216.25000000006
Risk-Based XGBoost,409,100,93,0.93,15.488626619571727,22.503545690173418,51,0.5483870967741935,214647.05000000002
Risk-Based XGBoost,410,100,92,0.92,15.480019753739784,20.560286318790272,54,0.5869565217391305,223554.40000000002
Risk-Based XGBoost,411,100,92,0.92,14.298763590399055,21.216180888337938,37,0.40217391304347827,273967.11999999994
Risk-Based XGBoost,412,100,96,0.96,15.642719849398476,21.597782653296616,55,0.5729166666666666,179580.88
Risk-Based XGBoost,413,100,94,0.94,15.485711918918623,22.077457744905253,54,0.574468085106383,203568.89999999997
Risk-Based XGBoost,414,100,98,0.98,14.471195558192807,20.520554559565674,50,0.5102040816326531,306830.44999999995
Risk-Based XGBoost,415,100,99,0.99,15.124169045113565,21.734436414097342,47,0.47474747474747475,235740.25999999998
Risk-Based XGBoost,416,100,90,0.9,14.929632737665475,20.386521887374805,44,0.4888888888888889,260107.03000000003
Risk-Based XGBoost,417,100,91,0.91,15.572552457608095,20.875196383666896,52,0.5714285714285714,288135.6699999999
Risk-Based XGBoost,418,100,94,0.94,15.14730695165248,22.614573000100254,46,0.48936170212765956,233666.52
Risk-Based XGBoost,419,100,97,0.97,15.040366342886868,22.88188236004449,52,0.5360824742268041,217282.98
Risk-Based XGBoost,420,100,94,0.94,14.790312942075154,20.4247944600182,39,0.4148936170212766,252576.38
Risk-Based XGBoost,421,100,98,0.98,14.429005591416905,20.67745721021278,50,0.5102040816326531,234656.15
Risk-Based XGBoost,422,100,97,0.97,14.67264066886298,21.51468200473047,42,0.4329896907216495,217114.77999999997
Risk-Based XGBoost,423,100,93,0.93,15.266864213671168,22.683930699812695,49,0.5268817204301075,231191.34000000003
Risk-Based XGBoost,424,100,97,0.97,15.007086605889834,21.522574098156515,50,0.5154639175257731,235118.29
Risk-Based XGBoost,425,100,97,0.97,14.998491330673701,22.03169018740657,46,0.4742268041237113,261297.19
Risk-Based XGBoost,426,100,93,0.93,15.054758468043943,21.65651234924961,53,0.5698924731182796,184617.88000000003
Risk-Based XGBoost,427,100,98,0.98,14.82893118522421,20.418509441534272,43,0.4387755102040816,222575.67
Risk-Based XGBoost,428,100,93,0.93,15.108263039290629,20.92846842560203,47,0.5053763440860215,232653.00999999998
Risk-Based XGBoost,429,100,94,0.94,15.495063544995741,21.681783412265165,47,0.5,209075.09
Risk-Based XGBoost,430,100,97,0.97,15.274786288434603,21.409746417564154,49,0.5051546391752577,233744.61000000002
Risk-Based XGBoost,431,100,98,0.98,15.718202826390684,21.059637783471317,54,0.5510204081632653,223321.74999999997
Risk-Based XGBoost,432,100,91,0.91,14.588072759112523,21.90846071986016,43,0.4725274725274725,225560.26
Risk-Based XGBoost,433,100,95,0.95,15.346739650853097,23.008092718372883,48,0.5052631578947369,242172.93000000005
Risk-Based XGBoost,434,100,85,0.85,14.664333718557424,20.813234318488153,38,0.4470588235294118,222978.57
Risk-Based XGBoost,435,100,90,0.9,15.230486984211211,21.599725317368417,50,0.5555555555555556,237560.47000000003
Risk-Based XGBoost,436,100,87,0.87,15.314664482220092,20.902382045398074,49,0.5632183908045977,233768.84000000003
Risk-Based XGBoost,437,100,93,0.93,14.988628911204788,21.75555497984461,48,0.5161290322580645,288162.43000000005
Risk-Based XGBoost,438,100,93,0.93,14.91052449305022,22.122635587604847,41,0.44086021505376344,184059.29
Risk-Based XGBoost,439,100,92,0.92,14.887655881901411,21.07786001802649,45,0.4891304347826087,290141.6
Risk-Based XGBoost,440,100,92,0.92,14.929732002458277,22.021117430262795,46,0.5,303648.20999999996
Risk-Based XGBoost,441,100,98,0.98,14.356674148436477,20.739701213627182,45,0.45918367346938777,290266.91
Risk-Based XGBoost,442,100,96,0.96,14.9914872591149,21.21856519180669,52,0.5416666666666666,211376.0
Risk-Based XGBoost,443,100,96,0.96,15.282705154124153,20.81717266825843,48,0.5,274594.9
Risk-Based XGBoost,444,100,93,0.93,14.80499069437842,21.542305425405434,47,0.5053763440860215,261507.81000000003
Risk-Based XGBoost,445,100,95,0.95,14.236288543851051,20.14840067070579,39,0.4105263157894737,280414.68000000005
Risk-Based XGBoost,446,100,90,0.9,14.807469481948376,20.090244367952256,42,0.4666666666666667,275568.95
Risk-Based XGBoost,447,100,95,0.95,15.446091085989593,20.294065440394355,52,0.5473684210526316,292740.41000000003
Risk-Based XGBoost,448,100,89,0.89,14.915138529566736,20.972309911870365,45,0.5056179775280899,300624.32000000007
Risk-Based XGBoost,449,100,94,0.94,14.835385367455492,20.961533522850047,45,0.4787234042553192,268478.29000000004
Risk-Based XGBoost,450,100,93,0.93,15.220146248683191,22.521230119726155,43,0.46236559139784944,318281.91000000003
Risk-Based XGBoost,451,100,92,0.92,14.851263381589604,20.946639231446934,47,0.5108695652173914,263242.01999999996
Risk-Based XGBoost,452,100,93,0.93,14.483728274268712,21.551989465039565,40,0.43010752688172044,229813.24000000005
Risk-Based XGBoost,453,100,92,0.92,14.808491849798203,21.574100300795667,46,0.5,254978.47000000003
Risk-Based XGBoost,454,100,94,0.94,15.416304705163911,20.878004894699334,54,0.574468085106383,211668.09000000003
Risk-Based XGBoost,455,100,95,0.95,15.148357821664082,22.13828833057693,51,0.5368421052631579,276687.49000000005
Risk-Based XGBoost,456,100,96,0.96,15.109248654009237,20.734335392060558,54,0.5625,326816.82999999996
Risk-Based XGBoost,457,100,97,0.97,15.291231971592437,23.081587405670643,50,0.5154639175257731,228322.94999999998
Risk-Based XGBoost,458,100,89,0.89,15.132978870209234,21.770904760711122,42,0.47191011235955055,228009.67000000004
Risk-Based XGBoost,459,100,95,0.95,14.929922200669123,21.473612868081915,45,0.47368421052631576,205177.14
Risk-Based XGBoost,460,100,95,0.95,14.334981005407172,20.94050528924772,45,0.47368421052631576,214717.36000000002
Risk-Based XGBoost,461,100,96,0.96,14.39742090430787,20.606793060185737,40,0.4166666666666667,295234.9
Risk-Based XGBoost,462,100,97,0.97,15.744622770663367,21.493439588547247,54,0.5567010309278351,243360.21
Risk-Based XGBoost,463,100,91,0.91,15.464431680402363,21.357213970565102,48,0.5274725274725275,278784.0400000001
Risk-Based XGBoost,464,100,97,0.97,15.766167734799954,22.19814691965027,60,0.6185567010309279,223605.94
Risk-Based XGBoost,465,100,96,0.96,15.241269024562024,21.570454718633464,47,0.4895833333333333,207256.54
Risk-Based XGBoost,466,100,96,0.96,14.502315871794574,19.869244498928047,45,0.46875,240277.36
Risk-Based XGBoost,467,100,92,0.92,15.479301289321805,22.05106211371426,49,0.532608695652174,228625.66
Risk-Based XGBoost,468,100,92,0.92,15.509215222049678,21.788642866755296,50,0.5434782608695652,220800.31
Risk-Based XGBoost,469,100,95,0.95,15.182397653117988,21.947223174600296,51,0.5368421052631579,248298.93999999997
Risk-Based XGBoost,470,100,91,0.91,14.830567298125455,21.188009232539713,42,0.46153846153846156,250435.58000000002
Risk-Based XGBoost,471,100,90,0.9,14.923834873155299,22.138958144546432,46,0.5111111111111111,211271.92
Risk-Based XGBoost,472,100,93,0.93,14.36292018408802,19.881698005108202,41,0.44086021505376344,212486.4
Risk-Based XGBoost,473,100,94,0.94,15.314990055178221,21.07650975718695,48,0.5106382978723404,221027.18
Risk-Based XGBoost,474,100,90,0.9,14.454875699636181,20.78081184658202,41,0.45555555555555555,204910.0
Risk-Based XGBoost,475,100,90,0.9,15.533236458522447,21.591176307631123,51,0.5666666666666667,253898.47
Risk-Based XGBoost,476,100,93,0.93,14.143648223972649,20.278022172852797,35,0.3763440860215054,211615.27000000002
Risk-Based XGBoost,477,100,94,0.94,15.222754956461166,21.05940589623589,50,0.5319148936170213,191233.34999999998
Risk-Based XGBoost,478,100,97,0.97,14.539156951924005,21.117963584534966,42,0.4329896907216495,234658.52000000002
Risk-Based XGBoost,479,100,96,0.96,14.714200457804907,20.789165278018075,48,0.5,267389.76999999996
Risk-Based XGBoost,480,100,96,0.96,15.316817493279908,22.165780924984613,51,0.53125,247629.69
Risk-Based XGBoost,481,100,94,0.94,15.438576023220007,21.63093719362922,55,0.5851063829787234,279085.52
Risk-Based XGBoost,482,100,96,0.96,14.810153345317266,21.850366153236543,41,0.4270833333333333,205776.44
Risk-Based XGBoost,483,100,100,1.0,15.40655452739496,21.183733571649487,56,0.56,204708.09999999995
Risk-Based XGBoost,484,100,94,0.94,14.694549434094512,20.709005786623003,45,0.4787234042553192,197846.66999999995
Risk-Based XGBoost,485,100,99,0.99,15.031736872822044,22.065494056750182,49,0.494949494949495,284946.6099999999
Risk-Based XGBoost,486,100,99,0.99,15.186756431586668,21.153486696160257,55,0.5555555555555556,250683.92
Risk-Based XGBoost,487,100,95,0.95,14.714480891195057,20.09604399411372,44,0.4631578947368421,237818.76999999996
Risk-Based XGBoost,488,100,94,0.94,14.905798369850933,22.190137612352665,43,0.4574468085106383,235307.15
Risk-Based XGBoost,489,100,95,0.95,15.170208060790905,21.558314280900134,48,0.5052631578947369,204511.49000000002
Risk-Based XGBoost,490,100,93,0.93,15.636701881414409,21.864158543196645,53,0.5698924731182796,239603.33000000002
Risk-Based XGBoost,491,100,91,0.91,15.357845546172687,22.156667384664843,46,0.5054945054945055,238851.62
Risk-Based XGBoost,492,100,92,0.92,15.318063455789405,22.956440971235303,48,0.5217391304347826,242377.61999999997
Risk-Based XGBoost,493,100,95,0.95,14.748045482161814,21.55886644797291,44,0.4631578947368421,231051.25000000003
Risk-Based XGBoost,494,100,90,0.9,15.5775965238129,22.125326233161726,48,0.5333333333333333,199172.21
Risk-Based XGBoost,495,100,95,0.95,15.220591078144286,20.556893620413195,49,0.5157894736842106,246880.53
Risk-Based XGBoost,496,100,94,0.94,14.54399690071803,21.695602303564208,45,0.4787234042553192,234231.31000000003
Risk-Based XGBoost,497,100,90,0.9,14.141252617863572,20.596561586586855,40,0.4444444444444444,247983.69
Risk-Based XGBoost,498,100,92,0.92,15.775690079986026,22.640735770795605,50,0.5434782608695652,268445.58999999997
Risk-Based XGBoost,499,100,94,0.94,14.65990616488094,21.840409858018017,40,0.425531914893617,232038.18999999997
Risk-Based XGBoost,500,100,94,0.94,14.734619542362584,21.541032581413095,45,0.4787234042553192,219415.12000000002
Risk-Based XGBoost,501,100,96,0.96,15.263527386174422,22.434868007749166,52,0.5416666666666666,240645.38
Risk-Based XGBoost,502,100,91,0.91,14.88852742772619,20.831440947269954,48,0.5274725274725275,210815.62
Risk-Based XGBoost,503,100,94,0.94,14.468717894110469,20.91786118732502,41,0.43617021276595747,245450.6
Risk-Based XGBoost,504,100,91,0.91,15.717145531335948,21.225382058160328,56,0.6153846153846154,221043.21000000002
Risk-Based XGBoost,505,100,89,0.89,14.970592811374386,19.417094188015383,46,0.5168539325842697,233875.78
Risk-Based XGBoost,506,100,90,0.9,15.196312791611238,21.431801491500188,53,0.5888888888888889,208102.96000000005
Risk-Based XGBoost,507,100,92,0.92,15.310531380993734,22.779585021335798,48,0.5217391304347826,264330.26
Risk-Based XGBoost,508,100,95,0.95,15.051735154531611,22.00541739135485,42,0.4421052631578947,191531.00999999995
Risk-Based XGBoost,509,100,95,0.95,15.348107398413283,21.280966664977218,47,0.49473684210526314,265522.94999999995
Risk-Based XGBoost,510,100,96,0.96,15.03952563720033,21.964173447460063,49,0.5104166666666666,286500.64
Risk-Based XGBoost,511,100,96,0.96,15.675753342430975,20.304251523232722,59,0.6145833333333334,272328.58999999997
Risk-Based XGBoost,512,100,92,0.92,15.286711952721184,22.15085961880029,51,0.5543478260869565,236294.66999999998
Risk-Based XGBoost,513,100,92,0.92,14.896966815805625,22.515373908818624,48,0.5217391304347826,235187.50999999998
Risk-Based XGBoost,514,100,98,0.98,14.853262486636003,21.52891484325201,48,0.4897959183673469,250667.20000000004
Risk-Based XGBoost,515,100,93,0.93,15.03610858856557,21.6395261184056,47,0.5053763440860215,248598.39
Risk-Based XGBoost,516,100,98,0.98,14.77354907566818,20.36595092266133,43,0.4387755102040816,245744.22
Risk-Based XGBoost,517,100,89,0.89,15.07972902662466,22.351207289469425,43,0.48314606741573035,208452.77
Risk-Based XGBoost,518,100,93,0.93,15.223757792199642,20.450963049636332,49,0.5268817204301075,268567.4799999999
Risk-Based XGBoost,519,100,95,0.95,15.391368777370268,20.747511554342122,51,0.5368421052631579,183187.13000000003
Risk-Based XGBoost,520,100,92,0.92,15.74019654294432,23.076566790823147,51,0.5543478260869565,279449.74
Risk-Based XGBoost,521,100,91,0.91,14.786801634166425,21.09996498567154,44,0.4835164835164835,246556.57
Risk-Based XGBoost,522,100,94,0.94,15.522038831940986,21.25174677537535,45,0.4787234042553192,181105.77000000002
Risk-Based XGBoost,523,100,95,0.95,14.562772104077252,21.14511668642148,49,0.5157894736842106,267050.13
Risk-Based XGBoost,524,100,96,0.96,15.469266712571558,21.24138029395037,56,0.5833333333333334,242909.75
Risk-Based XGBoost,525,100,95,0.95,14.627441388088652,21.63169373859203,52,0.5473684210526316,325071.6499999999
Risk-Based XGBoost,526,100,93,0.93,14.660886953356405,20.969412661786688,45,0.4838709677419355,236890.82
Risk-Based XGBoost,527,100,93,0.93,15.216779759400334,22.629347724431508,44,0.4731182795698925,225013.18999999997
Risk-Based XGBoost,528,100,93,0.93,15.140960121199415,20.96664531481562,51,0.5483870967741935,256902.46000000002
Risk-Based XGBoost,529,100,94,0.94,15.539796946499237,22.388971820041455,48,0.5106382978723404,249056.61000000002
Risk-Based XGBoost,530,100,93,0.93,15.838455661955843,22.110210121243874,51,0.5483870967741935,236726.59
Risk-Based XGBoost,531,100,94,0.94,14.57382260084442,20.79990692237065,49,0.5212765957446809,234064.51
Risk-Based XGBoost,532,100,93,0.93,14.929394185802888,20.611089509018914,44,0.4731182795698925,250469.86000000002
Risk-Based XGBoost,533,100,96,0.96,15.243283484822129,20.94812759366144,52,0.5416666666666666,327459.22000000003
Risk-Based XGBoost,534,100,92,0.92,15.399361419338044,22.73276590915435,52,0.5652173913043478,227522.49
Risk-Based XGBoost,535,100,93,0.93,15.47960801225847,22.38237949067209,49,0.5268817204301075,241503.01
Risk-Based XGBoost,536,100,89,0.89,14.8207289473438,20.543251875053812,44,0.4943820224719101,206024.31
Risk-Based XGBoost,537,100,94,0.94,15.562813468842826,21.553358756563743,55,0.5851063829787234,292554.7299999999
Risk-Based XGBoost,538,100,94,0.94,14.860686349998687,20.85907433442961,44,0.46808510638297873,218683.85
Risk-Based XGBoost,539,100,93,0.93,14.802920101068256,21.021572650065135,44,0.4731182795698925,199130.69
Risk-Based XGBoost,540,100,89,0.89,15.245891973531517,21.318779728089403,49,0.550561797752809,193038.02
Risk-Based XGBoost,541,100,89,0.89,14.120813688922778,20.137298371922526,40,0.449438202247191,155249.65
Risk-Based XGBoost,542,100,95,0.95,14.659286779120519,21.073712101472864,47,0.49473684210526314,245269.3
Risk-Based XGBoost,543,100,94,0.94,14.79167443571934,20.24911906296489,47,0.5,228170.72
Risk-Based XGBoost,544,100,96,0.96,15.458295074768253,21.800258798170788,50,0.5208333333333334,251901.83
Risk-Based XGBoost,545,100,93,0.93,14.209668122163274,21.09892899995945,40,0.43010752688172044,223254.75000000003
Risk-Based XGBoost,546,100,92,0.92,14.329235891148782,21.014624803235343,38,0.41304347826086957,176603.59000000003
Risk-Based XGBoost,547,100,93,0.93,14.865774945421219,22.325108882425916,46,0.4946236559139785,202935.96
Risk-Based XGBoost,548,100,90,0.9,15.28326643831539,22.85320469780424,45,0.5,244433.47999999998
Risk-Based XGBoost,549,100,94,0.94,14.791142316502789,21.38257217549347,45,0.4787234042553192,229147.63000000003
Risk-Based XGBoost,550,100,90,0.9,14.590578585050606,22.550201258981755,42,0.4666666666666667,212284.05
Risk-Based XGBoost,551,100,92,0.92,15.258631587967729,21.002113327115325,50,0.5434782608695652,236013.47999999998
Risk-Based XGBoost,552,100,96,0.96,14.298307252450549,20.148429724865004,38,0.3958333333333333,234727.47999999998
Risk-Based XGBoost,553,100,97,0.97,13.614779975143938,20.133678270121464,29,0.29896907216494845,286596.98000000004
Risk-Based XGBoost,554,100,96,0.96,15.128201189047331,20.451160283697327,50,0.5208333333333334,203587.45
Risk-Based XGBoost,555,100,94,0.94,15.046757802297153,20.04154691453256,52,0.5531914893617021,280795.25
Risk-Based XGBoost,556,100,92,0.92,15.121232027197347,21.284317772540565,50,0.5434782608695652,320097.4300000001
Risk-Based XGBoost,557,100,89,0.89,15.026981109940957,22.329105795365216,44,0.4943820224719101,218425.06000000003
Risk-Based XGBoost,558,100,92,0.92,14.83634574105343,21.10067536621493,51,0.5543478260869565,207985.93
Risk-Based XGBoost,559,100,89,0.89,16.06079798137574,23.34154185281558,55,0.6179775280898876,235719.38000000003
Risk-Based XGBoost,560,100,93,0.93,14.921812874076172,21.21512382082812,46,0.4946236559139785,264082.41000000003
Risk-Based XGBoost,561,100,95,0.95,15.160163590081936,21.46717767293494,49,0.5157894736842106,336308.83999999997
Risk-Based XGBoost,562,100,94,0.94,14.745556499140674,21.74340942842117,40,0.425531914893617,225661.77
Risk-Based XGBoost,563,100,96,0.96,15.329687819973103,21.60629349828615,55,0.5729166666666666,247337.55000000002
Risk-Based XGBoost,564,100,94,0.94,14.914157508555851,21.21355145216209,47,0.5,295209.5200000001
Risk-Based XGBoost,565,100,93,0.93,15.43423103956248,21.298658269153233,55,0.5913978494623656,331312.39999999997
Risk-Based XGBoost,566,100,91,0.91,14.939956468490633,21.619378928412065,47,0.5164835164835165,199501.36
Risk-Based XGBoost,567,100,93,0.93,15.018920179848303,21.699694216344916,46,0.4946236559139785,221073.13
Risk-Based XGBoost,568,100,99,0.99,15.391954600077288,21.382960493526912,51,0.5151515151515151,220548.85
Risk-Based XGBoost,569,100,90,0.9,14.403330204754942,20.795180087256863,43,0.4777777777777778,219139.11000000002
Risk-Based XGBoost,570,100,93,0.93,15.029854861252545,21.29117336080552,48,0.5161290322580645,235195.88
Risk-Based XGBoost,571,100,95,0.95,14.44730324133228,20.890636630805908,41,0.43157894736842106,299419.48
Risk-Based XGBoost,572,100,91,0.91,15.299817585970887,22.103374524791814,50,0.5494505494505495,212908.33000000002
Risk-Based XGBoost,573,100,90,0.9,15.160263191472673,21.53064079429304,41,0.45555555555555555,230950.15999999997
Risk-Based XGBoost,574,100,94,0.94,14.404673783437532,20.788154574428685,39,0.4148936170212766,262719.51
Risk-Based XGBoost,575,100,93,0.93,14.979735671942016,21.05855360612338,47,0.5053763440860215,187818.69
Risk-Based XGBoost,576,100,93,0.93,14.088306636825193,20.886848492562486,42,0.45161290322580644,261387.16
Risk-Based XGBoost,577,100,93,0.93,14.641582256952193,21.21490305746566,46,0.4946236559139785,173848.30000000002
Risk-Based XGBoost,578,100,91,0.91,14.92353301498195,20.354891494203727,47,0.5164835164835165,260578.76
Risk-Based XGBoost,579,100,91,0.91,14.870193218393586,21.006680180496453,45,0.4945054945054945,212899.24
Risk-Based XGBoost,580,100,92,0.92,15.183692499628602,21.541227306556717,43,0.4673913043478261,245000.72999999998
Risk-Based XGBoost,581,100,92,0.92,14.73998746194754,20.550809058695158,46,0.5,242024.26999999996
Risk-Based XGBoost,582,100,95,0.95,15.276507286378845,21.056363152355544,53,0.5578947368421052,222223.48999999996
Risk-Based XGBoost,583,100,94,0.94,14.84491238814729,21.366631043952598,48,0.5106382978723404,251540.84
Risk-Based XGBoost,584,100,89,0.89,15.027478592197935,20.288723376765372,47,0.5280898876404494,199988.37
Risk-Based XGBoost,585,100,88,0.88,15.435016940468598,21.293729614145285,49,0.5568181818181818,239542.18000000002
Risk-Based XGBoost,586,100,92,0.92,14.996036838620537,21.848534759651162,41,0.44565217391304346,217343.87000000002
Risk-Based XGBoost,587,100,93,0.93,15.728145054725836,22.63741810649322,55,0.5913978494623656,245263.92
Risk-Based XGBoost,588,100,94,0.94,14.911265809828812,20.58427020385535,42,0.44680851063829785,287676.24
Risk-Based XGBoost,589,100,94,0.94,14.80690489231103,21.563661584350456,39,0.4148936170212766,260033.02
Risk-Based XGBoost,590,100,96,0.96,15.046763258428376,20.735119173232665,49,0.5104166666666666,197304.19
Risk-Based XGBoost,591,100,95,0.95,15.538345903116157,22.32280299627665,56,0.5894736842105263,284730.97
Risk-Based XGBoost,592,100,95,0.95,15.151392317228087,20.240778378679202,50,0.5263157894736842,264535.68
Risk-Based XGBoost,593,100,97,0.97,15.120220681247488,20.76030906928853,54,0.5567010309278351,199782.92
Risk-Based XGBoost,594,100,94,0.94,15.07307538852238,20.952965042565793,47,0.5,246126.29
Risk-Based XGBoost,595,100,96,0.96,15.225096295159085,21.688291508750215,49,0.5104166666666666,209920.56
Risk-Based XGBoost,596,100,98,0.98,15.54863618028794,21.976394373806755,54,0.5510204081632653,201254.08999999997
Risk-Based XGBoost,597,100,99,0.99,14.398447385811473,20.51385256549667,43,0.43434343434343436,287292.22000000003
Risk-Based XGBoost,598,100,93,0.93,15.128943410780332,21.755247972201307,47,0.5053763440860215,206520.88999999996
Risk-Based XGBoost,599,100,90,0.9,14.684494780036971,21.13996605394893,40,0.4444444444444444,260365.10999999996
Risk-Based XGBoost,600,100,98,0.98,15.006426233125465,21.526985241982167,45,0.45918367346938777,248030.34
Risk-Based XGBoost,601,100,93,0.93,15.438518483246376,22.52133959582493,50,0.5376344086021505,203181.86
Risk-Based XGBoost,602,100,97,0.97,14.568515962934192,22.000158210157792,40,0.41237113402061853,247807.9
Risk-Based XGBoost,603,100,91,0.91,15.028182185804399,21.70786341554742,48,0.5274725274725275,205212.91
Risk-Based XGBoost,604,100,95,0.95,14.857370753973122,21.43171852153431,46,0.4842105263157895,207658.15000000002
Risk-Based XGBoost,605,100,94,0.94,14.803785727940319,22.944647279569732,42,0.44680851063829785,339202.27999999997
Risk-Based XGBoost,606,100,91,0.91,15.24194104010483,20.907516832264314,47,0.5164835164835165,182891.44
Risk-Based XGBoost,607,100,91,0.91,15.63645387328473,21.743488240770727,53,0.5824175824175825,277538.86
Risk-Based XGBoost,608,100,95,0.95,15.569555653775774,21.372717488925574,53,0.5578947368421052,199832.56999999995
Risk-Based XGBoost,609,100,94,0.94,15.148541147504622,21.911210274155213,51,0.5425531914893617,212830.5
Risk-Based XGBoost,610,100,95,0.95,15.003555564463882,20.234195315093054,49,0.5157894736842106,220806.58000000005
Risk-Based XGBoost,611,100,93,0.93,14.635330805227705,21.57981696284478,42,0.45161290322580644,238399.02
Risk-Based XGBoost,612,100,96,0.96,14.983144216437024,21.382311769668345,46,0.4791666666666667,252271.93
Risk-Based XGBoost,613,100,93,0.93,15.557491009059376,22.929253735264993,46,0.4946236559139785,221740.89000000004
Risk-Based XGBoost,614,100,94,0.94,15.11002917251497,21.506719436809313,45,0.4787234042553192,286739.64
Risk-Based XGBoost,615,100,99,0.99,15.105507915546928,22.82895893528368,46,0.46464646464646464,246768.81999999998
Risk-Based XGBoost,616,100,92,0.92,14.457631270938133,20.424777607717505,41,0.44565217391304346,262760.33999999997
Risk-Based XGBoost,617,100,95,0.95,15.227890011980959,21.288896467736148,50,0.5263157894736842,226159.74
Risk-Based XGBoost,618,100,94,0.94,14.791531691851448,20.08734917972388,48,0.5106382978723404,211931.72999999998
Risk-Based XGBoost,619,100,91,0.91,15.35268318003948,21.627274655267552,54,0.5934065934065934,243465.9
Risk-Based XGBoost,620,100,93,0.93,14.90623739979221,22.882042303025692,41,0.44086021505376344,246806.93000000002
Risk-Based XGBoost,621,100,89,0.89,15.228738463425794,20.688449068109666,41,0.4606741573033708,224896.15999999997
Risk-Based XGBoost,622,100,96,0.96,15.303020737908613,21.234875695262723,52,0.5416666666666666,224266.50999999998
Risk-Based XGBoost,623,100,96,0.96,14.954364900767777,21.82444114899774,48,0.5,220672.99
Risk-Based XGBoost,624,100,93,0.93,14.721198818376257,23.061150197806313,44,0.4731182795698925,281635.26999999996
Risk-Based XGBoost,625,100,88,0.88,14.39997690626513,20.962729067490418,35,0.3977272727272727,218074.33
Risk-Based XGBoost,626,100,96,0.96,14.711363941449378,20.183925168402013,45,0.46875,259008.51999999996
Risk-Based XGBoost,627,100,94,0.94,14.388545952169446,19.979212329342477,40,0.425531914893617,259098.12000000002
Risk-Based XGBoost,628,100,96,0.96,14.8505219426661,21.17303767023397,48,0.5,279420.83
Risk-Based XGBoost,629,100,95,0.95,15.707237580173231,21.77531336160388,56,0.5894736842105263,220214.88999999998
Risk-Based XGBoost,630,100,97,0.97,15.102764319668635,22.533831383405385,54,0.5567010309278351,257488.06999999998
Risk-Based XGBoost,631,100,94,0.94,14.61415587890664,20.756199733794485,47,0.5,329176.97000000003
Risk-Based XGBoost,632,100,96,0.96,14.81828318095298,21.308660657317724,46,0.4791666666666667,261202.46000000002
Risk-Based XGBoost,633,100,92,0.92,14.608087678217311,20.912087243558467,45,0.4891304347826087,226050.13
Risk-Based XGBoost,634,100,91,0.91,14.78570322580368,21.376347175226734,44,0.4835164835164835,245008.83
Risk-Based XGBoost,635,100,94,0.94,14.278441246471472,20.87315385688733,38,0.40425531914893614,229207.69000000006
Risk-Based XGBoost,636,100,94,0.94,15.06860639637911,21.485786463686246,49,0.5212765957446809,210059.82
Risk-Based XGBoost,637,100,92,0.92,14.820604610458902,21.79996085248839,43,0.4673913043478261,244508.91
Risk-Based XGBoost,638,100,97,0.97,16.061774954399244,22.136916099880363,58,0.5979381443298969,224580.16999999998
Risk-Based XGBoost,639,100,92,0.92,14.848049581912223,20.503353706915828,45,0.4891304347826087,188825.97999999995
Risk-Based XGBoost,640,100,92,0.92,15.568449987969498,21.708130567982536,55,0.5978260869565217,249174.58999999994
Risk-Based XGBoost,641,100,94,0.94,14.890114764734625,22.075108026838205,46,0.48936170212765956,315816.4800000001
Risk-Based XGBoost,642,100,95,0.95,14.8702380535961,20.963623608490497,42,0.4421052631578947,222523.68999999994
Risk-Based XGBoost,643,100,95,0.95,14.48224684341949,20.801774292181243,44,0.4631578947368421,194462.81000000003
Risk-Based XGBoost,644,100,92,0.92,14.604507013551698,21.689505378667732,39,0.42391304347826086,206110.08000000002
Risk-Based XGBoost,645,100,98,0.98,14.574898052564407,20.515079528786092,46,0.46938775510204084,238218.55000000002
Risk-Based XGBoost,646,100,95,0.95,13.886051796076448,20.573491196692075,35,0.3684210526315789,254800.56999999998
Risk-Based XGBoost,647,100,96,0.96,14.469021916849778,20.873813832760934,40,0.4166666666666667,284479.46
Risk-Based XGBoost,648,100,97,0.97,14.76576448520148,20.824803483793783,44,0.4536082474226804,248472.96
Risk-Based XGBoost,649,100,92,0.92,15.114107245968095,21.508291260056012,41,0.44565217391304346,275337.5200000001
Risk-Based XGBoost,650,100,90,0.9,14.890860631237183,19.924393707147647,44,0.4888888888888889,328147.39999999997
Risk-Based XGBoost,651,100,94,0.94,14.999648405360325,21.328265507249636,46,0.48936170212765956,197554.62
Risk-Based XGBoost,652,100,93,0.93,15.013563129943218,21.83684106512368,51,0.5483870967741935,240113.84000000003
Risk-Based XGBoost,653,100,92,0.92,14.962678228960549,20.614573749746114,48,0.5217391304347826,218369.58000000002
Risk-Based XGBoost,654,100,94,0.94,15.563356728220095,22.099588467699316,51,0.5425531914893617,200384.31000000003
Risk-Based XGBoost,655,100,94,0.94,15.62403641921518,21.720919358881904,55,0.5851063829787234,299256.11999999994
Risk-Based XGBoost,656,100,91,0.91,14.515293051254803,20.53212329297262,41,0.45054945054945056,280328.53
Risk-Based XGBoost,657,100,89,0.89,14.951540477671731,20.631594333009843,42,0.47191011235955055,192870.13999999998
Risk-Based XGBoost,658,100,93,0.93,15.339396919279837,22.549455221405132,49,0.5268817204301075,239796.5
Risk-Based XGBoost,659,100,91,0.91,14.40336923151664,20.238697583169856,47,0.5164835164835165,148898.67999999996
Risk-Based XGBoost,660,100,95,0.95,15.354698191441493,22.05095657954333,49,0.5157894736842106,254060.6
Risk-Based XGBoost,661,100,94,0.94,14.719321598218425,19.72054472369812,46,0.48936170212765956,265545.57999999996
Risk-Based XGBoost,662,100,93,0.93,15.706899421416507,21.105029672369184,57,0.6129032258064516,269806.92
Risk-Based XGBoost,663,100,93,0.93,15.024720896155504,22.389861572672682,45,0.4838709677419355,253594.58999999997
Risk-Based XGBoost,664,100,91,0.91,14.991648525354053,21.11976360644468,45,0.4945054945054945,233190.10000000003
Risk-Based XGBoost,665,100,91,0.91,15.196155003713084,21.940784398451896,48,0.5274725274725275,246292.47
Risk-Based XGBoost,666,100,87,0.87,15.444215427101875,22.454973254139706,44,0.5057471264367817,245120.59999999998
Risk-Based XGBoost,667,100,95,0.95,14.93703393096393,20.4763312485925,42,0.4421052631578947,280655.86
Risk-Based XGBoost,668,100,90,0.9,15.89393715847761,21.562632190337247,57,0.6333333333333333,216949.99
Risk-Based XGBoost,669,100,93,0.93,13.862899298510714,19.91561552154745,39,0.41935483870967744,195959.95
Risk-Based XGBoost,670,100,90,0.9,15.260244851876731,21.360715032637334,49,0.5444444444444444,310724.2199999999
Risk-Based XGBoost,671,100,97,0.97,15.282200011841656,20.782939916936876,55,0.5670103092783505,266488.49
Risk-Based XGBoost,672,100,90,0.9,15.787097193864954,22.91441915711227,52,0.5777777777777777,234404.68999999997
Risk-Based XGBoost,673,100,92,0.92,15.279980455797245,20.96648784906809,51,0.5543478260869565,221513.33000000002
Risk-Based XGBoost,674,100,96,0.96,14.459465439753606,20.862420858421732,40,0.4166666666666667,229886.33000000002
Risk-Based XGBoost,675,100,93,0.93,14.995063743278687,22.028427366997462,49,0.5268817204301075,236305.99000000002
Risk-Based XGBoost,676,100,98,0.98,15.53366801176352,21.21906751950814,55,0.5612244897959183,319315.76
Risk-Based XGBoost,677,100,90,0.9,14.923482135944406,22.01561584478267,41,0.45555555555555555,257597.78
Risk-Based XGBoost,678,100,96,0.96,15.006091561012456,21.037629881600996,46,0.4791666666666667,213912.77000000002
Risk-Based XGBoost,679,100,94,0.94,15.114350920506189,20.995754402841417,48,0.5106382978723404,325867.3
Risk-Based XGBoost,680,100,92,0.92,15.297592406720646,21.525447933948808,45,0.4891304347826087,256110.92
Risk-Based XGBoost,681,100,95,0.95,14.882165943701379,21.96964836966334,41,0.43157894736842106,249034.23
Risk-Based XGBoost,682,100,92,0.92,15.81117014918398,22.527832640198373,52,0.5652173913043478,229978.96999999997
Risk-Based XGBoost,683,100,96,0.96,14.78241058741724,21.12132604043227,40,0.4166666666666667,256973.67
Risk-Based XGBoost,684,100,95,0.95,14.129805191755533,19.88013321359979,40,0.42105263157894735,202134.81
Risk-Based XGBoost,685,100,91,0.91,14.584627246771813,21.09466620737511,39,0.42857142857142855,201670.34999999998
Risk-Based XGBoost,686,100,97,0.97,15.193575661133035,21.369690186429736,45,0.4639175257731959,266073.91000000003
Risk-Based XGBoost,687,100,91,0.91,13.923760546323392,18.298265830789934,40,0.43956043956043955,259429.41000000003
Risk-Based XGBoost,688,100,96,0.96,14.821233734465936,20.895903158990286,45,0.46875,234141.30000000002
Risk-Based XGBoost,689,100,91,0.91,14.080235042213987,18.915012824612617,31,0.34065934065934067,242378.68999999997
Risk-Based XGBoost,690,100,95,0.95,14.876917348760067,20.71149917201849,50,0.5263157894736842,226113.09999999998
Risk-Based XGBoost,691,100,93,0.93,14.77292436319812,20.948464025106972,39,0.41935483870967744,225124.33000000002
Risk-Based XGBoost,692,100,97,0.97,14.246598792777768,21.621173300461237,35,0.36082474226804123,284482.55
Risk-Based XGBoost,693,100,94,0.94,14.7294389964568,21.222297547491156,45,0.4787234042553192,219761.76
Risk-Based XGBoost,694,100,93,0.93,14.838004968347045,21.544896756282824,46,0.4946236559139785,262596.29
Risk-Based XGBoost,695,100,97,0.97,14.961118806149209,20.02820565845055,49,0.5051546391752577,251526.93000000002
Risk-Based XGBoost,696,100,92,0.92,15.33671326077375,22.49823156131269,47,0.5108695652173914,327173.1699999999
Risk-Based XGBoost,697,100,92,0.92,15.698344177801483,21.927992219132964,50,0.5434782608695652,217618.26
Risk-Based XGBoost,698,100,95,0.95,15.151489762416627,21.81629797561974,51,0.5368421052631579,259301.21000000002
Risk-Based XGBoost,699,100,89,0.89,14.653581336222485,20.37756212557972,43,0.48314606741573035,239885.32
Risk-Based XGBoost,700,100,95,0.95,14.945486378892436,21.49052665086044,43,0.45263157894736844,292889.18000000005
Risk-Based XGBoost,701,100,93,0.93,14.468680411646405,20.90501870066288,39,0.41935483870967744,241036.31000000003
Risk-Based XGBoost,702,100,90,0.9,14.961161859690929,19.53890050268786,48,0.5333333333333333,253067.59
Risk-Based XGBoost,703,100,91,0.91,14.743988014317258,20.415321917466727,40,0.43956043956043955,232574.96000000002
Risk-Based XGBoost,704,100,93,0.93,15.282033592994678,20.954746306948643,46,0.4946236559139785,217947.16999999998
Risk-Based XGBoost,705,100,96,0.96,15.441764293413172,21.397448848662695,55,0.5729166666666666,239104.66000000003
Risk-Based XGBoost,706,100,95,0.95,15.10765052637723,21.773042962436083,41,0.43157894736842106,160335.93000000002
Risk-Based XGBoost,707,100,96,0.96,14.696176331252909,20.94334578612618,39,0.40625,192251.52000000002
Risk-Based XGBoost,708,100,91,0.91,15.533806856568745,22.200188083296798,50,0.5494505494505495,229321.97
Risk-Based XGBoost,709,100,94,0.94,14.575375427609213,20.646143768391394,44,0.46808510638297873,198888.63999999993
Risk-Based XGBoost,710,100,96,0.96,15.582926053449592,21.986992063949305,56,0.5833333333333334,194735.58000000002
Risk-Based XGBoost,711,100,90,0.9,14.347772571964827,21.17579224951526,34,0.37777777777777777,158956.35
Risk-Based XGBoost,712,100,97,0.97,15.81199912250665,23.15633811661556,55,0.5670103092783505,221881.46000000002
Risk-Based XGBoost,713,100,91,0.91,14.973412877478426,19.90885797988201,50,0.5494505494505495,236465.11000000002
Risk-Based XGBoost,714,100,89,0.89,15.32827563466072,22.09848672772395,44,0.4943820224719101,211997.72
Risk-Based XGBoost,715,100,94,0.94,14.675501517565367,21.5480923881996,45,0.4787234042553192,241503.90000000002
Risk-Based XGBoost,716,100,96,0.96,15.1745455959635,20.98430824777234,48,0.5,200742.42
Risk-Based XGBoost,717,100,94,0.94,15.004134277840473,20.695227135652033,50,0.5319148936170213,288639.6
Risk-Based XGBoost,718,100,90,0.9,14.444100908425813,22.352382916058943,36,0.4,244684.6
Risk-Based XGBoost,719,100,95,0.95,14.720159667549419,21.139116321285627,47,0.49473684210526314,244792.58000000002
Risk-Based XGBoost,720,100,94,0.94,14.135580542481314,20.741707473330305,36,0.3829787234042553,218112.31
Risk-Based XGBoost,721,100,89,0.89,15.549293274829303,21.502530631635715,51,0.5730337078651685,230689.69
Risk-Based XGBoost,722,100,92,0.92,15.123425986358567,21.00924003812608,48,0.5217391304347826,211508.51
Risk-Based XGBoost,723,100,91,0.91,14.914233670873143,22.06974894762084,38,0.4175824175824176,244559.43999999997
Risk-Based XGBoost,724,100,89,0.89,14.854082365427407,21.367653483154655,44,0.4943820224719101,185700.86999999997
Risk-Based XGBoost,725,100,90,0.9,15.2638092726253,20.499558664385894,46,0.5111111111111111,248396.62999999998
Risk-Based XGBoost,726,100,92,0.92,14.544532230969493,21.221960983193412,41,0.44565217391304346,194293.73
Risk-Based XGBoost,727,100,97,0.97,14.435576081459923,20.02157428427627,45,0.4639175257731959,222570.62000000002
Risk-Based XGBoost,728,100,95,0.95,15.089616499123206,22.185939014272346,46,0.4842105263157895,246803.25999999995
Risk-Based XGBoost,729,100,95,0.95,15.464449232544053,21.727625062046926,55,0.5789473684210527,289108.80999999994
Risk-Based XGBoost,730,100,93,0.93,14.951490156700624,20.70783986144187,49,0.5268817204301075,242658.06999999998
Risk-Based XGBoost,731,100,94,0.94,15.675717567727185,22.043043354344434,53,0.5638297872340425,265448.70999999996
Risk-Based XGBoost,732,100,96,0.96,14.846945627417874,21.312845665408013,47,0.4895833333333333,195517.75
Risk-Based XGBoost,733,100,92,0.92,15.23706681312733,21.030798938410886,52,0.5652173913043478,253157.38
Risk-Based XGBoost,734,100,94,0.94,15.43232231103138,22.366884116822707,54,0.574468085106383,219049.86
Risk-Based XGBoost,735,100,96,0.96,15.470184316922087,20.901937604971202,53,0.5520833333333334,242923.01
Risk-Based XGBoost,736,100,92,0.92,14.872074212755916,20.953217668798175,44,0.4782608695652174,217892.93
Risk-Based XGBoost,737,100,94,0.94,15.319572581365758,20.440121411034454,55,0.5851063829787234,214210.17000000004
Risk-Based XGBoost,738,100,90,0.9,14.765324241595684,19.781434182306675,48,0.5333333333333333,236642.80000000002
Risk-Based XGBoost,739,100,95,0.95,14.75550726784462,21.10261295972525,45,0.47368421052631576,285905.2
Risk-Based XGBoost,740,100,92,0.92,14.740622552353011,20.537473581308994,42,0.45652173913043476,265641.26
Risk-Based XGBoost,741,100,98,0.98,14.385850567701862,20.99701014493804,47,0.47959183673469385,204456.75
Risk-Based XGBoost,742,100,96,0.96,15.11930478026506,20.399798185083945,44,0.4583333333333333,276515.14
Risk-Based XGBoost,743,100,93,0.93,15.358613934147597,20.910191112497387,52,0.5591397849462365,208178.13
Risk-Based XGBoost,744,100,96,0.96,14.565228490994686,20.549898628629713,45,0.46875,255069.03
Risk-Based XGBoost,745,100,96,0.96,15.025484560438777,21.377130978693124,49,0.5104166666666666,272928.03
Risk-Based XGBoost,746,100,92,0.92,15.25507864500569,21.102522301878334,49,0.532608695652174,257948.2
Risk-Based XGBoost,747,100,91,0.91,14.751199989307558,20.69109493900922,46,0.5054945054945055,210765.84
Risk-Based XGBoost,748,100,93,0.93,14.780464072134414,20.348279801285226,41,0.44086021505376344,292051.1499999999
Risk-Based XGBoost,749,100,93,0.93,14.912763309289264,21.039351916964748,48,0.5161290322580645,258647.57999999996
Risk-Based XGBoost,750,100,97,0.97,14.819044327999556,21.909304335354033,47,0.4845360824742268,275474.8300000001
Risk-Based XGBoost,751,100,95,0.95,15.591462246898123,21.56539787064658,54,0.5684210526315789,241882.80000000005
Risk-Based XGBoost,752,100,96,0.96,15.845253493130334,22.930547234290753,52,0.5416666666666666,239499.28
Risk-Based XGBoost,753,100,91,0.91,15.100940883681892,22.820944664705955,42,0.46153846153846156,166966.21999999997
Risk-Based XGBoost,754,100,96,0.96,14.53776593925762,20.22380527079209,43,0.4479166666666667,220655.40999999997
Risk-Based XGBoost,755,100,91,0.91,14.339294157826881,21.03598916557023,43,0.4725274725274725,203009.79
Risk-Based XGBoost,756,100,86,0.86,15.570829627162832,21.942087988853835,49,0.5697674418604651,197828.55000000002
Risk-Based XGBoost,757,100,95,0.95,15.192243936986188,21.406125060354036,52,0.5473684210526316,215745.22999999995
Risk-Based XGBoost,758,100,93,0.93,15.547667317991273,22.1450886722774,51,0.5483870967741935,317899.5999999999
Risk-Based XGBoost,759,100,96,0.96,15.030870686493591,22.563457171874152,46,0.4791666666666667,215395.52999999997
Risk-Based XGBoost,760,100,98,0.98,15.661061070597048,22.59948999499174,51,0.5204081632653061,222072.46
Risk-Based XGBoost,761,100,94,0.94,14.065261789374832,22.092697500715825,39,0.4148936170212766,224310.49
Risk-Based XGBoost,762,100,98,0.98,15.398755098296455,21.142751340226997,55,0.5612244897959183,180251.46000000002
Risk-Based XGBoost,763,100,96,0.96,14.651245594525554,20.43601733721812,49,0.5104166666666666,254197.87
Risk-Based XGBoost,764,100,93,0.93,14.818737033215017,20.678699435688348,46,0.4946236559139785,286737.9300000001
Risk-Based XGBoost,765,100,96,0.96,15.367438081496985,20.198042355473635,59,0.6145833333333334,248764.83000000002
Risk-Based XGBoost,766,100,92,0.92,15.78762869831249,21.663189172744833,54,0.5869565217391305,231644.61
Risk-Based XGBoost,767,100,92,0.92,15.066360049943754,21.21079984950168,44,0.4782608695652174,197645.9
Risk-Based XGBoost,768,100,92,0.92,15.006868136945288,21.005014300180495,41,0.44565217391304346,288610.82
Risk-Based XGBoost,769,100,93,0.93,15.444170139975025,21.86506516426627,50,0.5376344086021505,210219.06000000003
Risk-Based XGBoost,770,100,94,0.94,15.24606476566132,21.373737272014043,50,0.5319148936170213,261159.92
Risk-Based XGBoost,771,100,95,0.95,15.026678271901382,22.662154868313127,42,0.4421052631578947,216974.09
Risk-Based XGBoost,772,100,91,0.91,15.175725954679548,22.43649648182032,48,0.5274725274725275,366969.36
Risk-Based XGBoost,773,100,96,0.96,15.0142450702308,22.136952918691414,44,0.4583333333333333,236721.02999999997
Risk-Based XGBoost,774,100,97,0.97,15.219141197504877,21.45573149161517,54,0.5567010309278351,344551.42
Risk-Based XGBoost,775,100,94,0.94,14.855301956920856,22.178443629753172,42,0.44680851063829785,220447.71999999997
Risk-Based XGBoost,776,100,92,0.92,15.038918892753935,23.521490555657795,45,0.4891304347826087,220157.18
Risk-Based XGBoost,777,100,91,0.91,15.024285547941503,21.008551041950522,44,0.4835164835164835,207317.53999999998
Risk-Based XGBoost,778,100,91,0.91,14.320146983792368,20.68232492765957,41,0.45054945054945056,245589.97999999998
Risk-Based XGBoost,779,100,96,0.96,14.879245027437312,20.519537801692586,47,0.4895833333333333,276740.24
Risk-Based XGBoost,780,100,96,0.96,14.92747454756685,21.60794813085888,48,0.5,207249.25999999998
Risk-Based XGBoost,781,100,96,0.96,15.542595616274133,22.101851370259993,47,0.4895833333333333,264681.27
Risk-Based XGBoost,782,100,97,0.97,14.821944906794206,20.070098046130237,50,0.5154639175257731,251784.34
Risk-Based XGBoost,783,100,93,0.93,14.621832715372369,20.53600159572066,41,0.44086021505376344,270933.68
Risk-Based XGBoost,784,100,96,0.96,15.192576437078051,20.460073462253906,53,0.5520833333333334,235289.8
Risk-Based XGBoost,785,100,91,0.91,14.279013121724365,20.44708077803354,34,0.37362637362637363,222845.31000000003
Risk-Based XGBoost,786,100,93,0.93,15.250425524549614,21.252794067726587,50,0.5376344086021505,204610.43
Risk-Based XGBoost,787,100,97,0.97,14.46318020107195,20.197224232204906,41,0.422680412371134,239815.04
Risk-Based XGBoost,788,100,94,0.94,14.782009279012222,21.717129263284676,45,0.4787234042553192,199372.77
Risk-Based XGBoost,789,100,89,0.89,15.178683224529799,21.70003617180614,45,0.5056179775280899,226671.44
Risk-Based XGBoost,790,100,96,0.96,15.41105377078525,22.63286151141143,47,0.4895833333333333,241661.97999999998
Risk-Based XGBoost,791,100,91,0.91,14.902551508529454,21.843297222565745,44,0.4835164835164835,254285.12000000002
Risk-Based XGBoost,792,100,96,0.96,14.569752444783257,21.913105393536583,44,0.4583333333333333,249467.74
Risk-Based XGBoost,793,100,97,0.97,15.050355386791397,21.657170966624427,50,0.5154639175257731,239589.74000000002
Risk-Based XGBoost,794,100,96,0.96,15.87973808225379,22.60733399719801,51,0.53125,239355.59999999998
Risk-Based XGBoost,795,100,93,0.93,14.991967110677853,21.252366005296672,47,0.5053763440860215,256650.49
Risk-Based XGBoost,796,100,97,0.97,14.638309629642462,21.061572473178213,42,0.4329896907216495,254037.56
Risk-Based XGBoost,797,100,95,0.95,14.603053710871997,19.775437002992337,41,0.43157894736842106,233644.00999999995
Risk-Based XGBoost,798,100,92,0.92,15.704068643717852,22.545401846018034,52,0.5652173913043478,260716.75999999998
Risk-Based XGBoost,799,100,95,0.95,14.854277012644086,20.537444029773578,42,0.4421052631578947,232617.52
Risk-Based XGBoost,800,100,94,0.94,14.763026172758593,20.848551926185333,47,0.5,260799.96000000005
Risk-Based XGBoost,801,100,92,0.92,15.788845110552648,22.003972085782387,55,0.5978260869565217,199012.39999999997
Risk-Based XGBoost,802,100,94,0.94,15.08700790657924,21.476796178220717,47,0.5,262504.66000000003
Risk-Based XGBoost,803,100,93,0.93,14.401245428875773,19.817745536470472,46,0.4946236559139785,228967.30000000002
Risk-Based XGBoost,804,100,92,0.92,15.025347068788687,20.62351897818213,47,0.5108695652173914,236121.68
Risk-Based XGBoost,805,100,94,0.94,14.805016032994768,21.50152182310639,49,0.5212765957446809,173707.31
Risk-Based XGBoost,806,100,90,0.9,15.094670143011529,20.637538582005416,50,0.5555555555555556,213720.26
Risk-Based XGBoost,807,100,96,0.96,15.330594076469964,20.6598651285272,51,0.53125,329520.0
Risk-Based XGBoost,808,100,96,0.96,14.673985430521133,20.202850957647605,46,0.4791666666666667,260264.5
Risk-Based XGBoost,809,100,95,0.95,14.727250901429835,20.790832236175934,43,0.45263157894736844,190772.59
Risk-Based XGBoost,810,100,96,0.96,15.237909795436806,21.986059913527694,51,0.53125,231602.39
Risk-Based XGBoost,811,100,98,0.98,14.92485513332181,21.088130453746356,46,0.46938775510204084,242639.16000000006
Risk-Based XGBoost,812,100,93,0.93,14.705089199990148,20.49403533192974,43,0.46236559139784944,230512.86
Risk-Based XGBoost,813,100,94,0.94,14.610048501792056,19.947931273104377,43,0.4574468085106383,189679.97
Risk-Based XGBoost,814,100,91,0.91,14.316386276746599,20.62611298285981,37,0.4065934065934066,255049.66999999998
Risk-Based XGBoost,815,100,92,0.92,14.607922123705771,21.52653951355212,42,0.45652173913043476,213175.27
Risk-Based XGBoost,816,100,93,0.93,15.662769609897753,22.99097793654893,50,0.5376344086021505,210472.06999999998
Risk-Based XGBoost,817,100,93,0.93,15.043299188666483,22.800050019112465,48,0.5161290322580645,224986.88999999998
Risk-Based XGBoost,818,100,91,0.91,15.180298278545363,21.14486317255259,50,0.5494505494505495,234459.05000000002
Risk-Based XGBoost,819,100,93,0.93,15.197296701824687,23.961513312075358,46,0.4946236559139785,245504.68000000002
Risk-Based XGBoost,820,100,97,0.97,14.917355161560268,22.22127765451796,49,0.5051546391752577,176030.35
Risk-Based XGBoost,821,100,92,0.92,14.81747136470997,21.158103546378555,49,0.532608695652174,237883.75
Risk-Based XGBoost,822,100,88,0.88,15.034871325701493,21.800651468140888,39,0.4431818181818182,221637.11
Risk-Based XGBoost,823,100,93,0.93,14.809109095429902,22.237299386713683,46,0.4946236559139785,284733.68999999994
Risk-Based XGBoost,824,100,90,0.9,15.397986307752474,20.796443333780445,51,0.5666666666666667,264056.51
Risk-Based XGBoost,825,100,92,0.92,15.20968272106438,21.51378487078087,50,0.5434782608695652,199790.52000000002
Risk-Based XGBoost,826,100,94,0.94,14.889931072538678,19.971494428362277,44,0.46808510638297873,286181.58999999997
Risk-Based XGBoost,827,100,96,0.96,15.147723349651308,22.41731069181074,42,0.4375,226508.85
Risk-Based XGBoost,828,100,95,0.95,15.93917563625019,22.977654154199307,53,0.5578947368421052,201751.73
Risk-Based XGBoost,829,100,93,0.93,14.80499358116017,21.302550089872177,46,0.4946236559139785,269607.72000000003
Risk-Based XGBoost,830,100,89,0.89,15.234548795719299,22.17361537019449,48,0.5393258426966292,182556.84
Risk-Based XGBoost,831,100,93,0.93,15.380411594947933,21.628810716555414,51,0.5483870967741935,230956.41
Risk-Based XGBoost,832,100,92,0.92,15.592082582074461,22.231379427584912,55,0.5978260869565217,220254.88
Risk-Based XGBoost,833,100,95,0.95,14.81895817529524,22.230389648674773,45,0.47368421052631576,230136.12000000005
Risk-Based XGBoost,834,100,94,0.94,15.129403425854697,21.198596408056186,51,0.5425531914893617,235880.55000000002
Risk-Based XGBoost,835,100,94,0.94,14.997076840740474,21.910262506612177,45,0.4787234042553192,249750.00999999998
Risk-Based XGBoost,836,100,92,0.92,15.463269567366025,21.501084319593488,55,0.5978260869565217,222033.57000000004
Risk-Based XGBoost,837,100,95,0.95,14.113383762031313,20.303934490821565,40,0.42105263157894735,214121.87999999998
Risk-Based XGBoost,838,100,94,0.94,14.973195935708128,21.85931734034146,42,0.44680851063829785,248141.18000000002
Risk-Based XGBoost,839,100,95,0.95,14.317671460720108,20.832451606122486,43,0.45263157894736844,275111.11999999994
Risk-Based XGBoost,840,100,91,0.91,15.240446282492785,21.891305901511615,46,0.5054945054945055,254749.92
Risk-Based XGBoost,841,100,88,0.88,14.970991887363272,20.766510053172535,43,0.48863636363636365,194875.44
Risk-Based XGBoost,842,100,90,0.9,14.71617252633441,21.312983859251812,41,0.45555555555555555,287829.9
Risk-Based XGBoost,843,100,94,0.94,14.806424691999505,23.280835906080426,46,0.48936170212765956,273581.44999999995
Risk-Based XGBoost,844,100,92,0.92,14.914978861083346,21.40879323856683,43,0.4673913043478261,217905.51999999996
Risk-Based XGBoost,845,100,92,0.92,15.29395522445939,22.2238944068093,49,0.532608695652174,239403.21999999997
Risk-Based XGBoost,846,100,97,0.97,15.629177735153391,22.495010369007197,54,0.5567010309278351,218964.75000000003
Risk-Based XGBoost,847,100,94,0.94,14.902349425935618,21.164518171566304,47,0.5,214855.76999999996
Risk-Based XGBoost,848,100,94,0.94,14.420117751518713,21.18277605166749,41,0.43617021276595747,266001.72000000003
Risk-Based XGBoost,849,100,94,0.94,15.245290212644896,21.34925927121998,48,0.5106382978723404,293003.83
Risk-Based XGBoost,850,100,91,0.91,15.430917378000688,21.21612351705184,49,0.5384615384615384,287733.11
Risk-Based XGBoost,851,100,98,0.98,15.280383555564253,22.26224660531895,51,0.5204081632653061,215097.91
Risk-Based XGBoost,852,100,94,0.94,15.48939888792616,21.499148812076143,52,0.5531914893617021,228601.51
Risk-Based XGBoost,853,100,94,0.94,14.652610482135085,21.91453683493389,39,0.4148936170212766,225243.97000000003
Risk-Based XGBoost,854,100,94,0.94,14.576355227169186,21.228070807883448,38,0.40425531914893614,203458.52000000002
Risk-Based XGBoost,855,100,98,0.98,14.459062888824615,19.551304415186713,45,0.45918367346938777,241853.1
Risk-Based XGBoost,856,100,97,0.97,14.959375285258728,21.903810033165357,48,0.4948453608247423,257951.32000000007
Risk-Based XGBoost,857,100,98,0.98,15.675396287885338,23.12810642193555,57,0.5816326530612245,243857.05000000002
Risk-Based XGBoost,858,100,90,0.9,15.78014340863871,21.88404087499092,57,0.6333333333333333,206370.69
Risk-Based XGBoost,859,100,90,0.9,14.503928153788092,19.662043372703888,40,0.4444444444444444,191519.64
Risk-Based XGBoost,860,100,97,0.97,15.603692839739875,22.66746820191147,54,0.5567010309278351,235407.26999999996
Risk-Based XGBoost,861,100,98,0.98,14.31318847790417,21.191190717882773,41,0.41836734693877553,245581.57
Risk-Based XGBoost,862,100,96,0.96,14.37012760843875,21.479220123780504,43,0.4479166666666667,233123.83000000002
Risk-Based XGBoost,863,100,92,0.92,14.324778973027993,20.50136857752755,42,0.45652173913043476,253023.21999999997
Risk-Based XGBoost,864,100,98,0.98,15.012610728916274,21.077428701627696,45,0.45918367346938777,306574.46
Risk-Based XGBoost,865,100,92,0.92,14.584314377594334,21.253911709313986,42,0.45652173913043476,246892.41999999998
Risk-Based XGBoost,866,100,94,0.94,15.21693143242871,21.010017500548845,55,0.5851063829787234,262266.25
Risk-Based XGBoost,867,100,92,0.92,15.232689405183526,21.28384847264531,53,0.5760869565217391,203669.70999999996
Risk-Based XGBoost,868,100,94,0.94,15.108309616849182,21.579156283071207,46,0.48936170212765956,229166.83000000002
Risk-Based XGBoost,869,100,92,0.92,15.46388155855821,22.72739912436556,51,0.5543478260869565,204542.43
Risk-Based XGBoost,870,100,93,0.93,15.011594333225068,22.220340155415844,44,0.4731182795698925,292738.04999999993
Risk-Based XGBoost,871,100,93,0.93,14.658321884748146,20.630255554681256,46,0.4946236559139785,181884.73
Risk-Based XGBoost,872,100,91,0.91,15.866468827028966,21.47126126621979,52,0.5714285714285714,237868.24000000002
Risk-Based XGBoost,873,100,92,0.92,15.101938651517317,21.35577837890268,47,0.5108695652173914,266367.05
Risk-Based XGBoost,874,100,94,0.94,15.733330314849708,22.152220094932677,53,0.5638297872340425,223959.6
Risk-Based XGBoost,875,100,94,0.94,14.381705139000063,20.389636524877734,41,0.43617021276595747,200244.41
Risk-Based XGBoost,876,100,89,0.89,14.065476606931242,19.106828645563663,42,0.47191011235955055,237686.28
Risk-Based XGBoost,877,100,90,0.9,14.91572586621206,21.22693871496373,48,0.5333333333333333,216244.77999999997
Risk-Based XGBoost,878,100,95,0.95,14.460434948245998,20.174457908347268,39,0.4105263157894737,277580.53
Risk-Based XGBoost,879,100,95,0.95,14.706970918282755,20.43309131247404,44,0.4631578947368421,294601.05000000005
Risk-Based XGBoost,880,100,93,0.93,14.927812625383948,21.35078871662442,44,0.4731182795698925,221532.00999999998
Risk-Based XGBoost,881,100,96,0.96,14.745702544377531,21.508437532960993,42,0.4375,238240.37
Risk-Based XGBoost,882,100,93,0.93,14.617181413961186,19.732960877726654,42,0.45161290322580644,209234.40000000002
Risk-Based XGBoost,883,100,96,0.96,15.242917086781134,23.14802276661905,49,0.5104166666666666,251053.8
Risk-Based XGBoost,884,100,96,0.96,15.573926686731575,23.171264075213124,51,0.53125,270836.59
Risk-Based XGBoost,885,100,89,0.89,14.347095350750392,21.534608498196427,35,0.39325842696629215,232483.41999999998
Risk-Based XGBoost,886,100,92,0.92,14.72823254658507,20.47818931723896,43,0.4673913043478261,202845.15
Risk-Based XGBoost,887,100,92,0.92,14.827054711031098,21.64506879000786,47,0.5108695652173914,261599.02000000002
Risk-Based XGBoost,888,100,94,0.94,15.002162796448616,21.15489332928622,49,0.5212765957446809,226001.09
Risk-Based XGBoost,889,100,92,0.92,15.3215314476644,23.091280458997915,53,0.5760869565217391,258617.65999999997
Risk-Based XGBoost,890,100,97,0.97,15.343910212967677,21.105591259616293,50,0.5154639175257731,302150.82
Risk-Based XGBoost,891,100,93,0.93,14.511052072415259,21.149444749627833,39,0.41935483870967744,266637.04000000004
Risk-Based XGBoost,892,100,94,0.94,14.957479807278045,21.059084296434637,46,0.48936170212765956,237203.74
Risk-Based XGBoost,893,100,93,0.93,15.258568904659525,21.54892416645192,48,0.5161290322580645,201937.36999999997
Risk-Based XGBoost,894,100,91,0.91,14.858942243468857,21.15559932253184,40,0.43956043956043955,191747.16999999998
Risk-Based XGBoost,895,100,95,0.95,15.448843720502593,22.17169088533076,55,0.5789473684210527,242106.00999999998
Risk-Based XGBoost,896,100,96,0.96,15.537071991726636,21.283464550404936,54,0.5625,217835.14
Risk-Based XGBoost,897,100,94,0.94,15.439757751273303,21.019656380183097,55,0.5851063829787234,221386.55
Risk-Based XGBoost,898,100,93,0.93,15.22188748833846,20.9799944535864,47,0.5053763440860215,224884.62
Risk-Based XGBoost,899,100,97,0.97,15.30305662299088,21.104665802616903,53,0.5463917525773195,217501.12000000002
Risk-Based XGBoost,900,100,96,0.96,15.732451722558187,22.385360003058928,57,0.59375,228641.82
Risk-Based XGBoost,901,100,92,0.92,15.35863828920698,21.417586168692957,53,0.5760869565217391,249125.89
Risk-Based XGBoost,902,100,94,0.94,14.868197072608101,21.994284506238593,44,0.46808510638297873,216779.67
Risk-Based XGBoost,903,100,94,0.94,14.032343324874912,20.11967118184432,40,0.425531914893617,207194.75999999998
Risk-Based XGBoost,904,100,92,0.92,14.782940785097043,20.746165246838395,44,0.4782608695652174,187839.73
Risk-Based XGBoost,905,100,94,0.94,15.061860410269311,21.825343494074758,47,0.5,242127.02
Risk-Based XGBoost,906,100,92,0.92,14.455763730828442,20.56075416171786,42,0.45652173913043476,230738.35999999996
Risk-Based XGBoost,907,100,94,0.94,14.80524904961425,20.186800666674646,48,0.5106382978723404,225103.83
Risk-Based XGBoost,908,100,93,0.93,15.540900784355594,21.812499399706738,49,0.5268817204301075,225231.16999999998
Risk-Based XGBoost,909,100,92,0.92,14.863442505845962,21.330530788953702,47,0.5108695652173914,203011.29000000004
Risk-Based XGBoost,910,100,98,0.98,15.53731343853436,22.645939418609203,55,0.5612244897959183,252254.57
Risk-Based XGBoost,911,100,91,0.91,14.698594991285802,21.096917121338112,44,0.4835164835164835,190455.63999999998
Risk-Based XGBoost,912,100,94,0.94,14.901022114549987,20.709781577778433,48,0.5106382978723404,284019.64
Risk-Based XGBoost,913,100,94,0.94,14.502382565798232,21.2698084149908,44,0.46808510638297873,199034.90000000002
Risk-Based XGBoost,914,100,94,0.94,14.284892257634693,20.78214155538725,45,0.4787234042553192,244746.33000000005
Risk-Based XGBoost,915,100,95,0.95,15.451954389131735,22.228776739744994,52,0.5473684210526316,259204.76
Risk-Based XGBoost,916,100,98,0.98,14.954413346677185,20.589222585905024,48,0.4897959183673469,239825.81
Risk-Based XGBoost,917,100,99,0.99,15.243926604385889,20.462830813269584,57,0.5757575757575758,204365.69000000003
Risk-Based XGBoost,918,100,97,0.97,15.030524253891365,22.128651595146106,51,0.5257731958762887,272910.37
Risk-Based XGBoost,919,100,95,0.95,15.377951264942496,20.931862122749934,54,0.5684210526315789,251030.65
Risk-Based XGBoost,920,100,94,0.94,15.290365983222673,21.64378343264798,50,0.5319148936170213,233065.0
Risk-Based XGBoost,921,100,93,0.93,14.970210021197772,22.195715494441632,46,0.4946236559139785,263605.65
Risk-Based XGBoost,922,100,98,0.98,14.868229646898188,20.454545107156974,52,0.5306122448979592,199304.58999999997
Risk-Based XGBoost,923,100,95,0.95,14.510627058433984,20.12256354474815,41,0.43157894736842106,252493.6
Risk-Based XGBoost,924,100,86,0.86,15.04981994532555,20.482136470159347,41,0.47674418604651164,300627.75
Risk-Based XGBoost,925,100,92,0.92,14.715966449331825,21.30590817352361,42,0.45652173913043476,204536.55000000002
Risk-Based XGBoost,926,100,96,0.96,15.017353503433633,21.023704749235787,49,0.5104166666666666,170808.61000000002
Risk-Based XGBoost,927,100,90,0.9,15.126992765200875,20.91272612926807,46,0.5111111111111111,275105.77
Risk-Based XGBoost,928,100,91,0.91,14.448064504958284,21.515124329850764,35,0.38461538461538464,190025.4
Risk-Based XGBoost,929,100,94,0.94,15.018338589663898,21.27649559564253,46,0.48936170212765956,203282.06
Risk-Based XGBoost,930,100,86,0.86,14.26769773105209,20.19784142931161,38,0.4418604651162791,225293.99999999997
Risk-Based XGBoost,931,100,90,0.9,15.53958652926289,21.743392718780054,50,0.5555555555555556,353097.44000000006
Risk-Based XGBoost,932,100,95,0.95,14.367481158307209,20.048972727113984,48,0.5052631578947369,258561.96000000002
Risk-Based XGBoost,933,100,91,0.91,14.842412147627464,21.447546382067614,48,0.5274725274725275,294536.51
Risk-Based XGBoost,934,100,96,0.96,15.319936155402958,23.151297017699157,49,0.5104166666666666,247391.26
Risk-Based XGBoost,935,100,93,0.93,14.73137493089371,21.52944113217001,38,0.40860215053763443,212517.40000000002
Risk-Based XGBoost,936,100,93,0.93,15.4417164746162,22.64313204257234,51,0.5483870967741935,235816.97999999998
Risk-Based XGBoost,937,100,96,0.96,15.095374282928196,21.82924688896119,44,0.4583333333333333,262679.94
Risk-Based XGBoost,938,100,85,0.85,14.94247707181155,20.490315518676834,42,0.49411764705882355,246875.54999999996
Risk-Based XGBoost,939,100,94,0.94,14.631216222083452,21.216584805742574,44,0.46808510638297873,252124.32
Risk-Based XGBoost,940,100,95,0.95,15.038125980543349,21.881046368261625,51,0.5368421052631579,224746.55
Risk-Based XGBoost,941,100,93,0.93,14.95520144967757,21.017506765759883,43,0.46236559139784944,213456.24999999997
Risk-Based XGBoost,942,100,94,0.94,15.60002537119514,22.039173460018677,51,0.5425531914893617,226628.99000000002
Risk-Based XGBoost,943,100,93,0.93,14.081900608749049,20.776738927747665,37,0.3978494623655914,206960.49
Risk-Based XGBoost,944,100,96,0.96,15.609211506151718,21.091245360307322,56,0.5833333333333334,201927.41999999998
Risk-Based XGBoost,945,100,96,0.96,15.342213924923113,21.80151198381695,54,0.5625,252431.18
Risk-Based XGBoost,946,100,94,0.94,15.155002251084143,21.729467551704488,45,0.4787234042553192,222728.86000000002
Risk-Based XGBoost,947,100,93,0.93,14.917296086022708,22.215504128886405,47,0.5053763440860215,309346.43
Risk-Based XGBoost,948,100,98,0.98,15.254888677386216,21.287250771672735,49,0.5,222423.1
Risk-Based XGBoost,949,100,97,0.97,14.97206383685587,22.225572740121816,49,0.5051546391752577,194351.59
Risk-Based XGBoost,950,100,91,0.91,14.941199099339402,20.110993090647725,44,0.4835164835164835,230504.57
Risk-Based XGBoost,951,100,94,0.94,14.701424216176152,22.371429267461018,42,0.44680851063829785,248936.3499999999
Risk-Based XGBoost,952,100,93,0.93,14.982364503437228,21.8932220021845,49,0.5268817204301075,310638.7599999999
Risk-Based XGBoost,953,100,96,0.96,14.351309072732958,20.239523285022898,41,0.4270833333333333,305819.54000000004
Risk-Based XGBoost,954,100,96,0.96,15.512069327758766,21.40920199265842,57,0.59375,222808.24
Risk-Based XGBoost,955,100,97,0.97,14.695213334407034,21.599117250857134,42,0.4329896907216495,246771.03
Risk-Based XGBoost,956,100,90,0.9,15.10031742889548,21.75400632173244,44,0.4888888888888889,196830.13
Risk-Based XGBoost,957,100,98,0.98,15.134277445807136,23.073262995804974,51,0.5204081632653061,273974.89
Risk-Based XGBoost,958,100,91,0.91,15.386024242357758,21.987982186202828,48,0.5274725274725275,371500.86999999994
Risk-Based XGBoost,959,100,95,0.95,14.262943108576462,20.984495960954376,43,0.45263157894736844,282194.45000000007
Risk-Based XGBoost,960,100,91,0.91,14.860087017110253,20.026974973397927,45,0.4945054945054945,186710.37000000002
Risk-Based XGBoost,961,100,94,0.94,14.58240182057719,21.086226050676906,40,0.425531914893617,249722.33000000002
Risk-Based XGBoost,962,100,95,0.95,14.635457277960844,21.933173430002757,43,0.45263157894736844,271173.86999999994
Risk-Based XGBoost,963,100,95,0.95,14.412227613538851,21.76588029022979,43,0.45263157894736844,259086.14999999997
Risk-Based XGBoost,964,100,93,0.93,14.754421173267707,20.476358908722485,46,0.4946236559139785,258232.84999999998
Risk-Based XGBoost,965,100,94,0.94,15.152811978639054,21.411807135010395,55,0.5851063829787234,274884.97
Risk-Based XGBoost,966,100,93,0.93,15.215123867344092,21.048247835730166,48,0.5161290322580645,206233.96
Risk-Based XGBoost,967,100,88,0.88,15.826280936122732,22.172048778536592,50,0.5681818181818182,243783.32
Risk-Based XGBoost,968,100,97,0.97,15.20126386628449,20.99743707893479,50,0.5154639175257731,238618.48999999996
Risk-Based XGBoost,969,100,97,0.97,15.734727419615481,22.049673377626778,53,0.5463917525773195,304583.14999999997
Risk-Based XGBoost,970,100,94,0.94,14.950914515023467,21.571218312379354,46,0.48936170212765956,294835.50000000006
Risk-Based XGBoost,971,100,95,0.95,14.749875471410865,20.88539514326518,43,0.45263157894736844,251400.68000000002
Risk-Based XGBoost,972,100,97,0.97,14.472501572950192,21.120733829531986,45,0.4639175257731959,230753.78999999998
Risk-Based XGBoost,973,100,90,0.9,15.82507804264913,20.370485317942837,61,0.6777777777777778,263376.27
Risk-Based XGBoost,974,100,94,0.94,14.808621330361857,20.577215977722602,47,0.5,298401.04
Risk-Based XGBoost,975,100,94,0.94,14.987491907413553,21.769877711224208,49,0.5212765957446809,303406.99999999994
Risk-Based XGBoost,976,100,97,0.97,14.590219260312638,20.295820358766594,46,0.4742268041237113,260989.08000000002
Risk-Based XGBoost,977,100,88,0.88,14.55355428654314,20.492442794675803,38,0.4318181818181818,305605.74
Risk-Based XGBoost,978,100,93,0.93,15.946275420020276,23.425155348953766,55,0.5913978494623656,272072.43999999994
Risk-Based XGBoost,979,100,96,0.96,14.533112658748498,19.963724486352604,43,0.4479166666666667,274938.12
Risk-Based XGBoost,980,100,94,0.94,14.800544859340242,21.217638363144957,49,0.5212765957446809,185929.93
Risk-Based XGBoost,981,100,97,0.97,15.49192345384769,21.24704133459124,51,0.5257731958762887,254115.5
Risk-Based XGBoost,982,100,92,0.92,14.699732064514308,20.47536635965906,47,0.5108695652173914,207416.66
Risk-Based XGBoost,983,100,94,0.94,14.61086072777605,21.134368518024495,43,0.4574468085106383,262390.01
Risk-Based XGBoost,984,100,91,0.91,14.645408507890565,21.08212755690923,43,0.4725274725274725,260985.27
Risk-Based XGBoost,985,100,92,0.92,15.184317956114556,21.823529516788295,47,0.5108695652173914,295393.51999999996
Risk-Based XGBoost,986,100,95,0.95,15.09495422779448,21.394221572928977,48,0.5052631578947369,206731.27000000005
Risk-Based XGBoost,987,100,96,0.96,14.664951701791026,23.081499168941278,41,0.4270833333333333,255397.74
Risk-Based XGBoost,988,100,92,0.92,15.06030351996233,21.33765577698994,46,0.5,257778.62
Risk-Based XGBoost,989,100,92,0.92,15.355457357204324,22.071825327142637,47,0.5108695652173914,218442.8
Risk-Based XGBoost,990,100,93,0.93,14.883916575125884,20.961040212121844,50,0.5376344086021505,222581.46
Risk-Based XGBoost,991,100,95,0.95,15.205809835551836,20.97383278474338,47,0.49473684210526314,223762.91999999998
Risk-Based XGBoost,992,100,91,0.91,15.314516296113208,20.994773338756524,51,0.5604395604395604,284692.67
Risk-Based XGBoost,993,100,93,0.93,14.662931849326489,21.342004557453926,48,0.5161290322580645,246085.72
Risk-Based XGBoost,994,100,97,0.97,15.89715998733724,22.04369929457925,60,0.6185567010309279,267746.62
Risk-Based XGBoost,995,100,90,0.9,15.553684965467642,21.170468008830348,52,0.5777777777777777,226584.76000000004
Risk-Based XGBoost,996,100,94,0.94,14.797060591118868,20.846119703291727,43,0.4574468085106383,196785.09
Risk-Based XGBoost,997,100,98,0.98,15.044402279993921,20.87631643009325,49,0.5,257450.36000000002
Risk-Based XGBoost,998,100,94,0.94,14.677302518389546,20.587899134236647,43,0.4574468085106383,194211.24000000002
Risk-Based XGBoost,999,100,96,0.96,15.121119522081349,20.983566779377608,46,0.4791666666666667,214251.02000000002
Risk-Based XGBoost,1000,100,94,0.94,14.75465017805828,20.871036452593387,47,0.5,333396.4199999999
Enhanced Multi-Signal,1,100,94,0.94,7.866238934853872,11.229676551581235,0,0.0,189132.81999999998
Enhanced Multi-Signal,2,100,88,0.88,8.072380737169647,11.095716147776256,1,0.011363636363636364,205561.11
Enhanced Multi-Signal,3,100,95,0.95,7.69748706050546,10.823263212891783,0,0.0,215342.90000000002
Enhanced Multi-Signal,4,100,96,0.96,8.27337910867727,11.160829829137771,0,0.0,241579.4
Enhanced Multi-Signal,5,100,92,0.92,7.991568413252934,12.093655521406436,0,0.0,216865.05000000005
Enhanced Multi-Signal,6,100,97,0.97,7.947991097927261,10.932838825819747,0,0.0,265737.5
Enhanced Multi-Signal,7,100,94,0.94,7.914214814101032,10.79027745878664,0,0.0,222775.58000000005
Enhanced Multi-Signal,8,100,96,0.96,8.106936503670248,11.12610621197901,0,0.0,226223.47999999998
Enhanced Multi-Signal,9,100,91,0.91,8.245629733592466,11.37763532630729,0,0.0,264381.27
Enhanced Multi-Signal,10,100,98,0.98,7.7697422373788045,11.478122891716033,0,0.0,193528.59
Enhanced Multi-Signal,11,100,98,0.98,7.799242229039746,11.297738841383591,0,0.0,249814.19999999998
Enhanced Multi-Signal,12,100,95,0.95,8.04547897513273,11.091007802547153,0,0.0,268180.85000000003
Enhanced Multi-Signal,13,100,97,0.97,7.809479099676709,11.097352014188571,0,0.0,295767.61999999994
Enhanced Multi-Signal,14,100,97,0.97,8.025242177142957,11.153338512506316,0,0.0,242092.68000000002
Enhanced Multi-Signal,15,100,94,0.94,7.953762427065716,11.175845754580843,0,0.0,213604.94
Enhanced Multi-Signal,16,100,96,0.96,7.865283235018382,11.336061634939195,0,0.0,291084.42
Enhanced Multi-Signal,17,100,95,0.95,8.227343770756674,11.8367451226385,0,0.0,255320.91
Enhanced Multi-Signal,18,100,96,0.96,8.056541508513334,11.468842533257982,1,0.010416666666666666,269702.27
Enhanced Multi-Signal,19,100,99,0.99,8.046928014990641,11.691264673098855,0,0.0,229508.99000000002
Enhanced Multi-Signal,20,100,92,0.92,7.8447288299444695,11.297755631292882,1,0.010869565217391304,195392.09
Enhanced Multi-Signal,21,100,92,0.92,8.38070055004029,11.131075688002422,0,0.0,215911.59999999998
Enhanced Multi-Signal,22,100,91,0.91,7.711846378044193,11.536502528684704,0,0.0,228006.19
Enhanced Multi-Signal,23,100,91,0.91,7.840401785069189,11.308976243676046,0,0.0,240577.59
Enhanced Multi-Signal,24,100,97,0.97,7.906175479711911,10.88999014441901,0,0.0,261051.33000000002
Enhanced Multi-Signal,25,100,92,0.92,8.190624950216117,11.744026674774789,0,0.0,239710.43999999997
Enhanced Multi-Signal,26,100,96,0.96,7.913025060481431,10.871731247114429,0,0.0,280352.30000000005
Enhanced Multi-Signal,27,100,97,0.97,8.0789861290297,10.88716174324742,0,0.0,221875.33000000002
Enhanced Multi-Signal,28,100,97,0.97,8.08782677025764,11.682785184387575,0,0.0,257605.33
Enhanced Multi-Signal,29,100,99,0.99,8.117871133780751,11.150916102013122,0,0.0,212529.96
Enhanced Multi-Signal,30,100,93,0.93,8.182670386639256,10.97728236913141,0,0.0,239194.23
Enhanced Multi-Signal,31,100,96,0.96,7.94035055037432,11.614920072108433,0,0.0,220057.18
Enhanced Multi-Signal,32,100,93,0.93,8.053963019263959,11.128945993898245,0,0.0,193436.81
Enhanced Multi-Signal,33,100,94,0.94,7.8996465802291365,10.781714521434644,0,0.0,254779.82000000004
Enhanced Multi-Signal,34,100,96,0.96,8.119431026008334,11.926826018174124,0,0.0,270914.21
Enhanced Multi-Signal,35,100,92,0.92,8.102306424693003,11.294755622174726,0,0.0,221609.27000000002
Enhanced Multi-Signal,36,100,96,0.96,8.137712217024628,11.193647020040034,0,0.0,206352.81
Enhanced Multi-Signal,37,100,95,0.95,7.836330067205954,11.130215567471927,0,0.0,249232.67999999996
Enhanced Multi-Signal,38,100,95,0.95,8.18941151324096,11.155484613321867,1,0.010526315789473684,229341.33999999997
Enhanced Multi-Signal,39,100,95,0.95,8.261901685687034,11.415076112637966,0,0.0,242402.41000000003
Enhanced Multi-Signal,40,100,96,0.96,8.129109684346261,10.968122913011554,0,0.0,233607.33000000002
Enhanced Multi-Signal,41,100,98,0.98,8.085648099388127,11.13879627602483,0,0.0,187989.16
Enhanced Multi-Signal,42,100,97,0.97,8.156536863849812,11.41182919024554,0,0.0,274252.38
Enhanced Multi-Signal,43,100,98,0.98,7.982032603333386,10.477556866325608,0,0.0,224353.36000000002
Enhanced Multi-Signal,44,100,97,0.97,8.154000106498055,11.11888033718129,0,0.0,308178.01
Enhanced Multi-Signal,45,100,95,0.95,8.01741115129979,11.53780140763683,0,0.0,227694.81
Enhanced Multi-Signal,46,100,97,0.97,7.699674987855088,10.594162542337894,0,0.0,291988.07
Enhanced Multi-Signal,47,100,90,0.9,7.655825716225345,11.741230784137858,0,0.0,245600.84999999998
Enhanced Multi-Signal,48,100,96,0.96,8.114755962767914,11.7680896414652,1,0.010416666666666666,264222.9
Enhanced Multi-Signal,49,100,97,0.97,8.25003694177256,12.089258215811682,0,0.0,280152.72000000003
Enhanced Multi-Signal,50,100,97,0.97,7.9028585469374395,11.171748269639235,0,0.0,232412.42
Enhanced Multi-Signal,51,100,97,0.97,8.075997795111519,11.431857978942299,0,0.0,259914.46000000002
Enhanced Multi-Signal,52,100,99,0.99,8.07548679493123,11.290278135237397,0,0.0,333212.08
Enhanced Multi-Signal,53,100,92,0.92,8.439387709162776,11.29750629297007,0,0.0,243877.76999999996
Enhanced Multi-Signal,54,100,95,0.95,7.966671445878533,10.827773148030312,0,0.0,209085.71000000002
Enhanced Multi-Signal,55,100,95,0.95,8.051166218597281,11.72208946241077,0,0.0,268070.92000000004
Enhanced Multi-Signal,56,100,93,0.93,8.079264127571301,11.000152857554157,0,0.0,297882.93
Enhanced Multi-Signal,57,100,96,0.96,8.12335862498673,11.050515922984337,0,0.0,246741.76
Enhanced Multi-Signal,58,100,94,0.94,7.651137006169044,10.823902798997599,0,0.0,223787.16000000003
Enhanced Multi-Signal,59,100,99,0.99,7.820170473075418,10.439278169176154,0,0.0,237870.78999999998
Enhanced Multi-Signal,60,100,93,0.93,8.03329602277989,11.571744641552739,0,0.0,203657.97999999998
Enhanced Multi-Signal,61,100,95,0.95,8.155985636593254,11.59213778552367,0,0.0,244058.38999999998
Enhanced Multi-Signal,62,100,97,0.97,8.015054284426395,11.602538908208603,0,0.0,278140.62999999995
Enhanced Multi-Signal,63,100,95,0.95,7.9445794739276305,11.44319679456148,0,0.0,225803.41999999995
Enhanced Multi-Signal,64,100,94,0.94,8.138909715424216,10.967928715184513,0,0.0,214696.83
Enhanced Multi-Signal,65,100,95,0.95,7.932592485377348,11.361629008851024,0,0.0,237144.07
Enhanced Multi-Signal,66,100,94,0.94,7.903354696661772,11.344625630128245,0,0.0,244258.14999999997
Enhanced Multi-Signal,67,100,94,0.94,7.994721344143459,10.890837643990487,0,0.0,248019.98
Enhanced Multi-Signal,68,100,97,0.97,7.9261438396254995,10.813405956926848,0,0.0,255786.01
Enhanced Multi-Signal,69,100,91,0.91,7.991232147221767,11.163313956584371,0,0.0,276523.8300000001
Enhanced Multi-Signal,70,100,94,0.94,8.069424856439344,10.9230776162357,0,0.0,244231.47
Enhanced Multi-Signal,71,100,95,0.95,7.900430115300323,11.395627305468889,0,0.0,285135.4699999999
Enhanced Multi-Signal,72,100,96,0.96,7.717493153698679,10.753844133728176,0,0.0,222602.53
Enhanced Multi-Signal,73,100,91,0.91,7.878795743756446,11.091356099644372,0,0.0,244008.86000000002
Enhanced Multi-Signal,74,100,96,0.96,8.12187129843659,11.219075982614935,0,0.0,267525.39
Enhanced Multi-Signal,75,100,97,0.97,7.974290365271404,10.693526891428665,0,0.0,250253.00000000003
Enhanced Multi-Signal,76,100,98,0.98,7.903344476090365,10.719821957503713,0,0.0,258846.02999999997
Enhanced Multi-Signal,77,100,95,0.95,8.040976252683212,11.457843029288249,0,0.0,254344.41999999995
Enhanced Multi-Signal,78,100,96,0.96,7.7097315253911,10.477440866397249,0,0.0,251002.36999999997
Enhanced Multi-Signal,79,100,94,0.94,7.974409918752865,10.565733422057685,0,0.0,261423.72999999998
Enhanced Multi-Signal,80,100,97,0.97,8.032259193588821,10.994624001900618,0,0.0,279777.5
Enhanced Multi-Signal,81,100,96,0.96,8.309117239373771,11.03613739457594,0,0.0,206932.5
Enhanced Multi-Signal,82,100,95,0.95,7.750397448591374,11.062747055635018,0,0.0,234855.68999999997
Enhanced Multi-Signal,83,100,96,0.96,8.129428044096295,11.374062896664572,0,0.0,223385.55
Enhanced Multi-Signal,84,100,91,0.91,8.260201221919893,10.674652902012676,0,0.0,192367.18
Enhanced Multi-Signal,85,100,98,0.98,8.00908106038172,11.152536893087538,0,0.0,303938.94999999995
Enhanced Multi-Signal,86,100,97,0.97,8.077953011062542,11.335443741292353,0,0.0,251467.48
Enhanced Multi-Signal,87,100,97,0.97,8.16320930212834,11.478536993838587,1,0.010309278350515464,250104.56999999998
Enhanced Multi-Signal,88,100,96,0.96,7.827595714016184,11.183580435252559,1,0.010416666666666666,289324.31
Enhanced Multi-Signal,89,100,96,0.96,8.116890295385517,11.670230650300073,0,0.0,286159.64999999997
Enhanced Multi-Signal,90,100,94,0.94,8.136128343474212,10.750614255164626,0,0.0,279255.79
Enhanced Multi-Signal,91,100,93,0.93,8.291961839541976,10.409450646210374,0,0.0,190467.24
Enhanced Multi-Signal,92,100,95,0.95,8.185647654520302,11.517185747272267,1,0.010526315789473684,215337.52999999997
Enhanced Multi-Signal,93,100,100,1.0,8.118586646089197,11.385063514580981,0,0.0,272229.51
Enhanced Multi-Signal,94,100,97,0.97,7.681797766650775,10.84110449747475,0,0.0,268503.79
Enhanced Multi-Signal,95,100,94,0.94,7.725162708892226,10.931108485080083,0,0.0,237541.5
Enhanced Multi-Signal,96,100,98,0.98,8.10141247029947,11.32991455319008,0,0.0,252099.61
Enhanced Multi-Signal,97,100,98,0.98,7.783922711441944,10.648012459925004,0,0.0,226801.23
Enhanced Multi-Signal,98,100,97,0.97,8.100119543214134,11.335131360491465,0,0.0,264197.82999999996
Enhanced Multi-Signal,99,100,93,0.93,7.970060188766777,11.106591716168682,1,0.010752688172043012,234880.12000000005
Enhanced Multi-Signal,100,100,98,0.98,8.170648116371988,11.47660141750234,0,0.0,275173.24
Enhanced Multi-Signal,101,100,91,0.91,7.294245572332938,10.567574166717165,0,0.0,214204.36000000002
Enhanced Multi-Signal,102,100,92,0.92,8.257349289231929,11.091512773522805,0,0.0,313058.87000000005
Enhanced Multi-Signal,103,100,94,0.94,8.11230472870934,11.203533394214105,0,0.0,193081.85
Enhanced Multi-Signal,104,100,97,0.97,8.085006950848365,11.046133644568739,0,0.0,213538.13
Enhanced Multi-Signal,105,100,92,0.92,8.014225597011363,11.107921495039426,0,0.0,209093.72
Enhanced Multi-Signal,106,100,94,0.94,8.15966720880137,11.175228736155518,0,0.0,213895.07
Enhanced Multi-Signal,107,100,90,0.9,7.931367496020555,10.909478631789407,0,0.0,201773.53
Enhanced Multi-Signal,108,100,98,0.98,8.05177843680822,11.23727894391173,0,0.0,233666.23
Enhanced Multi-Signal,109,100,95,0.95,7.960826771498101,10.886857666173219,0,0.0,243956.37
Enhanced Multi-Signal,110,100,95,0.95,7.52541454962576,11.551897270902348,0,0.0,220015.95
Enhanced Multi-Signal,111,100,96,0.96,7.566045049700128,10.947912565726195,0,0.0,267232.23
Enhanced Multi-Signal,112,100,93,0.93,8.137467118041592,11.730506899045283,0,0.0,215121.01000000004
Enhanced Multi-Signal,113,100,94,0.94,8.03118967419616,11.437536245780587,0,0.0,225375.66999999998
Enhanced Multi-Signal,114,100,97,0.97,8.116892667244251,11.257083610916473,0,0.0,255126.18
Enhanced Multi-Signal,115,100,94,0.94,8.066581189253961,11.271243445539769,0,0.0,213910.03
Enhanced Multi-Signal,116,100,96,0.96,8.153349064023244,11.528128277132044,0,0.0,217080.05000000005
Enhanced Multi-Signal,117,100,95,0.95,7.97456487649513,10.76036325688137,0,0.0,278963.6699999999
Enhanced Multi-Signal,118,100,95,0.95,7.878826653659386,10.854822761261039,0,0.0,255490.44000000003
Enhanced Multi-Signal,119,100,98,0.98,7.863665242573655,11.131935795411717,0,0.0,284425.97000000003
Enhanced Multi-Signal,120,100,99,0.99,8.311575436621242,11.06899582289269,0,0.0,273091.99
Enhanced Multi-Signal,121,100,97,0.97,7.751845284831597,10.613746548039952,0,0.0,269828.73000000004
Enhanced Multi-Signal,122,100,97,0.97,8.013537312151083,11.055277524995356,0,0.0,248008.56000000006
Enhanced Multi-Signal,123,100,95,0.95,8.124877967702288,11.70778401740175,0,0.0,225286.47999999995
Enhanced Multi-Signal,124,100,92,0.92,8.071126951447766,11.550115644262808,0,0.0,202296.25000000006
Enhanced Multi-Signal,125,100,94,0.94,7.886894675787843,11.297933931700134,0,0.0,234375.66000000003
Enhanced Multi-Signal,126,100,98,0.98,8.302262006314072,11.464008002645059,0,0.0,233856.46
Enhanced Multi-Signal,127,100,92,0.92,8.366697046442008,12.080110280651038,0,0.0,342903.51
Enhanced Multi-Signal,128,100,96,0.96,7.7179585838164035,10.75484074394803,0,0.0,265747.76
Enhanced Multi-Signal,129,100,95,0.95,7.792030584636502,10.951604670178938,0,0.0,265079.85000000003
Enhanced Multi-Signal,130,100,97,0.97,8.065694847277193,11.093067909912667,0,0.0,222544.32
Enhanced Multi-Signal,131,100,94,0.94,7.6686269608612845,11.255113491653937,0,0.0,235665.58
Enhanced Multi-Signal,132,100,96,0.96,8.2122239490849,11.430731992272504,0,0.0,235698.24000000002
Enhanced Multi-Signal,133,100,98,0.98,8.033177780417212,11.550150160827474,0,0.0,288458.00000000006
Enhanced Multi-Signal,134,100,96,0.96,8.166773473787968,10.940995615678938,0,0.0,184690.8
Enhanced Multi-Signal,135,100,98,0.98,8.079670064428816,11.433154620100193,0,0.0,290573.79
Enhanced Multi-Signal,136,100,96,0.96,8.216460361859973,11.849668996338417,0,0.0,230559.8
Enhanced Multi-Signal,137,100,96,0.96,8.12441516581395,10.991573969049632,0,0.0,226557.34
Enhanced Multi-Signal,138,100,94,0.94,8.277812316336396,11.540499622631872,0,0.0,223730.85
Enhanced Multi-Signal,139,100,99,0.99,7.801050432798023,11.118992899519135,0,0.0,330746.98
Enhanced Multi-Signal,140,100,93,0.93,7.796313591740111,11.633535430419286,0,0.0,260563.21999999997
Enhanced Multi-Signal,141,100,95,0.95,8.034180708638434,11.68025827427458,0,0.0,247416.75
Enhanced Multi-Signal,142,100,92,0.92,7.856192230054184,11.233274116099615,0,0.0,228023.87
Enhanced Multi-Signal,143,100,93,0.93,7.890682346063749,11.310896950385187,0,0.0,244171.26999999996
Enhanced Multi-Signal,144,100,96,0.96,7.73077125896564,10.431906658026175,0,0.0,253458.11
Enhanced Multi-Signal,145,100,95,0.95,8.149998903916266,11.558079562976078,0,0.0,221036.22999999998
Enhanced Multi-Signal,146,100,95,0.95,7.992818179185485,10.823715668781446,0,0.0,237097.02000000002
Enhanced Multi-Signal,147,100,96,0.96,8.309434787774121,11.653336077886548,1,0.010416666666666666,264057.16000000003
Enhanced Multi-Signal,148,100,98,0.98,8.005286194578709,11.264861206627286,0,0.0,262587.29000000004
Enhanced Multi-Signal,149,100,96,0.96,7.7872403875128695,11.267563290651545,0,0.0,225034.81
Enhanced Multi-Signal,150,100,97,0.97,8.068503176967566,10.63245450300126,0,0.0,252251.49
Enhanced Multi-Signal,151,100,96,0.96,8.060199068371805,11.3070760219084,0,0.0,251692.32
Enhanced Multi-Signal,152,100,93,0.93,7.981320502003899,11.595994039566301,0,0.0,215339.0
Enhanced Multi-Signal,153,100,97,0.97,7.982429839880709,11.526812106687231,1,0.010309278350515464,244798.44
Enhanced Multi-Signal,154,100,96,0.96,7.875244161172614,11.359573089831787,0,0.0,285219.9
Enhanced Multi-Signal,155,100,94,0.94,8.186782598893576,11.274200775174291,0,0.0,223278.19999999998
Enhanced Multi-Signal,156,100,97,0.97,7.6417267497664705,10.228166349966173,0,0.0,217317.62000000002
Enhanced Multi-Signal,157,100,91,0.91,8.105969471562851,11.194379176817506,0,0.0,282733.62
Enhanced Multi-Signal,158,100,96,0.96,8.007323808183427,11.015043147288107,0,0.0,257599.43999999997
Enhanced Multi-Signal,159,100,91,0.91,8.274756823044036,11.737207236408153,0,0.0,184626.59000000003
Enhanced Multi-Signal,160,100,96,0.96,7.706013200488134,11.131627321486027,0,0.0,207768.62
Enhanced Multi-Signal,161,100,87,0.87,7.841585909433674,11.110228962772132,0,0.0,271873.18999999994
Enhanced Multi-Signal,162,100,97,0.97,7.897829915613268,10.666112538711383,0,0.0,318549.86
Enhanced Multi-Signal,163,100,91,0.91,8.05434745869402,11.136536948340051,0,0.0,187161.44999999998
Enhanced Multi-Signal,164,100,91,0.91,7.72347957633327,10.945231208803124,0,0.0,250123.84000000003
Enhanced Multi-Signal,165,100,97,0.97,8.098519059982637,11.791563529051182,0,0.0,222890.53
Enhanced Multi-Signal,166,100,97,0.97,7.881654592984947,11.161559435733022,0,0.0,224783.93999999997
Enhanced Multi-Signal,167,100,96,0.96,7.670681533508275,11.050505614673813,0,0.0,245984.03000000003
Enhanced Multi-Signal,168,100,93,0.93,8.09538416889187,10.852467127010152,0,0.0,208914.01
Enhanced Multi-Signal,169,100,94,0.94,8.033748477149324,11.113856798859521,0,0.0,212348.19999999995
Enhanced Multi-Signal,170,100,94,0.94,7.761412174864544,10.823528745049527,0,0.0,215838.92
Enhanced Multi-Signal,171,100,95,0.95,8.311299607578654,12.136544006481158,0,0.0,226032.18
Enhanced Multi-Signal,172,100,91,0.91,7.76414968696515,11.087571488768509,0,0.0,282915.52
Enhanced Multi-Signal,173,100,96,0.96,7.910537028001831,11.510142572199067,0,0.0,240954.68
Enhanced Multi-Signal,174,100,97,0.97,8.360442897716453,12.597475682291075,1,0.010309278350515464,244832.28000000006
Enhanced Multi-Signal,175,100,98,0.98,8.274550404937873,11.846638488146695,0,0.0,294183.89
Enhanced Multi-Signal,176,100,96,0.96,7.96872427496568,11.1645145087761,0,0.0,295606.94
Enhanced Multi-Signal,177,100,94,0.94,7.955137367204246,11.671117896479505,0,0.0,255638.64
Enhanced Multi-Signal,178,100,97,0.97,7.910224072874163,11.67876274518479,0,0.0,281220.24
Enhanced Multi-Signal,179,100,94,0.94,8.024140629875525,10.7193373651151,0,0.0,215839.52000000002
Enhanced Multi-Signal,180,100,97,0.97,8.170733833337872,11.007440762942519,0,0.0,238000.99999999997
Enhanced Multi-Signal,181,100,96,0.96,8.28716204679767,11.058878620029507,0,0.0,201217.85
Enhanced Multi-Signal,182,100,93,0.93,8.06602933453446,11.363101690229014,0,0.0,252206.91
Enhanced Multi-Signal,183,100,97,0.97,7.9063892073416735,10.465164498054468,0,0.0,267110.45
Enhanced Multi-Signal,184,100,95,0.95,7.897093513306935,11.68253823072687,0,0.0,226958.74000000002
Enhanced Multi-Signal,185,100,98,0.98,7.865232286704797,11.887191454243938,0,0.0,276451.50999999995
Enhanced Multi-Signal,186,100,96,0.96,8.143098908838214,11.26487943999215,0,0.0,278733.42
Enhanced Multi-Signal,187,100,96,0.96,8.183616966300805,11.028574894335806,0,0.0,270360.94
Enhanced Multi-Signal,188,100,93,0.93,8.001988537373059,11.030116424116594,0,0.0,231857.94
Enhanced Multi-Signal,189,100,94,0.94,7.918083480723081,11.274536416655987,0,0.0,274735.49
Enhanced Multi-Signal,190,100,96,0.96,7.933635520849703,11.907661538323405,0,0.0,208374.97999999998
Enhanced Multi-Signal,191,100,95,0.95,8.122768267958117,11.693174033723002,0,0.0,243213.95
Enhanced Multi-Signal,192,100,95,0.95,7.894393808734404,10.785589412357432,0,0.0,219628.68000000005
Enhanced Multi-Signal,193,100,94,0.94,8.051207807850622,10.906992932470368,0,0.0,191659.68
Enhanced Multi-Signal,194,100,94,0.94,7.927242346090603,10.954544468427954,0,0.0,227297.32
Enhanced Multi-Signal,195,100,92,0.92,7.955197659570416,10.908893481520245,0,0.0,241991.68
Enhanced Multi-Signal,196,100,100,1.0,8.01608429828846,11.59879403706033,0,0.0,226271.40000000002
Enhanced Multi-Signal,197,100,96,0.96,7.781097457401167,10.91942038669951,0,0.0,272434.72
Enhanced Multi-Signal,198,100,94,0.94,7.9081311865295225,10.67992669530712,0,0.0,259192.06999999998
Enhanced Multi-Signal,199,100,95,0.95,7.988895315074026,11.519923427639126,0,0.0,263815.41
Enhanced Multi-Signal,200,100,97,0.97,8.06959791490579,11.134446433884984,0,0.0,270331.62
Enhanced Multi-Signal,201,100,95,0.95,8.265485329467495,10.723042089666421,0,0.0,254165.53
Enhanced Multi-Signal,202,100,96,0.96,7.938498491938631,11.451854377881011,0,0.0,202076.69
Enhanced Multi-Signal,203,100,98,0.98,8.455897400444442,11.512323385731596,0,0.0,238238.10000000003
Enhanced Multi-Signal,204,100,93,0.93,8.108353811593474,11.175396633831244,0,0.0,227644.73
Enhanced Multi-Signal,205,100,97,0.97,7.812011552450714,10.824478313015515,0,0.0,233305.34999999998
Enhanced Multi-Signal,206,100,97,0.97,8.316358337371572,11.734899488209718,0,0.0,291727.0
Enhanced Multi-Signal,207,100,97,0.97,7.682632196956683,10.96685833352,0,0.0,268663.39
Enhanced Multi-Signal,208,100,94,0.94,8.243678197861923,11.562643590497313,0,0.0,269320.42
Enhanced Multi-Signal,209,100,97,0.97,7.644251315354979,10.86823009790932,0,0.0,239846.40000000002
Enhanced Multi-Signal,210,100,95,0.95,7.735646113198516,10.965414779084522,0,0.0,229083.47999999998
Enhanced Multi-Signal,211,100,90,0.9,8.31529336678937,11.47852717101687,0,0.0,204926.44999999998
Enhanced Multi-Signal,212,100,97,0.97,7.537784248693411,9.937107009331731,0,0.0,234638.37
Enhanced Multi-Signal,213,100,94,0.94,7.9280537473259916,10.950760545711766,0,0.0,230182.85
Enhanced Multi-Signal,214,100,96,0.96,7.647922335522122,11.089705656900957,0,0.0,210612.16
Enhanced Multi-Signal,215,100,92,0.92,7.792055189106333,11.42328345146101,0,0.0,206911.38
Enhanced Multi-Signal,216,100,92,0.92,7.929931661801483,10.717637932341445,0,0.0,228678.66000000003
Enhanced Multi-Signal,217,100,95,0.95,7.995317465779772,11.28808459238953,1,0.010526315789473684,223684.97999999995
Enhanced Multi-Signal,218,100,94,0.94,7.721275688996598,10.889083432061092,0,0.0,248497.91999999998
Enhanced Multi-Signal,219,100,98,0.98,8.056285034318035,10.817656647891145,0,0.0,301842.28
Enhanced Multi-Signal,220,100,94,0.94,7.8742701748846375,10.898758677192776,0,0.0,154648.37999999998
Enhanced Multi-Signal,221,100,94,0.94,8.027440213808001,11.238902563083968,0,0.0,296195.97000000003
Enhanced Multi-Signal,222,100,97,0.97,7.685383208932012,11.164126845212664,0,0.0,285654.58
Enhanced Multi-Signal,223,100,97,0.97,7.772283282898709,11.315332437378329,0,0.0,288985.00999999995
Enhanced Multi-Signal,224,100,96,0.96,8.312133661706747,11.04827732114585,0,0.0,242489.41999999998
Enhanced Multi-Signal,225,100,95,0.95,7.926806266126557,12.20839590809148,1,0.010526315789473684,311468.42000000004
Enhanced Multi-Signal,226,100,95,0.95,8.1608253833465,11.50877832791234,0,0.0,259092.08
Enhanced Multi-Signal,227,100,99,0.99,7.871894790817506,11.23108679167649,0,0.0,276988.55999999994
Enhanced Multi-Signal,228,100,95,0.95,8.325660798984115,11.260132995539271,1,0.010526315789473684,302046.3400000001
Enhanced Multi-Signal,229,100,93,0.93,7.993493480295471,10.775150711259844,0,0.0,242653.61999999997
Enhanced Multi-Signal,230,100,92,0.92,7.9043901502807055,11.450403646764684,0,0.0,233316.83
Enhanced Multi-Signal,231,100,93,0.93,8.058700761720292,11.102935793874694,0,0.0,269688.91000000003
Enhanced Multi-Signal,232,100,96,0.96,8.435518930433938,11.656707091721916,0,0.0,278864.26
Enhanced Multi-Signal,233,100,97,0.97,7.992011960076228,10.988529592123374,0,0.0,224378.97
Enhanced Multi-Signal,234,100,94,0.94,8.178607851247543,11.06516109193235,0,0.0,248237.71
Enhanced Multi-Signal,235,100,94,0.94,7.4073087367870345,10.108541208169845,0,0.0,262558.81
Enhanced Multi-Signal,236,100,95,0.95,8.02136036742242,11.085361388450357,0,0.0,233288.18
Enhanced Multi-Signal,237,100,97,0.97,8.13663710777699,11.63397243332974,0,0.0,284263.67999999993
Enhanced Multi-Signal,238,100,93,0.93,8.059576057649695,11.958716468880086,0,0.0,188134.75000000003
Enhanced Multi-Signal,239,100,95,0.95,7.910210889399022,11.623049546796533,0,0.0,162537.00000000003
Enhanced Multi-Signal,240,100,100,1.0,8.031427887305721,11.278828807271477,0,0.0,225763.31999999998
Enhanced Multi-Signal,241,100,96,0.96,8.05845050196787,11.427064769615516,0,0.0,279483.95999999996
Enhanced Multi-Signal,242,100,95,0.95,8.42117008905961,11.578714154156556,0,0.0,185137.64000000004
Enhanced Multi-Signal,243,100,94,0.94,7.789928326653655,11.550372213655546,0,0.0,236199.99000000002
Enhanced Multi-Signal,244,100,94,0.94,7.570009553936704,11.21762604872608,0,0.0,245865.91999999998
Enhanced Multi-Signal,245,100,96,0.96,8.403201054546201,11.4985936931604,0,0.0,257087.34999999998
Enhanced Multi-Signal,246,100,90,0.9,7.978150953588074,10.477348167878414,0,0.0,270745.25
Enhanced Multi-Signal,247,100,97,0.97,7.938192987091865,10.723092341922657,0,0.0,194295.97999999998
Enhanced Multi-Signal,248,100,93,0.93,7.800974274927149,10.742720042371392,0,0.0,222808.08000000002
Enhanced Multi-Signal,249,100,96,0.96,7.943189236669197,11.189356490524727,0,0.0,281197.2
Enhanced Multi-Signal,250,100,97,0.97,8.126520287659542,11.997622846584948,0,0.0,222622.87
Enhanced Multi-Signal,251,100,95,0.95,7.818029345043463,10.88849652969133,0,0.0,245230.22999999998
Enhanced Multi-Signal,252,100,95,0.95,7.894118316395955,11.954371366205667,0,0.0,268976.56
Enhanced Multi-Signal,253,100,95,0.95,8.054611778321012,11.166250877444753,0,0.0,206669.78
Enhanced Multi-Signal,254,100,95,0.95,7.784743136626537,11.25796388549381,0,0.0,274392.07
Enhanced Multi-Signal,255,100,97,0.97,8.318435084375789,12.08207259826244,0,0.0,205241.53
Enhanced Multi-Signal,256,100,97,0.97,8.480295367976446,11.597836589013113,0,0.0,267811.39999999997
Enhanced Multi-Signal,257,100,98,0.98,8.137726077445457,11.259971495453774,0,0.0,285463.74999999994
Enhanced Multi-Signal,258,100,93,0.93,7.567228804593521,10.91321470287131,0,0.0,174528.46
Enhanced Multi-Signal,259,100,96,0.96,8.167576312469047,11.768615067378438,0,0.0,288925.67
Enhanced Multi-Signal,260,100,95,0.95,7.697968347759347,11.293565122695593,0,0.0,258470.83000000005
Enhanced Multi-Signal,261,100,93,0.93,7.923048862707673,10.982454010000993,0,0.0,243122.41000000003
Enhanced Multi-Signal,262,100,96,0.96,8.007583264620669,11.874344474337448,0,0.0,239850.62
Enhanced Multi-Signal,263,100,93,0.93,7.850779552959986,10.698322571362835,0,0.0,268014.74
Enhanced Multi-Signal,264,100,96,0.96,7.723726668850777,11.289822755319037,0,0.0,250804.68
Enhanced Multi-Signal,265,100,94,0.94,8.232338867415658,11.204963807035552,0,0.0,321576.5
Enhanced Multi-Signal,266,100,96,0.96,8.356784406867469,11.236877564911119,0,0.0,185610.24
Enhanced Multi-Signal,267,100,92,0.92,7.842438782357376,11.398937383761627,0,0.0,297280.73
Enhanced Multi-Signal,268,100,95,0.95,7.894378748048752,11.29950139807896,0,0.0,224216.29
Enhanced Multi-Signal,269,100,94,0.94,8.051760976597777,11.945329233186937,0,0.0,187892.73999999993
Enhanced Multi-Signal,270,100,96,0.96,7.867663293015361,11.425886994237032,0,0.0,225421.35
Enhanced Multi-Signal,271,100,99,0.99,8.121480613826101,11.113511353940183,0,0.0,287403.37999999995
Enhanced Multi-Signal,272,100,93,0.93,8.172103144134418,11.220861530709772,0,0.0,182611.46
Enhanced Multi-Signal,273,100,94,0.94,8.107888351851644,11.479395410565056,0,0.0,194573.47
Enhanced Multi-Signal,274,100,93,0.93,8.119562136890728,11.626146152530128,0,0.0,195855.30000000005
Enhanced Multi-Signal,275,100,96,0.96,7.80296677392231,10.35743633464623,0,0.0,316359.17000000004
Enhanced Multi-Signal,276,100,93,0.93,8.004184519309604,11.26961419550061,0,0.0,255325.68000000002
Enhanced Multi-Signal,277,100,93,0.93,8.010303186036747,11.582463776032498,0,0.0,225504.13999999998
Enhanced Multi-Signal,278,100,96,0.96,7.974775261783717,10.507286699686418,0,0.0,261882.82
Enhanced Multi-Signal,279,100,93,0.93,7.960841530300715,10.859636860681098,0,0.0,260066.81
Enhanced Multi-Signal,280,100,97,0.97,8.150374022125163,10.998362173972701,0,0.0,287996.45999999996
Enhanced Multi-Signal,281,100,93,0.93,7.650298516063629,10.436434862206722,0,0.0,184984.27000000002
Enhanced Multi-Signal,282,100,97,0.97,8.101016604729985,11.063312583450683,0,0.0,194395.65000000002
Enhanced Multi-Signal,283,100,98,0.98,8.004754265215713,11.476771502899053,0,0.0,327710.82000000007
Enhanced Multi-Signal,284,100,93,0.93,7.823653920441123,10.483987540281385,0,0.0,168018.74
Enhanced Multi-Signal,285,100,95,0.95,7.891373173286153,10.830845081997598,0,0.0,229046.72
Enhanced Multi-Signal,286,100,99,0.99,8.08527516201371,11.248881611242524,0,0.0,246154.89
Enhanced Multi-Signal,287,100,95,0.95,8.223812073070755,10.965754505927608,0,0.0,270833.01000000007
Enhanced Multi-Signal,288,100,99,0.99,8.286268818619199,11.549011811535998,0,0.0,241738.55999999997
Enhanced Multi-Signal,289,100,94,0.94,8.376230967550406,11.51017976545043,0,0.0,226364.98999999996
Enhanced Multi-Signal,290,100,99,0.99,7.906583370529289,11.581038702231185,0,0.0,223300.69999999998
Enhanced Multi-Signal,291,100,94,0.94,7.722049323538542,11.238537795611446,0,0.0,208654.63
Enhanced Multi-Signal,292,100,92,0.92,7.786746947524196,10.473660424820476,0,0.0,266865.56999999995
Enhanced Multi-Signal,293,100,93,0.93,7.973589387730108,10.733277311697325,0,0.0,202351.49000000005
Enhanced Multi-Signal,294,100,96,0.96,8.244509538272277,11.216158655366149,0,0.0,211592.7
Enhanced Multi-Signal,295,100,95,0.95,7.98739431514341,11.195217505962853,0,0.0,209707.43
Enhanced Multi-Signal,296,100,95,0.95,7.820203940928412,10.763686562551593,0,0.0,226891.61000000004
Enhanced Multi-Signal,297,100,96,0.96,7.8859293855542765,11.721729157306543,0,0.0,187307.3
Enhanced Multi-Signal,298,100,95,0.95,8.295582968271033,11.416864327316839,0,0.0,189497.40000000002
Enhanced Multi-Signal,299,100,97,0.97,8.081445855339103,11.415346416582533,0,0.0,196656.02
Enhanced Multi-Signal,300,100,95,0.95,7.557858530411454,10.921101563761367,0,0.0,232945.63999999998
Enhanced Multi-Signal,301,100,94,0.94,8.227776820033688,11.122592130822527,0,0.0,246227.02
Enhanced Multi-Signal,302,100,93,0.93,7.875161788780967,11.215695056640879,0,0.0,261461.21000000002
Enhanced Multi-Signal,303,100,97,0.97,7.881396031754006,10.756909809151063,0,0.0,257322.88999999998
Enhanced Multi-Signal,304,100,97,0.97,7.910405893740735,10.790690610156846,0,0.0,219959.13
Enhanced Multi-Signal,305,100,97,0.97,7.950087314742259,10.47039571189727,0,0.0,236604.46000000002
Enhanced Multi-Signal,306,100,95,0.95,8.13181486057265,11.422209391487895,0,0.0,294157.45
Enhanced Multi-Signal,307,100,95,0.95,7.814266004123186,11.73237438789676,0,0.0,240879.62999999998
Enhanced Multi-Signal,308,100,88,0.88,7.920059240565172,10.610814578786586,0,0.0,264548.11
Enhanced Multi-Signal,309,100,98,0.98,8.068347565964638,11.182409320109722,0,0.0,280965.77999999997
Enhanced Multi-Signal,310,100,98,0.98,8.11023955514718,11.510209699564408,0,0.0,245245.27000000005
Enhanced Multi-Signal,311,100,94,0.94,8.085124921251147,11.222571877307077,1,0.010638297872340425,257322.86000000002
Enhanced Multi-Signal,312,100,98,0.98,8.064020482062885,11.046185099794888,0,0.0,217542.99
Enhanced Multi-Signal,313,100,92,0.92,8.050542904935536,11.603836920516907,0,0.0,222344.67000000004
Enhanced Multi-Signal,314,100,97,0.97,7.7883273805914435,10.686243481633124,0,0.0,347938.19
Enhanced Multi-Signal,315,100,97,0.97,8.179423872607966,10.876449012393529,0,0.0,257156.15
Enhanced Multi-Signal,316,100,96,0.96,8.017638340833171,10.692280107408653,0,0.0,177119.03
Enhanced Multi-Signal,317,100,93,0.93,8.031920952102286,11.234383584742758,0,0.0,260845.93999999997
Enhanced Multi-Signal,318,100,99,0.99,8.095220963603063,11.135260286837543,0,0.0,300392.88
Enhanced Multi-Signal,319,100,95,0.95,8.076393706378202,12.037372791519475,0,0.0,217328.76999999996
Enhanced Multi-Signal,320,100,98,0.98,8.074649926627602,11.429928157740767,0,0.0,313348.87000000005
Enhanced Multi-Signal,321,100,92,0.92,8.325011471067429,11.377835617505166,0,0.0,235553.67
Enhanced Multi-Signal,322,100,95,0.95,8.15565793298098,11.52101166472735,0,0.0,304238.24999999994
Enhanced Multi-Signal,323,100,96,0.96,7.923542678003308,11.505776545082854,0,0.0,247743.99
Enhanced Multi-Signal,324,100,93,0.93,7.503670808008113,10.408617705146048,0,0.0,201072.68
Enhanced Multi-Signal,325,100,91,0.91,7.758882713891423,10.48605113803871,0,0.0,248028.87000000002
Enhanced Multi-Signal,326,100,98,0.98,7.750006046483137,10.840453488216253,0,0.0,198586.09000000003
Enhanced Multi-Signal,327,100,94,0.94,8.044515943981589,11.367418173761905,0,0.0,244816.33999999997
Enhanced Multi-Signal,328,100,94,0.94,7.941134847767191,11.324649239534578,0,0.0,233379.66999999998
Enhanced Multi-Signal,329,100,94,0.94,7.787675019109402,10.919489107090687,0,0.0,177736.48
Enhanced Multi-Signal,330,100,95,0.95,8.263203836721909,11.363464556927115,0,0.0,262206.86999999994
Enhanced Multi-Signal,331,100,97,0.97,8.260268285078794,12.075474435371726,1,0.010309278350515464,265625.77
Enhanced Multi-Signal,332,100,91,0.91,7.762351826988715,11.470682578657284,0,0.0,252664.78
Enhanced Multi-Signal,333,100,96,0.96,7.96869652951733,10.883511449746717,0,0.0,254804.86
Enhanced Multi-Signal,334,100,97,0.97,8.112879355757613,11.265865055460313,0,0.0,233181.81
Enhanced Multi-Signal,335,100,90,0.9,7.5795410795753115,11.052501280453367,0,0.0,201071.31
Enhanced Multi-Signal,336,100,98,0.98,8.050002334227916,11.193929048602909,0,0.0,280607.15
Enhanced Multi-Signal,337,100,94,0.94,8.16279513082485,11.50059657046742,0,0.0,233665.58
Enhanced Multi-Signal,338,100,90,0.9,8.085312197814964,11.216274728151424,0,0.0,305533.6099999999
Enhanced Multi-Signal,339,100,96,0.96,7.616969063919252,10.562015608919133,0,0.0,273808.7
Enhanced Multi-Signal,340,100,93,0.93,8.18219821998373,11.260334964959311,0,0.0,186795.65000000002
Enhanced Multi-Signal,341,100,97,0.97,7.430284982139545,10.53427770396954,0,0.0,230066.64
Enhanced Multi-Signal,342,100,94,0.94,7.9078335155512,10.94222351271302,0,0.0,203333.78
Enhanced Multi-Signal,343,100,98,0.98,7.879105129142853,10.954585100588064,0,0.0,236697.09999999998
Enhanced Multi-Signal,344,100,97,0.97,8.180249546837926,11.461125500553871,0,0.0,251201.08000000002
Enhanced Multi-Signal,345,100,97,0.97,8.194069290262986,11.384819913795308,0,0.0,231758.43000000002
Enhanced Multi-Signal,346,100,92,0.92,8.23572824193111,12.003480119587891,0,0.0,284138.44999999995
Enhanced Multi-Signal,347,100,95,0.95,8.145186953814154,11.990787748623406,0,0.0,279354.79
Enhanced Multi-Signal,348,100,96,0.96,7.830216981557288,11.500457140832738,0,0.0,259506.51
Enhanced Multi-Signal,349,100,94,0.94,8.027590859134332,11.421966770131602,0,0.0,230731.31
Enhanced Multi-Signal,350,100,98,0.98,8.165883397119913,11.579510037436485,0,0.0,237570.9
Enhanced Multi-Signal,351,100,95,0.95,7.875587995201016,10.754640489104268,0,0.0,244530.78999999998
Enhanced Multi-Signal,352,100,98,0.98,7.7522865593766666,11.526264218221653,0,0.0,254889.48
Enhanced Multi-Signal,353,100,93,0.93,7.703027892797893,11.719558370278879,0,0.0,259810.66999999998
Enhanced Multi-Signal,354,100,97,0.97,8.003029717920356,10.859001261812866,0,0.0,236267.76
Enhanced Multi-Signal,355,100,97,0.97,7.700438308497701,11.417407179312379,0,0.0,207656.6
Enhanced Multi-Signal,356,100,94,0.94,8.138245138402265,11.002956963343543,0,0.0,190770.25
Enhanced Multi-Signal,357,100,98,0.98,7.732999367978709,10.934106572111059,0,0.0,198745.88999999998
Enhanced Multi-Signal,358,100,93,0.93,7.983785414761074,11.010037112841324,0,0.0,279393.91
Enhanced Multi-Signal,359,100,96,0.96,8.040830410131287,11.145443793885079,0,0.0,250876.72
Enhanced Multi-Signal,360,100,95,0.95,7.936177586951367,10.246743036823368,0,0.0,224721.77
Enhanced Multi-Signal,361,100,95,0.95,7.8305374117484705,11.350058604645033,0,0.0,253882.64999999997
Enhanced Multi-Signal,362,100,97,0.97,7.902162993129749,11.10341678419208,0,0.0,291434.1
Enhanced Multi-Signal,363,100,96,0.96,8.176893954375375,11.22996150900838,0,0.0,242866.33000000002
Enhanced Multi-Signal,364,100,96,0.96,8.076551788525796,11.201164294485697,0,0.0,249276.5
Enhanced Multi-Signal,365,100,94,0.94,8.26015314277808,11.634329469709733,0,0.0,210346.83
Enhanced Multi-Signal,366,100,97,0.97,8.15208502853151,10.834025163367091,0,0.0,222207.80000000002
Enhanced Multi-Signal,367,100,98,0.98,8.215557486194182,11.206897651358918,0,0.0,251769.61
Enhanced Multi-Signal,368,100,96,0.96,7.971225745233589,10.869202543040906,1,0.010416666666666666,195068.34999999998
Enhanced Multi-Signal,369,100,97,0.97,7.602445763649449,11.061196131857093,0,0.0,219026.50999999998
Enhanced Multi-Signal,370,100,94,0.94,8.088529966332224,11.244039802098248,0,0.0,314383.21
Enhanced Multi-Signal,371,100,94,0.94,8.011481485968964,11.125885357804117,0,0.0,162557.19
Enhanced Multi-Signal,372,100,93,0.93,8.016984274681134,11.26435132527312,0,0.0,260680.66000000003
Enhanced Multi-Signal,373,100,98,0.98,8.224137780630752,11.354657044474708,0,0.0,213147.28
Enhanced Multi-Signal,374,100,90,0.9,7.92744078135711,11.364815826132254,0,0.0,243374.52
Enhanced Multi-Signal,375,100,97,0.97,8.049019122181589,11.103129374198335,0,0.0,229800.63
Enhanced Multi-Signal,376,100,93,0.93,8.02691117017537,11.637759837979637,0,0.0,250041.99
Enhanced Multi-Signal,377,100,95,0.95,8.014073200272454,11.454771949734008,0,0.0,254031.67999999996
Enhanced Multi-Signal,378,100,95,0.95,8.259112286073844,11.806226069298246,0,0.0,258510.33
Enhanced Multi-Signal,379,100,94,0.94,8.005983512020018,11.30970705999202,0,0.0,235854.88000000003
Enhanced Multi-Signal,380,100,95,0.95,7.929162762184799,10.721846395178623,0,0.0,232104.82
Enhanced Multi-Signal,381,100,94,0.94,7.819832430874525,11.24390056857771,0,0.0,218774.31
Enhanced Multi-Signal,382,100,97,0.97,7.542258185394502,11.036287341100898,0,0.0,261258.64999999997
Enhanced Multi-Signal,383,100,94,0.94,8.101738937205921,11.700022346644781,0,0.0,285202.24000000005
Enhanced Multi-Signal,384,100,99,0.99,7.832932377566098,10.597937436623342,0,0.0,267954.73
Enhanced Multi-Signal,385,100,97,0.97,8.18553214759466,11.182724853052834,0,0.0,249140.43
Enhanced Multi-Signal,386,100,97,0.97,8.058325083867656,12.006745753411465,0,0.0,257975.22999999998
Enhanced Multi-Signal,387,100,94,0.94,8.292382685217529,11.961403878438416,0,0.0,302560.32999999996
Enhanced Multi-Signal,388,100,95,0.95,8.383557027137478,11.493095905499215,0,0.0,291955.63999999996
Enhanced Multi-Signal,389,100,93,0.93,8.006569077564258,10.566272682650078,0,0.0,179039.53
Enhanced Multi-Signal,390,100,93,0.93,8.08726327100013,12.442821296483581,0,0.0,195052.45
Enhanced Multi-Signal,391,100,94,0.94,7.774985851251054,10.90824970215315,0,0.0,200062.7
Enhanced Multi-Signal,392,100,94,0.94,7.544867840268188,11.31953716167955,0,0.0,265969.98000000004
Enhanced Multi-Signal,393,100,96,0.96,7.910690630141292,11.633399562684417,1,0.010416666666666666,243676.21999999997
Enhanced Multi-Signal,394,100,96,0.96,7.524372637100815,10.436218772159714,0,0.0,217897.77999999997
Enhanced Multi-Signal,395,100,98,0.98,8.511733960369623,12.052379945763517,0,0.0,210558.81000000003
Enhanced Multi-Signal,396,100,97,0.97,7.853205751898963,11.435922199345978,0,0.0,247037.73999999996
Enhanced Multi-Signal,397,100,95,0.95,8.256999800989554,11.714276977096176,0,0.0,241811.03
Enhanced Multi-Signal,398,100,96,0.96,8.221215409850567,11.657201446237732,0,0.0,274632.58999999997
Enhanced Multi-Signal,399,100,96,0.96,7.534334055693322,10.517667820252353,0,0.0,237037.40000000002
Enhanced Multi-Signal,400,100,94,0.94,7.902202433165642,10.592778762703668,0,0.0,223097.51
Enhanced Multi-Signal,401,100,94,0.94,8.153868229986944,12.021334022732578,0,0.0,249886.97000000003
Enhanced Multi-Signal,402,100,97,0.97,7.94510937059416,11.205646212052633,0,0.0,262621.81
Enhanced Multi-Signal,403,100,95,0.95,7.945952970016203,11.105058735947054,0,0.0,269013.08999999997
Enhanced Multi-Signal,404,100,95,0.95,8.373445857335254,11.686205383117075,0,0.0,269926.19999999995
Enhanced Multi-Signal,405,100,96,0.96,8.10189937985743,11.070837062073387,0,0.0,277503.97
Enhanced Multi-Signal,406,100,96,0.96,8.032151349539411,11.978653740545962,0,0.0,249503.61000000002
Enhanced Multi-Signal,407,100,95,0.95,8.155243986739587,11.161077049782135,0,0.0,245917.03
Enhanced Multi-Signal,408,100,94,0.94,7.692434278329698,11.92901909642361,0,0.0,210168.50999999998
Enhanced Multi-Signal,409,100,92,0.92,8.106957287134827,10.994227074831677,0,0.0,295808.74000000005
Enhanced Multi-Signal,410,100,94,0.94,7.9590942213588,11.64123334085965,0,0.0,240485.18000000002
Enhanced Multi-Signal,411,100,93,0.93,7.881242424176579,10.828986925108243,0,0.0,228104.85000000003
Enhanced Multi-Signal,412,100,95,0.95,7.960583431294319,11.047714509028227,0,0.0,311362.76999999996
Enhanced Multi-Signal,413,100,97,0.97,8.234700733761779,11.458687117964917,0,0.0,273868.38999999996
Enhanced Multi-Signal,414,100,93,0.93,8.0588236306047,11.183503543493543,0,0.0,208530.09
Enhanced Multi-Signal,415,100,97,0.97,7.816669781077302,11.294060409518373,0,0.0,290417.02999999997
Enhanced Multi-Signal,416,100,96,0.96,7.915952916118407,11.49548879114926,0,0.0,198171.44
Enhanced Multi-Signal,417,100,96,0.96,8.226907522809164,11.183878888736217,0,0.0,200297.76
Enhanced Multi-Signal,418,100,97,0.97,7.903135997214069,11.023619355657015,0,0.0,248626.07
Enhanced Multi-Signal,419,100,96,0.96,8.221496002905543,11.623442727483834,0,0.0,303850.48
Enhanced Multi-Signal,420,100,99,0.99,7.966120299975795,11.460364628673679,0,0.0,226692.74000000002
Enhanced Multi-Signal,421,100,97,0.97,7.8189210174219825,11.379229412918129,0,0.0,230268.93000000002
Enhanced Multi-Signal,422,100,97,0.97,7.959036659652564,11.605984043657285,0,0.0,292175.93000000005
Enhanced Multi-Signal,423,100,93,0.93,7.95449832206975,11.450915858575842,0,0.0,208964.01999999996
Enhanced Multi-Signal,424,100,96,0.96,7.419508944747792,10.680309131268416,0,0.0,287440.81
Enhanced Multi-Signal,425,100,93,0.93,8.1270907241204,11.787501969490545,0,0.0,298949.16000000003
Enhanced Multi-Signal,426,100,98,0.98,8.332711441921699,11.24290032210034,0,0.0,256590.26000000004
Enhanced Multi-Signal,427,100,95,0.95,8.044147739933118,10.43024197468583,0,0.0,221345.08
Enhanced Multi-Signal,428,100,95,0.95,8.090973871591483,11.006941112808178,0,0.0,205659.09000000003
Enhanced Multi-Signal,429,100,94,0.94,7.925417728389879,11.38862764876362,0,0.0,205363.93000000005
Enhanced Multi-Signal,430,100,98,0.98,8.163342073854924,10.913051606035951,0,0.0,272089.98000000004
Enhanced Multi-Signal,431,100,95,0.95,8.314043855468837,11.62132339963159,0,0.0,241946.14
Enhanced Multi-Signal,432,100,96,0.96,7.902276460043518,11.53040274517408,0,0.0,226526.38
Enhanced Multi-Signal,433,100,97,0.97,8.011109791743609,11.046280860384261,0,0.0,248889.61
Enhanced Multi-Signal,434,100,91,0.91,7.926334980436236,11.503800760833183,0,0.0,222714.92999999996
Enhanced Multi-Signal,435,100,98,0.98,8.315118058332482,12.042252584061208,0,0.0,262751.71
Enhanced Multi-Signal,436,100,94,0.94,7.837209105949615,11.024009761506512,0,0.0,207715.67999999996
Enhanced Multi-Signal,437,100,100,1.0,8.120599291104066,11.873359786361625,0,0.0,252648.24000000002
Enhanced Multi-Signal,438,100,97,0.97,7.940590434740282,11.47805449567766,0,0.0,225441.32000000004
Enhanced Multi-Signal,439,100,98,0.98,8.181487997497387,10.958597767190446,0,0.0,274685.44
Enhanced Multi-Signal,440,100,99,0.99,8.082293822938757,10.990238500558851,0,0.0,229017.37000000002
Enhanced Multi-Signal,441,100,93,0.93,7.783519531561108,10.521220778475914,0,0.0,195538.31
Enhanced Multi-Signal,442,100,93,0.93,8.195113153542374,10.960984673604631,0,0.0,282855.61
Enhanced Multi-Signal,443,100,96,0.96,7.7051258834257235,10.48321594267661,0,0.0,260400.00999999998
Enhanced Multi-Signal,444,100,93,0.93,7.834155038481968,11.176213137004892,0,0.0,245341.29000000004
Enhanced Multi-Signal,445,100,94,0.94,7.769758726689751,11.11457301091894,0,0.0,318626.1400000001
Enhanced Multi-Signal,446,100,98,0.98,7.788602980569729,10.49032568389982,0,0.0,247772.8
Enhanced Multi-Signal,447,100,96,0.96,8.035267956817544,11.305811197723003,0,0.0,256239.75
Enhanced Multi-Signal,448,100,96,0.96,8.026439201053124,10.777893719803835,0,0.0,253406.36
Enhanced Multi-Signal,449,100,93,0.93,7.790755964621156,11.190308228692835,0,0.0,225190.62000000002
Enhanced Multi-Signal,450,100,99,0.99,8.290561410990405,11.691264470604963,0,0.0,322985.33999999997
Enhanced Multi-Signal,451,100,96,0.96,7.991033321614295,10.737165476815967,0,0.0,246575.7
Enhanced Multi-Signal,452,100,95,0.95,7.864623325869861,11.417597624166568,0,0.0,237877.39999999994
Enhanced Multi-Signal,453,100,96,0.96,7.851373760888927,10.994004614486714,0,0.0,247968.34000000003
Enhanced Multi-Signal,454,100,98,0.98,7.8668780624774515,11.411129904824042,0,0.0,180696.49
Enhanced Multi-Signal,455,100,94,0.94,8.019225805125915,11.144431504016108,0,0.0,203780.84
Enhanced Multi-Signal,456,100,98,0.98,8.045664100257568,10.917106763329434,0,0.0,228035.81000000003
Enhanced Multi-Signal,457,100,95,0.95,7.769760381449576,11.482735729170654,0,0.0,355681.72
Enhanced Multi-Signal,458,100,95,0.95,8.194246175710713,11.829967487626137,0,0.0,287499.23999999993
Enhanced Multi-Signal,459,100,95,0.95,8.0762464779759,11.122252075116613,0,0.0,237785.77000000002
Enhanced Multi-Signal,460,100,92,0.92,8.119144393479479,11.478576693186962,0,0.0,218348.37
Enhanced Multi-Signal,461,100,94,0.94,7.546709506571708,10.52405133500481,0,0.0,246557.68000000002
Enhanced Multi-Signal,462,100,93,0.93,8.283868285168163,11.885046141949019,0,0.0,268610.84
Enhanced Multi-Signal,463,100,94,0.94,8.137179611510247,11.16740731947155,0,0.0,243409.46
Enhanced Multi-Signal,464,100,96,0.96,8.179095003510414,10.917934308928471,0,0.0,261498.98
Enhanced Multi-Signal,465,100,93,0.93,8.088720052487561,11.824237132678094,0,0.0,196471.14999999997
Enhanced Multi-Signal,466,100,94,0.94,7.882979820373421,11.900843357304268,0,0.0,214726.19999999998
Enhanced Multi-Signal,467,100,95,0.95,8.09937779743135,11.268958329363763,0,0.0,249938.25999999995
Enhanced Multi-Signal,468,100,93,0.93,8.468242444089906,11.56529473757155,0,0.0,245087.57
Enhanced Multi-Signal,469,100,98,0.98,7.915707555662113,11.480226000280517,0,0.0,227763.27000000002
Enhanced Multi-Signal,470,100,95,0.95,7.655955728652704,10.5576921163849,0,0.0,226441.71
Enhanced Multi-Signal,471,100,94,0.94,8.069197093103273,11.36607925111751,0,0.0,219643.37999999995
Enhanced Multi-Signal,472,100,96,0.96,7.707070975318691,11.021396315280128,0,0.0,225740.96
Enhanced Multi-Signal,473,100,96,0.96,8.341263864036431,10.970213441664788,0,0.0,337883.55
Enhanced Multi-Signal,474,100,96,0.96,8.236913239815498,11.237787681568832,0,0.0,236747.74
Enhanced Multi-Signal,475,100,94,0.94,7.4173848274642475,11.202689581688677,0,0.0,226122.53
Enhanced Multi-Signal,476,100,97,0.97,8.003059880674677,11.105386026126592,0,0.0,223098.66
Enhanced Multi-Signal,477,100,93,0.93,7.8261499558618,11.16797765906246,0,0.0,280865.02999999997
Enhanced Multi-Signal,478,100,94,0.94,8.20499629816919,11.350136925999061,0,0.0,257289.70000000007
Enhanced Multi-Signal,479,100,96,0.96,8.156563367034074,11.449881543576257,0,0.0,231284.45
Enhanced Multi-Signal,480,100,93,0.93,8.324177979763176,11.66319614967882,0,0.0,225860.69
Enhanced Multi-Signal,481,100,95,0.95,7.871880598360338,10.890519602509137,0,0.0,240664.25999999998
Enhanced Multi-Signal,482,100,95,0.95,7.636055790381195,10.979806200142475,0,0.0,218496.46000000002
Enhanced Multi-Signal,483,100,96,0.96,7.741634805862887,10.925234615712442,1,0.010416666666666666,269815.52999999997
Enhanced Multi-Signal,484,100,98,0.98,7.599683939155009,10.67686300617121,0,0.0,289239.63
Enhanced Multi-Signal,485,100,96,0.96,8.212580822761636,10.67094456937509,0,0.0,252616.27000000002
Enhanced Multi-Signal,486,100,90,0.9,7.649946578585265,10.688694429946946,0,0.0,218855.21000000002
Enhanced Multi-Signal,487,100,94,0.94,8.186925149976174,11.684572550658519,0,0.0,234335.18000000002
Enhanced Multi-Signal,488,100,96,0.96,7.686039950066571,11.199951479113057,0,0.0,298583.61
Enhanced Multi-Signal,489,100,99,0.99,7.799089766470499,10.621367925909018,0,0.0,220895.66
Enhanced Multi-Signal,490,100,96,0.96,7.6555965237431645,10.709407882824966,0,0.0,317732.22000000003
Enhanced Multi-Signal,491,100,93,0.93,8.122000231527982,11.453148883190211,0,0.0,217799.97999999998
Enhanced Multi-Signal,492,100,95,0.95,8.23530129303761,11.852924781607532,0,0.0,241799.25
Enhanced Multi-Signal,493,100,96,0.96,7.719525820089118,11.024584115713795,0,0.0,228187.08999999997
Enhanced Multi-Signal,494,100,95,0.95,8.19617734525324,11.802813644005933,0,0.0,216747.27
Enhanced Multi-Signal,495,100,96,0.96,7.861175064155248,10.980515346363774,0,0.0,236320.28
Enhanced Multi-Signal,496,100,96,0.96,7.91962593317816,11.818978789210849,0,0.0,253421.15
Enhanced Multi-Signal,497,100,98,0.98,8.066242646276512,11.2435335633799,0,0.0,221292.98
Enhanced Multi-Signal,498,100,96,0.96,7.976001580011043,11.585041650638944,0,0.0,229303.55
Enhanced Multi-Signal,499,100,97,0.97,8.174427975341004,11.330737352740828,0,0.0,274991.49
Enhanced Multi-Signal,500,100,96,0.96,8.22070395960093,11.538779898190839,0,0.0,204283.78
Enhanced Multi-Signal,501,100,93,0.93,7.877761667252122,11.239537107728355,0,0.0,216896.22999999995
Enhanced Multi-Signal,502,100,95,0.95,7.972498010057282,12.055723769115675,0,0.0,259123.09
Enhanced Multi-Signal,503,100,99,0.99,7.533897953089759,10.51190228828389,0,0.0,212732.13000000003
Enhanced Multi-Signal,504,100,97,0.97,7.850273167530184,10.760799086767033,0,0.0,264479.68
Enhanced Multi-Signal,505,100,96,0.96,8.008582114941532,10.500276837835157,0,0.0,247377.32
Enhanced Multi-Signal,506,100,94,0.94,8.16028313633244,11.894055613247119,0,0.0,240061.93
Enhanced Multi-Signal,507,100,96,0.96,8.32336352735958,11.213121429507463,0,0.0,222387.11
Enhanced Multi-Signal,508,100,89,0.89,7.898803141007216,11.26567135541612,0,0.0,247259.29
Enhanced Multi-Signal,509,100,95,0.95,8.008485564832908,10.713140222734301,0,0.0,247373.12000000005
Enhanced Multi-Signal,510,100,99,0.99,7.657405991354142,10.48560402332178,0,0.0,204069.15
Enhanced Multi-Signal,511,100,94,0.94,8.199992664910395,11.35642638599349,0,0.0,300643.82999999996
Enhanced Multi-Signal,512,100,94,0.94,8.232226024561777,11.292449564784727,0,0.0,213276.30999999997
Enhanced Multi-Signal,513,100,91,0.91,8.04676441319781,11.12030796341733,0,0.0,208880.01
Enhanced Multi-Signal,514,100,93,0.93,8.07642582579954,11.21219379418342,0,0.0,248660.92
Enhanced Multi-Signal,515,100,94,0.94,7.963161139188487,10.702783344347457,0,0.0,227507.94999999995
Enhanced Multi-Signal,516,100,88,0.88,7.922410122377769,11.361198199334515,0,0.0,171000.61
Enhanced Multi-Signal,517,100,95,0.95,8.235456838294033,12.157408536346598,1,0.010526315789473684,253898.87999999998
Enhanced Multi-Signal,518,100,96,0.96,8.065375609534115,11.08398015580894,0,0.0,275707.25
Enhanced Multi-Signal,519,100,94,0.94,7.945843534225981,11.334048240016608,0,0.0,268929.87
Enhanced Multi-Signal,520,100,90,0.9,7.760377713823752,10.624960195964128,0,0.0,246336.25
Enhanced Multi-Signal,521,100,95,0.95,8.07429558118206,11.053265147677203,0,0.0,240216.93999999997
Enhanced Multi-Signal,522,100,97,0.97,8.1431737554806,11.642043491173105,0,0.0,300619.49
Enhanced Multi-Signal,523,100,95,0.95,7.673288273083059,10.833285612485186,0,0.0,276626.9599999999
Enhanced Multi-Signal,524,100,92,0.92,7.9024469699999615,11.028619583305463,0,0.0,225776.48
Enhanced Multi-Signal,525,100,96,0.96,7.611357396460538,10.695948331280213,0,0.0,264429.47
Enhanced Multi-Signal,526,100,93,0.93,8.516796163424447,11.590406224219976,0,0.0,223036.65000000005
Enhanced Multi-Signal,527,100,94,0.94,8.155739909647279,11.748013345860379,0,0.0,259505.99
Enhanced Multi-Signal,528,100,92,0.92,8.220575649435798,11.520802013562156,0,0.0,218838.66999999995
Enhanced Multi-Signal,529,100,93,0.93,8.096333400442468,11.983164683863905,0,0.0,229215.73000000004
Enhanced Multi-Signal,530,100,90,0.9,7.723721962416549,11.179767681299937,0,0.0,200231.68000000002
Enhanced Multi-Signal,531,100,93,0.93,7.91580389314328,11.155714789147485,0,0.0,262658.28
Enhanced Multi-Signal,532,100,96,0.96,8.316354758361625,11.279883304948116,0,0.0,183220.5
Enhanced Multi-Signal,533,100,98,0.98,8.19355680111628,11.399751159786554,0,0.0,199738.12
Enhanced Multi-Signal,534,100,96,0.96,8.042884377512408,11.330791918916123,0,0.0,297734.67000000004
Enhanced Multi-Signal,535,100,95,0.95,8.03143292410059,11.768021407550727,0,0.0,226242.32999999996
Enhanced Multi-Signal,536,100,95,0.95,8.272610835647372,11.47094138905267,0,0.0,188519.23
Enhanced Multi-Signal,537,100,99,0.99,8.165685781836107,11.354927918138051,0,0.0,311670.12999999995
Enhanced Multi-Signal,538,100,96,0.96,8.102515988482601,10.921408320897314,0,0.0,181006.65999999997
Enhanced Multi-Signal,539,100,96,0.96,8.277862525999996,11.939297693530825,0,0.0,223615.73
Enhanced Multi-Signal,540,100,95,0.95,7.803854402645121,11.919359946406365,0,0.0,249946.37999999998
Enhanced Multi-Signal,541,100,97,0.97,7.9716631514496505,11.132539968030654,1,0.010309278350515464,327571.51
Enhanced Multi-Signal,542,100,92,0.92,8.13731039428639,11.245781948104456,0,0.0,219542.78999999998
Enhanced Multi-Signal,543,100,95,0.95,8.026691247062868,11.524413498236397,0,0.0,259065.43000000002
Enhanced Multi-Signal,544,100,94,0.94,8.04283164430688,10.712053614756961,0,0.0,278433.9300000001
Enhanced Multi-Signal,545,100,94,0.94,8.016527617259284,11.263720091355644,0,0.0,224265.52
Enhanced Multi-Signal,546,100,97,0.97,8.448817548275736,11.819729753551332,0,0.0,270807.03
Enhanced Multi-Signal,547,100,99,0.99,8.073196817115884,11.526816705904588,0,0.0,246678.32
Enhanced Multi-Signal,548,100,96,0.96,7.764894716329448,10.832962245175928,0,0.0,284373.79000000004
Enhanced Multi-Signal,549,100,98,0.98,7.826415133912861,10.627770591054746,0,0.0,303583.43
Enhanced Multi-Signal,550,100,95,0.95,7.795138504694403,10.89817359297528,0,0.0,216881.14
Enhanced Multi-Signal,551,100,97,0.97,7.835925472835052,10.755710477042857,0,0.0,328032.84
Enhanced Multi-Signal,552,100,91,0.91,8.11630925320485,10.939611633878412,0,0.0,206790.44999999998
Enhanced Multi-Signal,553,100,92,0.92,8.052955885066792,10.926066682519453,0,0.0,229584.71
Enhanced Multi-Signal,554,100,95,0.95,7.853616567485357,11.30691110320327,0,0.0,201342.90000000002
Enhanced Multi-Signal,555,100,94,0.94,7.871518211178344,10.885319927135592,0,0.0,260353.11999999997
Enhanced Multi-Signal,556,100,92,0.92,7.884191090577093,11.397937962965466,0,0.0,223351.15
Enhanced Multi-Signal,557,100,98,0.98,7.510721838886141,10.25632831971078,0,0.0,335089.99
Enhanced Multi-Signal,558,100,92,0.92,8.17107442745938,11.366471840870915,0,0.0,203421.63999999998
Enhanced Multi-Signal,559,100,96,0.96,7.820887140216283,10.873197316178965,0,0.0,237027.71000000002
Enhanced Multi-Signal,560,100,94,0.94,7.971202788740494,11.06167244987604,0,0.0,195252.13999999998
Enhanced Multi-Signal,561,100,91,0.91,8.00477510625862,11.12551275579338,0,0.0,205276.56999999998
Enhanced Multi-Signal,562,100,91,0.91,8.217046932769541,11.241863208882746,0,0.0,205758.26
Enhanced Multi-Signal,563,100,94,0.94,8.221098899919806,10.839753779498826,0,0.0,254839.27000000002
Enhanced Multi-Signal,564,100,97,0.97,7.9616516624496505,11.321074462551312,0,0.0,221972.25999999998
Enhanced Multi-Signal,565,100,95,0.95,8.302426583997583,10.912430460765604,0,0.0,282131.6199999999
Enhanced Multi-Signal,566,100,96,0.96,8.101399377369475,11.292272994692855,0,0.0,259720.49
Enhanced Multi-Signal,567,100,92,0.92,7.89643857990308,10.649606773071465,0,0.0,228624.73
Enhanced Multi-Signal,568,100,95,0.95,8.103410736688346,11.200072642417075,0,0.0,177801.63
Enhanced Multi-Signal,569,100,95,0.95,8.012519352931575,11.114750433162776,0,0.0,203029.89
Enhanced Multi-Signal,570,100,96,0.96,8.232929313201526,11.160160993612026,0,0.0,212961.11
Enhanced Multi-Signal,571,100,90,0.9,8.026571022374606,11.46396413220626,0,0.0,205227.8
Enhanced Multi-Signal,572,100,91,0.91,7.887340142413649,10.923763600734691,0,0.0,184771.36999999997
Enhanced Multi-Signal,573,100,97,0.97,7.866730264596666,10.70644414571942,0,0.0,221600.45
Enhanced Multi-Signal,574,100,97,0.97,8.027210704878385,11.299946002797132,0,0.0,247347.92
Enhanced Multi-Signal,575,100,96,0.96,7.902828519203524,11.163270191634888,0,0.0,271993.74
Enhanced Multi-Signal,576,100,92,0.92,7.884587395350038,10.92420708717869,0,0.0,247634.13999999998
Enhanced Multi-Signal,577,100,99,0.99,8.345830457104828,11.293837766217308,0,0.0,253974.22
Enhanced Multi-Signal,578,100,96,0.96,8.154742958371598,11.20973360268707,0,0.0,315611.31
Enhanced Multi-Signal,579,100,95,0.95,7.5353316744722925,11.649142785821624,0,0.0,183979.14
Enhanced Multi-Signal,580,100,98,0.98,8.289368712200675,11.00871078018909,0,0.0,213413.65
Enhanced Multi-Signal,581,100,94,0.94,8.107841306563833,11.13652943506106,0,0.0,247245.62
Enhanced Multi-Signal,582,100,98,0.98,8.085401627991404,11.354599605859242,0,0.0,256744.27000000005
Enhanced Multi-Signal,583,100,91,0.91,7.756921146757005,10.679921522032565,0,0.0,246499.33
Enhanced Multi-Signal,584,100,95,0.95,7.542216861868075,10.458510969727136,0,0.0,214546.34999999995
Enhanced Multi-Signal,585,100,98,0.98,7.827313325097204,10.713006753806358,0,0.0,267866.94000000006
Enhanced Multi-Signal,586,100,91,0.91,8.126063694404275,10.830220969300393,0,0.0,203584.41
Enhanced Multi-Signal,587,100,96,0.96,7.887803522615855,11.163666641023802,0,0.0,239372.15999999997
Enhanced Multi-Signal,588,100,91,0.91,7.967053327157964,11.27272410965832,0,0.0,226322.34
Enhanced Multi-Signal,589,100,96,0.96,8.04068593564398,11.066923731843506,0,0.0,286473.57999999996
Enhanced Multi-Signal,590,100,99,0.99,8.407966897998358,11.908767903333302,0,0.0,259757.12
Enhanced Multi-Signal,591,100,91,0.91,7.533076010900599,10.68830704890971,0,0.0,206917.71999999997
Enhanced Multi-Signal,592,100,95,0.95,8.050921032230706,10.835251629327013,0,0.0,267359.1000000001
Enhanced Multi-Signal,593,100,95,0.95,8.026052829066392,11.389950352047432,0,0.0,291101.71
Enhanced Multi-Signal,594,100,96,0.96,8.109184816474787,10.826825533620106,0,0.0,204313.31999999998
Enhanced Multi-Signal,595,100,92,0.92,8.085020811830637,11.596588262955262,0,0.0,235839.18
Enhanced Multi-Signal,596,100,98,0.98,7.86037093027132,11.148198666078343,0,0.0,216577.23
Enhanced Multi-Signal,597,100,97,0.97,7.745007167380286,10.573740462248693,0,0.0,244296.39
Enhanced Multi-Signal,598,100,97,0.97,7.595228336503642,10.241584793987935,0,0.0,180395.36
Enhanced Multi-Signal,599,100,91,0.91,7.635180771725681,10.698652348954237,0,0.0,275292.9
Enhanced Multi-Signal,600,100,96,0.96,8.088773750391582,11.127730801410616,0,0.0,260097.61
Enhanced Multi-Signal,601,100,96,0.96,7.913662737352183,11.19928868001015,0,0.0,265309.1
Enhanced Multi-Signal,602,100,97,0.97,8.05335389916293,10.759431868446452,0,0.0,284466.58
Enhanced Multi-Signal,603,100,97,0.97,7.813119212247773,10.868562495231597,0,0.0,274534.71
Enhanced Multi-Signal,604,100,97,0.97,7.999353994357586,10.799644409870567,0,0.0,191639.54
Enhanced Multi-Signal,605,100,96,0.96,8.011094720917024,11.417894276793675,0,0.0,221026.36
Enhanced Multi-Signal,606,100,93,0.93,7.6798160084500875,10.79933024817229,0,0.0,214766.98999999996
Enhanced Multi-Signal,607,100,95,0.95,7.827658685398301,11.037980561754265,0,0.0,177696.03
Enhanced Multi-Signal,608,100,96,0.96,8.000926094382761,10.981368241930037,0,0.0,200892.86000000002
Enhanced Multi-Signal,609,100,95,0.95,7.88388091518551,11.12743451167144,0,0.0,215458.73999999996
Enhanced Multi-Signal,610,100,97,0.97,8.023281222042321,10.631141790562975,0,0.0,215809.42
Enhanced Multi-Signal,611,100,95,0.95,7.821812513242987,11.158710584065462,0,0.0,235462.69000000003
Enhanced Multi-Signal,612,100,96,0.96,7.6785791234115015,11.2009385176945,0,0.0,194431.77
Enhanced Multi-Signal,613,100,97,0.97,7.974994634450879,11.158897352616517,0,0.0,222634.92
Enhanced Multi-Signal,614,100,96,0.96,8.029174075568271,11.405205383042158,0,0.0,267719.77999999997
Enhanced Multi-Signal,615,100,95,0.95,7.890179524173725,11.419158778286626,0,0.0,225958.68
Enhanced Multi-Signal,616,100,90,0.9,7.9181709472840325,11.63756187292297,0,0.0,243386.1
Enhanced Multi-Signal,617,100,96,0.96,8.171104161513135,11.838419928082748,0,0.0,236220.97
Enhanced Multi-Signal,618,100,95,0.95,7.870940856030443,11.131935955779806,0,0.0,277928.76999999996
Enhanced Multi-Signal,619,100,96,0.96,8.0738805428312,10.941241730185144,0,0.0,239556.68
Enhanced Multi-Signal,620,100,89,0.89,8.156341961336741,11.672634704552673,0,0.0,184244.25
Enhanced Multi-Signal,621,100,98,0.98,7.901390453487742,10.791205952419899,0,0.0,238738.55
Enhanced Multi-Signal,622,100,95,0.95,8.069696164497271,11.581187973230264,0,0.0,223203.37999999998
Enhanced Multi-Signal,623,100,96,0.96,7.889801812839463,10.899282889941997,0,0.0,220782.66000000003
Enhanced Multi-Signal,624,100,97,0.97,8.187614455377078,11.164118909822996,0,0.0,254075.24999999997
Enhanced Multi-Signal,625,100,90,0.9,7.601074750848317,10.557793967906747,0,0.0,224892.4
Enhanced Multi-Signal,626,100,94,0.94,7.92623249250457,10.929775902996392,0,0.0,198202.37000000005
Enhanced Multi-Signal,627,100,92,0.92,7.9490293853821905,11.104170727236605,0,0.0,266197.35000000003
Enhanced Multi-Signal,628,100,96,0.96,8.055978133534005,10.9933527796988,0,0.0,278516.98
Enhanced Multi-Signal,629,100,97,0.97,8.107375234692112,10.94598337546633,0,0.0,280828.0
Enhanced Multi-Signal,630,100,96,0.96,7.577685063642821,10.174456253435071,0,0.0,356703.61
Enhanced Multi-Signal,631,100,97,0.97,8.127358276698851,11.585445950319361,0,0.0,296956.8
Enhanced Multi-Signal,632,100,98,0.98,8.044206547262526,11.334188017549302,0,0.0,264787.94000000006
Enhanced Multi-Signal,633,100,96,0.96,7.979005694083429,10.833475422186169,0,0.0,259838.27000000002
Enhanced Multi-Signal,634,100,95,0.95,8.108494288071489,11.29828298230744,0,0.0,260047.43999999994
Enhanced Multi-Signal,635,100,97,0.97,8.178018484364667,11.134079500370506,0,0.0,230170.52
Enhanced Multi-Signal,636,100,94,0.94,8.007232485392448,11.087293089619891,0,0.0,260226.34
Enhanced Multi-Signal,637,100,94,0.94,7.890388476757921,11.675799531010284,0,0.0,229772.9
Enhanced Multi-Signal,638,100,96,0.96,7.91784715895276,11.53795406280156,0,0.0,247772.13
Enhanced Multi-Signal,639,100,97,0.97,8.108496847642465,11.805581740080171,0,0.0,248632.63000000003
Enhanced Multi-Signal,640,100,97,0.97,8.16420265918675,11.414006204839309,0,0.0,246171.46
Enhanced Multi-Signal,641,100,92,0.92,8.099399465210308,11.177478125585052,0,0.0,234825.96999999997
Enhanced Multi-Signal,642,100,90,0.9,8.060857677398886,11.4787335828719,0,0.0,222240.06999999998
Enhanced Multi-Signal,643,100,91,0.91,7.8515273647642765,11.273813066368943,0,0.0,208859.44
Enhanced Multi-Signal,644,100,92,0.92,8.004460176370943,11.711333267836737,0,0.0,245912.58000000005
Enhanced Multi-Signal,645,100,94,0.94,7.518113549483894,10.695130475677322,0,0.0,207640.01
Enhanced Multi-Signal,646,100,94,0.94,8.04721719038168,11.666168552778199,0,0.0,237068.75000000003
Enhanced Multi-Signal,647,100,95,0.95,8.149365038732007,10.870514853269698,0,0.0,254691.39000000007
Enhanced Multi-Signal,648,100,95,0.95,8.133551971415825,11.345316910043847,0,0.0,225513.1
Enhanced Multi-Signal,649,100,90,0.9,8.391049792687442,11.55342638564211,0,0.0,237651.09
Enhanced Multi-Signal,650,100,97,0.97,8.22913638305889,11.10967057278464,0,0.0,224835.08000000002
Enhanced Multi-Signal,651,100,92,0.92,7.683838717634967,10.918568107982491,0,0.0,241370.81000000003
Enhanced Multi-Signal,652,100,97,0.97,8.162648725195341,11.385590143251695,0,0.0,284567.72
Enhanced Multi-Signal,653,100,94,0.94,7.777306789988124,11.489440185570919,0,0.0,280468.12
Enhanced Multi-Signal,654,100,97,0.97,7.769593271165684,11.070758775121789,0,0.0,288099.2299999999
Enhanced Multi-Signal,655,100,95,0.95,8.338881364791067,11.243539611915867,0,0.0,276226.81
Enhanced Multi-Signal,656,100,94,0.94,7.749755545726975,10.145127747691008,0,0.0,177263.43999999997
Enhanced Multi-Signal,657,100,96,0.96,8.22842959902917,11.88154663561279,0,0.0,219981.90999999997
Enhanced Multi-Signal,658,100,94,0.94,7.917497997597308,11.47136381646194,0,0.0,264837.05
Enhanced Multi-Signal,659,100,96,0.96,8.00905854488244,11.110666910809805,0,0.0,227673.34999999998
Enhanced Multi-Signal,660,100,94,0.94,7.787405103399615,11.049917442977074,0,0.0,194437.65000000002
Enhanced Multi-Signal,661,100,97,0.97,7.8598227425014,10.7090011128536,0,0.0,324100.38
Enhanced Multi-Signal,662,100,98,0.98,8.090128234480819,11.755343765704003,0,0.0,320047.48
Enhanced Multi-Signal,663,100,98,0.98,7.989587378215693,11.056924301228936,0,0.0,232400.07
Enhanced Multi-Signal,664,100,92,0.92,8.011130583400195,11.902212618926487,0,0.0,223158.95
Enhanced Multi-Signal,665,100,95,0.95,7.952855951603042,11.334283392872193,0,0.0,251115.99
Enhanced Multi-Signal,666,100,96,0.96,8.001765304133746,11.177558563381961,0,0.0,188498.14
Enhanced Multi-Signal,667,100,97,0.97,8.212493797483056,11.380544510268265,0,0.0,291825.27
Enhanced Multi-Signal,668,100,93,0.93,7.5548413430304855,10.418160700616967,0,0.0,200102.3
Enhanced Multi-Signal,669,100,97,0.97,7.991265387359809,10.785694649956653,0,0.0,235484.42
Enhanced Multi-Signal,670,100,97,0.97,7.880410851329895,10.983596293790358,1,0.010309278350515464,278941.44999999995
Enhanced Multi-Signal,671,100,97,0.97,7.618416055870999,11.531797022770084,0,0.0,234910.8
Enhanced Multi-Signal,672,100,90,0.9,7.741121818062706,10.792582716472815,0,0.0,246804.59
Enhanced Multi-Signal,673,100,91,0.91,8.16148543144995,10.854986813996543,0,0.0,234698.65999999995
Enhanced Multi-Signal,674,100,95,0.95,7.833826945938175,11.012783872342416,0,0.0,235520.28999999998
Enhanced Multi-Signal,675,100,94,0.94,8.036609855291017,10.9636808720716,0,0.0,215997.30000000002
Enhanced Multi-Signal,676,100,95,0.95,8.205505820812835,11.166701441983047,0,0.0,229461.91000000003
Enhanced Multi-Signal,677,100,95,0.95,7.633479724449361,10.481778098191109,0,0.0,265184.52
Enhanced Multi-Signal,678,100,97,0.97,8.113120428219661,11.374254458186607,0,0.0,227625.86000000002
Enhanced Multi-Signal,679,100,94,0.94,7.90479945525884,11.13071597143101,0,0.0,241928.38999999998
Enhanced Multi-Signal,680,100,94,0.94,7.808480888107313,11.233178372167444,0,0.0,291473.12000000005
Enhanced Multi-Signal,681,100,96,0.96,8.202083032800937,11.591767242143577,0,0.0,203326.21
Enhanced Multi-Signal,682,100,95,0.95,8.14388409201902,11.67496277344494,0,0.0,234548.0
Enhanced Multi-Signal,683,100,97,0.97,7.953982536131152,10.55445209466267,0,0.0,224003.51
Enhanced Multi-Signal,684,100,96,0.96,8.17220597236053,11.659247115796163,0,0.0,208619.76
Enhanced Multi-Signal,685,100,91,0.91,7.927659370671362,10.639420776674392,0,0.0,221376.56
Enhanced Multi-Signal,686,100,97,0.97,8.230667936055262,11.444651011030555,0,0.0,270449.38
Enhanced Multi-Signal,687,100,96,0.96,8.485053548135697,11.656005383417586,0,0.0,312894.31
Enhanced Multi-Signal,688,100,94,0.94,7.669494556181663,10.945551865022686,0,0.0,171955.43999999997
Enhanced Multi-Signal,689,100,97,0.97,8.057644265133389,11.76377537360365,0,0.0,232189.75
Enhanced Multi-Signal,690,100,96,0.96,7.969593349560345,11.310449914493656,0,0.0,208057.74
Enhanced Multi-Signal,691,100,97,0.97,8.398951603785155,12.141487160204354,0,0.0,261095.75999999998
Enhanced Multi-Signal,692,100,95,0.95,7.7724445424454425,10.702856931550414,0,0.0,233854.21000000002
Enhanced Multi-Signal,693,100,96,0.96,8.220507749405007,11.77618189243125,0,0.0,213868.05
Enhanced Multi-Signal,694,100,93,0.93,8.337257507198185,10.863583216049259,0,0.0,252155.25000000003
Enhanced Multi-Signal,695,100,92,0.92,8.260719103437761,11.462631303870687,0,0.0,226252.80999999997
Enhanced Multi-Signal,696,100,88,0.88,8.224613772282208,10.839214643235774,0,0.0,186688.84999999998
Enhanced Multi-Signal,697,100,97,0.97,8.175818749120115,11.71023534958231,0,0.0,243672.93000000002
Enhanced Multi-Signal,698,100,96,0.96,7.959158510026744,10.906365573804162,0,0.0,194919.81
Enhanced Multi-Signal,699,100,96,0.96,7.9881387199880605,11.292744843000147,0,0.0,232218.44
Enhanced Multi-Signal,700,100,92,0.92,8.120587802671263,10.644436517152917,0,0.0,250681.26999999996
Enhanced Multi-Signal,701,100,98,0.98,7.956222694081324,11.50344667705087,0,0.0,238102.29
Enhanced Multi-Signal,702,100,94,0.94,7.962499372722086,11.166754817724794,0,0.0,221555.11000000002
Enhanced Multi-Signal,703,100,93,0.93,7.6688226397971295,10.872662490128818,0,0.0,197766.25999999998
Enhanced Multi-Signal,704,100,98,0.98,8.322654304479373,11.542846820883018,0,0.0,292038.4
Enhanced Multi-Signal,705,100,97,0.97,7.992789481687385,11.014318086694022,0,0.0,244302.65000000002
Enhanced Multi-Signal,706,100,96,0.96,8.446503120079107,11.23037356875825,0,0.0,221665.07
Enhanced Multi-Signal,707,100,98,0.98,8.075294637592766,11.620847806934329,0,0.0,315586.95
Enhanced Multi-Signal,708,100,97,0.97,8.034162428983937,10.892318214601632,0,0.0,260765.44999999998
Enhanced Multi-Signal,709,100,97,0.97,7.916083815094512,11.463902883450462,1,0.010309278350515464,236601.13000000003
Enhanced Multi-Signal,710,100,98,0.98,8.277293196320652,11.32579513115359,0,0.0,227559.07
Enhanced Multi-Signal,711,100,99,0.99,8.06926464772168,10.557789806803887,0,0.0,350998.01
Enhanced Multi-Signal,712,100,96,0.96,8.023690035367492,10.762394164239995,0,0.0,235893.88999999998
Enhanced Multi-Signal,713,100,98,0.98,8.081305848476008,11.39614480612266,0,0.0,209044.22999999998
Enhanced Multi-Signal,714,100,96,0.96,7.829639332098317,10.99756567831853,0,0.0,242707.69000000003
Enhanced Multi-Signal,715,100,96,0.96,7.920276415317546,10.560428355865723,0,0.0,210520.05
Enhanced Multi-Signal,716,100,98,0.98,8.195524779005884,11.407602493082168,0,0.0,235281.37
Enhanced Multi-Signal,717,100,93,0.93,8.130409924702292,11.094563687893675,0,0.0,225938.62
Enhanced Multi-Signal,718,100,93,0.93,8.175599629679052,10.79270809426535,0,0.0,357405.06999999995
Enhanced Multi-Signal,719,100,96,0.96,7.9486676005859875,11.112159447936037,0,0.0,272713.21
Enhanced Multi-Signal,720,100,98,0.98,7.919962510589771,11.642917072078944,0,0.0,247217.28
Enhanced Multi-Signal,721,100,93,0.93,8.325679340152682,11.616456978450657,0,0.0,277420.37
Enhanced Multi-Signal,722,100,98,0.98,7.967272492281636,11.190237754457998,0,0.0,230807.11
Enhanced Multi-Signal,723,100,96,0.96,7.6208571375815,10.909147070585602,0,0.0,306649.24
Enhanced Multi-Signal,724,100,96,0.96,7.846751296312825,10.524149048696113,0,0.0,222550.86
Enhanced Multi-Signal,725,100,95,0.95,8.180635477692443,11.227934737205764,0,0.0,244700.93999999997
Enhanced Multi-Signal,726,100,97,0.97,8.0526683103517,11.109575609411227,0,0.0,285612.61
Enhanced Multi-Signal,727,100,96,0.96,8.081761708576552,11.169098267305133,0,0.0,232085.06
Enhanced Multi-Signal,728,100,97,0.97,7.929738578450399,11.049592371538898,0,0.0,274756.9
Enhanced Multi-Signal,729,100,95,0.95,8.114017034990278,11.543614964533585,0,0.0,205315.74000000002
Enhanced Multi-Signal,730,100,98,0.98,8.276893634439112,11.479222290251167,0,0.0,224171.95000000004
Enhanced Multi-Signal,731,100,96,0.96,8.131385769594734,11.200511561279361,0,0.0,276615.08
Enhanced Multi-Signal,732,100,96,0.96,8.121847513554947,11.449570125354693,0,0.0,213379.58000000002
Enhanced Multi-Signal,733,100,99,0.99,7.672401929706526,10.99626560688558,0,0.0,216917.77
Enhanced Multi-Signal,734,100,98,0.98,8.070119202770597,10.625806901633744,0,0.0,257964.28000000006
Enhanced Multi-Signal,735,100,96,0.96,7.706917491652523,10.222099444102035,0,0.0,282779.35
Enhanced Multi-Signal,736,100,96,0.96,7.981979877537526,10.94076836885085,0,0.0,332195.77
Enhanced Multi-Signal,737,100,96,0.96,8.136936997795805,12.609095719798773,0,0.0,199499.62000000002
Enhanced Multi-Signal,738,100,93,0.93,7.958240349938336,11.03538014874703,0,0.0,268993.33999999997
Enhanced Multi-Signal,739,100,96,0.96,8.046276247480577,11.08792871576567,0,0.0,249545.03000000003
Enhanced Multi-Signal,740,100,99,0.99,8.410656856390121,11.967428182907742,0,0.0,229266.82
Enhanced Multi-Signal,741,100,99,0.99,8.106584349437084,11.458596948273062,0,0.0,235189.45999999996
Enhanced Multi-Signal,742,100,92,0.92,7.842075192358462,11.314080051362176,0,0.0,172729.00000000003
Enhanced Multi-Signal,743,100,95,0.95,7.924240252316956,10.787122677524824,0,0.0,242780.12999999998
Enhanced Multi-Signal,744,100,95,0.95,7.8972577440451115,10.9617670888637,0,0.0,238770.83000000007
Enhanced Multi-Signal,745,100,93,0.93,8.124666448244833,11.431343538564045,0,0.0,192214.25999999998
Enhanced Multi-Signal,746,100,94,0.94,7.892106757226398,10.942276940903325,0,0.0,237845.91
Enhanced Multi-Signal,747,100,94,0.94,8.017442841104303,10.92573669925063,0,0.0,238124.01000000004
Enhanced Multi-Signal,748,100,95,0.95,8.084222229344832,11.307195960826744,0,0.0,259287.47999999998
Enhanced Multi-Signal,749,100,95,0.95,8.19930947164946,11.346470079432944,0,0.0,232123.75
Enhanced Multi-Signal,750,100,94,0.94,8.286055934016582,11.91490862224759,0,0.0,270156.42
Enhanced Multi-Signal,751,100,97,0.97,8.257252939968312,11.386658431567161,0,0.0,270693.45999999996
Enhanced Multi-Signal,752,100,93,0.93,7.994115610627951,11.58862620368431,0,0.0,221190.09000000003
Enhanced Multi-Signal,753,100,95,0.95,8.229681688573356,11.89176817823315,0,0.0,228586.25
Enhanced Multi-Signal,754,100,94,0.94,7.90798587674812,11.132132020099963,0,0.0,260680.32000000004
Enhanced Multi-Signal,755,100,94,0.94,7.671346625309935,10.769277030269993,0,0.0,242316.55999999997
Enhanced Multi-Signal,756,100,96,0.96,8.165041493162274,11.640755650050757,0,0.0,246770.91
Enhanced Multi-Signal,757,100,97,0.97,8.099893977499988,11.710853738594064,0,0.0,250235.84999999998
Enhanced Multi-Signal,758,100,95,0.95,7.72272493212749,10.441781571032141,0,0.0,287935.95000000007
Enhanced Multi-Signal,759,100,97,0.97,7.899871679626329,11.102589748826235,0,0.0,238992.06
Enhanced Multi-Signal,760,100,97,0.97,7.779874087569267,10.431972672801793,0,0.0,214174.8
Enhanced Multi-Signal,761,100,95,0.95,7.849636601420301,11.607284457475824,0,0.0,222576.7
Enhanced Multi-Signal,762,100,97,0.97,8.360473118809177,11.511576320942451,0,0.0,337651.58
Enhanced Multi-Signal,763,100,95,0.95,8.23957610398179,11.547359645256842,0,0.0,250406.50000000003
Enhanced Multi-Signal,764,100,97,0.97,7.8629450543859125,11.398686222366292,0,0.0,287119.12000000005
Enhanced Multi-Signal,765,100,95,0.95,8.234565421547448,11.656639561894641,0,0.0,268380.27
Enhanced Multi-Signal,766,100,93,0.93,7.923558617753957,10.531570793458306,0,0.0,236940.14999999997
Enhanced Multi-Signal,767,100,94,0.94,8.173338088691084,11.028000784403464,0,0.0,241569.44999999998
Enhanced Multi-Signal,768,100,95,0.95,8.041267085049626,11.121254707215396,0,0.0,242976.32
Enhanced Multi-Signal,769,100,93,0.93,7.930356616635484,11.280018676238628,0,0.0,169240.28999999998
Enhanced Multi-Signal,770,100,96,0.96,7.915286838311602,10.840592342729344,0,0.0,247694.71000000002
Enhanced Multi-Signal,771,100,97,0.97,8.082097122156682,11.206519150138782,0,0.0,239479.98
Enhanced Multi-Signal,772,100,94,0.94,7.980480127192152,11.251773088050603,0,0.0,257534.43
Enhanced Multi-Signal,773,100,93,0.93,8.265836748583988,11.161288145191257,0,0.0,199415.35
Enhanced Multi-Signal,774,100,91,0.91,7.909885684959378,10.879021990530802,0,0.0,169187.99000000002
Enhanced Multi-Signal,775,100,92,0.92,7.8147062970162215,11.253202599565299,0,0.0,235633.51
Enhanced Multi-Signal,776,100,96,0.96,7.883119689971436,11.480845997377482,0,0.0,231620.91
Enhanced Multi-Signal,777,100,93,0.93,8.0973828081242,10.960083003314066,0,0.0,282491.11999999994
Enhanced Multi-Signal,778,100,96,0.96,8.011590161066884,10.867256371933257,0,0.0,281951.43
Enhanced Multi-Signal,779,100,96,0.96,8.114765423802742,11.317984528738847,0,0.0,265687.99
Enhanced Multi-Signal,780,100,96,0.96,7.738923855678912,10.572075725688109,0,0.0,229735.54
Enhanced Multi-Signal,781,100,92,0.92,8.44893267252649,11.03664040681533,0,0.0,247977.3
Enhanced Multi-Signal,782,100,94,0.94,8.221426425714585,11.570158830973478,0,0.0,251062.27
Enhanced Multi-Signal,783,100,90,0.9,8.280610553491158,11.451255713824096,0,0.0,267865.01
Enhanced Multi-Signal,784,100,96,0.96,8.107641847390374,11.235769527956363,0,0.0,259634.48
Enhanced Multi-Signal,785,100,95,0.95,8.420367061412215,11.344410153847031,0,0.0,192134.91
Enhanced Multi-Signal,786,100,95,0.95,8.027551092191999,11.47498263302665,0,0.0,220478.48
Enhanced Multi-Signal,787,100,93,0.93,8.123860893140275,11.330639997626296,0,0.0,296886.91
Enhanced Multi-Signal,788,100,96,0.96,8.156309249858065,11.596457594172952,0,0.0,258945.55
Enhanced Multi-Signal,789,100,96,0.96,8.001233907380106,11.117698567641494,0,0.0,260087.28000000003
Enhanced Multi-Signal,790,100,94,0.94,8.06299912150004,11.44378118691152,0,0.0,246419.59000000003
Enhanced Multi-Signal,791,100,93,0.93,7.913593571788128,11.051176326271401,0,0.0,218893.02
Enhanced Multi-Signal,792,100,97,0.97,8.29236532420533,11.16725637644383,0,0.0,258088.22999999998
Enhanced Multi-Signal,793,100,96,0.96,7.896195068902519,10.996960850069797,0,0.0,268354.96
Enhanced Multi-Signal,794,100,93,0.93,7.9206280390630965,10.577338323467519,0,0.0,251296.52999999997
Enhanced Multi-Signal,795,100,98,0.98,8.408947880458793,11.60989863016955,0,0.0,236462.55999999997
Enhanced Multi-Signal,796,100,94,0.94,8.229741302866248,11.33654238099299,0,0.0,237459.98
Enhanced Multi-Signal,797,100,98,0.98,7.747078958331549,10.778286384433612,0,0.0,288550.82
Enhanced Multi-Signal,798,100,91,0.91,7.904360482131285,10.979097513579624,0,0.0,242082.13999999998
Enhanced Multi-Signal,799,100,93,0.93,8.1253474941779,11.495763123117436,0,0.0,250063.24
Enhanced Multi-Signal,800,100,96,0.96,8.120255189524906,11.394224365514974,0,0.0,275359.95
Enhanced Multi-Signal,801,100,96,0.96,8.151259969370757,11.941147385725259,0,0.0,207850.3
Enhanced Multi-Signal,802,100,96,0.96,8.134684680950388,10.746232783159021,0,0.0,203444.12
Enhanced Multi-Signal,803,100,98,0.98,7.92688345998909,11.142734521771857,0,0.0,200588.88999999998
Enhanced Multi-Signal,804,100,96,0.96,7.844341668516965,11.04340756580726,0,0.0,210412.80000000002
Enhanced Multi-Signal,805,100,96,0.96,7.8668817593820535,10.689046251142383,0,0.0,244894.77999999997
Enhanced Multi-Signal,806,100,95,0.95,8.182584432716206,11.878080438036084,0,0.0,271734.81
Enhanced Multi-Signal,807,100,92,0.92,7.919660937693689,11.174483748522476,0,0.0,231560.37999999998
Enhanced Multi-Signal,808,100,93,0.93,8.121373499163953,10.75627114851325,0,0.0,263494.45
Enhanced Multi-Signal,809,100,99,0.99,8.179885229996481,11.147753374611044,0,0.0,274295.79000000004
Enhanced Multi-Signal,810,100,91,0.91,7.76953900607811,10.756937586153267,0,0.0,256316.62
Enhanced Multi-Signal,811,100,96,0.96,8.267630101531045,11.12580052215134,0,0.0,198344.66
Enhanced Multi-Signal,812,100,94,0.94,7.880746837712503,10.777757144845726,0,0.0,310187.12
Enhanced Multi-Signal,813,100,95,0.95,7.899376517438665,11.097498251595498,0,0.0,243254.93
Enhanced Multi-Signal,814,100,93,0.93,7.86493589573959,11.303967804517717,0,0.0,221377.27
Enhanced Multi-Signal,815,100,95,0.95,8.334714342520881,11.293076961937905,0,0.0,224241.76
Enhanced Multi-Signal,816,100,94,0.94,8.036050512379967,10.953939136882372,0,0.0,301317.06
Enhanced Multi-Signal,817,100,98,0.98,8.206836895994325,11.582510963256755,0,0.0,290921.79000000004
Enhanced Multi-Signal,818,100,96,0.96,7.92178898954933,10.818233092121531,0,0.0,246258.35000000003
Enhanced Multi-Signal,819,100,94,0.94,8.22897497905134,11.198172458292104,0,0.0,221751.03
Enhanced Multi-Signal,820,100,93,0.93,8.245882838426764,10.999342547790679,0,0.0,209277.84999999998
Enhanced Multi-Signal,821,100,93,0.93,8.000479991719688,11.35091374676384,0,0.0,296798.87999999995
Enhanced Multi-Signal,822,100,94,0.94,7.993602426268631,10.659557743427154,0,0.0,228000.84
Enhanced Multi-Signal,823,100,97,0.97,7.753787630208574,10.640102133461436,0,0.0,273072.58
Enhanced Multi-Signal,824,100,94,0.94,7.671021190796153,10.572796656202007,0,0.0,261902.19000000003
Enhanced Multi-Signal,825,100,93,0.93,7.743082913344314,11.381231278940037,0,0.0,365084.59
Enhanced Multi-Signal,826,100,93,0.93,7.934786363939274,11.460630733386486,0,0.0,230056.77000000005
Enhanced Multi-Signal,827,100,94,0.94,8.229572329616733,12.192752292445691,0,0.0,204117.78
Enhanced Multi-Signal,828,100,97,0.97,7.916577369866975,10.710716933535656,0,0.0,216573.06
Enhanced Multi-Signal,829,100,95,0.95,8.176974775729873,11.724864466991285,0,0.0,211062.50999999998
Enhanced Multi-Signal,830,100,91,0.91,8.159944238750837,11.40681825954395,0,0.0,214120.96000000002
Enhanced Multi-Signal,831,100,89,0.89,8.254318496789583,11.1756089525074,0,0.0,292415.35000000003
Enhanced Multi-Signal,832,100,95,0.95,8.274639173052698,11.273555059936944,0,0.0,248183.45999999996
Enhanced Multi-Signal,833,100,96,0.96,8.108241525181834,11.834409374885942,0,0.0,272007.53
Enhanced Multi-Signal,834,100,97,0.97,7.849459116948813,11.278383397201797,0,0.0,315093.67
Enhanced Multi-Signal,835,100,97,0.97,8.341713152872728,11.145477278291478,0,0.0,304362.94
Enhanced Multi-Signal,836,100,93,0.93,8.127768975165703,11.244542960456794,0,0.0,264503.51999999996
Enhanced Multi-Signal,837,100,92,0.92,7.974812589244356,11.00032605599228,0,0.0,226165.6
Enhanced Multi-Signal,838,100,92,0.92,8.15136890867861,11.595484012597595,0,0.0,243428.19999999995
Enhanced Multi-Signal,839,100,98,0.98,8.214752526230004,11.769867911255709,0,0.0,255569.22000000003
Enhanced Multi-Signal,840,100,91,0.91,7.593411539384822,10.976029130080061,0,0.0,249754.88000000003
Enhanced Multi-Signal,841,100,96,0.96,7.867414712676907,10.550502093148173,0,0.0,275991.83999999997
Enhanced Multi-Signal,842,100,93,0.93,7.726885886220403,11.000616656539936,0,0.0,195419.96
Enhanced Multi-Signal,843,100,97,0.97,8.24334921871944,11.115327467262038,0,0.0,223282.84
Enhanced Multi-Signal,844,100,96,0.96,7.866944265204471,10.769491312158149,0,0.0,295126.93999999994
Enhanced Multi-Signal,845,100,97,0.97,8.307482777124061,11.840137238618338,0,0.0,270708.89
Enhanced Multi-Signal,846,100,96,0.96,7.855417364615133,11.203269002901354,0,0.0,240501.88
Enhanced Multi-Signal,847,100,98,0.98,8.163680767510154,10.781109141785265,0,0.0,264116.22
Enhanced Multi-Signal,848,100,96,0.96,7.839607444285998,10.909596749788024,0,0.0,209479.86
Enhanced Multi-Signal,849,100,96,0.96,8.006935622527457,10.853683947508365,0,0.0,298979.04
Enhanced Multi-Signal,850,100,94,0.94,8.38144114490646,10.951423931949819,0,0.0,324051.76999999996
Enhanced Multi-Signal,851,100,94,0.94,8.230734352241408,12.009892698094397,0,0.0,206584.57000000004
Enhanced Multi-Signal,852,100,96,0.96,8.121352415151497,11.263977479896159,0,0.0,198702.88
Enhanced Multi-Signal,853,100,96,0.96,8.330837337089994,11.36749064332933,0,0.0,246340.32
Enhanced Multi-Signal,854,100,95,0.95,7.8785192119410485,11.253502140061384,0,0.0,253524.61000000002
Enhanced Multi-Signal,855,100,97,0.97,7.971559846739909,10.479446813786296,0,0.0,235022.08999999997
Enhanced Multi-Signal,856,100,88,0.88,7.989062857988947,11.430437196242856,0,0.0,230844.69000000003
Enhanced Multi-Signal,857,100,93,0.93,7.73082059024767,10.84995331355002,0,0.0,244074.94000000006
Enhanced Multi-Signal,858,100,93,0.93,7.958656078515072,11.768976776488222,0,0.0,270541.09
Enhanced Multi-Signal,859,100,96,0.96,7.850090351219873,10.891092526049647,0,0.0,226826.77
Enhanced Multi-Signal,860,100,97,0.97,8.029761458327439,11.568283106544643,0,0.0,318963.69
Enhanced Multi-Signal,861,100,94,0.94,7.829183914220491,11.463760036364803,0,0.0,265833.14
Enhanced Multi-Signal,862,100,96,0.96,7.675768637339765,10.544840065225438,0,0.0,217489.08
Enhanced Multi-Signal,863,100,95,0.95,8.382462287680514,11.096862592569591,0,0.0,216486.81999999998
Enhanced Multi-Signal,864,100,93,0.93,7.746032355034867,11.049987471740137,0,0.0,263972.81
Enhanced Multi-Signal,865,100,95,0.95,8.07401790890044,10.713708861455542,0,0.0,192980.04
Enhanced Multi-Signal,866,100,95,0.95,7.942721426640401,11.409244564482233,0,0.0,259834.34
Enhanced Multi-Signal,867,100,94,0.94,8.204708209036955,10.949860211129263,0,0.0,232782.86
Enhanced Multi-Signal,868,100,94,0.94,7.947757236145247,11.681029974939772,0,0.0,228732.18999999997
Enhanced Multi-Signal,869,100,98,0.98,8.095307572484408,11.386374384574534,0,0.0,221111.68
Enhanced Multi-Signal,870,100,98,0.98,8.13165882666161,11.280497314289889,0,0.0,225290.1
Enhanced Multi-Signal,871,100,95,0.95,8.229766920422882,11.482935479569507,0,0.0,307166.62999999995
Enhanced Multi-Signal,872,100,96,0.96,8.091827775916629,11.467390161647163,0,0.0,219891.21000000002
Enhanced Multi-Signal,873,100,98,0.98,8.228307934232918,11.223689555753857,1,0.01020408163265306,267953.7
Enhanced Multi-Signal,874,100,96,0.96,8.16696456505771,11.451116156585002,0,0.0,194361.11000000002
Enhanced Multi-Signal,875,100,95,0.95,7.813873175619347,10.727060860877767,0,0.0,247070.23
Enhanced Multi-Signal,876,100,97,0.97,8.033655622000072,11.303702465885385,0,0.0,202307.62999999998
Enhanced Multi-Signal,877,100,85,0.85,7.8745489213436795,10.896131651068306,0,0.0,190163.68
Enhanced Multi-Signal,878,100,95,0.95,7.884528556683084,11.218033072586763,0,0.0,288206.66000000003
Enhanced Multi-Signal,879,100,93,0.93,8.555945030879428,11.931255340175042,0,0.0,251511.96999999997
Enhanced Multi-Signal,880,100,94,0.94,7.740578831253051,10.997737642879278,0,0.0,306351.66000000003
Enhanced Multi-Signal,881,100,93,0.93,8.23631783883544,11.276991264912645,0,0.0,284862.95999999996
Enhanced Multi-Signal,882,100,95,0.95,7.941512616438464,11.8262019071646,0,0.0,237330.14
Enhanced Multi-Signal,883,100,93,0.93,7.874909498770389,10.387135388091682,0,0.0,332860.27999999997
Enhanced Multi-Signal,884,100,97,0.97,8.041527418047654,11.388577294497326,0,0.0,305903.56000000006
Enhanced Multi-Signal,885,100,97,0.97,8.427920977196365,11.597802882604418,0,0.0,197332.15999999997
Enhanced Multi-Signal,886,100,97,0.97,8.045871976208481,10.688330409247941,0,0.0,230175.57
Enhanced Multi-Signal,887,100,99,0.99,7.97249031021099,11.117632774412343,0,0.0,300246.60000000003
Enhanced Multi-Signal,888,100,96,0.96,8.296011133075751,11.850469289826634,0,0.0,251387.63
Enhanced Multi-Signal,889,100,94,0.94,7.803805867791498,10.726128442538153,0,0.0,233965.21
Enhanced Multi-Signal,890,100,97,0.97,8.130853287462164,10.85214827981415,0,0.0,342515.23
Enhanced Multi-Signal,891,100,95,0.95,7.868628467486309,11.790577639253252,0,0.0,281776.50999999995
Enhanced Multi-Signal,892,100,96,0.96,7.814519301386398,11.19603723057749,0,0.0,198404.57
Enhanced Multi-Signal,893,100,94,0.94,8.315561954163766,11.610364328454338,0,0.0,225032.59
Enhanced Multi-Signal,894,100,92,0.92,7.807303821610286,11.487842782483693,0,0.0,193029.39
Enhanced Multi-Signal,895,100,96,0.96,8.258155799664202,11.319038513046182,0,0.0,250683.51
Enhanced Multi-Signal,896,100,97,0.97,7.976106508314421,10.508600486705582,0,0.0,279006.10000000003
Enhanced Multi-Signal,897,100,95,0.95,7.707048797535577,10.526053158659916,0,0.0,210404.42999999996
Enhanced Multi-Signal,898,100,95,0.95,8.103471335410719,11.521899314341303,0,0.0,216462.49
Enhanced Multi-Signal,899,100,97,0.97,8.071062985422227,11.793343741244053,0,0.0,230261.99000000002
Enhanced Multi-Signal,900,100,97,0.97,7.63314161682957,10.764535258413181,0,0.0,260483.55000000002
Enhanced Multi-Signal,901,100,97,0.97,7.78117657880357,11.139566924331708,0,0.0,234862.9
Enhanced Multi-Signal,902,100,97,0.97,8.404608563613014,11.700080694113566,0,0.0,242223.99999999997
Enhanced Multi-Signal,903,100,91,0.91,8.427715867955753,11.786810326290148,0,0.0,223670.25
Enhanced Multi-Signal,904,100,94,0.94,8.406873262953079,11.266581864718253,0,0.0,226577.55999999997
Enhanced Multi-Signal,905,100,93,0.93,7.845917775896608,11.559616132437544,0,0.0,282490.01999999996
Enhanced Multi-Signal,906,100,96,0.96,7.714783547974825,10.800389225261986,0,0.0,258429.0
Enhanced Multi-Signal,907,100,98,0.98,8.038628762672019,11.346435742609946,0,0.0,262003.43
Enhanced Multi-Signal,908,100,96,0.96,8.16293449033961,11.81440378044636,0,0.0,225026.25
Enhanced Multi-Signal,909,100,94,0.94,7.42746205324374,10.4446429649473,0,0.0,192321.73
Enhanced Multi-Signal,910,100,93,0.93,7.833109393122842,10.852302965377179,0,0.0,273616.15
Enhanced Multi-Signal,911,100,93,0.93,7.923521383268718,11.338836248242412,0,0.0,224578.33
Enhanced Multi-Signal,912,100,93,0.93,8.097191817457318,11.14293366038076,0,0.0,187184.22000000003
Enhanced Multi-Signal,913,100,100,1.0,7.937848467971304,11.099498278989671,0,0.0,281812.13
Enhanced Multi-Signal,914,100,96,0.96,7.862903163341092,10.604051128025592,0,0.0,240016.57
Enhanced Multi-Signal,915,100,97,0.97,8.103699806769532,12.427789593522517,0,0.0,224476.73
Enhanced Multi-Signal,916,100,95,0.95,8.018819334965501,11.025474150847835,0,0.0,207684.19000000003
Enhanced Multi-Signal,917,100,95,0.95,7.795367406940623,11.125617230360401,0,0.0,241395.00999999998
Enhanced Multi-Signal,918,100,93,0.93,7.752880199190453,10.775453941351829,0,0.0,225756.29999999996
Enhanced Multi-Signal,919,100,97,0.97,7.846679101074282,11.157972160712273,0,0.0,281435.85
Enhanced Multi-Signal,920,100,96,0.96,7.725127217817392,10.788858928108866,0,0.0,245465.77000000002
Enhanced Multi-Signal,921,100,96,0.96,8.059908073843463,11.287716145794636,0,0.0,255259.68
Enhanced Multi-Signal,922,100,93,0.93,7.998873654700531,11.100674222717268,0,0.0,205079.89
Enhanced Multi-Signal,923,100,95,0.95,8.496873702651575,11.274635014642737,0,0.0,229097.55
Enhanced Multi-Signal,924,100,96,0.96,8.13075286331184,11.629714449729562,0,0.0,246174.50999999998
Enhanced Multi-Signal,925,100,95,0.95,7.9046093952109295,11.075523792667102,0,0.0,205195.51
Enhanced Multi-Signal,926,100,97,0.97,8.237772507322283,11.904239949640399,0,0.0,229110.15
Enhanced Multi-Signal,927,100,94,0.94,8.328356830828863,11.206752827562118,0,0.0,219434.47
Enhanced Multi-Signal,928,100,95,0.95,8.339573129555628,11.753426130903822,0,0.0,255942.71000000002
Enhanced Multi-Signal,929,100,95,0.95,8.065166873053188,11.278613219669523,0,0.0,288823.24000000005
Enhanced Multi-Signal,930,100,96,0.96,8.072293607715551,11.393479913509548,0,0.0,244854.38999999998
Enhanced Multi-Signal,931,100,94,0.94,8.039321979784068,12.176912633353313,0,0.0,176862.52000000002
Enhanced Multi-Signal,932,100,96,0.96,8.12397899343065,11.070155399270352,0,0.0,239928.89
Enhanced Multi-Signal,933,100,95,0.95,8.245469227077356,11.953415199150946,0,0.0,208554.36000000004
Enhanced Multi-Signal,934,100,90,0.9,7.662568239404681,10.752998158330652,0,0.0,221797.44
Enhanced Multi-Signal,935,100,96,0.96,7.607457303153052,11.107465156593927,0,0.0,229035.57
Enhanced Multi-Signal,936,100,97,0.97,7.9412801606185095,10.653494446585707,0,0.0,165725.38
Enhanced Multi-Signal,937,100,95,0.95,8.10149480549416,12.046010616237357,0,0.0,196406.71
Enhanced Multi-Signal,938,100,98,0.98,7.9953040305109235,11.443007350160217,0,0.0,263529.32999999996
Enhanced Multi-Signal,939,100,95,0.95,8.193209062257134,11.772903630249713,0,0.0,227544.85
Enhanced Multi-Signal,940,100,94,0.94,8.01133824539932,11.106064614240438,0,0.0,285085.09
Enhanced Multi-Signal,941,100,93,0.93,8.104152474154361,11.005154202649951,0,0.0,201776.05
Enhanced Multi-Signal,942,100,94,0.94,7.898891943139006,11.040468182954445,0,0.0,256238.33000000002
Enhanced Multi-Signal,943,100,94,0.94,8.380609445470029,11.040504010328617,0,0.0,251484.19999999998
Enhanced Multi-Signal,944,100,98,0.98,8.180626846800534,11.785926497976549,0,0.0,254224.04
Enhanced Multi-Signal,945,100,95,0.95,8.006633524181447,11.679463781950277,0,0.0,223346.46999999997
Enhanced Multi-Signal,946,100,97,0.97,8.020606587338754,10.91699049896931,0,0.0,326647.82
Enhanced Multi-Signal,947,100,94,0.94,8.326623845170042,12.368211881811149,0,0.0,229117.07
Enhanced Multi-Signal,948,100,96,0.96,8.069806469979811,11.884329504721125,0,0.0,245158.93
Enhanced Multi-Signal,949,100,94,0.94,7.996953632608805,11.96115379064281,0,0.0,281725.12999999995
Enhanced Multi-Signal,950,100,96,0.96,7.814986533463799,11.64398376330408,0,0.0,268941.28
Enhanced Multi-Signal,951,100,94,0.94,7.990071059331881,10.299421649469219,0,0.0,273179.10000000003
Enhanced Multi-Signal,952,100,94,0.94,8.010882265881179,11.48292321713196,0,0.0,229455.53999999998
Enhanced Multi-Signal,953,100,95,0.95,8.35147606699668,11.127656953930586,0,0.0,239297.44
Enhanced Multi-Signal,954,100,91,0.91,8.207993457920908,11.343307898096329,0,0.0,266754.1
Enhanced Multi-Signal,955,100,95,0.95,7.7734384215688985,10.716916944940255,0,0.0,246549.92
Enhanced Multi-Signal,956,100,95,0.95,8.01191210243183,11.11317137750352,0,0.0,217651.18000000005
Enhanced Multi-Signal,957,100,92,0.92,7.844061175462568,11.01695722246672,0,0.0,237160.28000000003
Enhanced Multi-Signal,958,100,92,0.92,8.394775255385266,11.534913646529986,0,0.0,198895.63000000003
Enhanced Multi-Signal,959,100,97,0.97,7.97435294959999,10.928849047624922,0,0.0,307079.62
Enhanced Multi-Signal,960,100,93,0.93,7.9690745518325965,11.284851332822468,0,0.0,270308.37
Enhanced Multi-Signal,961,100,88,0.88,8.350252689649166,11.440035670331401,0,0.0,220048.58999999997
Enhanced Multi-Signal,962,100,92,0.92,8.021796298353747,11.333900429214236,0,0.0,262156.01
Enhanced Multi-Signal,963,100,97,0.97,8.037819901803017,11.165283379112863,0,0.0,338270.68
Enhanced Multi-Signal,964,100,93,0.93,7.802156779323885,11.221384183926302,0,0.0,287014.97
Enhanced Multi-Signal,965,100,94,0.94,7.98744797078101,12.2723021622169,0,0.0,246484.87999999998
Enhanced Multi-Signal,966,100,98,0.98,8.005131978267777,10.906618965935591,0,0.0,231018.44
Enhanced Multi-Signal,967,100,95,0.95,8.369254631278636,11.245065275061386,0,0.0,232508.10000000003
Enhanced Multi-Signal,968,100,93,0.93,7.85219970375205,11.03499139714995,0,0.0,205798.34
Enhanced Multi-Signal,969,100,95,0.95,8.08140891676118,11.258565116495282,0,0.0,248900.59999999998
Enhanced Multi-Signal,970,100,89,0.89,7.856396237478048,10.784942341700281,0,0.0,263074.98999999993
Enhanced Multi-Signal,971,100,94,0.94,7.596467747195677,10.644464650887702,0,0.0,212988.91
Enhanced Multi-Signal,972,100,95,0.95,8.111833858257574,11.30499646443013,0,0.0,253893.57000000004
Enhanced Multi-Signal,973,100,93,0.93,7.825105362396666,10.797804957635144,0,0.0,225759.35000000003
Enhanced Multi-Signal,974,100,94,0.94,8.10022433502261,11.301976007835782,0,0.0,234251.00000000003
Enhanced Multi-Signal,975,100,95,0.95,7.950863394279828,10.933685560027056,0,0.0,240880.84999999998
Enhanced Multi-Signal,976,100,96,0.96,7.995518047057721,10.532451636243957,0,0.0,230664.4
Enhanced Multi-Signal,977,100,93,0.93,7.978995483898467,11.741915656067158,0,0.0,223448.25
Enhanced Multi-Signal,978,100,98,0.98,8.018101773667132,11.656496704938379,0,0.0,213622.78000000003
Enhanced Multi-Signal,979,100,95,0.95,8.009170536151771,11.265762328065234,0,0.0,179282.77000000005
Enhanced Multi-Signal,980,100,95,0.95,7.636503631312735,10.23414858824846,0,0.0,229272.29000000004
Enhanced Multi-Signal,981,100,97,0.97,7.866052468263845,10.902720546949938,0,0.0,194087.46
Enhanced Multi-Signal,982,100,92,0.92,7.639884442276917,10.28603440055612,0,0.0,219922.37999999998
Enhanced Multi-Signal,983,100,96,0.96,7.876007536783045,11.041967530825884,0,0.0,267180.06000000006
Enhanced Multi-Signal,984,100,93,0.93,7.835911217134428,10.14683377227361,0,0.0,234862.83000000002
Enhanced Multi-Signal,985,100,96,0.96,8.132747888978873,11.215698693127626,0,0.0,196011.32
Enhanced Multi-Signal,986,100,95,0.95,8.071450735851109,11.640836557913365,0,0.0,213412.87999999998
Enhanced Multi-Signal,987,100,92,0.92,8.056123953533193,11.28553965067952,0,0.0,284247.92000000004
Enhanced Multi-Signal,988,100,96,0.96,8.192679869242761,11.712957373797675,0,0.0,219277.72999999998
Enhanced Multi-Signal,989,100,91,0.91,8.15317119758243,11.666375357341867,0,0.0,210572.78
Enhanced Multi-Signal,990,100,87,0.87,7.78524004777582,10.994499805989834,0,0.0,222460.04000000004
Enhanced Multi-Signal,991,100,96,0.96,7.8515531468572535,10.811018329740488,0,0.0,262276.06
Enhanced Multi-Signal,992,100,93,0.93,8.19486920462462,11.059013470095147,0,0.0,202822.90000000005
Enhanced Multi-Signal,993,100,93,0.93,8.044384589026915,11.146213838835646,0,0.0,200980.07
Enhanced Multi-Signal,994,100,92,0.92,8.042321509086333,11.592082986303366,0,0.0,247118.66000000003
Enhanced Multi-Signal,995,100,95,0.95,7.9691202635194465,11.059723792369093,0,0.0,375126.33
Enhanced Multi-Signal,996,100,96,0.96,8.154509933149503,10.642150129120648,0,0.0,232091.03999999998
Enhanced Multi-Signal,997,100,95,0.95,8.027831810319938,11.458983160600587,0,0.0,234113.37000000002
Enhanced Multi-Signal,998,100,93,0.93,7.8146484062592725,11.141292654762216,0,0.0,256162.78
Enhanced Multi-Signal,999,100,95,0.95,8.216765018442349,11.353571779477315,0,0.0,312463.8
Enhanced Multi-Signal,1000,100,94,0.94,7.667539037096208,10.63174397993455,0,0.0,230029.59
