event_id,account_id,timestamp,change_type,device_model_hash,is_suspicious
DEVCH000000,ACC100012,2026-06-28 05:43:00,device_change,MODEL0104,0
DEVCH000001,ACC100546,2026-06-25 12:34:00,os_update,MODEL0019,0
DEVCH000002,ACC100358,2026-07-03 14:57:00,os_update,MODEL0163,0
DEVCH000003,ACC100197,2026-07-05 04:46:00,os_update,MODEL0135,0
DEVCH000004,ACC100050,2026-07-19 06:01:00,device_change,MODEL0084,0
DEVCH000005,ACC100499,2026-06-26 12:36:00,sim_change,MODEL0032,0
DEVCH000006,ACC100443,2026-07-08 16:04:00,os_update,MODEL0176,0
DEVCH000007,ACC100487,2026-07-24 14:51:00,os_update,MODEL0096,0
DEVCH000008,ACC100476,2026-07-01 03:57:00,device_change,MODEL0172,0
DEVCH000009,ACC100133,2026-06-03 06:43:00,device_change,MODEL0095,0
DEVCH000010,ACC100654,2026-07-08 17:24:00,sim_change,MODEL0064,0
DEVCH000011,ACC100587,2026-06-26 00:42:00,sim_change,MODEL0045,0
DEVCH000012,ACC100141,2026-07-30 09:13:00,sim_change,MODEL0159,0
DEVCH000013,ACC100365,2026-06-19 19:15:00,device_change,MODEL0085,0
DEVCH000014,ACC100218,2026-07-21 12:53:00,device_change,MODEL0083,0
DEVCH000015,ACC100664,2026-06-25 12:09:00,sim_change,MODEL0115,0
DEVCH000016,ACC100706,2026-06-09 23:57:00,sim_change,MODEL0157,0
DEVCH000017,ACC100061,2026-06-01 06:46:00,sim_change,MODEL0072,0
DEVCH000018,ACC100185,2026-07-20 10:19:00,device_change,MODEL0104,0
DEVCH000019,ACC100581,2026-07-16 20:30:00,device_change,MODEL0081,0
DEVCH000020,ACC100678,2026-07-24 23:28:00,os_update,MODEL0097,0
DEVCH000021,ACC100703,2026-06-22 02:23:00,os_update,MODEL0134,0
DEVCH000022,ACC100511,2026-06-10 17:47:00,sim_change,MODEL0119,0
DEVCH000023,ACC100147,2026-06-24 15:17:00,device_change,MODEL0098,0
DEVCH000024,ACC100065,2026-06-21 18:08:00,device_change,MODEL0032,0
DEVCH000025,ACC100704,2026-06-09 18:49:00,os_update,MODEL0014,0
DEVCH000026,ACC100011,2026-07-08 00:23:00,device_change,MODEL0125,0
DEVCH000027,ACC100708,2026-07-01 23:01:00,device_change,MODEL0100,0
DEVCH000028,ACC100720,2026-06-06 05:50:00,sim_change,MODEL0003,0
DEVCH000029,ACC100480,2026-07-09 16:37:00,device_change,MODEL0167,0
DEVCH000030,ACC100187,2026-06-28 05:19:00,sim_change,MODEL0126,0
DEVCH000031,ACC100792,2026-06-11 01:11:00,device_change,MODEL0101,0
DEVCH000032,ACC100398,2026-07-06 20:17:00,sim_change,MODEL0178,0
DEVCH000033,ACC100600,2026-07-19 22:46:00,os_update,MODEL0195,0
DEVCH000034,ACC100542,2026-07-30 01:57:00,os_update,MODEL0110,0
DEVCH000035,ACC100338,2026-06-16 11:05:00,device_change,MODEL0059,0
DEVCH000036,ACC100203,2026-06-10 02:39:00,device_change,MODEL0174,0
DEVCH000037,ACC100197,2026-07-04 04:00:00,device_change,MODEL0061,0
DEVCH000038,ACC100590,2026-07-21 14:13:00,os_update,MODEL0142,0
DEVCH000039,ACC100538,2026-07-02 05:54:00,os_update,MODEL0192,0
DEVCH000040,ACC100511,2026-06-19 10:11:00,sim_change,MODEL0087,0
DEVCH000041,ACC100795,2026-06-06 22:22:00,device_change,MODEL0176,0
DEVCH000042,ACC100016,2026-06-22 23:19:00,sim_change,MODEL0079,0
DEVCH000043,ACC100340,2026-06-25 07:57:00,os_update,MODEL0167,0
DEVCH000044,ACC100019,2026-07-19 13:31:00,sim_change,MODEL0199,0
DEVCH000045,ACC100519,2026-07-15 22:04:00,os_update,MODEL0171,0
DEVCH000046,ACC100723,2026-06-15 14:08:00,device_change,MODEL0067,0
DEVCH000047,ACC100511,2026-07-12 13:47:00,sim_change,MODEL0198,0
DEVCH000048,ACC100671,2026-07-18 06:00:00,os_update,MODEL0039,0
DEVCH000049,ACC100308,2026-07-22 10:39:00,sim_change,MODEL0086,0
DEVCH000050,ACC100235,2026-06-09 12:08:00,device_change,MODEL0085,0
DEVCH000051,ACC100389,2026-06-18 02:44:00,sim_change,MODEL0142,0
DEVCH000052,ACC100747,2026-06-12 03:29:00,sim_change,MODEL0012,0
DEVCH000053,ACC100750,2026-06-22 09:57:00,sim_change,MODEL0154,0
DEVCH000054,ACC100297,2026-06-28 20:06:00,device_change,MODEL0194,0
DEVCH000055,ACC100556,2026-07-17 00:15:00,sim_change,MODEL0057,0
DEVCH000056,ACC100244,2026-07-07 08:39:00,device_change,MODEL0054,0
DEVCH000057,ACC100486,2026-07-22 04:48:00,device_change,MODEL0186,0
DEVCH000058,ACC100185,2026-06-22 12:32:00,device_change,MODEL0004,0
DEVCH000059,ACC100673,2026-07-26 23:49:00,sim_change,MODEL0072,0
DEVCH000060,ACC100132,2026-06-25 01:10:00,os_update,MODEL0048,0
DEVCH000061,ACC100607,2026-07-06 01:32:00,sim_change,MODEL0061,0
DEVCH000062,ACC100739,2026-06-26 11:39:00,sim_change,MODEL0078,0
DEVCH000063,ACC100537,2026-06-06 23:11:00,device_change,MODEL0138,0
DEVCH000064,ACC100232,2026-06-13 11:49:00,sim_change,MODEL0136,0
DEVCH000065,ACC100792,2026-06-15 01:36:00,sim_change,MODEL0058,0
DEVCH000066,ACC100210,2026-06-03 08:13:00,sim_change,MODEL0078,0
DEVCH000067,ACC100756,2026-06-02 21:28:00,device_change,MODEL0091,0
DEVCH000068,ACC100307,2026-06-26 07:58:00,os_update,MODEL0107,0
DEVCH000069,ACC100489,2026-07-25 06:17:00,os_update,MODEL0004,0
DEVCH000070,ACC100406,2026-07-29 16:22:00,device_change,MODEL0100,0
DEVCH000071,ACC100321,2026-06-21 01:23:00,os_update,MODEL0048,0
DEVCH000072,ACC100676,2026-07-30 22:56:00,os_update,MODEL0179,0
DEVCH000073,ACC100285,2026-06-02 02:13:00,device_change,MODEL0038,0
DEVCH000074,ACC100242,2026-07-16 07:12:00,sim_change,MODEL0146,1
DEVCH000075,ACC100605,2026-06-14 02:50:00,device_change,MODEL0118,0
DEVCH000076,ACC100435,2026-07-02 02:45:00,device_change,MODEL0153,0
DEVCH000077,ACC100647,2026-07-07 10:04:00,sim_change,MODEL0048,0
DEVCH000078,ACC100729,2026-06-30 01:59:00,device_change,MODEL0118,0
DEVCH000079,ACC100245,2026-07-20 00:29:00,sim_change,MODEL0133,0
DEVCH000080,ACC100022,2026-06-12 20:22:00,device_change,MODEL0143,0
DEVCH000081,ACC100208,2026-07-23 09:26:00,os_update,MODEL0142,0
DEVCH000082,ACC100706,2026-07-11 18:25:00,sim_change,MODEL0039,0
DEVCH000083,ACC100540,2026-07-26 07:44:00,os_update,MODEL0165,0
DEVCH000084,ACC100451,2026-06-05 19:41:00,os_update,MODEL0107,0
DEVCH000085,ACC100209,2026-06-30 07:25:00,os_update,MODEL0070,0
DEVCH000086,ACC100511,2026-07-12 23:30:00,device_change,MODEL0024,0
DEVCH000087,ACC100381,2026-07-13 07:46:00,device_change,MODEL0020,0
DEVCH000088,ACC100223,2026-07-11 12:39:00,device_change,MODEL0182,0
DEVCH000089,ACC100003,2026-06-18 08:31:00,sim_change,MODEL0112,0
DEVCH000090,ACC100398,2026-07-09 03:08:00,device_change,MODEL0060,0
DEVCH000091,ACC100070,2026-07-15 23:51:00,device_change,MODEL0135,0
DEVCH000092,ACC100665,2026-07-19 06:34:00,os_update,MODEL0085,0
DEVCH000093,ACC100082,2026-07-14 04:31:00,device_change,MODEL0022,0
DEVCH000094,ACC100137,2026-06-28 12:15:00,sim_change,MODEL0037,0
DEVCH000095,ACC100355,2026-06-08 08:13:00,device_change,MODEL0183,0
DEVCH000096,ACC100000,2026-07-04 11:00:00,device_change,MODEL0090,0
DEVCH000097,ACC100138,2026-06-10 22:57:00,device_change,MODEL0045,0
DEVCH000098,ACC100026,2026-06-28 01:14:00,sim_change,MODEL0179,0
DEVCH000099,ACC100265,2026-07-13 16:24:00,sim_change,MODEL0021,0
DEVCH000100,ACC100508,2026-06-30 11:37:00,device_change,MODEL0094,0
DEVCH000101,ACC100482,2026-07-18 14:33:00,os_update,MODEL0054,0
DEVCH000102,ACC100299,2026-07-20 01:30:00,sim_change,MODEL0152,0
DEVCH000103,ACC100388,2026-06-05 03:41:00,device_change,MODEL0136,0
DEVCH000104,ACC100467,2026-06-22 02:58:00,sim_change,MODEL0041,0
DEVCH000105,ACC100110,2026-07-10 09:48:00,os_update,MODEL0004,0
DEVCH000106,ACC100104,2026-07-21 10:09:00,os_update,MODEL0062,0
DEVCH000107,ACC100037,2026-06-07 19:46:00,os_update,MODEL0081,0
DEVCH000108,ACC100562,2026-06-19 13:45:00,device_change,MODEL0196,0
DEVCH000109,ACC100232,2026-06-11 04:43:00,os_update,MODEL0054,0
DEVCH000110,ACC100214,2026-06-16 05:31:00,os_update,MODEL0079,0
DEVCH000111,ACC100737,2026-06-12 18:24:00,device_change,MODEL0055,0
DEVCH000112,ACC100170,2026-07-24 23:54:00,os_update,MODEL0111,0
DEVCH000113,ACC100194,2026-06-22 02:05:00,sim_change,MODEL0141,0
DEVCH000114,ACC100593,2026-07-22 08:39:00,sim_change,MODEL0194,0
DEVCH000115,ACC100390,2026-06-12 04:11:00,os_update,MODEL0134,0
DEVCH000116,ACC100698,2026-06-21 18:52:00,os_update,MODEL0045,0
DEVCH000117,ACC100593,2026-06-10 16:27:00,sim_change,MODEL0113,0
DEVCH000118,ACC100070,2026-07-17 16:36:00,device_change,MODEL0032,0
DEVCH000119,ACC100252,2026-07-14 04:52:00,os_update,MODEL0138,0
DEVCH000120,ACC100427,2026-07-22 13:42:00,device_change,MODEL0149,0
DEVCH000121,ACC100314,2026-07-02 15:30:00,sim_change,MODEL0082,0
DEVCH000122,ACC100063,2026-06-28 17:32:00,sim_change,MODEL0190,0
DEVCH000123,ACC100586,2026-06-01 17:18:00,device_change,MODEL0059,0
DEVCH000124,ACC100404,2026-06-05 21:11:00,os_update,MODEL0096,0
DEVCH000125,ACC100167,2026-07-26 16:21:00,os_update,MODEL0004,0
DEVCH000126,ACC100519,2026-06-10 12:22:00,device_change,MODEL0055,0
DEVCH000127,ACC100703,2026-07-11 05:03:00,device_change,MODEL0035,0
DEVCH000128,ACC100192,2026-07-04 10:06:00,device_change,MODEL0112,0
DEVCH000129,ACC100584,2026-06-19 02:39:00,sim_change,MODEL0154,0
DEVCH000130,ACC100056,2026-06-21 03:06:00,sim_change,MODEL0165,0
DEVCH000131,ACC100493,2026-06-24 00:06:00,os_update,MODEL0115,0
DEVCH000132,ACC100585,2026-06-15 02:36:00,os_update,MODEL0131,0
DEVCH000133,ACC100136,2026-07-18 00:26:00,os_update,MODEL0071,0
DEVCH000134,ACC100621,2026-07-04 15:18:00,device_change,MODEL0074,0
DEVCH000135,ACC100525,2026-07-10 11:44:00,sim_change,MODEL0024,0
DEVCH000136,ACC100208,2026-07-28 08:54:00,os_update,MODEL0152,0
DEVCH000137,ACC100613,2026-07-26 08:05:00,os_update,MODEL0174,0
DEVCH000138,ACC100640,2026-06-11 11:14:00,os_update,MODEL0053,0
DEVCH000139,ACC100275,2026-07-07 07:55:00,sim_change,MODEL0149,0
DEVCH000140,ACC100594,2026-07-12 08:31:00,sim_change,MODEL0007,0
DEVCH000141,ACC100641,2026-07-08 00:31:00,sim_change,MODEL0179,0
DEVCH000142,ACC100468,2026-06-28 11:39:00,os_update,MODEL0093,0
DEVCH000143,ACC100577,2026-07-16 14:02:00,os_update,MODEL0033,0
DEVCH000144,ACC100562,2026-06-01 08:46:00,device_change,MODEL0097,0
DEVCH000145,ACC100377,2026-07-02 05:52:00,device_change,MODEL0083,0
DEVCH000146,ACC100648,2026-07-28 12:05:00,os_update,MODEL0088,0
DEVCH000147,ACC100023,2026-07-20 18:11:00,sim_change,MODEL0025,0
DEVCH000148,ACC100502,2026-06-07 09:50:00,device_change,MODEL0067,0
DEVCH000149,ACC100540,2026-06-25 01:56:00,os_update,MODEL0006,0
DEVCH000150,ACC100495,2026-07-17 19:41:00,device_change,MODEL0133,0
DEVCH000151,ACC100038,2026-07-22 14:26:00,sim_change,MODEL0008,0
DEVCH000152,ACC100325,2026-07-14 08:13:00,os_update,MODEL0033,0
DEVCH000153,ACC100157,2026-07-13 19:58:00,device_change,MODEL0073,0
DEVCH000154,ACC100509,2026-06-17 18:36:00,device_change,MODEL0015,0
DEVCH000155,ACC100329,2026-06-03 23:16:00,os_update,MODEL0002,0
DEVCH000156,ACC100195,2026-07-14 00:02:00,device_change,MODEL0163,0
DEVCH000157,ACC100511,2026-07-18 19:44:00,device_change,MODEL0012,0
DEVCH000158,ACC100345,2026-07-16 06:47:00,sim_change,MODEL0185,0
DEVCH000159,ACC100252,2026-06-03 03:21:00,sim_change,MODEL0166,0
DEVCH000160,ACC100496,2026-07-09 07:20:00,device_change,MODEL0019,0
DEVCH000161,ACC100227,2026-07-02 08:31:00,device_change,MODEL0155,0
DEVCH000162,ACC100292,2026-06-27 12:04:00,device_change,MODEL0066,0
DEVCH000163,ACC100098,2026-06-18 12:29:00,device_change,MODEL0001,0
DEVCH000164,ACC100228,2026-06-22 07:50:00,sim_change,MODEL0023,0
DEVCH000165,ACC100354,2026-06-04 19:49:00,os_update,MODEL0123,0
DEVCH000166,ACC100378,2026-07-15 18:19:00,os_update,MODEL0016,0
DEVCH000167,ACC100048,2026-07-09 06:54:00,sim_change,MODEL0135,0
DEVCH000168,ACC100073,2026-07-07 00:11:00,sim_change,MODEL0151,0
DEVCH000169,ACC100131,2026-07-23 13:26:00,os_update,MODEL0049,0
DEVCH000170,ACC100487,2026-07-01 09:35:00,device_change,MODEL0026,0
DEVCH000171,ACC100522,2026-06-22 23:58:00,sim_change,MODEL0101,1
DEVCH000172,ACC100748,2026-07-26 12:51:00,device_change,MODEL0044,0
DEVCH000173,ACC100337,2026-06-20 03:16:00,os_update,MODEL0035,0
DEVCH000174,ACC100794,2026-07-30 08:19:00,sim_change,MODEL0086,0
DEVCH000175,ACC100016,2026-07-15 23:36:00,device_change,MODEL0053,0
DEVCH000176,ACC100799,2026-06-04 17:35:00,sim_change,MODEL0053,0
DEVCH000177,ACC100360,2026-06-11 21:34:00,sim_change,MODEL0126,0
DEVCH000178,ACC100396,2026-07-05 18:35:00,sim_change,MODEL0097,0
DEVCH000179,ACC100526,2026-06-22 16:25:00,os_update,MODEL0036,0
DEVCH000180,ACC100101,2026-06-17 07:13:00,os_update,MODEL0031,0
DEVCH000181,ACC100737,2026-07-13 07:54:00,os_update,MODEL0147,0
DEVCH000182,ACC100797,2026-07-25 09:52:00,sim_change,MODEL0089,0
DEVCH000183,ACC100747,2026-07-18 17:56:00,device_change,MODEL0109,0
DEVCH000184,ACC100311,2026-06-10 11:24:00,os_update,MODEL0133,0
DEVCH000185,ACC100624,2026-06-08 22:36:00,os_update,MODEL0099,0
DEVCH000186,ACC100107,2026-06-26 19:39:00,sim_change,MODEL0009,0
DEVCH000187,ACC100057,2026-07-26 03:39:00,device_change,MODEL0040,0
DEVCH000188,ACC100135,2026-07-28 07:34:00,sim_change,MODEL0163,0
DEVCH000189,ACC100592,2026-06-17 19:30:00,os_update,MODEL0177,0
DEVCH000190,ACC100343,2026-06-25 03:22:00,device_change,MODEL0002,0
DEVCH000191,ACC100398,2026-06-12 09:01:00,os_update,MODEL0025,0
DEVCH000192,ACC100239,2026-07-13 06:14:00,sim_change,MODEL0123,0
DEVCH000193,ACC100016,2026-07-24 08:00:00,device_change,MODEL0190,0
DEVCH000194,ACC100417,2026-07-10 19:45:00,sim_change,MODEL0140,0
DEVCH000195,ACC100772,2026-06-14 09:56:00,sim_change,MODEL0156,0
DEVCH000196,ACC100237,2026-06-23 14:20:00,device_change,MODEL0160,0
DEVCH000197,ACC100220,2026-06-01 06:00:00,device_change,MODEL0003,0
DEVCH000198,ACC100652,2026-07-28 05:41:00,sim_change,MODEL0141,0
DEVCH000199,ACC100565,2026-07-12 17:43:00,os_update,MODEL0089,0
DEVCH000200,ACC100142,2026-06-06 07:40:00,os_update,MODEL0049,0
DEVCH000201,ACC100492,2026-06-08 23:32:00,os_update,MODEL0136,0
DEVCH000202,ACC100797,2026-06-03 16:08:00,os_update,MODEL0145,0
DEVCH000203,ACC100641,2026-06-14 12:08:00,device_change,MODEL0047,0
DEVCH000204,ACC100191,2026-06-20 18:22:00,sim_change,MODEL0128,0
DEVCH000205,ACC100113,2026-07-09 17:39:00,device_change,MODEL0162,0
DEVCH000206,ACC100584,2026-07-07 20:40:00,os_update,MODEL0060,0
DEVCH000207,ACC100496,2026-07-22 15:09:00,device_change,MODEL0067,0
DEVCH000208,ACC100695,2026-07-13 00:48:00,device_change,MODEL0065,0
DEVCH000209,ACC100426,2026-06-07 16:03:00,sim_change,MODEL0087,0
DEVCH000210,ACC100660,2026-07-12 04:49:00,sim_change,MODEL0139,1
DEVCH000211,ACC100627,2026-07-30 01:23:00,device_change,MODEL0178,0
DEVCH000212,ACC100518,2026-06-08 13:53:00,os_update,MODEL0149,0
DEVCH000213,ACC100078,2026-06-18 14:20:00,os_update,MODEL0011,0
DEVCH000214,ACC100705,2026-06-09 13:31:00,sim_change,MODEL0067,0
DEVCH000215,ACC100228,2026-06-08 14:58:00,os_update,MODEL0033,0
DEVCH000216,ACC100221,2026-06-02 04:38:00,device_change,MODEL0062,0
DEVCH000217,ACC100003,2026-07-06 09:05:00,os_update,MODEL0145,0
DEVCH000218,ACC100397,2026-06-24 03:46:00,os_update,MODEL0037,0
DEVCH000219,ACC100297,2026-07-26 17:32:00,device_change,MODEL0056,0
DEVCH000220,ACC100643,2026-06-06 23:48:00,sim_change,MODEL0154,0
DEVCH000221,ACC100197,2026-07-06 00:29:00,device_change,MODEL0129,0
DEVCH000222,ACC100415,2026-06-13 02:10:00,sim_change,MODEL0025,0
DEVCH000223,ACC100712,2026-06-30 12:56:00,os_update,MODEL0068,0
DEVCH000224,ACC100298,2026-07-22 11:17:00,device_change,MODEL0122,0
DEVCH000225,ACC100706,2026-06-02 16:38:00,device_change,MODEL0022,0
DEVCH000226,ACC100649,2026-06-04 14:38:00,sim_change,MODEL0024,0
DEVCH000227,ACC100194,2026-07-05 13:15:00,os_update,MODEL0094,0
DEVCH000228,ACC100114,2026-06-29 11:49:00,device_change,MODEL0148,0
DEVCH000229,ACC100379,2026-06-26 09:18:00,os_update,MODEL0008,0
DEVCH000230,ACC100769,2026-07-23 19:55:00,sim_change,MODEL0041,0
DEVCH000231,ACC100172,2026-06-29 01:58:00,os_update,MODEL0118,0
DEVCH000232,ACC100679,2026-07-10 22:37:00,os_update,MODEL0115,0
DEVCH000233,ACC100770,2026-07-28 16:22:00,os_update,MODEL0062,0
DEVCH000234,ACC100647,2026-06-20 04:51:00,device_change,MODEL0067,0
DEVCH000235,ACC100045,2026-06-25 03:04:00,device_change,MODEL0147,0
DEVCH000236,ACC100669,2026-06-26 18:18:00,sim_change,MODEL0089,0
DEVCH000237,ACC100508,2026-07-12 02:28:00,os_update,MODEL0085,0
DEVCH000238,ACC100275,2026-07-03 05:52:00,os_update,MODEL0087,0
DEVCH000239,ACC100228,2026-07-06 12:15:00,os_update,MODEL0014,0
DEVCH000240,ACC100712,2026-06-10 10:33:00,device_change,MODEL0139,0
DEVCH000241,ACC100056,2026-06-30 21:24:00,os_update,MODEL0177,0
DEVCH000242,ACC100051,2026-07-23 13:16:00,device_change,MODEL0049,0
DEVCH000243,ACC100394,2026-07-09 13:30:00,sim_change,MODEL0195,0
DEVCH000244,ACC100605,2026-07-07 01:21:00,device_change,MODEL0110,0
DEVCH000245,ACC100786,2026-07-18 07:55:00,os_update,MODEL0012,0
DEVCH000246,ACC100470,2026-06-04 17:58:00,sim_change,MODEL0156,0
DEVCH000247,ACC100378,2026-06-16 01:50:00,os_update,MODEL0195,0
DEVCH000248,ACC100699,2026-07-30 00:37:00,sim_change,MODEL0095,0
DEVCH000249,ACC100608,2026-06-21 14:28:00,device_change,MODEL0126,0
DEVCH000250,ACC100031,2026-06-13 20:19:00,os_update,MODEL0084,0
DEVCH000251,ACC100646,2026-06-17 21:53:00,os_update,MODEL0104,0
DEVCH000252,ACC100547,2026-06-07 16:38:00,sim_change,MODEL0120,0
DEVCH000253,ACC100598,2026-06-04 05:39:00,os_update,MODEL0180,1
DEVCH000254,ACC100522,2026-07-28 08:36:00,sim_change,MODEL0144,1
DEVCH000255,ACC100520,2026-07-12 16:38:00,os_update,MODEL0107,0
DEVCH000256,ACC100545,2026-06-11 22:09:00,device_change,MODEL0163,0
DEVCH000257,ACC100032,2026-07-26 03:11:00,os_update,MODEL0108,0
DEVCH000258,ACC100531,2026-06-23 13:46:00,device_change,MODEL0102,0
DEVCH000259,ACC100686,2026-07-12 11:09:00,sim_change,MODEL0064,0
DEVCH000260,ACC100465,2026-07-04 17:31:00,os_update,MODEL0129,0
DEVCH000261,ACC100549,2026-06-05 02:29:00,sim_change,MODEL0191,0
DEVCH000262,ACC100007,2026-07-11 08:38:00,device_change,MODEL0046,0
DEVCH000263,ACC100195,2026-07-01 05:53:00,os_update,MODEL0174,0
DEVCH000264,ACC100668,2026-06-12 01:28:00,device_change,MODEL0017,0
DEVCH000265,ACC100041,2026-07-09 02:04:00,device_change,MODEL0066,0
DEVCH000266,ACC100118,2026-06-27 10:55:00,device_change,MODEL0095,0
DEVCH000267,ACC100333,2026-06-26 09:16:00,os_update,MODEL0017,0
DEVCH000268,ACC100745,2026-07-25 11:10:00,sim_change,MODEL0051,0
DEVCH000269,ACC100249,2026-06-13 22:33:00,sim_change,MODEL0129,0
DEVCH000270,ACC100305,2026-06-09 00:02:00,os_update,MODEL0046,0
DEVCH000271,ACC100317,2026-07-03 06:00:00,os_update,MODEL0097,0
DEVCH000272,ACC100781,2026-06-28 17:10:00,os_update,MODEL0182,0
DEVCH000273,ACC100660,2026-06-14 15:26:00,sim_change,MODEL0000,1
DEVCH000274,ACC100689,2026-07-06 19:07:00,device_change,MODEL0117,0
DEVCH000275,ACC100259,2026-07-08 14:18:00,sim_change,MODEL0022,1
DEVCH000276,ACC100527,2026-07-24 17:59:00,device_change,MODEL0166,0
DEVCH000277,ACC100475,2026-06-05 08:08:00,device_change,MODEL0179,0
DEVCH000278,ACC100535,2026-06-23 21:24:00,os_update,MODEL0108,0
DEVCH000279,ACC100138,2026-06-10 13:52:00,device_change,MODEL0171,0
DEVCH000280,ACC100148,2026-07-14 19:25:00,device_change,MODEL0043,0
DEVCH000281,ACC100362,2026-06-17 03:45:00,os_update,MODEL0099,0
DEVCH000282,ACC100779,2026-07-05 10:23:00,device_change,MODEL0105,0
DEVCH000283,ACC100633,2026-06-28 09:59:00,sim_change,MODEL0182,0
DEVCH000284,ACC100367,2026-07-16 23:12:00,os_update,MODEL0066,0
DEVCH000285,ACC100613,2026-06-10 15:09:00,os_update,MODEL0125,0
DEVCH000286,ACC100621,2026-07-05 18:46:00,sim_change,MODEL0135,0
DEVCH000287,ACC100272,2026-07-10 15:27:00,os_update,MODEL0164,0
DEVCH000288,ACC100485,2026-07-20 20:23:00,sim_change,MODEL0029,0
DEVCH000289,ACC100140,2026-07-02 21:24:00,device_change,MODEL0104,0
DEVCH000290,ACC100505,2026-07-12 20:05:00,device_change,MODEL0028,0
DEVCH000291,ACC100704,2026-07-04 15:22:00,device_change,MODEL0078,0
DEVCH000292,ACC100335,2026-06-26 04:06:00,device_change,MODEL0107,0
DEVCH000293,ACC100310,2026-07-29 06:27:00,device_change,MODEL0197,0
DEVCH000294,ACC100556,2026-06-15 22:53:00,os_update,MODEL0153,0
DEVCH000295,ACC100305,2026-06-02 07:06:00,device_change,MODEL0163,0
DEVCH000296,ACC100305,2026-06-12 22:14:00,sim_change,MODEL0117,0
DEVCH000297,ACC100423,2026-07-07 23:54:00,os_update,MODEL0060,0
DEVCH000298,ACC100410,2026-06-29 11:49:00,sim_change,MODEL0050,0
DEVCH000299,ACC100478,2026-06-20 03:26:00,device_change,MODEL0191,0
DEVCH000300,ACC100529,2026-06-20 02:02:00,os_update,MODEL0087,0
DEVCH000301,ACC100551,2026-07-15 14:47:00,device_change,MODEL0067,0
DEVCH000302,ACC100468,2026-06-14 01:44:00,device_change,MODEL0176,0
DEVCH000303,ACC100754,2026-06-04 03:29:00,device_change,MODEL0104,0
DEVCH000304,ACC100508,2026-07-04 19:12:00,sim_change,MODEL0092,0
DEVCH000305,ACC100406,2026-06-02 19:30:00,device_change,MODEL0191,0
DEVCH000306,ACC100068,2026-07-06 23:20:00,os_update,MODEL0142,0
DEVCH000307,ACC100201,2026-06-22 18:24:00,device_change,MODEL0007,0
DEVCH000308,ACC100251,2026-07-23 10:32:00,os_update,MODEL0160,0
DEVCH000309,ACC100365,2026-07-20 04:10:00,sim_change,MODEL0159,0
DEVCH000310,ACC100774,2026-07-25 12:07:00,os_update,MODEL0040,0
DEVCH000311,ACC100112,2026-06-09 00:37:00,sim_change,MODEL0167,0
DEVCH000312,ACC100047,2026-07-25 18:59:00,device_change,MODEL0104,0
DEVCH000313,ACC100506,2026-06-21 07:24:00,device_change,MODEL0153,0
DEVCH000314,ACC100293,2026-06-09 12:41:00,os_update,MODEL0186,0
DEVCH000315,ACC100708,2026-07-29 18:21:00,sim_change,MODEL0148,0
DEVCH000316,ACC100428,2026-06-12 06:56:00,os_update,MODEL0059,0
DEVCH000317,ACC100566,2026-06-22 16:06:00,os_update,MODEL0003,0
DEVCH000318,ACC100014,2026-07-03 21:49:00,device_change,MODEL0149,0
DEVCH000319,ACC100351,2026-07-25 16:59:00,sim_change,MODEL0177,0
DEVCH000320,ACC100667,2026-06-06 22:48:00,os_update,MODEL0020,0
DEVCH000321,ACC100106,2026-07-22 11:52:00,device_change,MODEL0051,0
DEVCH000322,ACC100382,2026-06-07 20:52:00,os_update,MODEL0032,0
DEVCH000323,ACC100751,2026-07-29 02:46:00,device_change,MODEL0025,0
DEVCH000324,ACC100486,2026-06-10 01:29:00,device_change,MODEL0112,0
DEVCH000325,ACC100437,2026-06-20 11:42:00,device_change,MODEL0123,0
DEVCH000326,ACC100347,2026-06-30 07:08:00,device_change,MODEL0145,0
DEVCH000327,ACC100210,2026-06-15 12:58:00,sim_change,MODEL0060,0
DEVCH000328,ACC100103,2026-06-17 09:41:00,os_update,MODEL0160,0
DEVCH000329,ACC100511,2026-06-27 06:33:00,os_update,MODEL0161,0
DEVCH000330,ACC100656,2026-06-23 12:14:00,sim_change,MODEL0196,0
DEVCH000331,ACC100408,2026-06-30 19:07:00,device_change,MODEL0008,0
DEVCH000332,ACC100027,2026-06-17 16:47:00,device_change,MODEL0054,0
DEVCH000333,ACC100003,2026-07-14 11:21:00,device_change,MODEL0061,0
DEVCH000334,ACC100382,2026-07-20 16:17:00,os_update,MODEL0123,0
DEVCH000335,ACC100416,2026-06-17 07:04:00,sim_change,MODEL0032,0
DEVCH000336,ACC100428,2026-06-30 13:08:00,os_update,MODEL0167,0
DEVCH000337,ACC100352,2026-06-16 08:03:00,device_change,MODEL0031,0
DEVCH000338,ACC100314,2026-07-11 12:50:00,device_change,MODEL0107,0
DEVCH000339,ACC100666,2026-07-29 01:23:00,device_change,MODEL0112,0
DEVCH000340,ACC100610,2026-06-03 16:57:00,device_change,MODEL0194,0
DEVCH000341,ACC100094,2026-07-29 06:40:00,sim_change,MODEL0182,0
DEVCH000342,ACC100651,2026-06-12 11:12:00,device_change,MODEL0048,0
DEVCH000343,ACC100460,2026-06-25 06:38:00,os_update,MODEL0029,0
DEVCH000344,ACC100213,2026-07-26 13:26:00,os_update,MODEL0114,0
DEVCH000345,ACC100547,2026-07-24 01:14:00,os_update,MODEL0054,0
DEVCH000346,ACC100271,2026-06-16 03:40:00,sim_change,MODEL0081,0
DEVCH000347,ACC100779,2026-06-20 23:57:00,sim_change,MODEL0148,0
DEVCH000348,ACC100232,2026-07-23 09:00:00,sim_change,MODEL0091,0
DEVCH000349,ACC100660,2026-07-09 15:44:00,sim_change,MODEL0197,1
DEVCH000350,ACC100531,2026-06-03 22:30:00,sim_change,MODEL0010,1
DEVCH000351,ACC100398,2026-07-14 12:21:00,sim_change,MODEL0013,0
DEVCH000352,ACC100627,2026-07-25 21:31:00,os_update,MODEL0022,0
DEVCH000353,ACC100648,2026-06-23 18:04:00,device_change,MODEL0010,0
DEVCH000354,ACC100163,2026-07-05 21:13:00,device_change,MODEL0119,0
DEVCH000355,ACC100164,2026-07-03 22:02:00,os_update,MODEL0036,0
DEVCH000356,ACC100429,2026-07-12 12:55:00,sim_change,MODEL0196,0
DEVCH000357,ACC100449,2026-07-25 01:00:00,sim_change,MODEL0174,0
DEVCH000358,ACC100740,2026-06-17 04:36:00,sim_change,MODEL0138,0
DEVCH000359,ACC100147,2026-07-07 03:06:00,device_change,MODEL0056,0
DEVCH000360,ACC100008,2026-06-13 22:27:00,device_change,MODEL0047,0
DEVCH000361,ACC100716,2026-06-01 16:37:00,sim_change,MODEL0173,0
DEVCH000362,ACC100507,2026-07-07 08:38:00,sim_change,MODEL0022,0
DEVCH000363,ACC100455,2026-07-09 05:24:00,sim_change,MODEL0092,1
DEVCH000364,ACC100660,2026-06-22 19:49:00,sim_change,MODEL0032,1
DEVCH000365,ACC100025,2026-07-05 00:22:00,device_change,MODEL0121,0
DEVCH000366,ACC100078,2026-06-27 04:43:00,sim_change,MODEL0049,0
DEVCH000367,ACC100470,2026-07-23 02:10:00,sim_change,MODEL0020,0
DEVCH000368,ACC100040,2026-07-21 14:37:00,device_change,MODEL0122,0
DEVCH000369,ACC100563,2026-06-25 07:53:00,sim_change,MODEL0004,1
DEVCH000370,ACC100581,2026-06-30 08:45:00,sim_change,MODEL0013,0
DEVCH000371,ACC100009,2026-07-29 20:46:00,device_change,MODEL0041,0
DEVCH000372,ACC100014,2026-06-15 05:04:00,sim_change,MODEL0003,0
DEVCH000373,ACC100669,2026-07-10 01:27:00,sim_change,MODEL0095,0
DEVCH000374,ACC100148,2026-07-02 15:22:00,os_update,MODEL0161,0
DEVCH000375,ACC100093,2026-07-25 19:40:00,device_change,MODEL0127,0
DEVCH000376,ACC100404,2026-06-27 16:40:00,os_update,MODEL0004,0
DEVCH000377,ACC100289,2026-06-29 13:41:00,device_change,MODEL0191,0
DEVCH000378,ACC100707,2026-06-11 08:17:00,device_change,MODEL0038,0
DEVCH000379,ACC100527,2026-06-22 01:18:00,sim_change,MODEL0103,0
DEVCH000380,ACC100488,2026-07-08 08:09:00,device_change,MODEL0102,0
DEVCH000381,ACC100509,2026-06-28 14:35:00,os_update,MODEL0191,0
DEVCH000382,ACC100313,2026-07-26 21:23:00,sim_change,MODEL0188,0
DEVCH000383,ACC100433,2026-07-18 15:58:00,device_change,MODEL0152,0
DEVCH000384,ACC100621,2026-07-17 18:53:00,sim_change,MODEL0170,0
DEVCH000385,ACC100067,2026-06-03 08:56:00,sim_change,MODEL0062,0
DEVCH000386,ACC100161,2026-06-03 08:33:00,os_update,MODEL0182,0
DEVCH000387,ACC100662,2026-07-13 14:22:00,sim_change,MODEL0000,0
DEVCH000388,ACC100530,2026-06-23 20:23:00,device_change,MODEL0102,0
DEVCH000389,ACC100762,2026-07-22 09:06:00,sim_change,MODEL0055,0
DEVCH000390,ACC100725,2026-06-15 13:17:00,device_change,MODEL0002,0
DEVCH000391,ACC100023,2026-07-16 23:21:00,device_change,MODEL0056,0
DEVCH000392,ACC100286,2026-07-05 22:49:00,os_update,MODEL0122,0
DEVCH000393,ACC100037,2026-06-24 10:55:00,device_change,MODEL0021,0
DEVCH000394,ACC100433,2026-06-23 17:42:00,sim_change,MODEL0178,0
DEVCH000395,ACC100528,2026-07-14 22:59:00,device_change,MODEL0000,0
DEVCH000396,ACC100359,2026-07-08 07:25:00,sim_change,MODEL0093,0
DEVCH000397,ACC100083,2026-06-10 16:42:00,os_update,MODEL0053,0
DEVCH000398,ACC100296,2026-06-01 07:05:00,os_update,MODEL0001,0
DEVCH000399,ACC100021,2026-06-19 07:13:00,sim_change,MODEL0171,0
DEVCH000400,ACC100345,2026-07-21 22:43:00,os_update,MODEL0027,0
DEVCH000401,ACC100105,2026-07-16 07:28:00,device_change,MODEL0185,0
DEVCH000402,ACC100051,2026-07-08 14:38:00,device_change,MODEL0065,0
DEVCH000403,ACC100344,2026-07-27 15:53:00,sim_change,MODEL0179,0
DEVCH000404,ACC100685,2026-07-04 18:41:00,sim_change,MODEL0067,0
DEVCH000405,ACC100228,2026-06-18 23:10:00,sim_change,MODEL0133,0
DEVCH000406,ACC100114,2026-07-20 13:13:00,sim_change,MODEL0180,0
DEVCH000407,ACC100192,2026-06-19 07:46:00,sim_change,MODEL0012,0
DEVCH000408,ACC100723,2026-06-26 03:51:00,os_update,MODEL0003,0
DEVCH000409,ACC100008,2026-06-11 14:38:00,os_update,MODEL0015,0
DEVCH000410,ACC100262,2026-06-15 13:35:00,sim_change,MODEL0026,0
DEVCH000411,ACC100429,2026-06-22 16:57:00,sim_change,MODEL0153,0
DEVCH000412,ACC100575,2026-07-11 19:21:00,os_update,MODEL0094,0
DEVCH000413,ACC100714,2026-07-17 11:54:00,device_change,MODEL0000,0
DEVCH000414,ACC100457,2026-06-26 11:45:00,sim_change,MODEL0121,0
DEVCH000415,ACC100736,2026-07-26 15:51:00,device_change,MODEL0106,0
DEVCH000416,ACC100553,2026-06-20 01:59:00,os_update,MODEL0088,0
DEVCH000417,ACC100240,2026-07-10 02:58:00,os_update,MODEL0130,0
DEVCH000418,ACC100389,2026-07-17 05:55:00,os_update,MODEL0013,0
DEVCH000419,ACC100071,2026-07-01 23:26:00,sim_change,MODEL0066,0
DEVCH000420,ACC100731,2026-07-25 23:43:00,device_change,MODEL0069,0
DEVCH000421,ACC100278,2026-06-23 20:42:00,os_update,MODEL0042,0
DEVCH000422,ACC100606,2026-06-25 08:07:00,os_update,MODEL0107,0
DEVCH000423,ACC100057,2026-06-07 12:17:00,os_update,MODEL0082,0
DEVCH000424,ACC100679,2026-07-02 01:35:00,sim_change,MODEL0102,0
DEVCH000425,ACC100516,2026-07-05 03:59:00,device_change,MODEL0013,0
DEVCH000426,ACC100575,2026-06-20 12:42:00,os_update,MODEL0094,0
DEVCH000427,ACC100682,2026-06-19 23:46:00,device_change,MODEL0135,0
DEVCH000428,ACC100560,2026-06-26 11:20:00,os_update,MODEL0025,0
DEVCH000429,ACC100412,2026-06-28 19:38:00,os_update,MODEL0133,0
DEVCH000430,ACC100060,2026-07-23 13:51:00,os_update,MODEL0067,0
DEVCH000431,ACC100676,2026-06-07 12:48:00,os_update,MODEL0014,0
DEVCH000432,ACC100532,2026-06-29 05:59:00,os_update,MODEL0185,0
DEVCH000433,ACC100059,2026-07-28 17:13:00,device_change,MODEL0175,0
DEVCH000434,ACC100140,2026-06-03 01:04:00,sim_change,MODEL0142,0
DEVCH000435,ACC100715,2026-06-18 08:37:00,device_change,MODEL0065,0
DEVCH000436,ACC100571,2026-06-22 20:07:00,device_change,MODEL0128,0
DEVCH000437,ACC100431,2026-06-05 00:45:00,sim_change,MODEL0086,0
DEVCH000438,ACC100278,2026-07-08 08:33:00,device_change,MODEL0141,0
DEVCH000439,ACC100506,2026-06-16 01:49:00,os_update,MODEL0022,0
DEVCH000440,ACC100594,2026-07-01 15:01:00,device_change,MODEL0089,0
DEVCH000441,ACC100637,2026-07-21 06:40:00,device_change,MODEL0112,0
DEVCH000442,ACC100328,2026-07-01 20:12:00,sim_change,MODEL0071,0
DEVCH000443,ACC100170,2026-07-08 03:07:00,os_update,MODEL0119,0
DEVCH000444,ACC100368,2026-06-13 08:07:00,sim_change,MODEL0087,1
DEVCH000445,ACC100174,2026-07-26 07:23:00,os_update,MODEL0149,0
DEVCH000446,ACC100629,2026-06-11 21:51:00,sim_change,MODEL0019,0
DEVCH000447,ACC100653,2026-06-27 20:17:00,os_update,MODEL0169,0
DEVCH000448,ACC100082,2026-07-11 17:28:00,os_update,MODEL0088,0
DEVCH000449,ACC100292,2026-07-25 02:03:00,os_update,MODEL0062,0
DEVCH000450,ACC100449,2026-07-03 10:11:00,os_update,MODEL0161,0
DEVCH000451,ACC100326,2026-07-10 06:41:00,device_change,MODEL0190,0
DEVCH000452,ACC100721,2026-06-16 00:57:00,sim_change,MODEL0127,0
DEVCH000453,ACC100315,2026-07-15 03:16:00,device_change,MODEL0100,0
DEVCH000454,ACC100764,2026-06-02 19:50:00,sim_change,MODEL0083,0
DEVCH000455,ACC100080,2026-07-14 08:33:00,os_update,MODEL0145,0
DEVCH000456,ACC100539,2026-07-18 04:03:00,device_change,MODEL0044,0
DEVCH000457,ACC100588,2026-07-07 11:49:00,device_change,MODEL0098,0
DEVCH000458,ACC100438,2026-06-27 21:45:00,os_update,MODEL0070,0
DEVCH000459,ACC100261,2026-07-19 05:28:00,device_change,MODEL0199,0
DEVCH000460,ACC100006,2026-07-23 17:28:00,sim_change,MODEL0040,0
DEVCH000461,ACC100424,2026-06-11 00:29:00,sim_change,MODEL0105,0
DEVCH000462,ACC100349,2026-06-13 04:15:00,os_update,MODEL0178,0
DEVCH000463,ACC100626,2026-06-26 07:40:00,sim_change,MODEL0089,0
DEVCH000464,ACC100690,2026-07-04 23:44:00,device_change,MODEL0090,0
DEVCH000465,ACC100448,2026-06-30 16:50:00,sim_change,MODEL0139,0
DEVCH000466,ACC100623,2026-07-29 13:52:00,sim_change,MODEL0102,0
DEVCH000467,ACC100375,2026-06-03 08:44:00,os_update,MODEL0069,0
DEVCH000468,ACC100231,2026-06-18 02:10:00,device_change,MODEL0146,0
DEVCH000469,ACC100735,2026-06-30 06:38:00,sim_change,MODEL0147,0
DEVCH000470,ACC100229,2026-06-27 04:15:00,os_update,MODEL0104,0
DEVCH000471,ACC100209,2026-07-05 21:56:00,device_change,MODEL0157,0
DEVCH000472,ACC100325,2026-06-28 13:32:00,os_update,MODEL0183,0
DEVCH000473,ACC100310,2026-06-23 21:06:00,device_change,MODEL0140,0
DEVCH000474,ACC100537,2026-06-30 04:53:00,os_update,MODEL0137,0
DEVCH000475,ACC100779,2026-06-08 03:29:00,os_update,MODEL0075,0
DEVCH000476,ACC100416,2026-06-11 12:08:00,device_change,MODEL0127,0
DEVCH000477,ACC100469,2026-07-09 03:14:00,os_update,MODEL0085,0
DEVCH000478,ACC100289,2026-06-02 11:24:00,sim_change,MODEL0127,0
DEVCH000479,ACC100171,2026-07-04 21:55:00,os_update,MODEL0137,0
DEVCH000480,ACC100381,2026-07-10 20:44:00,device_change,MODEL0056,0
DEVCH000481,ACC100281,2026-06-01 10:26:00,sim_change,MODEL0157,0
DEVCH000482,ACC100393,2026-06-01 08:52:00,device_change,MODEL0172,0
DEVCH000483,ACC100079,2026-07-29 02:43:00,device_change,MODEL0031,0
DEVCH000484,ACC100448,2026-07-02 12:38:00,os_update,MODEL0073,0
DEVCH000485,ACC100256,2026-07-29 20:06:00,device_change,MODEL0058,0
DEVCH000486,ACC100772,2026-07-13 04:44:00,device_change,MODEL0005,0
DEVCH000487,ACC100729,2026-07-21 16:13:00,device_change,MODEL0148,0
DEVCH000488,ACC100590,2026-06-24 23:01:00,device_change,MODEL0088,0
DEVCH000489,ACC100351,2026-07-30 22:44:00,os_update,MODEL0138,0
DEVCH000490,ACC100134,2026-06-22 23:09:00,device_change,MODEL0008,0
DEVCH000491,ACC100437,2026-07-29 16:21:00,sim_change,MODEL0176,0
DEVCH000492,ACC100760,2026-06-07 00:06:00,sim_change,MODEL0157,0
DEVCH000493,ACC100588,2026-07-23 04:39:00,sim_change,MODEL0019,0
DEVCH000494,ACC100068,2026-07-24 22:54:00,os_update,MODEL0070,0
DEVCH000495,ACC100276,2026-06-27 17:25:00,device_change,MODEL0087,0
DEVCH000496,ACC100263,2026-06-16 13:44:00,device_change,MODEL0138,0
DEVCH000497,ACC100214,2026-06-30 01:03:00,os_update,MODEL0139,0
DEVCH000498,ACC100244,2026-07-25 23:10:00,device_change,MODEL0011,0
DEVCH000499,ACC100675,2026-07-24 04:16:00,sim_change,MODEL0157,0
DEVCH000500,ACC100784,2026-07-29 14:43:00,os_update,MODEL0001,0
DEVCH000501,ACC100595,2026-07-24 20:10:00,device_change,MODEL0060,0
DEVCH000502,ACC100067,2026-07-05 07:15:00,device_change,MODEL0045,0
DEVCH000503,ACC100418,2026-07-25 05:29:00,os_update,MODEL0151,0
DEVCH000504,ACC100497,2026-07-05 07:44:00,os_update,MODEL0090,0
DEVCH000505,ACC100238,2026-06-12 15:12:00,sim_change,MODEL0135,0
DEVCH000506,ACC100342,2026-07-21 03:21:00,sim_change,MODEL0066,0
DEVCH000507,ACC100053,2026-07-06 16:56:00,device_change,MODEL0186,0
DEVCH000508,ACC100370,2026-07-12 21:33:00,os_update,MODEL0052,0
DEVCH000509,ACC100002,2026-07-30 19:39:00,os_update,MODEL0109,0
DEVCH000510,ACC100054,2026-06-12 16:11:00,os_update,MODEL0105,0
DEVCH000511,ACC100415,2026-07-27 18:00:00,sim_change,MODEL0163,0
DEVCH000512,ACC100012,2026-06-08 12:29:00,device_change,MODEL0039,0
DEVCH000513,ACC100582,2026-07-08 16:31:00,sim_change,MODEL0127,0
DEVCH000514,ACC100433,2026-06-05 10:33:00,os_update,MODEL0064,0
DEVCH000515,ACC100276,2026-06-07 02:06:00,sim_change,MODEL0186,0
DEVCH000516,ACC100144,2026-06-08 05:21:00,os_update,MODEL0141,0
DEVCH000517,ACC100592,2026-07-11 03:03:00,os_update,MODEL0171,0
DEVCH000518,ACC100669,2026-07-08 19:56:00,os_update,MODEL0128,0
DEVCH000519,ACC100183,2026-06-09 03:41:00,device_change,MODEL0081,0
DEVCH000520,ACC100738,2026-06-18 03:57:00,device_change,MODEL0090,0
DEVCH000521,ACC100390,2026-06-20 12:25:00,device_change,MODEL0199,0
DEVCH000522,ACC100273,2026-07-21 04:03:00,sim_change,MODEL0142,0
DEVCH000523,ACC100382,2026-06-14 18:20:00,sim_change,MODEL0098,0
DEVCH000524,ACC100421,2026-07-22 07:40:00,os_update,MODEL0116,0
DEVCH000525,ACC100681,2026-07-12 18:30:00,device_change,MODEL0062,0
DEVCH000526,ACC100627,2026-06-13 16:08:00,sim_change,MODEL0120,0
DEVCH000527,ACC100284,2026-07-04 22:09:00,device_change,MODEL0032,0
DEVCH000528,ACC100565,2026-06-20 09:17:00,sim_change,MODEL0047,0
DEVCH000529,ACC100685,2026-07-15 15:36:00,device_change,MODEL0128,0
DEVCH000530,ACC100685,2026-07-03 17:34:00,device_change,MODEL0069,0
DEVCH000531,ACC100642,2026-07-20 07:32:00,sim_change,MODEL0153,0
DEVCH000532,ACC100019,2026-07-26 08:20:00,os_update,MODEL0052,0
DEVCH000533,ACC100015,2026-07-01 12:33:00,os_update,MODEL0012,0
DEVCH000534,ACC100027,2026-06-29 21:54:00,os_update,MODEL0199,0
DEVCH000535,ACC100639,2026-06-17 23:09:00,os_update,MODEL0123,0
DEVCH000536,ACC100207,2026-07-09 06:49:00,sim_change,MODEL0006,0
DEVCH000537,ACC100597,2026-06-18 06:49:00,device_change,MODEL0138,0
DEVCH000538,ACC100632,2026-06-13 10:09:00,device_change,MODEL0140,0
DEVCH000539,ACC100762,2026-07-12 12:05:00,sim_change,MODEL0023,0
DEVCH000540,ACC100537,2026-07-03 19:33:00,os_update,MODEL0052,0
DEVCH000541,ACC100692,2026-06-24 09:46:00,sim_change,MODEL0193,0
DEVCH000542,ACC100222,2026-07-16 07:20:00,device_change,MODEL0156,0
DEVCH000543,ACC100317,2026-06-11 22:57:00,device_change,MODEL0153,0
DEVCH000544,ACC100119,2026-07-20 16:35:00,sim_change,MODEL0193,0
DEVCH000545,ACC100424,2026-06-23 23:53:00,device_change,MODEL0132,1
DEVCH000546,ACC100452,2026-06-04 05:33:00,device_change,MODEL0019,0
DEVCH000547,ACC100690,2026-06-08 08:56:00,os_update,MODEL0011,0
DEVCH000548,ACC100411,2026-06-12 08:36:00,os_update,MODEL0091,0
DEVCH000549,ACC100785,2026-07-09 09:30:00,sim_change,MODEL0187,0
DEVCH000550,ACC100064,2026-07-22 10:03:00,sim_change,MODEL0008,0
DEVCH000551,ACC100457,2026-06-01 12:54:00,sim_change,MODEL0106,0
DEVCH000552,ACC100106,2026-06-21 13:21:00,os_update,MODEL0079,0
DEVCH000553,ACC100135,2026-06-26 09:33:00,os_update,MODEL0042,0
DEVCH000554,ACC100342,2026-06-08 15:16:00,device_change,MODEL0096,0
DEVCH000555,ACC100742,2026-07-12 03:47:00,device_change,MODEL0097,0
DEVCH000556,ACC100391,2026-06-11 02:37:00,device_change,MODEL0169,0
DEVCH000557,ACC100567,2026-06-12 11:31:00,os_update,MODEL0072,0
DEVCH000558,ACC100256,2026-07-20 06:14:00,os_update,MODEL0120,0
DEVCH000559,ACC100374,2026-07-23 11:05:00,sim_change,MODEL0053,0
DEVCH000560,ACC100585,2026-07-27 23:56:00,os_update,MODEL0181,0
DEVCH000561,ACC100252,2026-06-12 05:37:00,device_change,MODEL0178,0
DEVCH000562,ACC100319,2026-07-23 12:41:00,sim_change,MODEL0081,0
DEVCH000563,ACC100281,2026-07-27 09:56:00,os_update,MODEL0164,0
DEVCH000564,ACC100588,2026-06-11 05:22:00,sim_change,MODEL0114,0
DEVCH000565,ACC100018,2026-07-30 07:41:00,device_change,MODEL0002,0
DEVCH000566,ACC100284,2026-07-01 17:43:00,os_update,MODEL0105,0
DEVCH000567,ACC100126,2026-06-08 19:33:00,sim_change,MODEL0175,0
DEVCH000568,ACC100233,2026-07-24 00:44:00,os_update,MODEL0078,0
DEVCH000569,ACC100545,2026-07-30 13:18:00,device_change,MODEL0187,0
DEVCH000570,ACC100665,2026-07-16 20:31:00,os_update,MODEL0140,0
DEVCH000571,ACC100012,2026-07-30 13:37:00,os_update,MODEL0135,0
DEVCH000572,ACC100176,2026-06-21 13:34:00,os_update,MODEL0038,0
DEVCH000573,ACC100336,2026-07-17 04:07:00,os_update,MODEL0054,0
DEVCH000574,ACC100700,2026-06-26 11:25:00,device_change,MODEL0133,0
DEVCH000575,ACC100313,2026-06-11 17:22:00,sim_change,MODEL0188,0
DEVCH000576,ACC100369,2026-06-28 04:34:00,sim_change,MODEL0145,0
DEVCH000577,ACC100083,2026-06-16 22:33:00,device_change,MODEL0181,0
DEVCH000578,ACC100555,2026-07-23 12:00:00,os_update,MODEL0082,0
DEVCH000579,ACC100457,2026-07-28 16:30:00,sim_change,MODEL0179,0
DEVCH000580,ACC100325,2026-06-20 08:30:00,device_change,MODEL0127,0
DEVCH000581,ACC100457,2026-06-04 08:13:00,device_change,MODEL0104,0
DEVCH000582,ACC100078,2026-07-25 03:36:00,sim_change,MODEL0128,0
DEVCH000583,ACC100301,2026-06-02 16:51:00,sim_change,MODEL0087,0
DEVCH000584,ACC100557,2026-06-28 18:13:00,sim_change,MODEL0108,0
DEVCH000585,ACC100736,2026-06-17 21:54:00,device_change,MODEL0174,0
DEVCH000586,ACC100175,2026-07-14 18:24:00,os_update,MODEL0098,0
DEVCH000587,ACC100085,2026-06-14 05:52:00,device_change,MODEL0059,0
DEVCH000588,ACC100190,2026-06-24 17:51:00,os_update,MODEL0000,0
DEVCH000589,ACC100133,2026-06-01 17:18:00,device_change,MODEL0123,0
DEVCH000590,ACC100380,2026-06-22 11:20:00,os_update,MODEL0099,0
DEVCH000591,ACC100472,2026-06-05 11:20:00,device_change,MODEL0081,0
DEVCH000592,ACC100255,2026-06-23 06:51:00,os_update,MODEL0036,0
DEVCH000593,ACC100505,2026-07-04 21:44:00,os_update,MODEL0025,0
DEVCH000594,ACC100786,2026-06-25 20:13:00,device_change,MODEL0119,0
DEVCH000595,ACC100772,2026-06-16 22:02:00,os_update,MODEL0107,0
DEVCH000596,ACC100492,2026-07-08 11:04:00,device_change,MODEL0085,0
DEVCH000597,ACC100741,2026-07-26 16:07:00,os_update,MODEL0108,0
DEVCH000598,ACC100122,2026-06-01 04:16:00,os_update,MODEL0137,0
DEVCH000599,ACC100402,2026-07-05 18:00:00,device_change,MODEL0072,0
DEVCH000600,ACC100672,2026-07-15 04:19:00,device_change,MODEL0132,0
DEVCH000601,ACC100624,2026-06-08 21:13:00,os_update,MODEL0058,0
DEVCH000602,ACC100576,2026-06-15 03:34:00,device_change,MODEL0118,0
DEVCH000603,ACC100670,2026-07-20 12:32:00,device_change,MODEL0104,0
DEVCH000604,ACC100034,2026-06-02 19:02:00,device_change,MODEL0051,0
DEVCH000605,ACC100721,2026-06-03 07:24:00,os_update,MODEL0155,0
DEVCH000606,ACC100767,2026-07-12 23:51:00,os_update,MODEL0150,1
DEVCH000607,ACC100428,2026-06-01 09:18:00,sim_change,MODEL0063,0
DEVCH000608,ACC100230,2026-06-13 19:53:00,sim_change,MODEL0065,1
DEVCH000609,ACC100029,2026-07-04 06:12:00,device_change,MODEL0120,0
DEVCH000610,ACC100174,2026-07-11 22:23:00,os_update,MODEL0110,0
DEVCH000611,ACC100786,2026-06-30 07:43:00,sim_change,MODEL0067,0
DEVCH000612,ACC100344,2026-07-27 19:03:00,sim_change,MODEL0044,0
DEVCH000613,ACC100316,2026-07-05 21:55:00,sim_change,MODEL0115,0
DEVCH000614,ACC100478,2026-06-18 22:30:00,sim_change,MODEL0175,0
DEVCH000615,ACC100238,2026-06-27 06:15:00,os_update,MODEL0173,0
DEVCH000616,ACC100002,2026-07-11 11:57:00,device_change,MODEL0032,0
DEVCH000617,ACC100330,2026-07-08 03:51:00,os_update,MODEL0035,0
DEVCH000618,ACC100347,2026-07-12 03:16:00,sim_change,MODEL0079,0
DEVCH000619,ACC100289,2026-06-20 13:54:00,sim_change,MODEL0079,0
DEVCH000620,ACC100261,2026-06-10 06:42:00,sim_change,MODEL0060,0
DEVCH000621,ACC100553,2026-06-01 21:59:00,os_update,MODEL0018,0
DEVCH000622,ACC100615,2026-06-21 02:16:00,os_update,MODEL0167,0
DEVCH000623,ACC100493,2026-07-25 05:51:00,sim_change,MODEL0088,0
DEVCH000624,ACC100567,2026-06-16 06:51:00,device_change,MODEL0144,0
DEVCH000625,ACC100798,2026-07-06 14:23:00,os_update,MODEL0138,0
DEVCH000626,ACC100145,2026-06-10 07:13:00,sim_change,MODEL0081,0
DEVCH000627,ACC100398,2026-07-20 15:03:00,os_update,MODEL0131,0
DEVCH000628,ACC100362,2026-06-16 18:39:00,sim_change,MODEL0122,1
DEVCH000629,ACC100295,2026-06-13 10:01:00,sim_change,MODEL0158,1
DEVCH000630,ACC100562,2026-07-14 07:30:00,device_change,MODEL0191,0
DEVCH000631,ACC100592,2026-07-22 01:17:00,os_update,MODEL0031,0
DEVCH000632,ACC100058,2026-06-30 16:06:00,sim_change,MODEL0070,0
DEVCH000633,ACC100344,2026-06-05 01:20:00,device_change,MODEL0191,0
DEVCH000634,ACC100572,2026-07-12 12:03:00,device_change,MODEL0134,0
DEVCH000635,ACC100171,2026-06-09 16:26:00,os_update,MODEL0069,0
DEVCH000636,ACC100452,2026-07-25 00:15:00,os_update,MODEL0034,0
DEVCH000637,ACC100289,2026-06-05 14:56:00,sim_change,MODEL0152,0
DEVCH000638,ACC100130,2026-06-20 10:51:00,sim_change,MODEL0132,0
DEVCH000639,ACC100405,2026-07-12 05:30:00,sim_change,MODEL0016,0
DEVCH000640,ACC100338,2026-07-24 16:59:00,device_change,MODEL0115,0
DEVCH000641,ACC100369,2026-07-02 02:17:00,device_change,MODEL0173,0
DEVCH000642,ACC100259,2026-07-09 05:10:00,sim_change,MODEL0052,1
DEVCH000643,ACC100684,2026-06-26 09:00:00,device_change,MODEL0192,0
DEVCH000644,ACC100048,2026-06-17 21:30:00,os_update,MODEL0042,0
DEVCH000645,ACC100627,2026-06-11 15:35:00,sim_change,MODEL0008,0
DEVCH000646,ACC100727,2026-06-24 04:18:00,sim_change,MODEL0127,0
DEVCH000647,ACC100533,2026-06-24 08:11:00,sim_change,MODEL0085,0
DEVCH000648,ACC100042,2026-07-22 11:22:00,device_change,MODEL0041,0
DEVCH000649,ACC100134,2026-07-01 08:19:00,os_update,MODEL0190,0
DEVCH000650,ACC100547,2026-07-23 11:16:00,device_change,MODEL0108,0
DEVCH000651,ACC100425,2026-06-17 10:03:00,os_update,MODEL0180,0
DEVCH000652,ACC100479,2026-07-07 04:59:00,device_change,MODEL0072,0
DEVCH000653,ACC100247,2026-06-03 03:57:00,sim_change,MODEL0090,0
DEVCH000654,ACC100468,2026-06-15 17:41:00,device_change,MODEL0034,0
DEVCH000655,ACC100311,2026-07-18 16:31:00,sim_change,MODEL0109,0
DEVCH000656,ACC100675,2026-07-09 21:06:00,sim_change,MODEL0108,0
DEVCH000657,ACC100714,2026-07-06 01:44:00,os_update,MODEL0176,0
DEVCH000658,ACC100008,2026-06-01 22:03:00,device_change,MODEL0010,0
DEVCH000659,ACC100181,2026-06-15 13:13:00,sim_change,MODEL0073,0
DEVCH000660,ACC100662,2026-06-21 13:27:00,os_update,MODEL0098,0
DEVCH000661,ACC100338,2026-06-04 20:41:00,sim_change,MODEL0147,0
DEVCH000662,ACC100127,2026-06-29 10:16:00,os_update,MODEL0087,0
DEVCH000663,ACC100361,2026-07-26 15:07:00,os_update,MODEL0074,0
DEVCH000664,ACC100339,2026-07-08 22:42:00,device_change,MODEL0161,0
DEVCH000665,ACC100374,2026-06-11 03:15:00,device_change,MODEL0130,0
DEVCH000666,ACC100706,2026-06-25 08:06:00,sim_change,MODEL0113,0
DEVCH000667,ACC100357,2026-06-08 06:11:00,os_update,MODEL0025,0
DEVCH000668,ACC100195,2026-07-03 09:26:00,sim_change,MODEL0182,0
DEVCH000669,ACC100636,2026-06-22 10:46:00,device_change,MODEL0077,0
DEVCH000670,ACC100144,2026-06-11 12:42:00,os_update,MODEL0159,0
DEVCH000671,ACC100104,2026-07-25 13:36:00,device_change,MODEL0108,0
DEVCH000672,ACC100150,2026-07-01 16:21:00,device_change,MODEL0172,0
DEVCH000673,ACC100164,2026-06-21 14:46:00,device_change,MODEL0019,0
DEVCH000674,ACC100599,2026-07-14 02:57:00,os_update,MODEL0010,0
DEVCH000675,ACC100675,2026-06-05 15:13:00,device_change,MODEL0155,0
DEVCH000676,ACC100597,2026-07-29 05:21:00,device_change,MODEL0046,0
DEVCH000677,ACC100482,2026-07-06 04:57:00,os_update,MODEL0033,0
DEVCH000678,ACC100207,2026-06-28 14:07:00,os_update,MODEL0013,0
DEVCH000679,ACC100453,2026-07-28 08:36:00,os_update,MODEL0000,0
DEVCH000680,ACC100142,2026-06-02 04:32:00,sim_change,MODEL0136,0
DEVCH000681,ACC100106,2026-07-08 22:39:00,os_update,MODEL0192,0
DEVCH000682,ACC100340,2026-06-12 11:48:00,os_update,MODEL0194,0
DEVCH000683,ACC100683,2026-07-20 16:28:00,sim_change,MODEL0004,0
DEVCH000684,ACC100053,2026-06-10 18:49:00,device_change,MODEL0053,0
DEVCH000685,ACC100081,2026-07-04 02:29:00,os_update,MODEL0184,0
DEVCH000686,ACC100612,2026-06-10 21:53:00,device_change,MODEL0041,0
DEVCH000687,ACC100428,2026-06-10 08:31:00,device_change,MODEL0149,0
DEVCH000688,ACC100098,2026-06-12 00:05:00,sim_change,MODEL0028,0
DEVCH000689,ACC100724,2026-07-10 23:47:00,device_change,MODEL0005,0
DEVCH000690,ACC100269,2026-07-05 00:43:00,sim_change,MODEL0083,0
DEVCH000691,ACC100631,2026-07-21 04:53:00,device_change,MODEL0136,0
DEVCH000692,ACC100729,2026-07-29 06:12:00,os_update,MODEL0118,0
DEVCH000693,ACC100733,2026-06-29 22:03:00,device_change,MODEL0037,0
DEVCH000694,ACC100756,2026-06-11 02:40:00,sim_change,MODEL0028,0
DEVCH000695,ACC100670,2026-06-22 22:28:00,device_change,MODEL0095,0
DEVCH000696,ACC100690,2026-06-09 14:46:00,os_update,MODEL0137,0
DEVCH000697,ACC100475,2026-07-16 02:15:00,os_update,MODEL0128,0
DEVCH000698,ACC100765,2026-07-05 12:06:00,device_change,MODEL0103,0
DEVCH000699,ACC100476,2026-06-05 10:17:00,os_update,MODEL0005,0
DEVCH000700,ACC100472,2026-06-28 18:44:00,sim_change,MODEL0133,0
DEVCH000701,ACC100685,2026-06-25 05:17:00,device_change,MODEL0073,0
DEVCH000702,ACC100732,2026-07-19 05:44:00,sim_change,MODEL0110,0
DEVCH000703,ACC100515,2026-06-10 12:27:00,sim_change,MODEL0196,0
DEVCH000704,ACC100202,2026-06-14 20:27:00,sim_change,MODEL0067,0
DEVCH000705,ACC100338,2026-06-09 11:17:00,os_update,MODEL0164,0
DEVCH000706,ACC100149,2026-07-08 14:12:00,os_update,MODEL0160,0
DEVCH000707,ACC100744,2026-07-20 05:59:00,device_change,MODEL0131,0
DEVCH000708,ACC100527,2026-06-03 00:26:00,os_update,MODEL0051,0
DEVCH000709,ACC100360,2026-07-20 19:14:00,os_update,MODEL0140,1
DEVCH000710,ACC100572,2026-07-13 12:26:00,os_update,MODEL0196,0
DEVCH000711,ACC100794,2026-07-16 16:33:00,os_update,MODEL0086,0
DEVCH000712,ACC100390,2026-06-05 04:20:00,os_update,MODEL0010,0
DEVCH000713,ACC100580,2026-06-24 02:06:00,device_change,MODEL0000,0
DEVCH000714,ACC100041,2026-07-01 21:40:00,device_change,MODEL0117,0
DEVCH000715,ACC100050,2026-06-16 08:39:00,device_change,MODEL0196,0
DEVCH000716,ACC100740,2026-06-01 00:52:00,device_change,MODEL0040,0
DEVCH000717,ACC100722,2026-07-24 08:06:00,os_update,MODEL0103,0
DEVCH000718,ACC100368,2026-06-05 18:42:00,sim_change,MODEL0140,0
DEVCH000719,ACC100793,2026-07-19 14:24:00,os_update,MODEL0057,0
DEVCH000720,ACC100098,2026-07-15 15:36:00,device_change,MODEL0016,0
DEVCH000721,ACC100346,2026-07-08 02:18:00,os_update,MODEL0127,0
DEVCH000722,ACC100210,2026-06-02 11:09:00,os_update,MODEL0108,0
DEVCH000723,ACC100382,2026-07-01 13:02:00,device_change,MODEL0135,0
DEVCH000724,ACC100277,2026-06-13 09:10:00,os_update,MODEL0196,0
DEVCH000725,ACC100293,2026-07-02 21:04:00,os_update,MODEL0161,0
DEVCH000726,ACC100271,2026-06-11 14:57:00,os_update,MODEL0143,0
DEVCH000727,ACC100728,2026-07-11 11:27:00,sim_change,MODEL0054,0
DEVCH000728,ACC100786,2026-07-07 07:07:00,os_update,MODEL0162,0
DEVCH000729,ACC100133,2026-06-28 21:35:00,os_update,MODEL0116,0
DEVCH000730,ACC100290,2026-07-03 06:55:00,sim_change,MODEL0159,1
DEVCH000731,ACC100591,2026-06-30 16:15:00,device_change,MODEL0194,0
DEVCH000732,ACC100233,2026-06-27 17:05:00,os_update,MODEL0056,0
DEVCH000733,ACC100050,2026-06-11 21:57:00,device_change,MODEL0096,0
DEVCH000734,ACC100174,2026-07-22 22:38:00,sim_change,MODEL0062,0
DEVCH000735,ACC100236,2026-07-27 07:01:00,sim_change,MODEL0033,0
DEVCH000736,ACC100005,2026-06-03 00:09:00,os_update,MODEL0128,0
DEVCH000737,ACC100450,2026-07-28 08:59:00,sim_change,MODEL0041,0
DEVCH000738,ACC100555,2026-06-10 08:15:00,device_change,MODEL0181,0
DEVCH000739,ACC100674,2026-07-09 02:17:00,device_change,MODEL0088,0
DEVCH000740,ACC100167,2026-07-06 02:00:00,device_change,MODEL0188,0
DEVCH000741,ACC100686,2026-07-10 19:56:00,device_change,MODEL0064,0
DEVCH000742,ACC100185,2026-07-26 17:21:00,os_update,MODEL0134,0
DEVCH000743,ACC100785,2026-07-18 13:10:00,sim_change,MODEL0065,0
DEVCH000744,ACC100641,2026-07-16 02:41:00,os_update,MODEL0064,0
DEVCH000745,ACC100422,2026-06-23 21:16:00,os_update,MODEL0194,0
DEVCH000746,ACC100181,2026-06-18 19:22:00,os_update,MODEL0095,0
DEVCH000747,ACC100209,2026-06-29 03:46:00,sim_change,MODEL0027,0
DEVCH000748,ACC100565,2026-06-21 10:02:00,device_change,MODEL0191,0
DEVCH000749,ACC100700,2026-06-28 17:36:00,device_change,MODEL0024,0
DEVCH000750,ACC100431,2026-06-10 17:02:00,os_update,MODEL0067,0
DEVCH000751,ACC100012,2026-07-29 19:05:00,sim_change,MODEL0090,0
DEVCH000752,ACC100775,2026-07-05 15:11:00,os_update,MODEL0126,0
DEVCH000753,ACC100533,2026-06-02 06:39:00,os_update,MODEL0099,0
DEVCH000754,ACC100760,2026-06-23 12:57:00,device_change,MODEL0192,0
DEVCH000755,ACC100715,2026-06-13 18:26:00,device_change,MODEL0043,0
DEVCH000756,ACC100242,2026-07-06 02:47:00,sim_change,MODEL0096,1
DEVCH000757,ACC100661,2026-06-25 07:15:00,sim_change,MODEL0049,0
DEVCH000758,ACC100186,2026-06-14 10:28:00,device_change,MODEL0023,0
DEVCH000759,ACC100484,2026-06-01 22:49:00,sim_change,MODEL0144,1
DEVCH000760,ACC100214,2026-07-30 17:49:00,os_update,MODEL0031,0
DEVCH000761,ACC100479,2026-07-27 01:14:00,os_update,MODEL0114,0
DEVCH000762,ACC100612,2026-07-03 11:21:00,os_update,MODEL0077,0
DEVCH000763,ACC100594,2026-06-19 14:25:00,os_update,MODEL0124,0
DEVCH000764,ACC100375,2026-06-10 01:12:00,os_update,MODEL0005,0
DEVCH000765,ACC100388,2026-07-29 03:04:00,sim_change,MODEL0173,0
DEVCH000766,ACC100579,2026-06-05 06:52:00,device_change,MODEL0064,0
DEVCH000767,ACC100101,2026-06-25 21:39:00,sim_change,MODEL0117,0
DEVCH000768,ACC100648,2026-07-12 11:18:00,device_change,MODEL0064,0
DEVCH000769,ACC100179,2026-07-08 20:10:00,device_change,MODEL0105,0
DEVCH000770,ACC100305,2026-07-03 13:48:00,sim_change,MODEL0003,0
DEVCH000771,ACC100643,2026-07-08 01:36:00,device_change,MODEL0121,0
DEVCH000772,ACC100334,2026-07-09 23:25:00,sim_change,MODEL0088,0
DEVCH000773,ACC100544,2026-06-02 22:47:00,device_change,MODEL0133,0
DEVCH000774,ACC100161,2026-07-17 19:15:00,device_change,MODEL0084,0
DEVCH000775,ACC100170,2026-06-12 12:45:00,sim_change,MODEL0190,0
DEVCH000776,ACC100680,2026-06-15 16:49:00,os_update,MODEL0047,0
DEVCH000777,ACC100012,2026-06-26 16:32:00,sim_change,MODEL0102,0
DEVCH000778,ACC100507,2026-07-07 23:13:00,os_update,MODEL0042,0
DEVCH000779,ACC100529,2026-07-22 19:13:00,sim_change,MODEL0165,0
DEVCH000780,ACC100391,2026-06-12 21:31:00,sim_change,MODEL0051,0
DEVCH000781,ACC100607,2026-07-15 04:59:00,os_update,MODEL0081,0
DEVCH000782,ACC100181,2026-06-05 07:48:00,device_change,MODEL0083,0
DEVCH000783,ACC100663,2026-06-22 23:17:00,device_change,MODEL0009,0
DEVCH000784,ACC100262,2026-07-24 18:44:00,device_change,MODEL0096,0
DEVCH000785,ACC100320,2026-07-18 09:17:00,sim_change,MODEL0002,0
DEVCH000786,ACC100226,2026-06-27 22:50:00,os_update,MODEL0023,0
DEVCH000787,ACC100086,2026-06-04 05:31:00,sim_change,MODEL0030,0
DEVCH000788,ACC100354,2026-07-05 20:04:00,os_update,MODEL0143,0
DEVCH000789,ACC100646,2026-07-19 00:38:00,sim_change,MODEL0134,0
DEVCH000790,ACC100736,2026-07-22 07:53:00,device_change,MODEL0158,0
DEVCH000791,ACC100369,2026-06-16 05:13:00,sim_change,MODEL0081,0
DEVCH000792,ACC100099,2026-06-03 05:35:00,os_update,MODEL0193,0
DEVCH000793,ACC100574,2026-06-13 20:32:00,device_change,MODEL0114,0
DEVCH000794,ACC100268,2026-07-02 17:05:00,sim_change,MODEL0052,0
DEVCH000795,ACC100788,2026-06-16 14:54:00,device_change,MODEL0081,0
DEVCH000796,ACC100603,2026-06-29 03:58:00,os_update,MODEL0127,0
DEVCH000797,ACC100641,2026-06-06 01:08:00,os_update,MODEL0177,0
DEVCH000798,ACC100751,2026-07-18 12:29:00,sim_change,MODEL0047,0
DEVCH000799,ACC100792,2026-07-23 19:20:00,os_update,MODEL0062,0
DEVCH000800,ACC100327,2026-07-21 02:54:00,sim_change,MODEL0071,0
DEVCH000801,ACC100535,2026-07-21 05:52:00,device_change,MODEL0112,0
DEVCH000802,ACC100796,2026-07-13 20:59:00,os_update,MODEL0162,0
DEVCH000803,ACC100637,2026-07-21 22:31:00,os_update,MODEL0161,0
DEVCH000804,ACC100039,2026-07-04 06:09:00,os_update,MODEL0161,0
DEVCH000805,ACC100707,2026-06-22 07:52:00,sim_change,MODEL0117,0
DEVCH000806,ACC100529,2026-07-09 08:58:00,device_change,MODEL0044,0
DEVCH000807,ACC100387,2026-07-07 23:25:00,sim_change,MODEL0036,0
DEVCH000808,ACC100575,2026-07-12 06:51:00,sim_change,MODEL0179,0
DEVCH000809,ACC100255,2026-06-25 16:29:00,sim_change,MODEL0105,0
DEVCH000810,ACC100638,2026-06-05 11:18:00,sim_change,MODEL0160,0
DEVCH000811,ACC100357,2026-07-08 19:55:00,device_change,MODEL0152,0
DEVCH000812,ACC100206,2026-06-18 20:36:00,os_update,MODEL0196,0
DEVCH000813,ACC100410,2026-07-23 06:14:00,os_update,MODEL0196,0
DEVCH000814,ACC100300,2026-06-30 05:19:00,device_change,MODEL0106,0
DEVCH000815,ACC100528,2026-06-21 23:21:00,sim_change,MODEL0099,0
DEVCH000816,ACC100674,2026-07-06 09:06:00,device_change,MODEL0073,0
DEVCH000817,ACC100708,2026-07-30 05:06:00,os_update,MODEL0044,0
DEVCH000818,ACC100290,2026-07-12 07:10:00,sim_change,MODEL0139,0
DEVCH000819,ACC100671,2026-06-22 22:03:00,os_update,MODEL0147,0
DEVCH000820,ACC100196,2026-06-17 19:15:00,sim_change,MODEL0029,0
DEVCH000821,ACC100647,2026-06-21 15:37:00,sim_change,MODEL0045,0
DEVCH000822,ACC100139,2026-06-28 14:27:00,os_update,MODEL0093,0
DEVCH000823,ACC100510,2026-07-01 16:26:00,device_change,MODEL0038,0
DEVCH000824,ACC100264,2026-07-20 03:13:00,sim_change,MODEL0164,1
DEVCH000825,ACC100109,2026-07-09 22:42:00,os_update,MODEL0142,0
DEVCH000826,ACC100792,2026-06-14 04:17:00,os_update,MODEL0090,0
DEVCH000827,ACC100218,2026-07-15 17:27:00,sim_change,MODEL0151,0
DEVCH000828,ACC100581,2026-07-30 09:02:00,device_change,MODEL0074,0
DEVCH000829,ACC100325,2026-06-28 14:22:00,device_change,MODEL0120,0
DEVCH000830,ACC100244,2026-07-30 04:38:00,os_update,MODEL0126,0
DEVCH000831,ACC100319,2026-07-09 19:43:00,device_change,MODEL0083,0
DEVCH000832,ACC100092,2026-07-21 01:10:00,os_update,MODEL0132,0
DEVCH000833,ACC100386,2026-07-09 14:07:00,device_change,MODEL0051,0
DEVCH000834,ACC100595,2026-06-27 19:33:00,sim_change,MODEL0110,0
DEVCH000835,ACC100751,2026-06-13 04:46:00,device_change,MODEL0112,0
DEVCH000836,ACC100257,2026-07-18 04:04:00,device_change,MODEL0059,0
DEVCH000837,ACC100253,2026-07-02 11:51:00,os_update,MODEL0107,0
DEVCH000838,ACC100456,2026-06-22 16:14:00,os_update,MODEL0084,0
DEVCH000839,ACC100121,2026-07-01 15:02:00,device_change,MODEL0117,1
DEVCH000840,ACC100635,2026-07-04 01:47:00,os_update,MODEL0041,0
DEVCH000841,ACC100117,2026-07-09 13:59:00,os_update,MODEL0022,0
DEVCH000842,ACC100752,2026-06-19 23:35:00,sim_change,MODEL0031,0
DEVCH000843,ACC100555,2026-06-09 10:41:00,os_update,MODEL0154,0
DEVCH000844,ACC100524,2026-06-16 09:31:00,device_change,MODEL0169,0
DEVCH000845,ACC100361,2026-07-23 16:45:00,os_update,MODEL0197,0
DEVCH000846,ACC100528,2026-06-22 13:04:00,os_update,MODEL0119,0
DEVCH000847,ACC100649,2026-07-27 03:10:00,os_update,MODEL0168,0
DEVCH000848,ACC100655,2026-06-11 22:58:00,device_change,MODEL0004,0
DEVCH000849,ACC100524,2026-06-29 09:40:00,device_change,MODEL0160,0
DEVCH000850,ACC100387,2026-06-16 11:28:00,device_change,MODEL0136,0
DEVCH000851,ACC100564,2026-06-01 14:53:00,os_update,MODEL0120,0
DEVCH000852,ACC100709,2026-07-17 07:52:00,device_change,MODEL0165,0
DEVCH000853,ACC100091,2026-06-14 10:07:00,os_update,MODEL0076,0
DEVCH000854,ACC100631,2026-07-19 23:48:00,os_update,MODEL0183,0
DEVCH000855,ACC100357,2026-06-28 20:28:00,os_update,MODEL0137,0
DEVCH000856,ACC100725,2026-07-14 07:42:00,device_change,MODEL0020,0
DEVCH000857,ACC100585,2026-06-06 10:13:00,device_change,MODEL0156,0
DEVCH000858,ACC100553,2026-07-08 08:45:00,sim_change,MODEL0188,0
DEVCH000859,ACC100310,2026-06-27 00:22:00,sim_change,MODEL0075,0
DEVCH000860,ACC100605,2026-06-24 22:53:00,device_change,MODEL0177,0
DEVCH000861,ACC100576,2026-06-13 05:43:00,sim_change,MODEL0010,0
DEVCH000862,ACC100309,2026-07-09 21:11:00,sim_change,MODEL0160,0
DEVCH000863,ACC100630,2026-06-12 21:48:00,sim_change,MODEL0120,0
DEVCH000864,ACC100088,2026-06-15 08:33:00,os_update,MODEL0184,0
DEVCH000865,ACC100289,2026-06-23 21:32:00,os_update,MODEL0103,0
DEVCH000866,ACC100792,2026-06-03 11:56:00,os_update,MODEL0136,0
DEVCH000867,ACC100219,2026-06-04 05:20:00,sim_change,MODEL0113,0
DEVCH000868,ACC100450,2026-07-11 08:12:00,sim_change,MODEL0168,0
DEVCH000869,ACC100108,2026-06-08 20:53:00,device_change,MODEL0070,0
DEVCH000870,ACC100347,2026-07-06 07:51:00,os_update,MODEL0191,0
DEVCH000871,ACC100308,2026-06-25 17:04:00,os_update,MODEL0159,0
DEVCH000872,ACC100299,2026-06-15 07:30:00,sim_change,MODEL0147,0
DEVCH000873,ACC100693,2026-06-02 15:26:00,sim_change,MODEL0165,0
DEVCH000874,ACC100287,2026-07-30 02:21:00,os_update,MODEL0110,0
DEVCH000875,ACC100754,2026-07-03 16:42:00,device_change,MODEL0150,0
DEVCH000876,ACC100291,2026-06-04 10:32:00,device_change,MODEL0120,0
DEVCH000877,ACC100484,2026-07-02 19:13:00,sim_change,MODEL0000,0
DEVCH000878,ACC100081,2026-07-04 14:29:00,sim_change,MODEL0072,1
DEVCH000879,ACC100521,2026-07-13 00:24:00,sim_change,MODEL0159,0
DEVCH000880,ACC100794,2026-06-22 10:12:00,sim_change,MODEL0160,0
DEVCH000881,ACC100448,2026-07-16 10:21:00,os_update,MODEL0072,0
DEVCH000882,ACC100680,2026-07-16 00:59:00,sim_change,MODEL0191,0
DEVCH000883,ACC100408,2026-06-20 08:45:00,device_change,MODEL0190,0
DEVCH000884,ACC100599,2026-06-06 05:34:00,device_change,MODEL0198,0
DEVCH000885,ACC100605,2026-07-10 18:00:00,os_update,MODEL0064,0
DEVCH000886,ACC100766,2026-06-04 12:24:00,sim_change,MODEL0061,0
DEVCH000887,ACC100792,2026-07-05 01:15:00,os_update,MODEL0139,0
DEVCH000888,ACC100273,2026-06-03 13:05:00,device_change,MODEL0015,0
DEVCH000889,ACC100068,2026-06-12 09:08:00,os_update,MODEL0089,0
DEVCH000890,ACC100612,2026-06-03 20:30:00,device_change,MODEL0035,0
DEVCH000891,ACC100175,2026-06-20 14:39:00,sim_change,MODEL0009,0
DEVCH000892,ACC100599,2026-07-29 14:27:00,sim_change,MODEL0081,0
DEVCH000893,ACC100720,2026-07-27 11:16:00,os_update,MODEL0091,0
DEVCH000894,ACC100595,2026-06-29 07:32:00,sim_change,MODEL0007,0
DEVCH000895,ACC100280,2026-07-27 20:19:00,device_change,MODEL0004,0
DEVCH000896,ACC100161,2026-07-06 15:07:00,device_change,MODEL0162,0
DEVCH000897,ACC100192,2026-07-14 16:02:00,sim_change,MODEL0015,0
DEVCH000898,ACC100596,2026-07-08 11:10:00,sim_change,MODEL0100,0
DEVCH000899,ACC100385,2026-06-24 08:17:00,device_change,MODEL0077,0
DEVCH000900,ACC100390,2026-07-26 19:41:00,device_change,MODEL0183,0
DEVCH000901,ACC100404,2026-07-21 15:57:00,os_update,MODEL0047,0
DEVCH000902,ACC100581,2026-06-01 15:52:00,os_update,MODEL0163,0
DEVCH000903,ACC100154,2026-07-21 03:24:00,os_update,MODEL0129,0
DEVCH000904,ACC100369,2026-07-05 02:30:00,device_change,MODEL0157,0
DEVCH000905,ACC100611,2026-07-30 12:45:00,sim_change,MODEL0094,0
DEVCH000906,ACC100646,2026-06-17 04:25:00,sim_change,MODEL0058,0
DEVCH000907,ACC100558,2026-06-03 21:35:00,device_change,MODEL0122,0
DEVCH000908,ACC100020,2026-06-08 03:53:00,os_update,MODEL0192,0
DEVCH000909,ACC100453,2026-06-09 13:04:00,os_update,MODEL0197,0
DEVCH000910,ACC100003,2026-07-14 08:17:00,os_update,MODEL0048,0
DEVCH000911,ACC100528,2026-06-09 11:21:00,sim_change,MODEL0075,0
DEVCH000912,ACC100045,2026-07-19 21:59:00,sim_change,MODEL0030,0
DEVCH000913,ACC100136,2026-07-24 02:46:00,os_update,MODEL0028,0
DEVCH000914,ACC100469,2026-07-03 04:55:00,sim_change,MODEL0029,0
DEVCH000915,ACC100010,2026-07-24 11:04:00,sim_change,MODEL0037,0
DEVCH000916,ACC100347,2026-06-10 11:01:00,sim_change,MODEL0071,0
DEVCH000917,ACC100300,2026-06-24 11:46:00,sim_change,MODEL0115,0
DEVCH000918,ACC100699,2026-07-24 07:38:00,os_update,MODEL0146,0
DEVCH000919,ACC100488,2026-06-22 00:41:00,device_change,MODEL0110,0
DEVCH000920,ACC100680,2026-06-10 17:59:00,os_update,MODEL0150,0
DEVCH000921,ACC100479,2026-06-07 07:13:00,sim_change,MODEL0033,0
DEVCH000922,ACC100507,2026-06-27 21:39:00,os_update,MODEL0139,0
DEVCH000923,ACC100491,2026-07-01 06:53:00,sim_change,MODEL0071,0
DEVCH000924,ACC100277,2026-07-04 14:43:00,os_update,MODEL0176,0
DEVCH000925,ACC100766,2026-07-19 16:04:00,sim_change,MODEL0141,0
DEVCH000926,ACC100444,2026-07-07 04:12:00,device_change,MODEL0057,0
DEVCH000927,ACC100236,2026-07-17 00:45:00,sim_change,MODEL0072,0
DEVCH000928,ACC100340,2026-06-01 20:04:00,os_update,MODEL0186,0
DEVCH000929,ACC100527,2026-06-04 02:30:00,os_update,MODEL0179,0
DEVCH000930,ACC100669,2026-07-11 06:04:00,sim_change,MODEL0103,0
DEVCH000931,ACC100618,2026-07-23 03:19:00,device_change,MODEL0050,0
DEVCH000932,ACC100321,2026-07-13 06:26:00,os_update,MODEL0030,0
DEVCH000933,ACC100549,2026-07-23 06:55:00,sim_change,MODEL0007,0
DEVCH000934,ACC100466,2026-06-10 19:51:00,os_update,MODEL0156,0
DEVCH000935,ACC100779,2026-06-07 23:48:00,os_update,MODEL0030,0
DEVCH000936,ACC100729,2026-07-06 06:45:00,os_update,MODEL0077,0
DEVCH000937,ACC100673,2026-07-21 15:29:00,os_update,MODEL0145,0
DEVCH000938,ACC100439,2026-06-18 01:32:00,device_change,MODEL0049,0
DEVCH000939,ACC100678,2026-06-20 23:00:00,sim_change,MODEL0121,0
DEVCH000940,ACC100232,2026-06-11 10:35:00,device_change,MODEL0061,0
DEVCH000941,ACC100193,2026-07-21 23:26:00,device_change,MODEL0038,0
DEVCH000942,ACC100169,2026-07-22 16:03:00,os_update,MODEL0133,0
DEVCH000943,ACC100426,2026-07-02 21:36:00,os_update,MODEL0133,0
DEVCH000944,ACC100296,2026-07-27 19:01:00,device_change,MODEL0158,0
DEVCH000945,ACC100398,2026-07-06 20:17:00,device_change,MODEL0050,0
DEVCH000946,ACC100263,2026-06-03 02:10:00,sim_change,MODEL0139,0
DEVCH000947,ACC100204,2026-07-12 07:52:00,os_update,MODEL0071,0
DEVCH000948,ACC100174,2026-06-02 14:29:00,os_update,MODEL0093,0
DEVCH000949,ACC100275,2026-06-16 18:13:00,sim_change,MODEL0113,0
DEVCH000950,ACC100100,2026-07-26 22:58:00,device_change,MODEL0149,0
DEVCH000951,ACC100607,2026-07-12 14:13:00,device_change,MODEL0142,0
DEVCH000952,ACC100209,2026-06-28 13:21:00,device_change,MODEL0058,0
DEVCH000953,ACC100261,2026-07-21 12:13:00,sim_change,MODEL0072,0
DEVCH000954,ACC100412,2026-06-05 22:32:00,device_change,MODEL0073,0
DEVCH000955,ACC100439,2026-07-12 04:08:00,sim_change,MODEL0073,0
DEVCH000956,ACC100700,2026-06-29 17:15:00,device_change,MODEL0168,0
DEVCH000957,ACC100170,2026-07-24 08:07:00,sim_change,MODEL0002,0
DEVCH000958,ACC100783,2026-07-24 15:32:00,device_change,MODEL0154,0
DEVCH000959,ACC100309,2026-06-16 00:34:00,sim_change,MODEL0164,0
DEVCH000960,ACC100551,2026-06-13 23:06:00,sim_change,MODEL0149,0
DEVCH000961,ACC100743,2026-06-27 22:06:00,sim_change,MODEL0086,0
DEVCH000962,ACC100398,2026-06-22 05:12:00,device_change,MODEL0093,0
DEVCH000963,ACC100512,2026-07-06 02:01:00,device_change,MODEL0052,0
DEVCH000964,ACC100601,2026-06-14 05:58:00,device_change,MODEL0108,0
DEVCH000965,ACC100139,2026-07-14 18:33:00,sim_change,MODEL0143,0
DEVCH000966,ACC100226,2026-07-19 10:17:00,sim_change,MODEL0013,1
DEVCH000967,ACC100123,2026-06-20 15:01:00,device_change,MODEL0028,0
DEVCH000968,ACC100153,2026-06-29 06:59:00,sim_change,MODEL0189,0
DEVCH000969,ACC100357,2026-06-04 08:30:00,device_change,MODEL0081,0
DEVCH000970,ACC100043,2026-06-18 19:10:00,device_change,MODEL0144,0
DEVCH000971,ACC100410,2026-07-16 19:48:00,device_change,MODEL0141,0
DEVCH000972,ACC100002,2026-07-01 14:31:00,device_change,MODEL0162,0
DEVCH000973,ACC100766,2026-06-03 02:17:00,device_change,MODEL0042,0
DEVCH000974,ACC100363,2026-07-26 19:35:00,sim_change,MODEL0137,0
DEVCH000975,ACC100681,2026-06-15 21:58:00,device_change,MODEL0029,0
DEVCH000976,ACC100497,2026-07-19 05:49:00,os_update,MODEL0088,0
DEVCH000977,ACC100203,2026-07-01 11:10:00,sim_change,MODEL0155,0
DEVCH000978,ACC100269,2026-06-20 08:15:00,sim_change,MODEL0025,0
DEVCH000979,ACC100779,2026-07-18 21:44:00,os_update,MODEL0166,0
DEVCH000980,ACC100551,2026-07-29 01:09:00,device_change,MODEL0111,0
DEVCH000981,ACC100753,2026-06-06 21:21:00,os_update,MODEL0131,0
DEVCH000982,ACC100726,2026-07-12 01:00:00,device_change,MODEL0178,0
DEVCH000983,ACC100709,2026-06-28 08:20:00,device_change,MODEL0193,0
DEVCH000984,ACC100339,2026-07-13 09:20:00,device_change,MODEL0048,0
DEVCH000985,ACC100246,2026-07-04 12:48:00,os_update,MODEL0109,0
DEVCH000986,ACC100184,2026-07-23 15:41:00,sim_change,MODEL0176,0
DEVCH000987,ACC100558,2026-06-25 19:07:00,os_update,MODEL0199,0
DEVCH000988,ACC100694,2026-07-18 10:00:00,os_update,MODEL0060,0
DEVCH000989,ACC100093,2026-06-04 09:31:00,device_change,MODEL0115,0
DEVCH000990,ACC100671,2026-07-09 12:07:00,device_change,MODEL0075,0
DEVCH000991,ACC100306,2026-07-02 19:26:00,sim_change,MODEL0138,0
DEVCH000992,ACC100233,2026-07-03 11:37:00,device_change,MODEL0002,0
DEVCH000993,ACC100101,2026-06-05 03:21:00,sim_change,MODEL0037,0
DEVCH000994,ACC100649,2026-07-23 02:46:00,sim_change,MODEL0007,0
DEVCH000995,ACC100737,2026-06-21 15:28:00,os_update,MODEL0140,0
DEVCH000996,ACC100027,2026-07-19 02:19:00,sim_change,MODEL0151,0
DEVCH000997,ACC100398,2026-07-08 20:31:00,sim_change,MODEL0120,0
DEVCH000998,ACC100264,2026-07-01 07:23:00,sim_change,MODEL0154,0
DEVCH000999,ACC100265,2026-07-08 01:40:00,os_update,MODEL0118,0
DEVCH001000,ACC100323,2026-07-13 00:50:00,os_update,MODEL0126,0
DEVCH001001,ACC100678,2026-06-15 17:47:00,device_change,MODEL0063,0
DEVCH001002,ACC100017,2026-07-13 20:08:00,os_update,MODEL0073,0
DEVCH001003,ACC100225,2026-06-22 02:24:00,sim_change,MODEL0154,0
DEVCH001004,ACC100323,2026-07-07 00:56:00,device_change,MODEL0181,0
DEVCH001005,ACC100296,2026-07-16 06:00:00,sim_change,MODEL0041,0
DEVCH001006,ACC100116,2026-06-12 20:33:00,device_change,MODEL0147,0
DEVCH001007,ACC100028,2026-07-06 07:43:00,sim_change,MODEL0075,1
DEVCH001008,ACC100103,2026-06-14 22:01:00,sim_change,MODEL0169,1
DEVCH001009,ACC100241,2026-07-02 12:27:00,device_change,MODEL0134,0
DEVCH001010,ACC100024,2026-06-29 23:57:00,sim_change,MODEL0047,0
DEVCH001011,ACC100329,2026-06-11 23:59:00,os_update,MODEL0050,0
DEVCH001012,ACC100004,2026-07-09 21:51:00,os_update,MODEL0053,0
DEVCH001013,ACC100007,2026-06-16 17:50:00,device_change,MODEL0192,0
DEVCH001014,ACC100596,2026-06-16 15:55:00,os_update,MODEL0141,0
DEVCH001015,ACC100135,2026-06-15 09:17:00,os_update,MODEL0192,0
DEVCH001016,ACC100356,2026-06-09 03:21:00,sim_change,MODEL0061,0
DEVCH001017,ACC100143,2026-07-28 02:49:00,os_update,MODEL0027,0
DEVCH001018,ACC100186,2026-06-27 01:30:00,sim_change,MODEL0060,0
DEVCH001019,ACC100054,2026-06-06 15:16:00,sim_change,MODEL0109,0
DEVCH001020,ACC100796,2026-07-16 19:48:00,sim_change,MODEL0170,0
DEVCH001021,ACC100076,2026-06-22 06:20:00,os_update,MODEL0161,0
DEVCH001022,ACC100328,2026-06-07 19:31:00,device_change,MODEL0106,0
DEVCH001023,ACC100414,2026-07-27 12:01:00,sim_change,MODEL0016,0
DEVCH001024,ACC100512,2026-07-02 06:40:00,sim_change,MODEL0100,0
DEVCH001025,ACC100114,2026-07-07 02:15:00,os_update,MODEL0126,0
DEVCH001026,ACC100311,2026-06-20 23:52:00,sim_change,MODEL0069,0
DEVCH001027,ACC100161,2026-07-08 15:33:00,sim_change,MODEL0073,0
DEVCH001028,ACC100552,2026-06-30 03:49:00,os_update,MODEL0191,0
DEVCH001029,ACC100158,2026-06-07 05:58:00,device_change,MODEL0056,0
DEVCH001030,ACC100233,2026-06-21 23:12:00,device_change,MODEL0169,0
DEVCH001031,ACC100660,2026-06-02 16:43:00,device_change,MODEL0048,0
DEVCH001032,ACC100109,2026-07-14 18:42:00,os_update,MODEL0172,0
DEVCH001033,ACC100525,2026-07-22 13:37:00,os_update,MODEL0128,0
DEVCH001034,ACC100473,2026-07-28 12:46:00,os_update,MODEL0128,0
DEVCH001035,ACC100358,2026-06-11 08:16:00,device_change,MODEL0081,0
DEVCH001036,ACC100577,2026-07-20 09:07:00,os_update,MODEL0010,0
DEVCH001037,ACC100442,2026-06-03 20:15:00,sim_change,MODEL0066,0
DEVCH001038,ACC100711,2026-06-17 06:28:00,os_update,MODEL0117,0
DEVCH001039,ACC100510,2026-06-22 19:38:00,device_change,MODEL0023,0
DEVCH001040,ACC100706,2026-07-25 15:58:00,device_change,MODEL0134,0
DEVCH001041,ACC100310,2026-06-13 09:59:00,os_update,MODEL0133,0
DEVCH001042,ACC100740,2026-07-29 04:01:00,sim_change,MODEL0193,0
DEVCH001043,ACC100601,2026-06-10 22:49:00,os_update,MODEL0123,0
DEVCH001044,ACC100379,2026-06-25 16:26:00,os_update,MODEL0056,0
DEVCH001045,ACC100733,2026-07-21 20:52:00,os_update,MODEL0143,0
DEVCH001046,ACC100391,2026-07-06 07:02:00,device_change,MODEL0049,0
DEVCH001047,ACC100716,2026-07-29 14:22:00,device_change,MODEL0154,0
DEVCH001048,ACC100262,2026-07-17 10:42:00,device_change,MODEL0054,0
DEVCH001049,ACC100166,2026-07-21 17:28:00,device_change,MODEL0048,0
DEVCH001050,ACC100557,2026-06-09 07:58:00,sim_change,MODEL0050,0
DEVCH001051,ACC100255,2026-06-08 21:04:00,sim_change,MODEL0016,0
DEVCH001052,ACC100112,2026-06-19 18:37:00,sim_change,MODEL0019,0
DEVCH001053,ACC100555,2026-06-01 15:44:00,device_change,MODEL0066,0
DEVCH001054,ACC100750,2026-06-26 12:04:00,sim_change,MODEL0157,0
DEVCH001055,ACC100217,2026-07-20 07:16:00,sim_change,MODEL0164,0
DEVCH001056,ACC100182,2026-06-26 05:33:00,device_change,MODEL0033,0
DEVCH001057,ACC100101,2026-07-07 22:12:00,sim_change,MODEL0161,0
DEVCH001058,ACC100165,2026-06-05 23:57:00,sim_change,MODEL0125,0
DEVCH001059,ACC100638,2026-07-28 05:31:00,sim_change,MODEL0041,0
DEVCH001060,ACC100010,2026-06-30 03:03:00,os_update,MODEL0030,0
DEVCH001061,ACC100089,2026-06-01 02:21:00,os_update,MODEL0128,0
DEVCH001062,ACC100389,2026-06-12 06:17:00,device_change,MODEL0131,0
DEVCH001063,ACC100702,2026-07-28 14:10:00,sim_change,MODEL0109,0
DEVCH001064,ACC100244,2026-07-06 18:44:00,sim_change,MODEL0173,0
DEVCH001065,ACC100243,2026-07-26 02:26:00,os_update,MODEL0070,0
DEVCH001066,ACC100558,2026-07-28 18:02:00,os_update,MODEL0110,0
DEVCH001067,ACC100173,2026-07-28 08:49:00,sim_change,MODEL0153,0
DEVCH001068,ACC100566,2026-06-22 06:42:00,os_update,MODEL0047,0
DEVCH001069,ACC100180,2026-07-27 19:04:00,os_update,MODEL0042,0
DEVCH001070,ACC100444,2026-07-23 18:52:00,sim_change,MODEL0167,0
DEVCH001071,ACC100679,2026-07-15 06:47:00,sim_change,MODEL0190,0
DEVCH001072,ACC100549,2026-07-10 14:10:00,os_update,MODEL0003,0
DEVCH001073,ACC100383,2026-07-05 04:03:00,os_update,MODEL0124,0
DEVCH001074,ACC100402,2026-07-01 06:24:00,os_update,MODEL0009,0
DEVCH001075,ACC100099,2026-06-12 16:14:00,os_update,MODEL0135,0
DEVCH001076,ACC100182,2026-07-06 14:09:00,os_update,MODEL0121,0
DEVCH001077,ACC100580,2026-07-19 13:01:00,os_update,MODEL0069,0
DEVCH001078,ACC100280,2026-07-09 11:55:00,os_update,MODEL0019,0
DEVCH001079,ACC100501,2026-07-19 19:14:00,os_update,MODEL0145,0
DEVCH001080,ACC100784,2026-06-14 05:11:00,device_change,MODEL0026,0
DEVCH001081,ACC100387,2026-06-25 12:46:00,os_update,MODEL0175,0
DEVCH001082,ACC100681,2026-07-09 11:56:00,sim_change,MODEL0139,0
DEVCH001083,ACC100766,2026-07-28 00:32:00,sim_change,MODEL0148,0
DEVCH001084,ACC100406,2026-07-18 18:18:00,device_change,MODEL0186,0
DEVCH001085,ACC100418,2026-06-15 10:21:00,sim_change,MODEL0036,0
DEVCH001086,ACC100110,2026-07-06 21:06:00,device_change,MODEL0197,0
DEVCH001087,ACC100310,2026-06-18 21:41:00,os_update,MODEL0034,0
DEVCH001088,ACC100588,2026-07-14 23:01:00,os_update,MODEL0102,0
DEVCH001089,ACC100436,2026-07-23 04:49:00,sim_change,MODEL0153,0
DEVCH001090,ACC100163,2026-06-16 14:49:00,sim_change,MODEL0183,0
DEVCH001091,ACC100410,2026-07-15 12:57:00,device_change,MODEL0043,0
DEVCH001092,ACC100403,2026-07-24 13:22:00,device_change,MODEL0056,0
DEVCH001093,ACC100292,2026-07-06 12:52:00,os_update,MODEL0045,0
DEVCH001094,ACC100365,2026-07-10 14:10:00,sim_change,MODEL0144,0
DEVCH001095,ACC100344,2026-07-22 00:19:00,device_change,MODEL0064,0
DEVCH001096,ACC100544,2026-06-15 18:23:00,sim_change,MODEL0152,0
DEVCH001097,ACC100405,2026-06-20 05:48:00,sim_change,MODEL0041,0
DEVCH001098,ACC100274,2026-06-24 06:22:00,os_update,MODEL0093,0
DEVCH001099,ACC100753,2026-06-30 20:33:00,os_update,MODEL0014,0
DEVCH001100,ACC100556,2026-06-26 18:25:00,sim_change,MODEL0170,0
DEVCH001101,ACC100719,2026-06-24 17:36:00,os_update,MODEL0106,0
DEVCH001102,ACC100293,2026-06-10 23:36:00,device_change,MODEL0158,0
DEVCH001103,ACC100555,2026-06-30 01:22:00,sim_change,MODEL0006,0
DEVCH001104,ACC100469,2026-07-02 07:25:00,sim_change,MODEL0087,0
DEVCH001105,ACC100225,2026-07-24 05:19:00,device_change,MODEL0030,0
DEVCH001106,ACC100353,2026-06-24 21:02:00,sim_change,MODEL0193,0
DEVCH001107,ACC100610,2026-06-18 17:13:00,device_change,MODEL0193,0
DEVCH001108,ACC100064,2026-06-12 14:32:00,os_update,MODEL0154,0
DEVCH001109,ACC100155,2026-06-20 00:16:00,os_update,MODEL0150,0
DEVCH001110,ACC100438,2026-06-19 23:36:00,os_update,MODEL0174,0
DEVCH001111,ACC100139,2026-07-01 13:17:00,os_update,MODEL0024,0
DEVCH001112,ACC100611,2026-07-25 16:16:00,device_change,MODEL0134,0
DEVCH001113,ACC100474,2026-07-04 02:32:00,device_change,MODEL0168,0
DEVCH001114,ACC100480,2026-06-06 11:23:00,sim_change,MODEL0198,0
DEVCH001115,ACC100571,2026-07-07 22:37:00,sim_change,MODEL0042,0
DEVCH001116,ACC100307,2026-07-29 03:43:00,os_update,MODEL0011,0
DEVCH001117,ACC100560,2026-07-18 22:35:00,sim_change,MODEL0135,0
DEVCH001118,ACC100572,2026-07-12 00:47:00,device_change,MODEL0123,0
DEVCH001119,ACC100448,2026-06-27 19:21:00,os_update,MODEL0001,0
DEVCH001120,ACC100633,2026-06-24 21:25:00,os_update,MODEL0045,0
DEVCH001121,ACC100429,2026-06-05 15:27:00,os_update,MODEL0057,0
DEVCH001122,ACC100434,2026-07-16 09:41:00,sim_change,MODEL0144,1
DEVCH001123,ACC100185,2026-06-07 18:12:00,sim_change,MODEL0138,0
DEVCH001124,ACC100111,2026-06-15 17:37:00,os_update,MODEL0159,0
DEVCH001125,ACC100759,2026-06-25 06:44:00,os_update,MODEL0097,0
DEVCH001126,ACC100514,2026-07-20 05:25:00,sim_change,MODEL0088,0
DEVCH001127,ACC100331,2026-07-09 19:12:00,sim_change,MODEL0086,0
DEVCH001128,ACC100514,2026-06-03 08:48:00,device_change,MODEL0088,0
DEVCH001129,ACC100524,2026-06-16 10:40:00,sim_change,MODEL0041,0
DEVCH001130,ACC100070,2026-06-12 13:03:00,sim_change,MODEL0042,0
DEVCH001131,ACC100467,2026-07-12 20:23:00,device_change,MODEL0129,0
DEVCH001132,ACC100762,2026-07-07 10:34:00,device_change,MODEL0070,0
DEVCH001133,ACC100724,2026-07-02 03:41:00,sim_change,MODEL0143,0
DEVCH001134,ACC100654,2026-06-19 12:13:00,sim_change,MODEL0076,0
DEVCH001135,ACC100081,2026-06-01 16:37:00,os_update,MODEL0171,0
DEVCH001136,ACC100494,2026-06-03 10:39:00,sim_change,MODEL0190,0
DEVCH001137,ACC100236,2026-06-15 01:33:00,sim_change,MODEL0034,0
DEVCH001138,ACC100183,2026-06-25 12:48:00,sim_change,MODEL0145,0
DEVCH001139,ACC100107,2026-06-20 20:04:00,os_update,MODEL0038,0
DEVCH001140,ACC100462,2026-07-20 12:13:00,device_change,MODEL0089,0
DEVCH001141,ACC100240,2026-07-13 16:29:00,device_change,MODEL0174,0
DEVCH001142,ACC100646,2026-06-21 06:16:00,sim_change,MODEL0136,0
DEVCH001143,ACC100173,2026-06-09 00:25:00,device_change,MODEL0034,0
DEVCH001144,ACC100631,2026-06-25 23:22:00,sim_change,MODEL0167,0
DEVCH001145,ACC100221,2026-06-02 23:09:00,sim_change,MODEL0068,0
DEVCH001146,ACC100550,2026-07-15 04:28:00,device_change,MODEL0160,0
DEVCH001147,ACC100244,2026-06-14 07:34:00,device_change,MODEL0188,0
DEVCH001148,ACC100146,2026-06-04 12:28:00,os_update,MODEL0105,0
DEVCH001149,ACC100254,2026-06-19 01:03:00,sim_change,MODEL0105,0
DEVCH001150,ACC100427,2026-07-28 22:11:00,sim_change,MODEL0011,0
DEVCH001151,ACC100023,2026-07-14 02:31:00,os_update,MODEL0111,0
DEVCH001152,ACC100243,2026-07-01 01:21:00,os_update,MODEL0049,0
DEVCH001153,ACC100755,2026-06-30 17:38:00,os_update,MODEL0013,0
DEVCH001154,ACC100133,2026-06-01 04:12:00,sim_change,MODEL0093,0
DEVCH001155,ACC100139,2026-07-22 04:05:00,sim_change,MODEL0036,0
DEVCH001156,ACC100759,2026-06-03 15:11:00,device_change,MODEL0141,0
DEVCH001157,ACC100294,2026-06-17 12:44:00,device_change,MODEL0108,0
DEVCH001158,ACC100471,2026-07-16 13:21:00,os_update,MODEL0060,0
DEVCH001159,ACC100583,2026-07-04 03:20:00,sim_change,MODEL0146,0
DEVCH001160,ACC100626,2026-06-27 01:49:00,device_change,MODEL0046,0
DEVCH001161,ACC100364,2026-06-30 09:32:00,device_change,MODEL0134,0
DEVCH001162,ACC100379,2026-06-20 13:31:00,os_update,MODEL0081,0
DEVCH001163,ACC100421,2026-06-13 06:39:00,device_change,MODEL0163,0
DEVCH001164,ACC100555,2026-07-16 04:55:00,sim_change,MODEL0154,0
DEVCH001165,ACC100698,2026-06-06 13:30:00,os_update,MODEL0060,0
DEVCH001166,ACC100716,2026-06-02 20:27:00,sim_change,MODEL0070,0
DEVCH001167,ACC100159,2026-07-24 02:11:00,sim_change,MODEL0154,0
DEVCH001168,ACC100758,2026-06-30 11:08:00,sim_change,MODEL0037,0
DEVCH001169,ACC100200,2026-06-25 17:20:00,os_update,MODEL0063,0
DEVCH001170,ACC100280,2026-06-12 16:28:00,device_change,MODEL0106,0
DEVCH001171,ACC100283,2026-06-02 00:23:00,sim_change,MODEL0087,0
DEVCH001172,ACC100453,2026-07-11 07:35:00,device_change,MODEL0035,0
DEVCH001173,ACC100211,2026-06-06 08:42:00,os_update,MODEL0123,0
DEVCH001174,ACC100364,2026-06-03 03:13:00,sim_change,MODEL0068,0
DEVCH001175,ACC100290,2026-07-30 10:24:00,device_change,MODEL0098,0
DEVCH001176,ACC100452,2026-06-27 00:15:00,os_update,MODEL0190,0
DEVCH001177,ACC100489,2026-07-28 00:36:00,os_update,MODEL0187,0
DEVCH001178,ACC100132,2026-06-10 20:15:00,sim_change,MODEL0013,0
DEVCH001179,ACC100220,2026-07-14 18:16:00,os_update,MODEL0062,0
DEVCH001180,ACC100353,2026-06-22 20:06:00,os_update,MODEL0040,0
DEVCH001181,ACC100128,2026-07-05 22:58:00,device_change,MODEL0166,0
DEVCH001182,ACC100061,2026-06-27 22:52:00,device_change,MODEL0185,0
DEVCH001183,ACC100144,2026-06-23 02:32:00,device_change,MODEL0181,0
DEVCH001184,ACC100065,2026-06-13 15:35:00,sim_change,MODEL0188,0
DEVCH001185,ACC100438,2026-07-06 09:47:00,os_update,MODEL0095,0
DEVCH001186,ACC100647,2026-07-04 00:50:00,os_update,MODEL0006,0
DEVCH001187,ACC100160,2026-06-04 13:09:00,device_change,MODEL0026,0
DEVCH001188,ACC100781,2026-07-16 00:47:00,sim_change,MODEL0080,0
DEVCH001189,ACC100607,2026-06-25 17:36:00,sim_change,MODEL0154,0
DEVCH001190,ACC100324,2026-07-02 07:14:00,sim_change,MODEL0012,0
DEVCH001191,ACC100391,2026-07-28 09:00:00,sim_change,MODEL0022,0
DEVCH001192,ACC100787,2026-07-09 13:19:00,device_change,MODEL0170,0
DEVCH001193,ACC100035,2026-06-04 19:19:00,os_update,MODEL0019,0
DEVCH001194,ACC100508,2026-06-24 03:06:00,os_update,MODEL0131,0
DEVCH001195,ACC100166,2026-07-13 17:49:00,device_change,MODEL0026,0
DEVCH001196,ACC100247,2026-07-27 20:45:00,os_update,MODEL0006,0
DEVCH001197,ACC100677,2026-07-19 13:25:00,os_update,MODEL0098,0
DEVCH001198,ACC100722,2026-06-06 15:13:00,sim_change,MODEL0153,0
DEVCH001199,ACC100360,2026-07-12 18:03:00,device_change,MODEL0039,0
DEVCH001200,ACC100708,2026-06-16 16:48:00,sim_change,MODEL0054,0
DEVCH001201,ACC100461,2026-06-17 14:23:00,device_change,MODEL0147,0
DEVCH001202,ACC100725,2026-06-05 10:50:00,device_change,MODEL0167,0
DEVCH001203,ACC100732,2026-06-13 23:37:00,device_change,MODEL0048,0
DEVCH001204,ACC100587,2026-06-02 15:12:00,device_change,MODEL0086,0
DEVCH001205,ACC100057,2026-06-30 19:04:00,os_update,MODEL0136,0
DEVCH001206,ACC100276,2026-07-01 22:02:00,sim_change,MODEL0076,0
DEVCH001207,ACC100401,2026-07-24 18:38:00,device_change,MODEL0066,0
DEVCH001208,ACC100661,2026-06-30 16:25:00,device_change,MODEL0031,0
DEVCH001209,ACC100427,2026-06-03 20:22:00,device_change,MODEL0074,0
DEVCH001210,ACC100598,2026-06-19 23:37:00,sim_change,MODEL0075,1
DEVCH001211,ACC100091,2026-07-28 01:44:00,device_change,MODEL0170,0
DEVCH001212,ACC100689,2026-06-20 18:13:00,sim_change,MODEL0082,0
DEVCH001213,ACC100245,2026-07-16 17:13:00,os_update,MODEL0058,0
DEVCH001214,ACC100505,2026-07-12 03:08:00,os_update,MODEL0039,0
DEVCH001215,ACC100695,2026-07-06 06:16:00,sim_change,MODEL0103,0
DEVCH001216,ACC100547,2026-06-20 14:40:00,os_update,MODEL0134,0
DEVCH001217,ACC100616,2026-06-22 16:38:00,sim_change,MODEL0160,0
DEVCH001218,ACC100545,2026-06-30 01:49:00,os_update,MODEL0080,0
DEVCH001219,ACC100316,2026-06-29 07:59:00,sim_change,MODEL0165,0
DEVCH001220,ACC100349,2026-06-09 04:41:00,os_update,MODEL0062,0
DEVCH001221,ACC100766,2026-07-10 18:14:00,device_change,MODEL0026,0
DEVCH001222,ACC100442,2026-07-16 22:51:00,os_update,MODEL0076,0
DEVCH001223,ACC100410,2026-07-28 08:53:00,sim_change,MODEL0089,1
DEVCH001224,ACC100303,2026-07-17 07:35:00,sim_change,MODEL0004,0
DEVCH001225,ACC100642,2026-06-15 17:13:00,device_change,MODEL0169,0
DEVCH001226,ACC100387,2026-06-24 04:17:00,os_update,MODEL0138,0
DEVCH001227,ACC100742,2026-07-30 22:12:00,device_change,MODEL0070,0
DEVCH001228,ACC100186,2026-07-10 12:22:00,device_change,MODEL0031,0
DEVCH001229,ACC100615,2026-06-12 12:29:00,os_update,MODEL0118,0
DEVCH001230,ACC100054,2026-06-06 18:41:00,sim_change,MODEL0145,0
DEVCH001231,ACC100379,2026-06-22 00:02:00,sim_change,MODEL0160,0
DEVCH001232,ACC100779,2026-06-22 18:55:00,os_update,MODEL0197,0
DEVCH001233,ACC100033,2026-06-30 23:30:00,device_change,MODEL0199,0
DEVCH001234,ACC100105,2026-06-22 17:44:00,os_update,MODEL0005,0
DEVCH001235,ACC100422,2026-06-27 00:11:00,sim_change,MODEL0147,0
DEVCH001236,ACC100360,2026-06-04 17:09:00,os_update,MODEL0022,0
DEVCH001237,ACC100181,2026-06-10 07:51:00,device_change,MODEL0024,0
DEVCH001238,ACC100380,2026-06-01 22:45:00,os_update,MODEL0022,0
DEVCH001239,ACC100385,2026-07-22 00:32:00,device_change,MODEL0057,0
DEVCH001240,ACC100117,2026-06-27 11:47:00,sim_change,MODEL0158,0
DEVCH001241,ACC100253,2026-06-23 15:35:00,device_change,MODEL0099,0
DEVCH001242,ACC100328,2026-07-19 09:59:00,device_change,MODEL0126,0
DEVCH001243,ACC100626,2026-07-03 20:33:00,os_update,MODEL0102,0
DEVCH001244,ACC100718,2026-06-10 03:25:00,sim_change,MODEL0037,0
DEVCH001245,ACC100510,2026-06-19 19:00:00,os_update,MODEL0068,0
DEVCH001246,ACC100647,2026-07-23 00:05:00,os_update,MODEL0187,0
DEVCH001247,ACC100048,2026-06-16 21:45:00,sim_change,MODEL0170,0
DEVCH001248,ACC100469,2026-06-30 04:06:00,os_update,MODEL0028,0
DEVCH001249,ACC100398,2026-07-24 06:36:00,device_change,MODEL0185,0
DEVCH001250,ACC100618,2026-07-27 13:01:00,sim_change,MODEL0126,0
DEVCH001251,ACC100291,2026-06-12 06:22:00,sim_change,MODEL0106,0
DEVCH001252,ACC100316,2026-06-05 02:29:00,device_change,MODEL0119,0
DEVCH001253,ACC100105,2026-06-13 09:02:00,device_change,MODEL0033,0
DEVCH001254,ACC100558,2026-06-03 03:42:00,sim_change,MODEL0086,0
DEVCH001255,ACC100781,2026-07-10 13:51:00,sim_change,MODEL0140,0
DEVCH001256,ACC100440,2026-06-17 19:22:00,sim_change,MODEL0162,0
DEVCH001257,ACC100255,2026-06-04 18:04:00,device_change,MODEL0118,0
DEVCH001258,ACC100221,2026-07-21 14:04:00,os_update,MODEL0097,0
DEVCH001259,ACC100240,2026-06-21 21:35:00,os_update,MODEL0036,0
DEVCH001260,ACC100484,2026-06-27 22:37:00,os_update,MODEL0126,0
DEVCH001261,ACC100590,2026-07-04 15:50:00,os_update,MODEL0132,0
DEVCH001262,ACC100404,2026-06-28 06:20:00,sim_change,MODEL0187,0
DEVCH001263,ACC100121,2026-07-21 23:04:00,sim_change,MODEL0156,1
DEVCH001264,ACC100381,2026-06-17 21:15:00,os_update,MODEL0138,0
DEVCH001265,ACC100407,2026-06-25 04:42:00,os_update,MODEL0056,0
DEVCH001266,ACC100416,2026-06-12 02:07:00,sim_change,MODEL0069,0
DEVCH001267,ACC100110,2026-07-06 20:40:00,sim_change,MODEL0073,0
DEVCH001268,ACC100690,2026-07-05 13:36:00,sim_change,MODEL0128,0
DEVCH001269,ACC100124,2026-06-21 07:13:00,os_update,MODEL0182,0
DEVCH001270,ACC100639,2026-07-09 19:20:00,sim_change,MODEL0047,0
DEVCH001271,ACC100242,2026-07-28 03:40:00,device_change,MODEL0059,0
DEVCH001272,ACC100507,2026-07-11 01:13:00,sim_change,MODEL0103,0
DEVCH001273,ACC100051,2026-07-14 13:41:00,sim_change,MODEL0146,0
DEVCH001274,ACC100238,2026-07-05 17:02:00,device_change,MODEL0047,0
DEVCH001275,ACC100788,2026-06-02 11:45:00,device_change,MODEL0024,0
DEVCH001276,ACC100681,2026-06-05 03:19:00,sim_change,MODEL0185,0
DEVCH001277,ACC100198,2026-07-02 01:02:00,os_update,MODEL0074,0
DEVCH001278,ACC100021,2026-06-20 01:05:00,os_update,MODEL0098,0
DEVCH001279,ACC100055,2026-06-15 11:41:00,os_update,MODEL0018,0
DEVCH001280,ACC100589,2026-07-26 01:05:00,sim_change,MODEL0170,0
DEVCH001281,ACC100211,2026-06-22 22:43:00,device_change,MODEL0036,0
DEVCH001282,ACC100071,2026-06-16 05:58:00,device_change,MODEL0049,0
DEVCH001283,ACC100736,2026-06-26 23:44:00,device_change,MODEL0089,0
DEVCH001284,ACC100340,2026-07-09 07:03:00,sim_change,MODEL0185,0
DEVCH001285,ACC100360,2026-07-14 13:22:00,sim_change,MODEL0118,1
DEVCH001286,ACC100151,2026-07-26 18:25:00,device_change,MODEL0063,0
DEVCH001287,ACC100096,2026-07-21 19:43:00,device_change,MODEL0147,0
DEVCH001288,ACC100102,2026-07-13 14:59:00,os_update,MODEL0173,0
DEVCH001289,ACC100739,2026-06-02 16:37:00,device_change,MODEL0168,0
DEVCH001290,ACC100657,2026-07-20 04:27:00,sim_change,MODEL0094,1
DEVCH001291,ACC100360,2026-07-28 11:07:00,device_change,MODEL0035,1
DEVCH001292,ACC100074,2026-07-04 09:14:00,sim_change,MODEL0086,1
DEVCH001293,ACC100206,2026-06-06 03:05:00,os_update,MODEL0193,0
DEVCH001294,ACC100260,2026-06-04 04:31:00,os_update,MODEL0188,0
DEVCH001295,ACC100520,2026-06-06 17:55:00,sim_change,MODEL0023,0
DEVCH001296,ACC100141,2026-06-03 04:29:00,sim_change,MODEL0062,0
DEVCH001297,ACC100482,2026-07-05 16:43:00,sim_change,MODEL0186,0
DEVCH001298,ACC100561,2026-07-27 23:13:00,os_update,MODEL0063,0
DEVCH001299,ACC100724,2026-06-07 19:51:00,os_update,MODEL0003,0
DEVCH001300,ACC100025,2026-06-30 07:18:00,sim_change,MODEL0007,0
DEVCH001301,ACC100059,2026-06-17 01:42:00,sim_change,MODEL0101,0
DEVCH001302,ACC100230,2026-06-08 14:23:00,sim_change,MODEL0169,1
DEVCH001303,ACC100354,2026-06-05 05:35:00,os_update,MODEL0053,0
DEVCH001304,ACC100658,2026-07-03 01:40:00,os_update,MODEL0172,0
DEVCH001305,ACC100419,2026-06-09 23:20:00,os_update,MODEL0161,0
DEVCH001306,ACC100197,2026-06-05 02:39:00,os_update,MODEL0058,0
DEVCH001307,ACC100508,2026-06-10 21:37:00,os_update,MODEL0086,0
DEVCH001308,ACC100294,2026-07-13 04:49:00,sim_change,MODEL0191,0
DEVCH001309,ACC100004,2026-06-30 15:04:00,sim_change,MODEL0118,0
DEVCH001310,ACC100076,2026-07-14 00:52:00,device_change,MODEL0053,0
DEVCH001311,ACC100365,2026-07-11 15:58:00,os_update,MODEL0139,0
DEVCH001312,ACC100161,2026-07-22 16:55:00,os_update,MODEL0158,0
DEVCH001313,ACC100448,2026-07-21 20:19:00,device_change,MODEL0190,0
DEVCH001314,ACC100482,2026-06-10 01:56:00,sim_change,MODEL0027,0
DEVCH001315,ACC100179,2026-07-14 08:53:00,sim_change,MODEL0168,0
DEVCH001316,ACC100015,2026-06-05 19:00:00,device_change,MODEL0169,0
DEVCH001317,ACC100637,2026-07-18 07:48:00,sim_change,MODEL0047,0
DEVCH001318,ACC100270,2026-07-25 19:29:00,device_change,MODEL0128,0
DEVCH001319,ACC100323,2026-06-06 00:12:00,sim_change,MODEL0159,0
DEVCH001320,ACC100184,2026-07-22 05:47:00,os_update,MODEL0180,0
DEVCH001321,ACC100111,2026-06-14 23:33:00,sim_change,MODEL0060,0
DEVCH001322,ACC100212,2026-06-23 12:35:00,os_update,MODEL0193,0
DEVCH001323,ACC100653,2026-06-09 06:28:00,sim_change,MODEL0178,0
DEVCH001324,ACC100043,2026-06-01 09:10:00,os_update,MODEL0068,0
DEVCH001325,ACC100145,2026-07-24 20:03:00,os_update,MODEL0035,0
DEVCH001326,ACC100136,2026-07-14 18:56:00,os_update,MODEL0016,0
DEVCH001327,ACC100674,2026-07-23 08:16:00,sim_change,MODEL0107,0
DEVCH001328,ACC100079,2026-07-13 02:32:00,device_change,MODEL0182,0
DEVCH001329,ACC100129,2026-06-10 13:12:00,sim_change,MODEL0193,0
DEVCH001330,ACC100582,2026-06-27 10:22:00,device_change,MODEL0081,0
DEVCH001331,ACC100300,2026-06-21 10:47:00,os_update,MODEL0152,0
DEVCH001332,ACC100692,2026-07-02 17:37:00,device_change,MODEL0090,0
DEVCH001333,ACC100023,2026-06-01 17:50:00,sim_change,MODEL0186,0
DEVCH001334,ACC100057,2026-07-13 00:16:00,os_update,MODEL0102,0
DEVCH001335,ACC100369,2026-07-13 09:16:00,sim_change,MODEL0037,0
DEVCH001336,ACC100144,2026-06-26 12:24:00,device_change,MODEL0196,0
DEVCH001337,ACC100197,2026-06-03 17:48:00,os_update,MODEL0078,0
DEVCH001338,ACC100406,2026-06-13 11:16:00,sim_change,MODEL0119,0
DEVCH001339,ACC100050,2026-06-24 02:14:00,device_change,MODEL0015,0
DEVCH001340,ACC100159,2026-07-06 01:19:00,sim_change,MODEL0042,0
DEVCH001341,ACC100545,2026-06-22 11:01:00,sim_change,MODEL0153,0
DEVCH001342,ACC100332,2026-07-25 00:29:00,device_change,MODEL0078,0
DEVCH001343,ACC100271,2026-07-20 19:03:00,device_change,MODEL0033,0
DEVCH001344,ACC100306,2026-07-25 15:28:00,sim_change,MODEL0141,0
DEVCH001345,ACC100661,2026-07-07 04:00:00,os_update,MODEL0157,0
DEVCH001346,ACC100450,2026-07-28 09:04:00,sim_change,MODEL0165,0
DEVCH001347,ACC100474,2026-06-29 11:12:00,sim_change,MODEL0047,0
DEVCH001348,ACC100002,2026-06-04 07:38:00,os_update,MODEL0048,0
DEVCH001349,ACC100356,2026-06-21 04:16:00,device_change,MODEL0083,0
DEVCH001350,ACC100023,2026-07-21 21:48:00,sim_change,MODEL0146,0
DEVCH001351,ACC100186,2026-06-24 07:06:00,sim_change,MODEL0154,0
DEVCH001352,ACC100289,2026-07-27 09:39:00,sim_change,MODEL0003,0
DEVCH001353,ACC100235,2026-06-09 04:43:00,os_update,MODEL0100,0
DEVCH001354,ACC100213,2026-06-21 02:12:00,os_update,MODEL0159,0
DEVCH001355,ACC100722,2026-07-24 18:12:00,sim_change,MODEL0044,0
DEVCH001356,ACC100058,2026-06-02 02:46:00,device_change,MODEL0027,0
DEVCH001357,ACC100636,2026-06-13 23:02:00,os_update,MODEL0119,0
DEVCH001358,ACC100449,2026-07-29 02:40:00,sim_change,MODEL0156,0
DEVCH001359,ACC100343,2026-07-21 07:31:00,device_change,MODEL0176,0
DEVCH001360,ACC100255,2026-07-03 10:08:00,sim_change,MODEL0140,0
DEVCH001361,ACC100206,2026-06-03 10:49:00,os_update,MODEL0086,0
DEVCH001362,ACC100628,2026-06-27 21:24:00,sim_change,MODEL0070,0
DEVCH001363,ACC100349,2026-06-13 11:41:00,sim_change,MODEL0120,0
DEVCH001364,ACC100191,2026-07-20 12:17:00,sim_change,MODEL0191,0
DEVCH001365,ACC100448,2026-07-27 20:25:00,sim_change,MODEL0016,0
DEVCH001366,ACC100178,2026-07-09 18:27:00,device_change,MODEL0099,0
DEVCH001367,ACC100293,2026-06-13 01:54:00,sim_change,MODEL0097,0
DEVCH001368,ACC100442,2026-07-08 14:22:00,os_update,MODEL0196,0
DEVCH001369,ACC100110,2026-07-20 09:52:00,sim_change,MODEL0173,0
DEVCH001370,ACC100704,2026-07-09 17:36:00,os_update,MODEL0190,0
DEVCH001371,ACC100623,2026-07-05 14:49:00,sim_change,MODEL0129,0
DEVCH001372,ACC100082,2026-07-30 00:49:00,sim_change,MODEL0021,0
DEVCH001373,ACC100101,2026-06-03 17:36:00,device_change,MODEL0135,0
DEVCH001374,ACC100795,2026-06-07 08:08:00,sim_change,MODEL0075,0
DEVCH001375,ACC100620,2026-06-07 11:07:00,device_change,MODEL0011,0
DEVCH001376,ACC100779,2026-06-12 10:02:00,sim_change,MODEL0028,0
DEVCH001377,ACC100659,2026-06-28 11:01:00,os_update,MODEL0136,0
DEVCH001378,ACC100684,2026-06-09 03:36:00,device_change,MODEL0093,0
DEVCH001379,ACC100490,2026-07-10 14:03:00,os_update,MODEL0118,0
DEVCH001380,ACC100719,2026-06-12 12:54:00,device_change,MODEL0039,0
DEVCH001381,ACC100059,2026-06-21 19:24:00,sim_change,MODEL0153,0
DEVCH001382,ACC100165,2026-06-16 06:10:00,sim_change,MODEL0089,0
DEVCH001383,ACC100410,2026-06-24 19:47:00,os_update,MODEL0119,0
DEVCH001384,ACC100263,2026-06-08 15:38:00,os_update,MODEL0179,0
DEVCH001385,ACC100596,2026-06-12 09:20:00,os_update,MODEL0086,0
DEVCH001386,ACC100567,2026-07-05 07:28:00,device_change,MODEL0141,0
DEVCH001387,ACC100230,2026-07-27 18:01:00,os_update,MODEL0193,1
DEVCH001388,ACC100605,2026-06-14 16:26:00,os_update,MODEL0176,0
DEVCH001389,ACC100028,2026-07-04 10:12:00,device_change,MODEL0161,1
DEVCH001390,ACC100645,2026-07-10 01:54:00,sim_change,MODEL0114,0
DEVCH001391,ACC100315,2026-06-26 05:46:00,sim_change,MODEL0130,0
DEVCH001392,ACC100753,2026-07-04 08:11:00,sim_change,MODEL0025,0
DEVCH001393,ACC100176,2026-06-01 02:35:00,sim_change,MODEL0069,0
DEVCH001394,ACC100563,2026-06-10 20:42:00,device_change,MODEL0090,1
DEVCH001395,ACC100698,2026-06-18 07:30:00,os_update,MODEL0084,0
DEVCH001396,ACC100312,2026-06-30 22:32:00,os_update,MODEL0021,0
DEVCH001397,ACC100009,2026-07-29 17:22:00,sim_change,MODEL0027,0
DEVCH001398,ACC100727,2026-07-04 21:21:00,sim_change,MODEL0127,0
DEVCH001399,ACC100138,2026-07-05 10:07:00,device_change,MODEL0130,0
DEVCH001400,ACC100160,2026-07-13 07:03:00,os_update,MODEL0149,0
DEVCH001401,ACC100512,2026-06-09 19:39:00,device_change,MODEL0138,0
DEVCH001402,ACC100200,2026-07-26 12:35:00,os_update,MODEL0198,0
DEVCH001403,ACC100614,2026-06-27 18:39:00,device_change,MODEL0139,0
DEVCH001404,ACC100683,2026-06-28 07:57:00,os_update,MODEL0016,0
DEVCH001405,ACC100208,2026-06-18 12:50:00,os_update,MODEL0052,0
DEVCH001406,ACC100024,2026-07-14 13:40:00,os_update,MODEL0094,0
DEVCH001407,ACC100701,2026-06-23 10:56:00,sim_change,MODEL0109,0
DEVCH001408,ACC100403,2026-07-03 21:20:00,sim_change,MODEL0042,0
DEVCH001409,ACC100681,2026-06-12 02:15:00,device_change,MODEL0137,0
DEVCH001410,ACC100771,2026-06-19 19:14:00,sim_change,MODEL0119,0
DEVCH001411,ACC100009,2026-07-11 09:00:00,device_change,MODEL0160,0
DEVCH001412,ACC100700,2026-07-26 12:46:00,device_change,MODEL0048,0
DEVCH001413,ACC100164,2026-07-16 06:50:00,os_update,MODEL0156,0
DEVCH001414,ACC100251,2026-07-01 05:35:00,device_change,MODEL0018,0
DEVCH001415,ACC100092,2026-06-23 20:14:00,os_update,MODEL0021,0
DEVCH001416,ACC100667,2026-06-27 01:44:00,os_update,MODEL0074,0
DEVCH001417,ACC100062,2026-06-19 23:06:00,os_update,MODEL0044,0
DEVCH001418,ACC100161,2026-06-03 13:34:00,sim_change,MODEL0089,0
DEVCH001419,ACC100794,2026-06-18 17:34:00,sim_change,MODEL0073,0
DEVCH001420,ACC100495,2026-07-30 03:32:00,sim_change,MODEL0105,0
DEVCH001421,ACC100771,2026-06-24 10:29:00,os_update,MODEL0094,0
DEVCH001422,ACC100226,2026-06-28 13:21:00,sim_change,MODEL0035,0
DEVCH001423,ACC100149,2026-07-28 16:09:00,device_change,MODEL0030,0
DEVCH001424,ACC100527,2026-07-30 16:40:00,device_change,MODEL0161,0
DEVCH001425,ACC100331,2026-06-10 04:09:00,sim_change,MODEL0191,0
DEVCH001426,ACC100254,2026-06-16 04:05:00,device_change,MODEL0158,0
DEVCH001427,ACC100070,2026-07-17 00:29:00,os_update,MODEL0057,0
DEVCH001428,ACC100642,2026-06-09 06:22:00,device_change,MODEL0183,0
DEVCH001429,ACC100441,2026-07-17 07:47:00,sim_change,MODEL0056,0
DEVCH001430,ACC100203,2026-07-08 11:53:00,sim_change,MODEL0112,0
DEVCH001431,ACC100187,2026-06-20 16:58:00,os_update,MODEL0072,0
DEVCH001432,ACC100117,2026-07-21 00:08:00,sim_change,MODEL0126,0
DEVCH001433,ACC100241,2026-07-20 06:41:00,os_update,MODEL0050,0
DEVCH001434,ACC100283,2026-07-07 12:08:00,os_update,MODEL0115,0
DEVCH001435,ACC100292,2026-06-23 19:39:00,sim_change,MODEL0140,0
DEVCH001436,ACC100030,2026-07-02 00:31:00,sim_change,MODEL0005,0
DEVCH001437,ACC100117,2026-06-01 04:56:00,sim_change,MODEL0054,0
DEVCH001438,ACC100645,2026-06-03 05:11:00,os_update,MODEL0104,0
DEVCH001439,ACC100319,2026-06-27 02:21:00,sim_change,MODEL0198,0
DEVCH001440,ACC100206,2026-06-06 18:18:00,device_change,MODEL0077,0
DEVCH001441,ACC100352,2026-07-01 04:08:00,sim_change,MODEL0119,0
DEVCH001442,ACC100361,2026-06-04 02:32:00,device_change,MODEL0148,0
DEVCH001443,ACC100475,2026-06-20 12:00:00,sim_change,MODEL0172,0
DEVCH001444,ACC100787,2026-06-26 10:04:00,os_update,MODEL0133,0
DEVCH001445,ACC100770,2026-07-14 15:21:00,os_update,MODEL0049,0
DEVCH001446,ACC100279,2026-07-15 22:16:00,sim_change,MODEL0071,0
DEVCH001447,ACC100599,2026-07-27 08:24:00,device_change,MODEL0138,0
DEVCH001448,ACC100333,2026-07-05 04:21:00,sim_change,MODEL0051,0
DEVCH001449,ACC100193,2026-06-18 23:59:00,sim_change,MODEL0121,0
DEVCH001450,ACC100268,2026-06-19 16:25:00,device_change,MODEL0145,0
DEVCH001451,ACC100533,2026-07-24 18:30:00,device_change,MODEL0194,0
DEVCH001452,ACC100569,2026-06-27 14:31:00,sim_change,MODEL0159,0
DEVCH001453,ACC100125,2026-07-17 20:35:00,device_change,MODEL0138,0
DEVCH001454,ACC100239,2026-07-23 07:26:00,os_update,MODEL0055,0
DEVCH001455,ACC100600,2026-07-30 22:05:00,sim_change,MODEL0141,0
DEVCH001456,ACC100229,2026-06-23 18:44:00,os_update,MODEL0005,0
DEVCH001457,ACC100210,2026-06-05 11:42:00,os_update,MODEL0168,0
DEVCH001458,ACC100572,2026-06-14 03:54:00,sim_change,MODEL0003,0
DEVCH001459,ACC100715,2026-06-06 07:04:00,os_update,MODEL0016,0
DEVCH001460,ACC100520,2026-06-26 00:51:00,sim_change,MODEL0113,0
DEVCH001461,ACC100191,2026-06-21 01:11:00,sim_change,MODEL0060,0
DEVCH001462,ACC100127,2026-06-15 11:36:00,os_update,MODEL0092,0
DEVCH001463,ACC100211,2026-07-10 14:38:00,device_change,MODEL0180,0
DEVCH001464,ACC100393,2026-07-04 19:07:00,sim_change,MODEL0106,0
DEVCH001465,ACC100583,2026-07-22 19:51:00,device_change,MODEL0168,0
DEVCH001466,ACC100555,2026-07-04 13:41:00,os_update,MODEL0186,0
DEVCH001467,ACC100035,2026-06-14 18:51:00,os_update,MODEL0012,0
DEVCH001468,ACC100064,2026-07-24 02:29:00,device_change,MODEL0071,0
DEVCH001469,ACC100609,2026-07-24 12:09:00,device_change,MODEL0112,0
DEVCH001470,ACC100695,2026-06-19 19:12:00,device_change,MODEL0072,0
DEVCH001471,ACC100296,2026-06-20 12:39:00,os_update,MODEL0028,0
DEVCH001472,ACC100063,2026-06-27 04:22:00,device_change,MODEL0133,0
DEVCH001473,ACC100118,2026-07-29 22:11:00,os_update,MODEL0046,0
DEVCH001474,ACC100312,2026-06-08 05:01:00,device_change,MODEL0174,0
DEVCH001475,ACC100243,2026-07-06 23:08:00,sim_change,MODEL0127,0
DEVCH001476,ACC100719,2026-06-26 13:58:00,sim_change,MODEL0032,0
DEVCH001477,ACC100483,2026-06-09 23:04:00,sim_change,MODEL0061,0
DEVCH001478,ACC100073,2026-06-09 15:14:00,sim_change,MODEL0145,0
DEVCH001479,ACC100745,2026-07-12 03:51:00,os_update,MODEL0089,0
DEVCH001480,ACC100338,2026-06-06 05:13:00,device_change,MODEL0038,0
DEVCH001481,ACC100488,2026-06-11 04:16:00,device_change,MODEL0159,0
DEVCH001482,ACC100348,2026-07-29 22:51:00,device_change,MODEL0170,0
DEVCH001483,ACC100191,2026-06-30 11:31:00,sim_change,MODEL0154,0
DEVCH001484,ACC100610,2026-07-13 07:18:00,device_change,MODEL0054,0
DEVCH001485,ACC100529,2026-07-04 15:45:00,sim_change,MODEL0105,0
DEVCH001486,ACC100142,2026-07-03 19:13:00,device_change,MODEL0110,0
DEVCH001487,ACC100555,2026-07-13 21:02:00,sim_change,MODEL0127,0
DEVCH001488,ACC100193,2026-06-02 18:01:00,sim_change,MODEL0077,0
DEVCH001489,ACC100315,2026-06-20 06:28:00,device_change,MODEL0008,0
DEVCH001490,ACC100650,2026-07-07 06:58:00,sim_change,MODEL0025,0
DEVCH001491,ACC100482,2026-06-11 14:32:00,device_change,MODEL0189,0
DEVCH001492,ACC100595,2026-07-10 15:53:00,os_update,MODEL0001,0
DEVCH001493,ACC100209,2026-06-05 17:11:00,device_change,MODEL0178,0
DEVCH001494,ACC100797,2026-07-18 19:57:00,device_change,MODEL0073,0
DEVCH001495,ACC100780,2026-07-04 17:43:00,os_update,MODEL0135,0
DEVCH001496,ACC100727,2026-06-03 10:48:00,device_change,MODEL0038,0
DEVCH001497,ACC100357,2026-06-25 09:47:00,device_change,MODEL0002,0
DEVCH001498,ACC100019,2026-07-23 07:41:00,os_update,MODEL0178,0
DEVCH001499,ACC100599,2026-07-21 09:04:00,sim_change,MODEL0049,0
