transaction_id,account_id,timestamp,amount,currency,channel,counterparty_id,is_fraud
TXN000000,ACC100563,2026-06-24 12:48:00,1412.55,N$,p2p_transfer,CP00746,1
TXN000001,ACC100623,2026-06-24 08:40:00,949.71,N$,p2p_transfer,CP00387,0
TXN000002,ACC100700,2026-07-04 22:17:00,349.05,N$,merchant_payment,CP01850,0
TXN000003,ACC100748,2026-07-23 16:14:00,805.02,N$,p2p_transfer,CP01804,0
TXN000004,ACC100456,2026-07-23 20:33:00,320.76,N$,bill_payment,CP01467,0
TXN000005,ACC100552,2026-06-29 13:07:00,532.32,N$,merchant_payment,CP03864,0
TXN000006,ACC100404,2026-07-11 10:04:00,205.72,N$,merchant_payment,CP03774,0
TXN000007,ACC100241,2026-06-07 15:39:00,176.53,N$,p2p_transfer,CP01693,0
TXN000008,ACC100696,2026-06-25 07:31:00,333.44,N$,p2p_transfer,CP03730,0
TXN000009,ACC100583,2026-06-05 10:34:00,355.37,N$,p2p_transfer,CP03327,0
TXN000010,ACC100043,2026-06-21 10:51:00,729.07,N$,p2p_transfer,CP03454,0
TXN000011,ACC100152,2026-07-15 18:56:00,104.97,N$,p2p_transfer,CP02447,0
TXN000012,ACC100371,2026-06-21 18:56:00,831.73,N$,cash_out,CP03480,0
TXN000013,ACC100154,2026-06-28 02:11:00,744.14,N$,cash_out,CP00317,0
TXN000014,ACC100242,2026-07-02 19:32:00,729.51,N$,p2p_transfer,CP01798,0
TXN000015,ACC100779,2026-07-16 08:17:00,982.2,N$,p2p_transfer,CP03598,0
TXN000016,ACC100142,2026-06-17 06:36:00,74.77,N$,p2p_transfer,CP02093,0
TXN000017,ACC100614,2026-06-16 10:01:00,389.17,N$,p2p_transfer,CP00402,0
TXN000018,ACC100778,2026-07-28 22:18:00,727.61,N$,merchant_payment,CP01097,0
TXN000019,ACC100072,2026-06-05 14:33:00,107.4,N$,merchant_payment,CP03091,0
TXN000020,ACC100473,2026-06-28 00:22:00,300.18,N$,bill_payment,CP02702,0
TXN000021,ACC100051,2026-06-12 03:40:00,244.67,N$,p2p_transfer,CP03658,0
TXN000022,ACC100079,2026-07-08 08:55:00,121.69,N$,cash_out,CP00107,0
TXN000023,ACC100280,2026-06-17 02:08:00,187.21,N$,merchant_payment,CP00090,0
TXN000024,ACC100366,2026-07-19 15:53:00,665.95,N$,cash_out,CP03955,0
TXN000025,ACC100390,2026-07-05 15:46:00,953.38,N$,cash_out,CP03302,0
TXN000026,ACC100331,2026-07-13 11:58:00,657.07,N$,cash_out,CP00029,0
TXN000027,ACC100437,2026-06-24 18:01:00,230.24,N$,merchant_payment,CP00125,0
TXN000028,ACC100309,2026-07-04 03:31:00,282.63,N$,bill_payment,CP00695,0
TXN000029,ACC100272,2026-07-25 10:06:00,383.85,N$,merchant_payment,CP03573,0
TXN000030,ACC100486,2026-06-30 22:00:00,491.94,N$,p2p_transfer,CP02189,0
TXN000031,ACC100521,2026-06-19 06:32:00,329.38,N$,cash_out,CP03305,0
TXN000032,ACC100746,2026-07-04 21:04:00,207.95,N$,merchant_payment,CP01913,0
TXN000033,ACC100355,2026-07-13 09:52:00,168.88,N$,p2p_transfer,CP00852,0
TXN000034,ACC100169,2026-07-09 23:37:00,199.64,N$,bill_payment,CP01694,0
TXN000035,ACC100749,2026-06-11 15:29:00,1733.15,N$,p2p_transfer,CP01324,0
TXN000036,ACC100786,2026-07-15 22:18:00,601.39,N$,p2p_transfer,CP03272,0
TXN000037,ACC100328,2026-06-24 21:28:00,199.77,N$,merchant_payment,CP00979,0
TXN000038,ACC100781,2026-06-12 23:17:00,218.89,N$,merchant_payment,CP00298,0
TXN000039,ACC100631,2026-07-28 20:11:00,323.95,N$,merchant_payment,CP01285,0
TXN000040,ACC100561,2026-06-22 20:42:00,230.34,N$,merchant_payment,CP02457,0
TXN000041,ACC100129,2026-06-02 16:39:00,718.5,N$,bill_payment,CP01883,0
TXN000042,ACC100717,2026-06-28 12:58:00,322.12,N$,p2p_transfer,CP03566,0
TXN000043,ACC100601,2026-07-05 02:59:00,1944.81,N$,p2p_transfer,CP03530,0
TXN000044,ACC100108,2026-06-15 21:19:00,177.64,N$,merchant_payment,CP00256,0
TXN000045,ACC100510,2026-07-12 04:37:00,595.4,N$,merchant_payment,CP00893,0
TXN000046,ACC100559,2026-07-01 19:50:00,670.02,N$,merchant_payment,CP02322,0
TXN000047,ACC100072,2026-06-09 21:10:00,540.69,N$,p2p_transfer,CP01068,0
TXN000048,ACC100487,2026-07-16 04:17:00,629.78,N$,p2p_transfer,CP00559,0
TXN000049,ACC100075,2026-07-21 04:31:00,94.82,N$,merchant_payment,CP00706,0
TXN000050,ACC100060,2026-06-23 11:44:00,181.16,N$,p2p_transfer,CP01253,0
TXN000051,ACC100296,2026-06-21 03:17:00,719.92,N$,merchant_payment,CP01900,0
TXN000052,ACC100480,2026-07-02 07:00:00,1023.51,N$,merchant_payment,CP03667,0
TXN000053,ACC100326,2026-06-12 23:23:00,966.05,N$,merchant_payment,CP00449,0
TXN000054,ACC100546,2026-07-19 17:17:00,399.03,N$,merchant_payment,CP02555,0
TXN000055,ACC100320,2026-07-15 20:18:00,825.94,N$,merchant_payment,CP01266,0
TXN000056,ACC100286,2026-07-10 19:30:00,852.29,N$,cash_out,CP00155,0
TXN000057,ACC100145,2026-06-12 00:20:00,700.18,N$,merchant_payment,CP00859,0
TXN000058,ACC100646,2026-06-16 03:07:00,525.68,N$,bill_payment,CP02315,0
TXN000059,ACC100538,2026-06-07 21:58:00,142.64,N$,p2p_transfer,CP03794,0
TXN000060,ACC100258,2026-06-22 13:51:00,473.52,N$,cash_out,CP00960,0
TXN000061,ACC100162,2026-07-30 14:49:00,100.52,N$,merchant_payment,CP00081,0
TXN000062,ACC100439,2026-06-14 15:03:00,359.15,N$,p2p_transfer,CP03196,0
TXN000063,ACC100484,2026-07-24 23:16:00,1086.79,N$,p2p_transfer,CP03561,0
TXN000064,ACC100429,2026-06-04 22:46:00,251.89,N$,p2p_transfer,CP01941,0
TXN000065,ACC100492,2026-07-10 18:44:00,261.05,N$,bill_payment,CP00281,0
TXN000066,ACC100217,2026-06-21 02:23:00,381.93,N$,p2p_transfer,CP02673,0
TXN000067,ACC100493,2026-06-02 01:44:00,834.88,N$,p2p_transfer,CP03619,0
TXN000068,ACC100285,2026-07-04 07:31:00,538.3,N$,p2p_transfer,CP00425,0
TXN000069,ACC100354,2026-07-17 09:50:00,631.82,N$,p2p_transfer,CP02258,0
TXN000070,ACC100542,2026-07-20 09:26:00,418.24,N$,p2p_transfer,CP02457,0
TXN000071,ACC100712,2026-06-20 23:59:00,156.39,N$,merchant_payment,CP03570,0
TXN000072,ACC100638,2026-07-11 14:07:00,384.81,N$,merchant_payment,CP00806,0
TXN000073,ACC100401,2026-06-01 20:00:00,403.93,N$,merchant_payment,CP01072,0
TXN000074,ACC100264,2026-06-10 22:13:00,1020.58,N$,cash_out,CP00059,0
TXN000075,ACC100411,2026-06-01 08:53:00,1116.7,N$,merchant_payment,CP03290,0
TXN000076,ACC100336,2026-07-06 06:15:00,383.76,N$,cash_out,CP01156,0
TXN000077,ACC100316,2026-07-15 00:14:00,238.66,N$,p2p_transfer,CP00425,0
TXN000078,ACC100218,2026-06-30 20:02:00,1392.26,N$,merchant_payment,CP02260,0
TXN000079,ACC100383,2026-06-17 03:40:00,550.69,N$,p2p_transfer,CP03406,0
TXN000080,ACC100555,2026-07-08 10:21:00,3208.58,N$,p2p_transfer,CP02108,0
TXN000081,ACC100442,2026-07-18 13:58:00,156.83,N$,p2p_transfer,CP01111,0
TXN000082,ACC100052,2026-07-07 02:56:00,1126.76,N$,cash_out,CP01557,0
TXN000083,ACC100621,2026-07-05 03:22:00,107.18,N$,merchant_payment,CP01393,0
TXN000084,ACC100755,2026-06-08 23:54:00,883.81,N$,merchant_payment,CP01861,0
TXN000085,ACC100679,2026-07-26 03:41:00,117.97,N$,merchant_payment,CP03810,0
TXN000086,ACC100293,2026-06-09 02:04:00,330.44,N$,merchant_payment,CP00084,0
TXN000087,ACC100601,2026-06-23 15:17:00,100.79,N$,p2p_transfer,CP02580,0
TXN000088,ACC100525,2026-06-14 17:49:00,385.15,N$,p2p_transfer,CP01807,0
TXN000089,ACC100570,2026-07-17 18:37:00,93.18,N$,p2p_transfer,CP02781,0
TXN000090,ACC100209,2026-07-11 10:40:00,153.16,N$,merchant_payment,CP01400,0
TXN000091,ACC100614,2026-06-05 18:59:00,1384.16,N$,bill_payment,CP03213,0
TXN000092,ACC100731,2026-07-26 21:21:00,355.95,N$,p2p_transfer,CP01555,0
TXN000093,ACC100719,2026-06-01 11:46:00,602.72,N$,merchant_payment,CP00147,0
TXN000094,ACC100622,2026-06-27 12:25:00,163.62,N$,merchant_payment,CP03828,0
TXN000095,ACC100205,2026-07-05 12:58:00,134.11,N$,p2p_transfer,CP02427,0
TXN000096,ACC100638,2026-07-21 13:50:00,318.76,N$,merchant_payment,CP03593,0
TXN000097,ACC100243,2026-06-06 09:20:00,376.08,N$,cash_out,CP03240,0
TXN000098,ACC100557,2026-07-07 15:12:00,709.46,N$,cash_out,CP03905,0
TXN000099,ACC100497,2026-06-18 18:13:00,325.82,N$,cash_out,CP00306,0
TXN000100,ACC100301,2026-07-06 16:11:00,383.63,N$,merchant_payment,CP01392,0
TXN000101,ACC100426,2026-07-17 13:59:00,1163.2,N$,merchant_payment,CP03206,0
TXN000102,ACC100212,2026-07-05 23:43:00,1022.17,N$,p2p_transfer,CP03199,0
TXN000103,ACC100787,2026-06-08 21:50:00,97.65,N$,p2p_transfer,CP03969,0
TXN000104,ACC100532,2026-07-11 19:28:00,208.9,N$,p2p_transfer,CP00830,0
TXN000105,ACC100457,2026-06-12 21:35:00,1562.25,N$,merchant_payment,CP03917,0
TXN000106,ACC100567,2026-06-07 12:14:00,293.02,N$,p2p_transfer,CP03817,0
TXN000107,ACC100754,2026-06-02 10:47:00,525.33,N$,merchant_payment,CP00495,0
TXN000108,ACC100733,2026-07-11 06:48:00,260.36,N$,cash_out,CP00040,0
TXN000109,ACC100118,2026-06-16 01:57:00,1336.47,N$,p2p_transfer,CP03647,0
TXN000110,ACC100601,2026-07-18 18:27:00,823.57,N$,merchant_payment,CP00863,0
TXN000111,ACC100473,2026-06-26 13:08:00,508.02,N$,merchant_payment,CP02487,0
TXN000112,ACC100467,2026-06-25 03:18:00,809.9,N$,p2p_transfer,CP00687,0
TXN000113,ACC100323,2026-07-17 18:47:00,161.87,N$,p2p_transfer,CP01045,0
TXN000114,ACC100255,2026-06-28 04:05:00,1521.87,N$,p2p_transfer,CP02446,0
TXN000115,ACC100429,2026-06-13 04:00:00,119.9,N$,merchant_payment,CP00620,0
TXN000116,ACC100351,2026-07-10 01:51:00,240.65,N$,cash_out,CP01402,0
TXN000117,ACC100623,2026-06-28 17:45:00,307.26,N$,bill_payment,CP02288,0
TXN000118,ACC100499,2026-06-27 23:48:00,470.15,N$,merchant_payment,CP01074,0
TXN000119,ACC100728,2026-06-08 13:02:00,1468.64,N$,p2p_transfer,CP00415,0
TXN000120,ACC100530,2026-06-28 04:16:00,118.52,N$,merchant_payment,CP01775,0
TXN000121,ACC100424,2026-06-24 22:39:00,2682.32,N$,cash_out,CP00209,1
TXN000122,ACC100325,2026-07-12 01:30:00,1713.41,N$,p2p_transfer,CP03322,0
TXN000123,ACC100493,2026-07-14 01:34:00,329.74,N$,p2p_transfer,CP03454,0
TXN000124,ACC100721,2026-06-28 13:29:00,284.25,N$,merchant_payment,CP01096,0
TXN000125,ACC100334,2026-06-10 23:52:00,475.95,N$,cash_out,CP00630,0
TXN000126,ACC100257,2026-06-17 12:23:00,140.28,N$,bill_payment,CP01683,0
TXN000127,ACC100651,2026-07-21 22:59:00,910.53,N$,merchant_payment,CP01577,0
TXN000128,ACC100237,2026-06-13 03:02:00,1132.03,N$,p2p_transfer,CP03948,0
TXN000129,ACC100126,2026-07-30 06:57:00,1088.79,N$,merchant_payment,CP00827,0
TXN000130,ACC100168,2026-07-09 05:02:00,1798.33,N$,merchant_payment,CP01948,0
TXN000131,ACC100534,2026-06-07 18:03:00,535.85,N$,p2p_transfer,CP02428,0
TXN000132,ACC100044,2026-07-24 17:43:00,188.29,N$,cash_out,CP01804,0
TXN000133,ACC100417,2026-06-01 13:15:00,378.02,N$,p2p_transfer,CP01506,0
TXN000134,ACC100124,2026-06-12 22:18:00,706.16,N$,merchant_payment,CP00147,0
TXN000135,ACC100643,2026-06-09 15:29:00,1608.79,N$,p2p_transfer,CP03381,0
TXN000136,ACC100363,2026-07-07 09:48:00,283.39,N$,p2p_transfer,CP01879,0
TXN000137,ACC100341,2026-07-14 06:58:00,559.16,N$,p2p_transfer,CP03984,0
TXN000138,ACC100640,2026-07-23 03:12:00,539.4,N$,bill_payment,CP02266,0
TXN000139,ACC100376,2026-07-18 00:22:00,551.98,N$,merchant_payment,CP03240,0
TXN000140,ACC100053,2026-07-12 01:12:00,406.98,N$,merchant_payment,CP01237,0
TXN000141,ACC100522,2026-06-05 19:55:00,659.8,N$,merchant_payment,CP01916,0
TXN000142,ACC100098,2026-06-24 23:06:00,147.88,N$,p2p_transfer,CP00194,0
TXN000143,ACC100633,2026-07-03 21:48:00,150.85,N$,cash_out,CP03310,0
TXN000144,ACC100473,2026-06-17 13:02:00,576.91,N$,p2p_transfer,CP01044,0
TXN000145,ACC100328,2026-07-24 00:34:00,49.91,N$,cash_out,CP00895,0
TXN000146,ACC100289,2026-07-02 18:59:00,222.85,N$,p2p_transfer,CP02204,0
TXN000147,ACC100078,2026-06-20 10:29:00,400.42,N$,p2p_transfer,CP02688,0
TXN000148,ACC100145,2026-07-27 07:30:00,1271.21,N$,cash_out,CP03737,0
TXN000149,ACC100015,2026-07-18 11:35:00,388.86,N$,p2p_transfer,CP00932,0
TXN000150,ACC100154,2026-07-09 02:02:00,169.13,N$,merchant_payment,CP03040,0
TXN000151,ACC100551,2026-07-08 18:08:00,43.69,N$,merchant_payment,CP02982,0
TXN000152,ACC100370,2026-06-09 06:34:00,601.38,N$,merchant_payment,CP00371,0
TXN000153,ACC100000,2026-07-11 06:38:00,250.69,N$,merchant_payment,CP03955,0
TXN000154,ACC100304,2026-06-25 17:47:00,438.79,N$,bill_payment,CP01521,0
TXN000155,ACC100466,2026-06-21 03:42:00,367.27,N$,p2p_transfer,CP00260,0
TXN000156,ACC100607,2026-07-05 01:46:00,790.78,N$,p2p_transfer,CP03641,0
TXN000157,ACC100125,2026-07-02 07:33:00,408.13,N$,p2p_transfer,CP03195,0
TXN000158,ACC100073,2026-07-26 22:31:00,667.77,N$,p2p_transfer,CP02459,0
TXN000159,ACC100123,2026-07-08 09:31:00,234.07,N$,p2p_transfer,CP03944,0
TXN000160,ACC100508,2026-07-12 00:31:00,263.77,N$,bill_payment,CP03563,0
TXN000161,ACC100448,2026-06-11 23:32:00,391.57,N$,merchant_payment,CP02727,0
TXN000162,ACC100573,2026-06-14 06:40:00,991.04,N$,p2p_transfer,CP00476,0
TXN000163,ACC100176,2026-06-17 18:42:00,1445.17,N$,merchant_payment,CP01296,0
TXN000164,ACC100741,2026-07-13 10:42:00,366.4,N$,cash_out,CP02721,0
TXN000165,ACC100673,2026-06-24 08:48:00,378.18,N$,bill_payment,CP00217,0
TXN000166,ACC100244,2026-06-26 00:44:00,241.8,N$,p2p_transfer,CP03437,0
TXN000167,ACC100784,2026-07-08 16:08:00,867.15,N$,p2p_transfer,CP00256,0
TXN000168,ACC100205,2026-07-01 03:11:00,393.67,N$,p2p_transfer,CP01564,0
TXN000169,ACC100440,2026-07-18 00:15:00,183.78,N$,p2p_transfer,CP03877,0
TXN000170,ACC100551,2026-06-09 09:27:00,234.75,N$,p2p_transfer,CP01957,0
TXN000171,ACC100747,2026-06-18 22:00:00,701.63,N$,merchant_payment,CP02150,0
TXN000172,ACC100206,2026-06-06 06:36:00,510.6,N$,p2p_transfer,CP01668,0
TXN000173,ACC100618,2026-06-30 21:38:00,361.72,N$,p2p_transfer,CP03757,0
TXN000174,ACC100193,2026-06-19 04:01:00,418.26,N$,p2p_transfer,CP00960,0
TXN000175,ACC100154,2026-07-20 08:57:00,302.46,N$,p2p_transfer,CP00601,0
TXN000176,ACC100781,2026-07-19 15:57:00,229.39,N$,merchant_payment,CP03621,0
TXN000177,ACC100710,2026-07-23 05:18:00,474.55,N$,merchant_payment,CP02562,0
TXN000178,ACC100026,2026-07-19 12:10:00,383.83,N$,bill_payment,CP01055,0
TXN000179,ACC100740,2026-07-19 06:57:00,727.25,N$,cash_out,CP02127,0
TXN000180,ACC100163,2026-07-11 23:11:00,660.82,N$,merchant_payment,CP01815,0
TXN000181,ACC100458,2026-06-23 04:25:00,119.0,N$,p2p_transfer,CP00224,0
TXN000182,ACC100516,2026-06-06 04:17:00,2787.16,N$,merchant_payment,CP03213,0
TXN000183,ACC100664,2026-07-27 02:06:00,488.89,N$,p2p_transfer,CP02968,0
TXN000184,ACC100320,2026-06-10 11:22:00,1129.37,N$,p2p_transfer,CP00301,0
TXN000185,ACC100072,2026-06-06 12:27:00,376.41,N$,p2p_transfer,CP02012,0
TXN000186,ACC100146,2026-07-13 01:05:00,375.66,N$,cash_out,CP02751,0
TXN000187,ACC100089,2026-07-28 13:40:00,298.37,N$,bill_payment,CP03500,0
TXN000188,ACC100047,2026-07-15 14:42:00,561.53,N$,p2p_transfer,CP03230,0
TXN000189,ACC100522,2026-06-29 03:08:00,257.97,N$,p2p_transfer,CP00946,0
TXN000190,ACC100193,2026-06-03 17:44:00,619.62,N$,merchant_payment,CP01937,0
TXN000191,ACC100562,2026-06-04 16:59:00,195.98,N$,p2p_transfer,CP03620,0
TXN000192,ACC100498,2026-07-14 07:39:00,472.91,N$,merchant_payment,CP01596,0
TXN000193,ACC100212,2026-06-04 23:08:00,844.23,N$,p2p_transfer,CP00841,0
TXN000194,ACC100545,2026-07-20 06:03:00,517.58,N$,p2p_transfer,CP02618,0
TXN000195,ACC100012,2026-07-02 01:33:00,726.1,N$,cash_out,CP02789,0
TXN000196,ACC100303,2026-06-18 03:56:00,1510.45,N$,merchant_payment,CP01299,0
TXN000197,ACC100130,2026-07-27 21:51:00,321.08,N$,p2p_transfer,CP03966,0
TXN000198,ACC100102,2026-06-06 04:55:00,632.85,N$,cash_out,CP03789,0
TXN000199,ACC100177,2026-06-06 16:10:00,202.23,N$,p2p_transfer,CP00715,0
TXN000200,ACC100110,2026-06-02 05:03:00,699.28,N$,cash_out,CP02317,0
TXN000201,ACC100669,2026-07-08 04:23:00,151.17,N$,p2p_transfer,CP03896,0
TXN000202,ACC100282,2026-07-14 17:39:00,366.61,N$,p2p_transfer,CP02636,0
TXN000203,ACC100697,2026-06-27 19:45:00,189.74,N$,cash_out,CP01594,0
TXN000204,ACC100795,2026-07-28 05:27:00,562.67,N$,merchant_payment,CP00059,0
TXN000205,ACC100791,2026-07-20 17:58:00,214.64,N$,merchant_payment,CP01868,0
TXN000206,ACC100324,2026-07-12 13:18:00,851.54,N$,bill_payment,CP02073,0
TXN000207,ACC100488,2026-06-03 19:25:00,122.33,N$,merchant_payment,CP00035,0
TXN000208,ACC100732,2026-07-02 20:41:00,886.72,N$,merchant_payment,CP00291,0
TXN000209,ACC100299,2026-07-13 03:24:00,1064.14,N$,p2p_transfer,CP03717,0
TXN000210,ACC100700,2026-06-01 17:39:00,601.56,N$,bill_payment,CP00743,0
TXN000211,ACC100573,2026-06-22 09:44:00,318.02,N$,bill_payment,CP01742,0
TXN000212,ACC100391,2026-06-11 20:04:00,381.49,N$,p2p_transfer,CP01133,0
TXN000213,ACC100051,2026-07-23 01:20:00,501.77,N$,bill_payment,CP02449,0
TXN000214,ACC100451,2026-07-18 23:22:00,2709.89,N$,p2p_transfer,CP03953,0
TXN000215,ACC100761,2026-06-12 05:55:00,1568.2,N$,p2p_transfer,CP02959,0
TXN000216,ACC100035,2026-07-24 04:54:00,5910.56,N$,merchant_payment,CP01036,0
TXN000217,ACC100475,2026-07-09 04:05:00,329.85,N$,merchant_payment,CP00044,0
TXN000218,ACC100727,2026-06-08 12:17:00,337.15,N$,bill_payment,CP01540,0
TXN000219,ACC100085,2026-07-02 22:02:00,310.96,N$,p2p_transfer,CP00204,0
TXN000220,ACC100395,2026-06-19 11:12:00,375.62,N$,merchant_payment,CP02645,0
TXN000221,ACC100659,2026-07-11 16:25:00,205.27,N$,merchant_payment,CP02618,0
TXN000222,ACC100487,2026-07-09 14:45:00,317.42,N$,merchant_payment,CP03137,0
TXN000223,ACC100568,2026-06-23 22:11:00,874.46,N$,cash_out,CP01905,0
TXN000224,ACC100798,2026-06-13 22:36:00,141.01,N$,merchant_payment,CP00637,0
TXN000225,ACC100005,2026-07-11 02:24:00,396.38,N$,merchant_payment,CP00355,0
TXN000226,ACC100223,2026-07-08 22:29:00,966.24,N$,merchant_payment,CP00076,0
TXN000227,ACC100140,2026-07-26 21:05:00,1097.54,N$,merchant_payment,CP03570,0
TXN000228,ACC100685,2026-06-12 02:43:00,405.09,N$,merchant_payment,CP00817,0
TXN000229,ACC100136,2026-06-01 23:05:00,153.55,N$,merchant_payment,CP03631,0
TXN000230,ACC100641,2026-07-13 02:22:00,1019.26,N$,merchant_payment,CP02358,0
TXN000231,ACC100729,2026-06-08 21:08:00,251.87,N$,p2p_transfer,CP01153,0
TXN000232,ACC100416,2026-06-14 22:31:00,932.81,N$,p2p_transfer,CP00121,0
TXN000233,ACC100215,2026-07-12 12:18:00,311.74,N$,merchant_payment,CP01794,0
TXN000234,ACC100378,2026-06-05 17:18:00,449.38,N$,p2p_transfer,CP00543,0
TXN000235,ACC100376,2026-07-14 18:53:00,376.88,N$,p2p_transfer,CP03751,0
TXN000236,ACC100490,2026-06-13 18:12:00,651.12,N$,p2p_transfer,CP00003,0
TXN000237,ACC100026,2026-06-19 07:36:00,1126.5,N$,p2p_transfer,CP03965,0
TXN000238,ACC100478,2026-06-24 12:53:00,463.24,N$,cash_out,CP01548,0
TXN000239,ACC100176,2026-06-15 08:34:00,489.79,N$,merchant_payment,CP02773,0
TXN000240,ACC100320,2026-07-25 13:16:00,274.07,N$,p2p_transfer,CP01918,0
TXN000241,ACC100449,2026-06-17 21:26:00,678.53,N$,p2p_transfer,CP01354,0
TXN000242,ACC100696,2026-07-21 15:03:00,321.49,N$,p2p_transfer,CP01150,0
TXN000243,ACC100042,2026-06-11 02:55:00,154.64,N$,p2p_transfer,CP02277,0
TXN000244,ACC100492,2026-06-10 13:41:00,1432.27,N$,p2p_transfer,CP01213,0
TXN000245,ACC100330,2026-07-04 02:51:00,411.52,N$,p2p_transfer,CP02212,0
TXN000246,ACC100288,2026-07-02 18:04:00,627.61,N$,cash_out,CP00210,0
TXN000247,ACC100131,2026-06-25 06:00:00,236.35,N$,p2p_transfer,CP02593,0
TXN000248,ACC100711,2026-06-05 21:13:00,1540.48,N$,cash_out,CP02294,0
TXN000249,ACC100796,2026-06-02 15:06:00,681.8,N$,p2p_transfer,CP00078,0
TXN000250,ACC100162,2026-07-17 07:20:00,287.98,N$,cash_out,CP00725,0
TXN000251,ACC100693,2026-06-05 00:25:00,394.96,N$,merchant_payment,CP03690,0
TXN000252,ACC100131,2026-07-12 16:26:00,1007.61,N$,cash_out,CP02958,0
TXN000253,ACC100054,2026-06-25 05:03:00,431.09,N$,p2p_transfer,CP01628,0
TXN000254,ACC100281,2026-06-30 13:05:00,632.72,N$,merchant_payment,CP00497,0
TXN000255,ACC100106,2026-07-25 01:11:00,1409.31,N$,cash_out,CP00909,0
TXN000256,ACC100702,2026-06-09 23:52:00,2333.15,N$,bill_payment,CP00271,0
TXN000257,ACC100166,2026-06-22 01:36:00,242.32,N$,merchant_payment,CP00103,0
TXN000258,ACC100363,2026-07-21 05:57:00,3845.95,N$,cash_out,CP03854,0
TXN000259,ACC100481,2026-06-12 03:05:00,238.1,N$,p2p_transfer,CP01671,0
TXN000260,ACC100673,2026-07-23 13:05:00,210.6,N$,merchant_payment,CP01007,0
TXN000261,ACC100516,2026-06-08 14:19:00,448.82,N$,p2p_transfer,CP03407,0
TXN000262,ACC100587,2026-06-04 02:41:00,147.35,N$,merchant_payment,CP00768,0
TXN000263,ACC100711,2026-06-22 10:43:00,77.03,N$,merchant_payment,CP02231,0
TXN000264,ACC100598,2026-07-19 19:44:00,1967.64,N$,p2p_transfer,CP02819,1
TXN000265,ACC100540,2026-07-16 14:05:00,318.86,N$,bill_payment,CP02476,0
TXN000266,ACC100735,2026-06-24 11:27:00,1256.18,N$,merchant_payment,CP00828,0
TXN000267,ACC100098,2026-07-03 12:12:00,225.59,N$,cash_out,CP02747,0
TXN000268,ACC100508,2026-07-11 02:17:00,176.34,N$,p2p_transfer,CP02830,0
TXN000269,ACC100714,2026-07-16 13:22:00,513.94,N$,p2p_transfer,CP00788,0
TXN000270,ACC100602,2026-06-08 09:56:00,205.35,N$,p2p_transfer,CP02701,0
TXN000271,ACC100728,2026-07-25 07:13:00,1145.86,N$,bill_payment,CP03278,0
TXN000272,ACC100663,2026-06-06 01:08:00,375.57,N$,p2p_transfer,CP03757,0
TXN000273,ACC100186,2026-07-23 19:37:00,169.46,N$,merchant_payment,CP01666,0
TXN000274,ACC100053,2026-07-17 17:44:00,219.78,N$,cash_out,CP03809,0
TXN000275,ACC100110,2026-06-11 23:03:00,47.0,N$,bill_payment,CP00019,0
TXN000276,ACC100493,2026-06-28 03:38:00,611.73,N$,cash_out,CP00449,0
TXN000277,ACC100167,2026-06-03 08:28:00,346.19,N$,p2p_transfer,CP03705,0
TXN000278,ACC100044,2026-06-03 19:54:00,371.56,N$,merchant_payment,CP03514,0
TXN000279,ACC100220,2026-07-24 23:39:00,426.11,N$,cash_out,CP02916,0
TXN000280,ACC100149,2026-07-28 21:46:00,331.46,N$,cash_out,CP03348,0
TXN000281,ACC100192,2026-06-22 16:56:00,102.65,N$,merchant_payment,CP00926,0
TXN000282,ACC100318,2026-07-03 17:04:00,1981.79,N$,p2p_transfer,CP01675,0
TXN000283,ACC100357,2026-06-25 15:59:00,1315.96,N$,merchant_payment,CP02418,0
TXN000284,ACC100750,2026-06-21 04:52:00,130.75,N$,merchant_payment,CP00700,0
TXN000285,ACC100685,2026-07-05 00:04:00,807.59,N$,cash_out,CP01248,0
TXN000286,ACC100444,2026-07-15 06:03:00,237.61,N$,merchant_payment,CP00047,0
TXN000287,ACC100395,2026-06-18 02:52:00,136.21,N$,p2p_transfer,CP00802,0
TXN000288,ACC100192,2026-06-07 02:33:00,637.66,N$,merchant_payment,CP00095,0
TXN000289,ACC100759,2026-06-07 19:42:00,544.14,N$,p2p_transfer,CP02497,0
TXN000290,ACC100634,2026-07-21 17:55:00,574.42,N$,merchant_payment,CP00830,0
TXN000291,ACC100127,2026-07-20 01:22:00,53.78,N$,p2p_transfer,CP01427,0
TXN000292,ACC100557,2026-06-20 00:20:00,74.18,N$,cash_out,CP02419,0
TXN000293,ACC100266,2026-07-12 21:41:00,250.26,N$,cash_out,CP02355,0
TXN000294,ACC100050,2026-06-04 17:33:00,1275.4,N$,merchant_payment,CP02707,0
TXN000295,ACC100396,2026-07-24 05:10:00,846.75,N$,p2p_transfer,CP01953,0
TXN000296,ACC100639,2026-06-13 12:59:00,480.33,N$,merchant_payment,CP01847,0
TXN000297,ACC100419,2026-07-22 18:03:00,173.45,N$,merchant_payment,CP00975,0
TXN000298,ACC100411,2026-07-06 07:36:00,101.2,N$,merchant_payment,CP02132,0
TXN000299,ACC100661,2026-06-12 10:37:00,196.07,N$,p2p_transfer,CP02873,0
TXN000300,ACC100232,2026-06-07 03:08:00,553.06,N$,merchant_payment,CP01831,0
TXN000301,ACC100322,2026-07-09 22:23:00,1057.0,N$,p2p_transfer,CP02619,0
TXN000302,ACC100544,2026-06-04 17:10:00,655.32,N$,merchant_payment,CP01680,0
TXN000303,ACC100403,2026-06-29 07:21:00,251.94,N$,bill_payment,CP01460,0
TXN000304,ACC100470,2026-06-22 12:35:00,515.63,N$,p2p_transfer,CP02849,0
TXN000305,ACC100660,2026-07-04 07:46:00,495.82,N$,p2p_transfer,CP01274,0
TXN000306,ACC100463,2026-06-08 05:33:00,333.8,N$,cash_out,CP03185,0
TXN000307,ACC100301,2026-07-30 12:41:00,1030.29,N$,cash_out,CP01727,0
TXN000308,ACC100125,2026-06-19 15:22:00,1174.04,N$,merchant_payment,CP03490,0
TXN000309,ACC100136,2026-06-16 10:48:00,1162.8,N$,p2p_transfer,CP01372,0
TXN000310,ACC100644,2026-07-11 09:08:00,152.54,N$,p2p_transfer,CP03315,0
TXN000311,ACC100385,2026-07-26 05:48:00,2496.1,N$,merchant_payment,CP00366,0
TXN000312,ACC100112,2026-06-09 23:51:00,1253.75,N$,merchant_payment,CP00729,0
TXN000313,ACC100190,2026-07-04 08:50:00,169.26,N$,cash_out,CP01946,0
TXN000314,ACC100253,2026-06-19 05:41:00,959.6,N$,bill_payment,CP02547,0
TXN000315,ACC100399,2026-07-22 14:17:00,326.85,N$,merchant_payment,CP03412,0
TXN000316,ACC100792,2026-07-09 06:07:00,318.35,N$,merchant_payment,CP01871,0
TXN000317,ACC100463,2026-06-04 14:06:00,1216.64,N$,merchant_payment,CP00156,0
TXN000318,ACC100748,2026-07-10 00:46:00,656.77,N$,merchant_payment,CP03647,0
TXN000319,ACC100535,2026-07-30 13:46:00,1010.15,N$,merchant_payment,CP02587,0
TXN000320,ACC100652,2026-07-24 16:09:00,306.09,N$,cash_out,CP00252,0
TXN000321,ACC100361,2026-06-07 12:25:00,260.64,N$,p2p_transfer,CP01848,0
TXN000322,ACC100475,2026-06-24 01:40:00,685.39,N$,p2p_transfer,CP00285,0
TXN000323,ACC100027,2026-06-12 10:06:00,175.76,N$,p2p_transfer,CP02419,0
TXN000324,ACC100751,2026-06-07 22:13:00,472.31,N$,cash_out,CP01091,0
TXN000325,ACC100114,2026-07-30 12:10:00,81.74,N$,merchant_payment,CP03905,0
TXN000326,ACC100637,2026-07-18 01:44:00,86.48,N$,merchant_payment,CP00066,0
TXN000327,ACC100160,2026-07-11 00:54:00,525.23,N$,merchant_payment,CP02556,0
TXN000328,ACC100375,2026-06-29 18:32:00,268.28,N$,p2p_transfer,CP02149,0
TXN000329,ACC100450,2026-07-13 05:11:00,236.16,N$,p2p_transfer,CP01875,0
TXN000330,ACC100474,2026-06-06 20:15:00,423.37,N$,bill_payment,CP02561,0
TXN000331,ACC100093,2026-06-14 03:32:00,644.11,N$,cash_out,CP02931,0
TXN000332,ACC100731,2026-07-02 07:48:00,1578.95,N$,merchant_payment,CP02679,0
TXN000333,ACC100714,2026-06-11 05:28:00,160.65,N$,p2p_transfer,CP03032,0
TXN000334,ACC100526,2026-07-30 09:17:00,522.94,N$,p2p_transfer,CP00940,0
TXN000335,ACC100368,2026-06-28 01:22:00,4464.08,N$,p2p_transfer,CP03190,1
TXN000336,ACC100463,2026-07-06 22:08:00,460.94,N$,bill_payment,CP01950,0
TXN000337,ACC100757,2026-07-04 11:26:00,1192.69,N$,p2p_transfer,CP00668,0
TXN000338,ACC100550,2026-06-17 00:18:00,379.63,N$,cash_out,CP00120,0
TXN000339,ACC100086,2026-06-01 10:26:00,433.07,N$,merchant_payment,CP01091,0
TXN000340,ACC100719,2026-06-12 03:45:00,1061.62,N$,merchant_payment,CP01134,0
TXN000341,ACC100604,2026-06-11 18:20:00,846.96,N$,bill_payment,CP00335,0
TXN000342,ACC100457,2026-06-19 03:17:00,171.74,N$,p2p_transfer,CP02977,0
TXN000343,ACC100470,2026-06-19 20:40:00,822.23,N$,p2p_transfer,CP02389,0
TXN000344,ACC100036,2026-06-26 03:18:00,336.33,N$,p2p_transfer,CP03860,0
TXN000345,ACC100517,2026-06-12 18:10:00,155.9,N$,merchant_payment,CP01715,0
TXN000346,ACC100013,2026-06-09 06:33:00,425.18,N$,merchant_payment,CP00209,0
TXN000347,ACC100346,2026-07-27 03:59:00,482.35,N$,cash_out,CP02322,0
TXN000348,ACC100104,2026-07-25 07:14:00,380.86,N$,p2p_transfer,CP03570,0
TXN000349,ACC100698,2026-07-14 16:41:00,327.43,N$,p2p_transfer,CP02055,0
TXN000350,ACC100112,2026-06-28 05:31:00,73.05,N$,merchant_payment,CP02085,0
TXN000351,ACC100271,2026-06-09 12:50:00,981.4,N$,bill_payment,CP03197,0
TXN000352,ACC100108,2026-06-15 23:16:00,311.03,N$,cash_out,CP03841,0
TXN000353,ACC100176,2026-06-28 13:44:00,477.98,N$,cash_out,CP02071,0
TXN000354,ACC100297,2026-07-18 11:21:00,134.6,N$,p2p_transfer,CP00015,0
TXN000355,ACC100494,2026-07-20 06:44:00,117.02,N$,merchant_payment,CP02576,0
TXN000356,ACC100198,2026-06-27 14:40:00,120.32,N$,p2p_transfer,CP00444,0
TXN000357,ACC100427,2026-06-04 13:52:00,208.22,N$,p2p_transfer,CP03636,0
TXN000358,ACC100254,2026-06-23 05:34:00,86.74,N$,p2p_transfer,CP02133,0
TXN000359,ACC100047,2026-06-23 04:51:00,519.6,N$,merchant_payment,CP00069,0
TXN000360,ACC100446,2026-07-29 12:13:00,309.53,N$,p2p_transfer,CP02830,0
TXN000361,ACC100165,2026-06-23 09:12:00,258.7,N$,merchant_payment,CP00331,0
TXN000362,ACC100271,2026-06-22 02:55:00,646.85,N$,p2p_transfer,CP00438,0
TXN000363,ACC100798,2026-06-22 17:39:00,733.02,N$,p2p_transfer,CP01167,0
TXN000364,ACC100050,2026-06-08 12:19:00,593.15,N$,bill_payment,CP02873,0
TXN000365,ACC100336,2026-06-06 08:39:00,491.49,N$,cash_out,CP01185,0
TXN000366,ACC100326,2026-06-12 12:55:00,478.89,N$,p2p_transfer,CP03325,0
TXN000367,ACC100221,2026-06-18 14:03:00,377.48,N$,merchant_payment,CP00063,0
TXN000368,ACC100483,2026-07-28 23:19:00,947.61,N$,merchant_payment,CP00714,0
TXN000369,ACC100679,2026-06-30 10:40:00,361.3,N$,merchant_payment,CP01322,0
TXN000370,ACC100783,2026-07-30 16:46:00,262.08,N$,p2p_transfer,CP03513,0
TXN000371,ACC100144,2026-06-10 01:50:00,341.17,N$,p2p_transfer,CP02000,0
TXN000372,ACC100009,2026-06-01 22:58:00,346.27,N$,bill_payment,CP01374,0
TXN000373,ACC100556,2026-06-03 10:49:00,461.84,N$,merchant_payment,CP00121,0
TXN000374,ACC100462,2026-07-06 03:36:00,201.31,N$,merchant_payment,CP02236,0
TXN000375,ACC100153,2026-06-22 02:02:00,170.63,N$,merchant_payment,CP03143,0
TXN000376,ACC100731,2026-07-10 02:51:00,136.58,N$,p2p_transfer,CP03509,0
TXN000377,ACC100491,2026-07-30 08:12:00,68.77,N$,merchant_payment,CP02455,0
TXN000378,ACC100537,2026-07-16 19:24:00,475.8,N$,bill_payment,CP01889,0
TXN000379,ACC100063,2026-07-11 21:08:00,582.58,N$,p2p_transfer,CP00430,0
TXN000380,ACC100444,2026-07-13 22:03:00,896.37,N$,p2p_transfer,CP02438,0
TXN000381,ACC100799,2026-07-22 07:32:00,118.09,N$,p2p_transfer,CP01015,0
TXN000382,ACC100179,2026-06-13 17:21:00,460.56,N$,cash_out,CP00064,0
TXN000383,ACC100303,2026-06-05 20:41:00,217.18,N$,merchant_payment,CP01593,0
TXN000384,ACC100658,2026-07-10 10:21:00,323.07,N$,cash_out,CP00606,0
TXN000385,ACC100753,2026-06-10 04:10:00,573.87,N$,p2p_transfer,CP01862,0
TXN000386,ACC100211,2026-07-11 19:10:00,1012.44,N$,merchant_payment,CP03360,0
TXN000387,ACC100013,2026-06-14 08:18:00,504.42,N$,p2p_transfer,CP00102,0
TXN000388,ACC100723,2026-07-23 17:35:00,699.4,N$,p2p_transfer,CP02471,0
TXN000389,ACC100595,2026-06-16 10:30:00,979.38,N$,merchant_payment,CP03974,0
TXN000390,ACC100134,2026-07-07 22:49:00,773.66,N$,bill_payment,CP01236,0
TXN000391,ACC100428,2026-06-19 14:02:00,278.53,N$,cash_out,CP03810,0
TXN000392,ACC100568,2026-07-25 10:39:00,544.19,N$,merchant_payment,CP01539,0
TXN000393,ACC100166,2026-07-21 02:22:00,932.62,N$,p2p_transfer,CP02610,0
TXN000394,ACC100485,2026-06-10 10:02:00,700.54,N$,bill_payment,CP02530,0
TXN000395,ACC100313,2026-06-09 20:35:00,541.36,N$,merchant_payment,CP01894,0
TXN000396,ACC100582,2026-06-01 15:45:00,250.91,N$,p2p_transfer,CP00769,0
TXN000397,ACC100782,2026-06-24 16:40:00,125.21,N$,merchant_payment,CP01512,0
TXN000398,ACC100768,2026-06-12 23:08:00,1276.52,N$,merchant_payment,CP00096,0
TXN000399,ACC100530,2026-06-28 02:22:00,151.6,N$,merchant_payment,CP02968,0
TXN000400,ACC100561,2026-06-30 09:13:00,85.63,N$,bill_payment,CP01134,0
TXN000401,ACC100794,2026-07-13 06:32:00,645.77,N$,merchant_payment,CP02995,0
TXN000402,ACC100321,2026-06-22 23:18:00,1334.24,N$,merchant_payment,CP02889,0
TXN000403,ACC100116,2026-06-29 20:58:00,276.58,N$,p2p_transfer,CP02564,0
TXN000404,ACC100160,2026-06-29 19:25:00,273.25,N$,merchant_payment,CP02411,0
TXN000405,ACC100519,2026-06-24 20:41:00,374.75,N$,merchant_payment,CP03171,0
TXN000406,ACC100088,2026-06-07 23:46:00,1996.51,N$,cash_out,CP03657,1
TXN000407,ACC100305,2026-06-08 11:16:00,183.23,N$,merchant_payment,CP01758,0
TXN000408,ACC100309,2026-06-19 10:19:00,1041.9,N$,p2p_transfer,CP02043,0
TXN000409,ACC100647,2026-06-04 21:41:00,1011.98,N$,p2p_transfer,CP03294,0
TXN000410,ACC100370,2026-07-10 23:31:00,247.02,N$,bill_payment,CP00919,0
TXN000411,ACC100327,2026-06-27 10:36:00,473.68,N$,p2p_transfer,CP02827,0
TXN000412,ACC100672,2026-07-09 00:29:00,845.77,N$,cash_out,CP00618,0
TXN000413,ACC100130,2026-06-23 06:07:00,87.39,N$,bill_payment,CP02402,0
TXN000414,ACC100255,2026-07-29 13:08:00,507.47,N$,p2p_transfer,CP00511,0
TXN000415,ACC100376,2026-07-04 00:10:00,2315.79,N$,merchant_payment,CP02024,0
TXN000416,ACC100097,2026-06-18 22:48:00,639.97,N$,bill_payment,CP03472,0
TXN000417,ACC100361,2026-07-09 19:41:00,346.34,N$,merchant_payment,CP02015,0
TXN000418,ACC100549,2026-06-11 02:27:00,271.96,N$,merchant_payment,CP00735,0
TXN000419,ACC100514,2026-07-11 22:38:00,329.06,N$,cash_out,CP03613,0
TXN000420,ACC100584,2026-06-21 13:32:00,1028.99,N$,merchant_payment,CP03549,0
TXN000421,ACC100292,2026-06-19 21:29:00,400.27,N$,merchant_payment,CP03561,0
TXN000422,ACC100581,2026-06-23 15:57:00,396.51,N$,bill_payment,CP01331,0
TXN000423,ACC100399,2026-06-07 13:14:00,145.93,N$,p2p_transfer,CP03962,0
TXN000424,ACC100016,2026-07-17 11:06:00,861.08,N$,cash_out,CP02338,0
TXN000425,ACC100563,2026-06-28 08:26:00,1407.16,N$,p2p_transfer,CP02101,0
TXN000426,ACC100269,2026-07-23 22:16:00,668.67,N$,merchant_payment,CP00630,0
TXN000427,ACC100183,2026-06-19 11:32:00,112.01,N$,merchant_payment,CP01760,0
TXN000428,ACC100073,2026-06-21 08:23:00,140.11,N$,p2p_transfer,CP00098,0
TXN000429,ACC100547,2026-07-06 18:58:00,115.44,N$,merchant_payment,CP02800,0
TXN000430,ACC100375,2026-06-01 23:03:00,280.96,N$,merchant_payment,CP02382,0
TXN000431,ACC100536,2026-07-21 14:28:00,3294.6,N$,p2p_transfer,CP02945,0
TXN000432,ACC100631,2026-06-04 18:54:00,139.56,N$,p2p_transfer,CP03285,0
TXN000433,ACC100744,2026-07-04 06:22:00,727.89,N$,merchant_payment,CP03301,0
TXN000434,ACC100702,2026-06-26 05:01:00,813.76,N$,merchant_payment,CP02536,0
TXN000435,ACC100305,2026-06-07 05:56:00,298.18,N$,p2p_transfer,CP03066,0
TXN000436,ACC100303,2026-07-27 00:18:00,404.67,N$,bill_payment,CP01080,0
TXN000437,ACC100308,2026-07-18 20:34:00,285.26,N$,cash_out,CP00642,0
TXN000438,ACC100252,2026-07-19 16:12:00,618.38,N$,cash_out,CP03128,0
TXN000439,ACC100516,2026-07-30 23:05:00,699.21,N$,merchant_payment,CP01658,0
TXN000440,ACC100326,2026-06-20 21:30:00,1096.61,N$,p2p_transfer,CP00969,0
TXN000441,ACC100128,2026-07-16 20:34:00,573.99,N$,p2p_transfer,CP02918,0
TXN000442,ACC100021,2026-07-04 19:22:00,420.76,N$,p2p_transfer,CP00430,0
TXN000443,ACC100014,2026-07-11 01:39:00,356.49,N$,merchant_payment,CP02949,0
TXN000444,ACC100483,2026-06-18 01:29:00,748.83,N$,merchant_payment,CP02407,0
TXN000445,ACC100643,2026-07-15 09:30:00,270.94,N$,merchant_payment,CP02515,0
TXN000446,ACC100401,2026-06-19 14:45:00,1355.48,N$,p2p_transfer,CP03011,0
TXN000447,ACC100227,2026-06-18 21:35:00,683.97,N$,cash_out,CP03884,0
TXN000448,ACC100284,2026-07-11 13:50:00,202.31,N$,merchant_payment,CP00083,0
TXN000449,ACC100128,2026-07-09 00:03:00,841.64,N$,merchant_payment,CP02589,0
TXN000450,ACC100013,2026-07-06 18:27:00,156.08,N$,p2p_transfer,CP01211,0
TXN000451,ACC100118,2026-07-08 08:45:00,118.75,N$,merchant_payment,CP02329,0
TXN000452,ACC100357,2026-07-30 17:08:00,319.94,N$,cash_out,CP03862,0
TXN000453,ACC100156,2026-07-17 00:36:00,212.34,N$,merchant_payment,CP00844,0
TXN000454,ACC100420,2026-06-26 21:41:00,1224.13,N$,p2p_transfer,CP03150,0
TXN000455,ACC100224,2026-07-18 11:04:00,481.0,N$,merchant_payment,CP03687,0
TXN000456,ACC100096,2026-07-26 12:55:00,134.75,N$,cash_out,CP03972,0
TXN000457,ACC100119,2026-06-27 20:18:00,1215.81,N$,p2p_transfer,CP01356,0
TXN000458,ACC100488,2026-06-24 01:20:00,589.72,N$,p2p_transfer,CP01957,0
TXN000459,ACC100394,2026-07-21 23:32:00,779.64,N$,cash_out,CP03305,0
TXN000460,ACC100424,2026-07-12 12:24:00,2107.57,N$,p2p_transfer,CP03705,1
TXN000461,ACC100025,2026-07-02 05:13:00,141.6,N$,bill_payment,CP01753,0
TXN000462,ACC100187,2026-06-28 09:07:00,384.39,N$,merchant_payment,CP03789,0
TXN000463,ACC100609,2026-06-23 01:41:00,387.16,N$,merchant_payment,CP00025,0
TXN000464,ACC100350,2026-06-02 01:24:00,529.36,N$,merchant_payment,CP01504,0
TXN000465,ACC100403,2026-07-26 21:30:00,84.63,N$,merchant_payment,CP02129,0
TXN000466,ACC100780,2026-06-07 08:45:00,1481.7,N$,bill_payment,CP00588,0
TXN000467,ACC100736,2026-06-09 21:34:00,257.47,N$,merchant_payment,CP00694,0
TXN000468,ACC100718,2026-07-25 04:00:00,510.76,N$,merchant_payment,CP00031,0
TXN000469,ACC100102,2026-06-01 03:25:00,289.75,N$,p2p_transfer,CP01311,0
TXN000470,ACC100754,2026-06-27 16:49:00,661.95,N$,merchant_payment,CP02111,0
TXN000471,ACC100023,2026-07-14 04:35:00,193.84,N$,merchant_payment,CP02668,0
TXN000472,ACC100224,2026-07-30 03:25:00,611.32,N$,p2p_transfer,CP02894,0
TXN000473,ACC100691,2026-06-09 13:36:00,852.66,N$,merchant_payment,CP00473,0
TXN000474,ACC100101,2026-07-23 17:08:00,384.5,N$,cash_out,CP03825,0
TXN000475,ACC100202,2026-07-20 21:29:00,117.82,N$,p2p_transfer,CP02127,0
TXN000476,ACC100440,2026-06-04 12:25:00,225.22,N$,cash_out,CP00086,0
TXN000477,ACC100582,2026-07-04 14:38:00,1377.33,N$,p2p_transfer,CP03867,0
TXN000478,ACC100223,2026-06-26 04:27:00,414.49,N$,cash_out,CP03746,0
TXN000479,ACC100346,2026-06-07 05:46:00,1841.41,N$,p2p_transfer,CP03932,0
TXN000480,ACC100625,2026-06-10 08:13:00,312.16,N$,p2p_transfer,CP01979,0
TXN000481,ACC100566,2026-07-09 12:11:00,406.22,N$,p2p_transfer,CP03618,0
TXN000482,ACC100089,2026-06-06 14:00:00,1241.77,N$,merchant_payment,CP01516,0
TXN000483,ACC100100,2026-06-23 06:17:00,606.92,N$,merchant_payment,CP00140,0
TXN000484,ACC100584,2026-07-01 03:30:00,326.62,N$,p2p_transfer,CP00383,0
TXN000485,ACC100784,2026-06-17 09:32:00,241.53,N$,merchant_payment,CP03188,0
TXN000486,ACC100096,2026-06-29 15:57:00,583.65,N$,p2p_transfer,CP01153,0
TXN000487,ACC100137,2026-06-16 22:41:00,690.08,N$,merchant_payment,CP02661,0
TXN000488,ACC100547,2026-07-19 13:15:00,619.95,N$,merchant_payment,CP00440,0
TXN000489,ACC100339,2026-07-24 23:37:00,161.94,N$,p2p_transfer,CP02823,0
TXN000490,ACC100141,2026-07-03 23:21:00,665.71,N$,cash_out,CP03405,0
TXN000491,ACC100452,2026-07-30 10:01:00,1797.74,N$,merchant_payment,CP02636,0
TXN000492,ACC100572,2026-07-22 18:39:00,1351.02,N$,merchant_payment,CP00061,0
TXN000493,ACC100474,2026-06-18 10:31:00,597.22,N$,p2p_transfer,CP03420,0
TXN000494,ACC100664,2026-07-09 20:13:00,177.55,N$,p2p_transfer,CP00899,0
TXN000495,ACC100711,2026-07-14 13:20:00,271.08,N$,p2p_transfer,CP03573,0
TXN000496,ACC100678,2026-07-20 19:51:00,339.06,N$,merchant_payment,CP00220,0
TXN000497,ACC100628,2026-06-29 04:30:00,1450.51,N$,merchant_payment,CP02364,0
TXN000498,ACC100127,2026-06-08 03:18:00,246.24,N$,cash_out,CP03089,0
TXN000499,ACC100453,2026-06-23 06:19:00,117.3,N$,merchant_payment,CP01088,0
TXN000500,ACC100144,2026-06-19 11:25:00,667.47,N$,p2p_transfer,CP01252,0
TXN000501,ACC100243,2026-07-03 02:45:00,2614.01,N$,p2p_transfer,CP00657,0
TXN000502,ACC100373,2026-06-20 07:26:00,405.36,N$,p2p_transfer,CP02104,0
TXN000503,ACC100626,2026-07-11 12:17:00,662.03,N$,p2p_transfer,CP02950,0
TXN000504,ACC100428,2026-07-24 23:42:00,1464.08,N$,p2p_transfer,CP00776,0
TXN000505,ACC100625,2026-06-09 20:12:00,9411.84,N$,cash_out,CP02887,1
TXN000506,ACC100636,2026-06-24 14:42:00,1461.96,N$,merchant_payment,CP02087,0
TXN000507,ACC100209,2026-07-06 06:15:00,1500.83,N$,cash_out,CP03785,0
TXN000508,ACC100361,2026-06-12 08:13:00,501.55,N$,merchant_payment,CP02133,0
TXN000509,ACC100339,2026-06-12 03:44:00,92.34,N$,p2p_transfer,CP00959,0
TXN000510,ACC100426,2026-07-26 13:10:00,523.25,N$,p2p_transfer,CP03613,0
TXN000511,ACC100120,2026-06-25 02:34:00,947.95,N$,merchant_payment,CP03369,0
TXN000512,ACC100329,2026-06-14 15:40:00,551.76,N$,merchant_payment,CP03566,0
TXN000513,ACC100380,2026-07-12 12:59:00,491.18,N$,merchant_payment,CP00255,0
TXN000514,ACC100759,2026-06-30 23:19:00,285.19,N$,bill_payment,CP03562,0
TXN000515,ACC100493,2026-07-11 21:36:00,430.98,N$,merchant_payment,CP01505,0
TXN000516,ACC100485,2026-06-30 03:55:00,3149.64,N$,p2p_transfer,CP00595,0
TXN000517,ACC100519,2026-07-05 02:15:00,989.2,N$,cash_out,CP03433,0
TXN000518,ACC100355,2026-07-16 13:16:00,888.56,N$,p2p_transfer,CP00214,0
TXN000519,ACC100626,2026-06-24 14:54:00,88.51,N$,bill_payment,CP02315,0
TXN000520,ACC100300,2026-06-18 19:53:00,274.08,N$,merchant_payment,CP01034,0
TXN000521,ACC100007,2026-07-28 10:49:00,286.63,N$,merchant_payment,CP00629,0
TXN000522,ACC100243,2026-07-24 02:01:00,785.69,N$,p2p_transfer,CP00172,0
TXN000523,ACC100079,2026-06-14 20:52:00,1079.69,N$,merchant_payment,CP02443,0
TXN000524,ACC100139,2026-06-14 21:38:00,731.43,N$,p2p_transfer,CP00184,0
TXN000525,ACC100707,2026-07-26 07:21:00,975.03,N$,p2p_transfer,CP00347,0
TXN000526,ACC100442,2026-07-08 07:14:00,671.15,N$,merchant_payment,CP00157,0
TXN000527,ACC100646,2026-06-16 11:45:00,342.56,N$,p2p_transfer,CP03643,0
TXN000528,ACC100793,2026-06-21 18:16:00,425.4,N$,merchant_payment,CP02189,0
TXN000529,ACC100073,2026-06-26 06:32:00,170.19,N$,merchant_payment,CP02242,0
TXN000530,ACC100761,2026-06-28 23:20:00,239.91,N$,merchant_payment,CP00676,0
TXN000531,ACC100587,2026-06-06 03:45:00,294.31,N$,bill_payment,CP01670,0
TXN000532,ACC100270,2026-06-02 23:17:00,161.93,N$,p2p_transfer,CP00459,0
TXN000533,ACC100634,2026-07-18 01:55:00,318.94,N$,p2p_transfer,CP00785,0
TXN000534,ACC100163,2026-07-08 13:12:00,321.32,N$,p2p_transfer,CP03598,0
TXN000535,ACC100624,2026-07-28 06:35:00,546.95,N$,p2p_transfer,CP01611,0
TXN000536,ACC100612,2026-07-04 20:49:00,846.04,N$,p2p_transfer,CP00874,0
TXN000537,ACC100297,2026-07-11 04:49:00,288.63,N$,merchant_payment,CP01225,0
TXN000538,ACC100542,2026-07-08 12:51:00,325.54,N$,merchant_payment,CP03210,0
TXN000539,ACC100225,2026-07-08 20:57:00,295.37,N$,merchant_payment,CP03543,0
TXN000540,ACC100432,2026-06-05 17:38:00,218.29,N$,merchant_payment,CP00832,0
TXN000541,ACC100671,2026-06-01 08:11:00,587.41,N$,merchant_payment,CP01177,0
TXN000542,ACC100218,2026-07-25 18:21:00,339.33,N$,merchant_payment,CP03262,0
TXN000543,ACC100089,2026-06-19 07:35:00,119.33,N$,bill_payment,CP03585,0
TXN000544,ACC100763,2026-07-07 05:36:00,185.24,N$,merchant_payment,CP01145,0
TXN000545,ACC100766,2026-07-17 11:53:00,251.28,N$,cash_out,CP03066,0
TXN000546,ACC100185,2026-07-20 03:47:00,210.46,N$,merchant_payment,CP00686,0
TXN000547,ACC100487,2026-06-15 13:37:00,120.52,N$,merchant_payment,CP00214,0
TXN000548,ACC100552,2026-07-10 16:51:00,572.05,N$,merchant_payment,CP00791,0
TXN000549,ACC100498,2026-07-08 00:25:00,550.57,N$,merchant_payment,CP03469,0
TXN000550,ACC100378,2026-06-12 09:12:00,600.98,N$,p2p_transfer,CP01646,0
TXN000551,ACC100417,2026-07-12 14:22:00,704.63,N$,merchant_payment,CP01929,0
TXN000552,ACC100280,2026-06-21 17:43:00,257.7,N$,p2p_transfer,CP02519,0
TXN000553,ACC100007,2026-07-06 22:21:00,488.44,N$,merchant_payment,CP00936,0
TXN000554,ACC100402,2026-07-03 09:20:00,830.72,N$,merchant_payment,CP02028,0
TXN000555,ACC100000,2026-07-09 21:38:00,248.63,N$,merchant_payment,CP00951,0
TXN000556,ACC100538,2026-06-12 20:08:00,375.83,N$,merchant_payment,CP02819,0
TXN000557,ACC100146,2026-06-02 19:13:00,152.96,N$,merchant_payment,CP00382,0
TXN000558,ACC100161,2026-06-18 13:24:00,964.01,N$,merchant_payment,CP02899,0
TXN000559,ACC100088,2026-07-22 15:25:00,34249.67,N$,p2p_transfer,CP00374,1
TXN000560,ACC100217,2026-07-09 19:49:00,292.16,N$,p2p_transfer,CP01538,0
TXN000561,ACC100762,2026-06-20 01:51:00,85.09,N$,p2p_transfer,CP02662,0
TXN000562,ACC100756,2026-06-23 14:40:00,295.59,N$,p2p_transfer,CP00709,0
TXN000563,ACC100764,2026-06-21 03:54:00,126.99,N$,p2p_transfer,CP01723,0
TXN000564,ACC100021,2026-07-29 21:14:00,217.08,N$,p2p_transfer,CP01605,0
TXN000565,ACC100336,2026-06-09 15:12:00,1130.67,N$,p2p_transfer,CP02842,0
TXN000566,ACC100326,2026-06-23 19:23:00,1712.88,N$,merchant_payment,CP03717,0
TXN000567,ACC100544,2026-07-06 14:19:00,394.53,N$,merchant_payment,CP02381,0
TXN000568,ACC100788,2026-07-30 05:57:00,177.81,N$,p2p_transfer,CP00638,0
TXN000569,ACC100721,2026-06-17 13:49:00,333.27,N$,merchant_payment,CP02418,0
TXN000570,ACC100413,2026-07-28 10:39:00,1871.65,N$,bill_payment,CP00328,0
TXN000571,ACC100501,2026-06-01 02:56:00,175.03,N$,p2p_transfer,CP01212,0
TXN000572,ACC100069,2026-07-05 02:02:00,289.22,N$,cash_out,CP03336,0
TXN000573,ACC100334,2026-07-03 04:19:00,183.53,N$,merchant_payment,CP01475,0
TXN000574,ACC100202,2026-07-02 05:29:00,1409.94,N$,p2p_transfer,CP00536,0
TXN000575,ACC100196,2026-06-15 22:25:00,920.52,N$,merchant_payment,CP02390,0
TXN000576,ACC100798,2026-06-02 16:18:00,221.44,N$,p2p_transfer,CP02872,0
TXN000577,ACC100433,2026-07-29 22:39:00,228.35,N$,merchant_payment,CP02157,0
TXN000578,ACC100675,2026-06-22 17:02:00,273.85,N$,merchant_payment,CP03289,0
TXN000579,ACC100132,2026-07-07 16:16:00,636.67,N$,p2p_transfer,CP02566,0
TXN000580,ACC100572,2026-07-10 08:55:00,897.17,N$,cash_out,CP00416,0
TXN000581,ACC100047,2026-07-16 14:04:00,606.03,N$,p2p_transfer,CP02675,0
TXN000582,ACC100760,2026-06-16 07:35:00,268.43,N$,merchant_payment,CP02164,0
TXN000583,ACC100710,2026-06-02 05:03:00,7655.47,N$,merchant_payment,CP01413,0
TXN000584,ACC100621,2026-06-13 00:08:00,683.44,N$,merchant_payment,CP01018,0
TXN000585,ACC100779,2026-07-10 08:25:00,357.88,N$,p2p_transfer,CP00751,0
TXN000586,ACC100356,2026-07-09 13:28:00,363.91,N$,merchant_payment,CP02816,0
TXN000587,ACC100662,2026-06-08 16:02:00,506.03,N$,merchant_payment,CP00097,0
TXN000588,ACC100486,2026-07-02 06:18:00,383.46,N$,cash_out,CP01300,0
TXN000589,ACC100082,2026-07-17 02:36:00,1766.87,N$,cash_out,CP02798,0
TXN000590,ACC100195,2026-07-25 08:57:00,1763.99,N$,merchant_payment,CP02458,0
TXN000591,ACC100273,2026-07-26 19:08:00,658.36,N$,p2p_transfer,CP00854,0
TXN000592,ACC100157,2026-06-17 16:18:00,511.29,N$,p2p_transfer,CP00879,0
TXN000593,ACC100170,2026-07-08 01:57:00,115.68,N$,p2p_transfer,CP03752,0
TXN000594,ACC100591,2026-06-14 02:28:00,209.63,N$,p2p_transfer,CP00091,0
TXN000595,ACC100229,2026-06-10 23:46:00,347.01,N$,merchant_payment,CP02840,0
TXN000596,ACC100752,2026-07-14 09:47:00,453.81,N$,bill_payment,CP00414,0
TXN000597,ACC100022,2026-06-29 01:12:00,751.96,N$,cash_out,CP00213,0
TXN000598,ACC100361,2026-06-27 19:34:00,329.05,N$,merchant_payment,CP03887,0
TXN000599,ACC100186,2026-07-14 21:11:00,988.19,N$,bill_payment,CP00260,0
TXN000600,ACC100329,2026-06-16 00:30:00,813.57,N$,cash_out,CP00937,0
TXN000601,ACC100597,2026-06-17 20:24:00,337.98,N$,merchant_payment,CP03464,0
TXN000602,ACC100132,2026-06-08 23:19:00,905.67,N$,bill_payment,CP03372,0
TXN000603,ACC100431,2026-07-06 03:42:00,160.43,N$,cash_out,CP03313,0
TXN000604,ACC100064,2026-06-16 20:02:00,629.32,N$,merchant_payment,CP01326,0
TXN000605,ACC100070,2026-06-05 16:28:00,343.23,N$,p2p_transfer,CP00761,0
TXN000606,ACC100685,2026-07-08 10:03:00,1002.54,N$,merchant_payment,CP02917,0
TXN000607,ACC100517,2026-07-15 16:07:00,256.74,N$,bill_payment,CP01363,0
TXN000608,ACC100748,2026-06-30 17:53:00,1208.88,N$,cash_out,CP00340,0
TXN000609,ACC100184,2026-07-28 17:40:00,1125.06,N$,merchant_payment,CP00985,0
TXN000610,ACC100131,2026-06-23 13:57:00,289.54,N$,p2p_transfer,CP01525,0
TXN000611,ACC100661,2026-07-25 18:36:00,284.32,N$,merchant_payment,CP03727,0
TXN000612,ACC100431,2026-06-25 08:41:00,439.0,N$,p2p_transfer,CP01894,0
TXN000613,ACC100119,2026-07-04 23:57:00,325.99,N$,p2p_transfer,CP00943,0
TXN000614,ACC100565,2026-06-02 19:34:00,225.27,N$,p2p_transfer,CP03470,0
TXN000615,ACC100567,2026-07-19 11:06:00,412.66,N$,merchant_payment,CP00573,0
TXN000616,ACC100280,2026-07-28 14:48:00,520.69,N$,bill_payment,CP02098,0
TXN000617,ACC100714,2026-07-14 15:44:00,246.68,N$,p2p_transfer,CP00128,0
TXN000618,ACC100161,2026-06-03 20:24:00,444.78,N$,cash_out,CP01829,0
TXN000619,ACC100106,2026-06-23 15:06:00,959.04,N$,p2p_transfer,CP02941,0
TXN000620,ACC100798,2026-07-11 16:29:00,212.33,N$,merchant_payment,CP02129,0
TXN000621,ACC100350,2026-07-21 12:48:00,84.6,N$,merchant_payment,CP00575,0
TXN000622,ACC100264,2026-07-05 02:04:00,613.46,N$,p2p_transfer,CP00392,0
TXN000623,ACC100547,2026-06-07 09:16:00,126.54,N$,p2p_transfer,CP01504,0
TXN000624,ACC100526,2026-07-20 09:59:00,398.49,N$,p2p_transfer,CP03672,0
TXN000625,ACC100439,2026-07-16 00:19:00,694.76,N$,p2p_transfer,CP00197,0
TXN000626,ACC100405,2026-07-01 00:56:00,644.03,N$,p2p_transfer,CP00000,0
TXN000627,ACC100061,2026-06-22 05:38:00,441.97,N$,merchant_payment,CP00853,0
TXN000628,ACC100374,2026-06-24 02:12:00,271.63,N$,merchant_payment,CP03972,0
TXN000629,ACC100436,2026-06-30 04:13:00,679.84,N$,p2p_transfer,CP02643,0
TXN000630,ACC100208,2026-06-27 11:48:00,487.57,N$,cash_out,CP00150,0
TXN000631,ACC100005,2026-06-27 06:24:00,319.37,N$,bill_payment,CP02218,0
TXN000632,ACC100216,2026-07-06 04:23:00,152.03,N$,p2p_transfer,CP03632,0
TXN000633,ACC100073,2026-07-14 00:49:00,524.26,N$,cash_out,CP01738,0
TXN000634,ACC100334,2026-06-30 06:56:00,1121.11,N$,bill_payment,CP03207,0
TXN000635,ACC100118,2026-07-05 19:22:00,169.19,N$,p2p_transfer,CP00444,0
TXN000636,ACC100159,2026-06-03 11:03:00,489.84,N$,cash_out,CP03258,0
TXN000637,ACC100689,2026-07-16 18:14:00,178.28,N$,p2p_transfer,CP03011,0
TXN000638,ACC100441,2026-07-29 14:04:00,825.1,N$,merchant_payment,CP01773,0
TXN000639,ACC100022,2026-06-25 18:11:00,539.3,N$,merchant_payment,CP00864,0
TXN000640,ACC100531,2026-07-08 23:57:00,247.53,N$,merchant_payment,CP02092,0
TXN000641,ACC100730,2026-06-06 23:54:00,404.86,N$,p2p_transfer,CP01433,0
TXN000642,ACC100285,2026-07-12 14:43:00,229.64,N$,merchant_payment,CP00109,0
TXN000643,ACC100769,2026-07-29 04:25:00,542.58,N$,cash_out,CP03737,0
TXN000644,ACC100620,2026-07-18 16:03:00,5113.05,N$,merchant_payment,CP03953,0
TXN000645,ACC100131,2026-06-12 18:19:00,942.84,N$,merchant_payment,CP01853,0
TXN000646,ACC100762,2026-07-28 22:07:00,224.44,N$,merchant_payment,CP02866,0
TXN000647,ACC100736,2026-07-22 05:42:00,788.25,N$,p2p_transfer,CP03131,0
TXN000648,ACC100552,2026-07-25 05:54:00,1344.49,N$,cash_out,CP03664,0
TXN000649,ACC100644,2026-06-16 13:58:00,400.39,N$,cash_out,CP03837,0
TXN000650,ACC100507,2026-07-14 12:37:00,30.81,N$,p2p_transfer,CP03688,0
TXN000651,ACC100357,2026-06-04 13:48:00,584.1,N$,p2p_transfer,CP00915,0
TXN000652,ACC100472,2026-06-03 23:31:00,356.26,N$,merchant_payment,CP01463,0
TXN000653,ACC100144,2026-06-12 02:27:00,958.84,N$,p2p_transfer,CP00150,0
TXN000654,ACC100583,2026-06-24 06:07:00,519.79,N$,merchant_payment,CP00803,0
TXN000655,ACC100226,2026-07-01 07:11:00,320.26,N$,merchant_payment,CP00225,0
TXN000656,ACC100064,2026-07-02 14:10:00,730.65,N$,merchant_payment,CP02645,0
TXN000657,ACC100357,2026-06-15 14:26:00,168.05,N$,merchant_payment,CP03802,0
TXN000658,ACC100425,2026-07-11 19:52:00,1294.22,N$,p2p_transfer,CP00123,0
TXN000659,ACC100197,2026-07-29 15:41:00,404.46,N$,p2p_transfer,CP03957,0
TXN000660,ACC100575,2026-07-29 01:53:00,164.34,N$,merchant_payment,CP01336,0
TXN000661,ACC100560,2026-06-01 01:46:00,141.3,N$,bill_payment,CP01957,0
TXN000662,ACC100699,2026-06-03 21:15:00,691.73,N$,p2p_transfer,CP00235,0
TXN000663,ACC100246,2026-07-12 05:16:00,131.84,N$,merchant_payment,CP03689,0
TXN000664,ACC100754,2026-07-06 11:45:00,285.84,N$,p2p_transfer,CP00861,0
TXN000665,ACC100475,2026-07-03 18:32:00,688.26,N$,merchant_payment,CP02103,0
TXN000666,ACC100771,2026-07-30 05:37:00,662.43,N$,p2p_transfer,CP01134,0
TXN000667,ACC100385,2026-06-11 08:31:00,185.01,N$,merchant_payment,CP00863,0
TXN000668,ACC100409,2026-06-17 03:26:00,345.34,N$,merchant_payment,CP01184,0
TXN000669,ACC100721,2026-07-17 13:31:00,237.66,N$,p2p_transfer,CP03971,0
TXN000670,ACC100364,2026-06-25 08:17:00,622.75,N$,p2p_transfer,CP02566,0
TXN000671,ACC100669,2026-07-27 19:31:00,218.85,N$,p2p_transfer,CP01736,0
TXN000672,ACC100200,2026-06-25 14:58:00,250.08,N$,p2p_transfer,CP02652,0
TXN000673,ACC100262,2026-06-25 22:54:00,514.81,N$,merchant_payment,CP01409,0
TXN000674,ACC100537,2026-06-12 16:08:00,82.14,N$,merchant_payment,CP01772,0
TXN000675,ACC100359,2026-07-20 15:10:00,708.86,N$,merchant_payment,CP01896,0
TXN000676,ACC100499,2026-06-05 19:57:00,1122.52,N$,p2p_transfer,CP00198,0
TXN000677,ACC100562,2026-06-21 01:22:00,47.6,N$,merchant_payment,CP00982,0
TXN000678,ACC100676,2026-06-29 17:28:00,135.47,N$,p2p_transfer,CP03388,0
TXN000679,ACC100179,2026-07-08 22:46:00,399.74,N$,p2p_transfer,CP00278,0
TXN000680,ACC100425,2026-06-22 13:09:00,638.89,N$,p2p_transfer,CP02897,0
TXN000681,ACC100111,2026-07-25 22:28:00,343.62,N$,cash_out,CP00352,0
TXN000682,ACC100635,2026-06-19 00:13:00,525.37,N$,cash_out,CP01324,0
TXN000683,ACC100160,2026-07-30 15:56:00,343.93,N$,merchant_payment,CP00817,0
TXN000684,ACC100377,2026-06-20 09:08:00,234.72,N$,bill_payment,CP03421,0
TXN000685,ACC100723,2026-06-21 17:56:00,736.16,N$,p2p_transfer,CP00248,0
TXN000686,ACC100682,2026-06-14 08:02:00,1624.34,N$,p2p_transfer,CP03267,0
TXN000687,ACC100319,2026-07-26 23:28:00,301.04,N$,p2p_transfer,CP01411,0
TXN000688,ACC100695,2026-06-22 05:46:00,292.09,N$,bill_payment,CP01713,0
TXN000689,ACC100132,2026-06-25 16:04:00,206.0,N$,cash_out,CP03718,0
TXN000690,ACC100791,2026-07-01 01:33:00,280.64,N$,merchant_payment,CP01235,0
TXN000691,ACC100634,2026-07-07 19:21:00,51.44,N$,merchant_payment,CP01915,0
TXN000692,ACC100521,2026-07-07 04:24:00,471.78,N$,bill_payment,CP03641,0
TXN000693,ACC100384,2026-06-07 15:07:00,124.34,N$,bill_payment,CP02033,0
TXN000694,ACC100234,2026-06-03 17:46:00,319.8,N$,cash_out,CP03998,0
TXN000695,ACC100030,2026-06-12 06:14:00,900.23,N$,p2p_transfer,CP02724,0
TXN000696,ACC100182,2026-07-30 12:05:00,1290.51,N$,bill_payment,CP00123,0
TXN000697,ACC100330,2026-07-15 06:51:00,179.21,N$,p2p_transfer,CP00916,0
TXN000698,ACC100352,2026-06-09 08:47:00,700.75,N$,bill_payment,CP02417,0
TXN000699,ACC100066,2026-07-12 16:40:00,181.63,N$,merchant_payment,CP03940,0
TXN000700,ACC100156,2026-07-29 23:02:00,133.66,N$,merchant_payment,CP02537,0
TXN000701,ACC100010,2026-07-25 05:06:00,507.97,N$,p2p_transfer,CP02809,0
TXN000702,ACC100312,2026-06-25 11:06:00,857.12,N$,p2p_transfer,CP00775,0
TXN000703,ACC100262,2026-06-01 07:11:00,217.58,N$,cash_out,CP03166,0
TXN000704,ACC100209,2026-06-25 22:55:00,92.78,N$,cash_out,CP03503,0
TXN000705,ACC100347,2026-07-18 09:17:00,327.26,N$,bill_payment,CP03193,0
TXN000706,ACC100232,2026-07-29 11:26:00,625.27,N$,p2p_transfer,CP03663,0
TXN000707,ACC100496,2026-07-05 10:40:00,223.83,N$,p2p_transfer,CP02206,0
TXN000708,ACC100791,2026-06-29 06:36:00,337.45,N$,p2p_transfer,CP02897,0
TXN000709,ACC100741,2026-06-24 17:25:00,356.19,N$,p2p_transfer,CP03478,0
TXN000710,ACC100520,2026-06-10 05:42:00,401.44,N$,bill_payment,CP03532,0
TXN000711,ACC100642,2026-07-27 17:42:00,1578.01,N$,merchant_payment,CP03812,0
TXN000712,ACC100036,2026-06-16 17:19:00,144.32,N$,p2p_transfer,CP03757,0
TXN000713,ACC100742,2026-06-26 10:01:00,804.39,N$,merchant_payment,CP02267,0
TXN000714,ACC100086,2026-07-15 09:45:00,160.47,N$,bill_payment,CP03580,0
TXN000715,ACC100769,2026-07-10 20:03:00,265.88,N$,merchant_payment,CP00537,0
TXN000716,ACC100064,2026-07-23 04:05:00,336.05,N$,p2p_transfer,CP02886,0
TXN000717,ACC100773,2026-07-11 00:45:00,214.39,N$,p2p_transfer,CP02042,0
TXN000718,ACC100454,2026-07-22 08:17:00,259.16,N$,p2p_transfer,CP01569,0
TXN000719,ACC100699,2026-06-26 00:53:00,316.3,N$,cash_out,CP00387,0
TXN000720,ACC100114,2026-06-03 21:59:00,412.17,N$,p2p_transfer,CP02479,0
TXN000721,ACC100272,2026-07-09 08:05:00,869.7,N$,merchant_payment,CP00482,0
TXN000722,ACC100348,2026-06-26 05:00:00,183.79,N$,p2p_transfer,CP02979,0
TXN000723,ACC100765,2026-06-15 14:44:00,287.93,N$,merchant_payment,CP03859,0
TXN000724,ACC100039,2026-06-29 12:31:00,463.36,N$,p2p_transfer,CP00956,0
TXN000725,ACC100665,2026-07-10 09:52:00,70.67,N$,p2p_transfer,CP00003,0
TXN000726,ACC100308,2026-06-29 00:27:00,287.15,N$,p2p_transfer,CP03589,0
TXN000727,ACC100030,2026-06-09 09:37:00,351.57,N$,merchant_payment,CP03606,0
TXN000728,ACC100475,2026-06-06 11:47:00,706.39,N$,p2p_transfer,CP03413,0
TXN000729,ACC100022,2026-06-14 15:19:00,1031.62,N$,merchant_payment,CP01847,0
TXN000730,ACC100335,2026-06-08 14:26:00,351.6,N$,bill_payment,CP00504,0
TXN000731,ACC100736,2026-06-02 19:57:00,104.36,N$,p2p_transfer,CP01927,0
TXN000732,ACC100038,2026-07-11 02:53:00,342.38,N$,merchant_payment,CP00347,0
TXN000733,ACC100756,2026-06-02 10:08:00,1121.98,N$,cash_out,CP01990,0
TXN000734,ACC100770,2026-06-28 16:48:00,266.96,N$,p2p_transfer,CP01049,0
TXN000735,ACC100213,2026-07-19 00:38:00,161.63,N$,merchant_payment,CP03009,0
TXN000736,ACC100690,2026-06-06 04:58:00,522.18,N$,p2p_transfer,CP00979,0
TXN000737,ACC100069,2026-06-21 16:00:00,1040.5,N$,bill_payment,CP02682,0
TXN000738,ACC100010,2026-07-21 04:42:00,281.95,N$,merchant_payment,CP03982,0
TXN000739,ACC100080,2026-06-27 11:09:00,274.98,N$,p2p_transfer,CP03063,0
TXN000740,ACC100771,2026-06-18 10:13:00,642.92,N$,p2p_transfer,CP00047,0
TXN000741,ACC100351,2026-06-08 11:10:00,288.02,N$,cash_out,CP02002,0
TXN000742,ACC100719,2026-07-05 08:11:00,2690.49,N$,p2p_transfer,CP02259,0
TXN000743,ACC100075,2026-06-11 21:24:00,295.37,N$,merchant_payment,CP02480,0
TXN000744,ACC100550,2026-07-25 04:15:00,414.95,N$,p2p_transfer,CP01680,0
TXN000745,ACC100255,2026-07-25 09:30:00,281.33,N$,merchant_payment,CP00056,0
TXN000746,ACC100362,2026-07-08 20:27:00,218.09,N$,p2p_transfer,CP03882,0
TXN000747,ACC100660,2026-06-07 23:00:00,4612.12,N$,p2p_transfer,CP03885,1
TXN000748,ACC100788,2026-06-15 07:03:00,1056.52,N$,p2p_transfer,CP03417,0
TXN000749,ACC100490,2026-07-17 08:38:00,324.63,N$,p2p_transfer,CP03024,0
TXN000750,ACC100263,2026-06-12 21:50:00,138.66,N$,p2p_transfer,CP02515,0
TXN000751,ACC100717,2026-07-10 14:20:00,1793.31,N$,merchant_payment,CP02173,0
TXN000752,ACC100445,2026-07-09 09:32:00,350.01,N$,merchant_payment,CP01956,0
TXN000753,ACC100293,2026-06-09 01:48:00,649.0,N$,merchant_payment,CP00295,0
TXN000754,ACC100479,2026-06-09 08:23:00,340.63,N$,p2p_transfer,CP03304,0
TXN000755,ACC100604,2026-07-27 17:52:00,2177.45,N$,cash_out,CP01108,1
TXN000756,ACC100289,2026-07-20 04:18:00,187.65,N$,cash_out,CP01445,0
TXN000757,ACC100633,2026-07-28 14:28:00,49.68,N$,p2p_transfer,CP00089,0
TXN000758,ACC100307,2026-07-11 18:03:00,434.74,N$,p2p_transfer,CP03091,0
TXN000759,ACC100456,2026-07-27 17:51:00,755.85,N$,p2p_transfer,CP02877,0
TXN000760,ACC100031,2026-06-08 12:21:00,222.59,N$,p2p_transfer,CP01871,0
TXN000761,ACC100781,2026-06-03 00:17:00,802.3,N$,cash_out,CP01594,0
TXN000762,ACC100656,2026-07-28 04:15:00,472.88,N$,p2p_transfer,CP01848,0
TXN000763,ACC100234,2026-06-13 17:40:00,86.56,N$,bill_payment,CP02274,0
TXN000764,ACC100462,2026-07-07 07:53:00,114.22,N$,p2p_transfer,CP02320,0
TXN000765,ACC100426,2026-07-12 12:24:00,655.04,N$,cash_out,CP02043,0
TXN000766,ACC100218,2026-06-15 16:43:00,384.61,N$,p2p_transfer,CP02289,0
TXN000767,ACC100284,2026-06-12 13:29:00,481.67,N$,p2p_transfer,CP00018,0
TXN000768,ACC100092,2026-06-30 19:34:00,836.75,N$,merchant_payment,CP00306,0
TXN000769,ACC100315,2026-07-14 12:13:00,1040.15,N$,p2p_transfer,CP00453,0
TXN000770,ACC100777,2026-06-09 07:33:00,987.55,N$,cash_out,CP02489,0
TXN000771,ACC100430,2026-07-03 12:58:00,460.03,N$,merchant_payment,CP01056,0
TXN000772,ACC100164,2026-06-24 23:30:00,1432.34,N$,p2p_transfer,CP00294,0
TXN000773,ACC100174,2026-06-09 06:39:00,1978.61,N$,p2p_transfer,CP01320,0
TXN000774,ACC100651,2026-06-25 22:12:00,451.77,N$,p2p_transfer,CP00022,0
TXN000775,ACC100576,2026-06-20 01:54:00,249.5,N$,cash_out,CP02726,0
TXN000776,ACC100045,2026-06-03 21:45:00,258.15,N$,p2p_transfer,CP00487,0
TXN000777,ACC100432,2026-07-01 19:31:00,3127.3,N$,cash_out,CP01297,1
TXN000778,ACC100199,2026-06-22 19:24:00,95.41,N$,bill_payment,CP03723,0
TXN000779,ACC100139,2026-07-25 19:33:00,371.01,N$,cash_out,CP03657,0
TXN000780,ACC100610,2026-06-16 01:40:00,622.06,N$,merchant_payment,CP01990,0
TXN000781,ACC100462,2026-07-04 22:26:00,390.78,N$,cash_out,CP02101,0
TXN000782,ACC100171,2026-07-18 14:02:00,1469.81,N$,cash_out,CP01089,1
TXN000783,ACC100123,2026-06-19 15:18:00,495.99,N$,bill_payment,CP03633,0
TXN000784,ACC100214,2026-07-03 05:03:00,302.43,N$,bill_payment,CP00147,0
TXN000785,ACC100364,2026-06-20 23:32:00,166.31,N$,p2p_transfer,CP03781,0
TXN000786,ACC100375,2026-07-26 15:42:00,225.03,N$,merchant_payment,CP02398,0
TXN000787,ACC100318,2026-07-19 03:44:00,550.14,N$,p2p_transfer,CP01155,0
TXN000788,ACC100166,2026-06-30 17:42:00,1038.21,N$,merchant_payment,CP03371,0
TXN000789,ACC100259,2026-07-28 04:37:00,3495.16,N$,cash_out,CP02628,1
TXN000790,ACC100306,2026-07-11 07:11:00,744.25,N$,p2p_transfer,CP02065,0
TXN000791,ACC100452,2026-07-24 23:36:00,741.35,N$,merchant_payment,CP02989,0
TXN000792,ACC100076,2026-06-27 21:23:00,894.5,N$,cash_out,CP00105,0
TXN000793,ACC100310,2026-07-10 10:31:00,466.99,N$,p2p_transfer,CP02625,0
TXN000794,ACC100002,2026-07-08 18:45:00,1341.52,N$,merchant_payment,CP02126,0
TXN000795,ACC100516,2026-06-22 04:17:00,850.91,N$,merchant_payment,CP00955,0
TXN000796,ACC100622,2026-07-08 05:18:00,323.2,N$,merchant_payment,CP01978,0
TXN000797,ACC100226,2026-06-25 10:29:00,2721.44,N$,cash_out,CP02273,1
TXN000798,ACC100243,2026-06-21 11:11:00,123.0,N$,p2p_transfer,CP01945,0
TXN000799,ACC100100,2026-06-20 09:00:00,170.35,N$,merchant_payment,CP01345,0
TXN000800,ACC100652,2026-07-09 06:46:00,428.62,N$,merchant_payment,CP02117,0
TXN000801,ACC100345,2026-07-11 09:26:00,422.94,N$,merchant_payment,CP01653,0
TXN000802,ACC100311,2026-06-14 10:10:00,232.54,N$,cash_out,CP03485,0
TXN000803,ACC100621,2026-07-30 14:42:00,663.19,N$,merchant_payment,CP03349,0
TXN000804,ACC100043,2026-07-06 07:09:00,202.86,N$,merchant_payment,CP00220,0
TXN000805,ACC100776,2026-07-27 00:26:00,443.79,N$,bill_payment,CP03677,0
TXN000806,ACC100448,2026-07-04 06:12:00,554.78,N$,p2p_transfer,CP01703,0
TXN000807,ACC100117,2026-07-24 16:48:00,762.4,N$,merchant_payment,CP00187,0
TXN000808,ACC100613,2026-07-29 01:12:00,1258.43,N$,merchant_payment,CP03081,0
TXN000809,ACC100590,2026-06-18 19:52:00,547.81,N$,merchant_payment,CP01792,0
TXN000810,ACC100402,2026-06-09 17:20:00,661.52,N$,p2p_transfer,CP03366,0
TXN000811,ACC100462,2026-07-13 19:31:00,364.99,N$,merchant_payment,CP03534,0
TXN000812,ACC100439,2026-07-15 16:01:00,742.58,N$,merchant_payment,CP01351,0
TXN000813,ACC100779,2026-07-11 05:24:00,365.03,N$,cash_out,CP00849,0
TXN000814,ACC100214,2026-07-02 16:08:00,585.23,N$,bill_payment,CP03575,0
TXN000815,ACC100670,2026-06-18 19:51:00,318.44,N$,merchant_payment,CP00292,0
TXN000816,ACC100554,2026-06-13 17:04:00,1217.3,N$,merchant_payment,CP00175,0
TXN000817,ACC100530,2026-06-22 17:58:00,331.45,N$,merchant_payment,CP02704,0
TXN000818,ACC100661,2026-06-14 23:22:00,581.76,N$,p2p_transfer,CP03959,0
TXN000819,ACC100286,2026-06-10 08:26:00,323.85,N$,p2p_transfer,CP00525,0
TXN000820,ACC100423,2026-07-25 19:56:00,79.42,N$,bill_payment,CP00946,0
TXN000821,ACC100692,2026-06-03 01:52:00,1108.16,N$,p2p_transfer,CP01044,0
TXN000822,ACC100370,2026-07-30 04:14:00,535.76,N$,p2p_transfer,CP03597,0
TXN000823,ACC100462,2026-06-18 00:15:00,177.2,N$,merchant_payment,CP01429,0
TXN000824,ACC100601,2026-07-28 22:57:00,369.03,N$,bill_payment,CP01607,0
TXN000825,ACC100605,2026-07-25 22:40:00,190.03,N$,merchant_payment,CP02774,0
TXN000826,ACC100341,2026-07-17 06:40:00,373.1,N$,p2p_transfer,CP01265,0
TXN000827,ACC100546,2026-06-07 04:16:00,811.63,N$,p2p_transfer,CP00996,0
TXN000828,ACC100408,2026-07-07 00:18:00,91.91,N$,merchant_payment,CP03882,0
TXN000829,ACC100583,2026-07-05 22:51:00,144.97,N$,p2p_transfer,CP03326,0
TXN000830,ACC100418,2026-07-14 23:27:00,1231.41,N$,merchant_payment,CP00085,0
TXN000831,ACC100763,2026-06-07 05:39:00,114.95,N$,p2p_transfer,CP03306,0
TXN000832,ACC100099,2026-07-25 16:33:00,151.32,N$,p2p_transfer,CP01076,0
TXN000833,ACC100325,2026-06-01 10:47:00,161.36,N$,merchant_payment,CP01158,0
TXN000834,ACC100675,2026-07-21 12:43:00,719.35,N$,merchant_payment,CP02604,0
TXN000835,ACC100463,2026-07-26 16:00:00,306.17,N$,p2p_transfer,CP02311,0
TXN000836,ACC100734,2026-06-06 13:33:00,2465.57,N$,merchant_payment,CP02385,0
TXN000837,ACC100437,2026-07-02 11:13:00,475.35,N$,merchant_payment,CP00385,0
TXN000838,ACC100650,2026-07-22 06:51:00,31.03,N$,p2p_transfer,CP01403,0
TXN000839,ACC100348,2026-07-01 00:27:00,693.16,N$,p2p_transfer,CP00331,0
TXN000840,ACC100391,2026-06-14 01:29:00,585.48,N$,merchant_payment,CP03555,0
TXN000841,ACC100677,2026-06-01 11:47:00,130.31,N$,p2p_transfer,CP00806,0
TXN000842,ACC100667,2026-06-13 16:57:00,245.83,N$,merchant_payment,CP01689,0
TXN000843,ACC100592,2026-06-02 03:53:00,248.71,N$,p2p_transfer,CP00545,0
TXN000844,ACC100162,2026-07-12 16:03:00,433.79,N$,p2p_transfer,CP03894,0
TXN000845,ACC100149,2026-07-03 08:36:00,615.27,N$,merchant_payment,CP03492,0
TXN000846,ACC100792,2026-06-14 15:22:00,584.08,N$,merchant_payment,CP03107,0
TXN000847,ACC100184,2026-06-23 10:10:00,866.12,N$,p2p_transfer,CP01694,0
TXN000848,ACC100542,2026-06-15 03:59:00,598.7,N$,merchant_payment,CP01281,0
TXN000849,ACC100603,2026-07-20 09:32:00,388.87,N$,p2p_transfer,CP03503,0
TXN000850,ACC100572,2026-07-02 02:22:00,410.76,N$,merchant_payment,CP02236,0
TXN000851,ACC100659,2026-07-25 10:00:00,295.38,N$,merchant_payment,CP01017,0
TXN000852,ACC100071,2026-07-25 17:50:00,788.96,N$,p2p_transfer,CP01357,0
TXN000853,ACC100321,2026-06-24 09:53:00,357.78,N$,p2p_transfer,CP03238,0
TXN000854,ACC100456,2026-07-25 10:41:00,158.15,N$,merchant_payment,CP01994,0
TXN000855,ACC100512,2026-06-03 06:08:00,592.17,N$,bill_payment,CP00264,0
TXN000856,ACC100550,2026-07-19 04:06:00,44.82,N$,p2p_transfer,CP03980,0
TXN000857,ACC100059,2026-06-06 04:56:00,109.59,N$,merchant_payment,CP01032,0
TXN000858,ACC100105,2026-07-16 10:01:00,806.07,N$,p2p_transfer,CP00146,0
TXN000859,ACC100131,2026-07-08 18:45:00,1561.88,N$,p2p_transfer,CP03538,0
TXN000860,ACC100538,2026-06-26 17:35:00,605.55,N$,merchant_payment,CP01556,0
TXN000861,ACC100503,2026-07-11 00:56:00,588.17,N$,cash_out,CP03248,0
TXN000862,ACC100428,2026-07-30 09:06:00,563.92,N$,merchant_payment,CP03177,0
TXN000863,ACC100329,2026-06-04 08:04:00,193.31,N$,cash_out,CP00220,0
TXN000864,ACC100419,2026-07-27 20:17:00,1109.94,N$,cash_out,CP00755,1
TXN000865,ACC100654,2026-07-21 09:15:00,786.75,N$,p2p_transfer,CP01840,0
TXN000866,ACC100239,2026-07-08 14:05:00,324.41,N$,cash_out,CP00408,0
TXN000867,ACC100261,2026-06-02 04:23:00,136.76,N$,p2p_transfer,CP03552,0
TXN000868,ACC100580,2026-06-28 09:40:00,2214.36,N$,p2p_transfer,CP03404,0
TXN000869,ACC100514,2026-07-14 06:44:00,659.16,N$,merchant_payment,CP02093,0
TXN000870,ACC100378,2026-07-21 12:33:00,621.09,N$,p2p_transfer,CP03972,0
TXN000871,ACC100086,2026-07-14 13:53:00,1610.04,N$,p2p_transfer,CP00256,0
TXN000872,ACC100225,2026-06-20 22:01:00,324.72,N$,p2p_transfer,CP03786,0
TXN000873,ACC100055,2026-06-24 03:39:00,1617.5,N$,p2p_transfer,CP03106,0
TXN000874,ACC100582,2026-07-03 10:13:00,273.45,N$,p2p_transfer,CP01716,0
TXN000875,ACC100056,2026-07-19 04:19:00,212.11,N$,p2p_transfer,CP03938,0
TXN000876,ACC100714,2026-06-05 06:04:00,404.47,N$,bill_payment,CP00776,0
TXN000877,ACC100460,2026-07-21 08:47:00,1500.5,N$,p2p_transfer,CP03644,0
TXN000878,ACC100082,2026-06-19 19:34:00,210.75,N$,p2p_transfer,CP02377,0
TXN000879,ACC100528,2026-06-02 01:52:00,949.03,N$,p2p_transfer,CP02209,0
TXN000880,ACC100066,2026-07-02 20:41:00,174.56,N$,p2p_transfer,CP03047,0
TXN000881,ACC100271,2026-06-09 20:33:00,895.34,N$,merchant_payment,CP00749,0
TXN000882,ACC100399,2026-06-30 22:51:00,758.49,N$,p2p_transfer,CP01148,0
TXN000883,ACC100419,2026-06-09 07:33:00,779.49,N$,p2p_transfer,CP03486,0
TXN000884,ACC100064,2026-06-25 02:24:00,834.91,N$,merchant_payment,CP00235,0
TXN000885,ACC100687,2026-06-25 02:56:00,665.78,N$,merchant_payment,CP03952,0
TXN000886,ACC100388,2026-06-20 06:59:00,1176.75,N$,merchant_payment,CP00779,0
TXN000887,ACC100398,2026-07-29 14:29:00,420.31,N$,p2p_transfer,CP01552,0
TXN000888,ACC100796,2026-07-08 08:03:00,1334.13,N$,p2p_transfer,CP00729,0
TXN000889,ACC100595,2026-07-21 15:23:00,98.8,N$,p2p_transfer,CP02462,0
TXN000890,ACC100179,2026-07-08 22:09:00,989.71,N$,p2p_transfer,CP02344,0
TXN000891,ACC100478,2026-06-03 12:20:00,107.62,N$,p2p_transfer,CP00443,0
TXN000892,ACC100304,2026-07-23 00:47:00,1699.64,N$,p2p_transfer,CP00658,0
TXN000893,ACC100276,2026-06-17 12:21:00,97.3,N$,bill_payment,CP00694,0
TXN000894,ACC100172,2026-07-11 05:57:00,754.74,N$,p2p_transfer,CP01916,0
TXN000895,ACC100672,2026-06-29 22:10:00,893.91,N$,cash_out,CP02886,0
TXN000896,ACC100766,2026-07-25 00:39:00,105.95,N$,p2p_transfer,CP03053,0
TXN000897,ACC100200,2026-07-23 13:54:00,722.93,N$,p2p_transfer,CP01478,0
TXN000898,ACC100426,2026-06-03 19:53:00,570.65,N$,cash_out,CP02121,0
TXN000899,ACC100626,2026-07-03 00:10:00,284.04,N$,merchant_payment,CP00706,0
TXN000900,ACC100265,2026-07-17 01:50:00,503.6,N$,merchant_payment,CP03332,0
TXN000901,ACC100207,2026-07-01 01:43:00,719.0,N$,p2p_transfer,CP00236,0
TXN000902,ACC100273,2026-07-10 01:39:00,250.42,N$,cash_out,CP02937,0
TXN000903,ACC100698,2026-07-11 10:50:00,1562.9,N$,p2p_transfer,CP00275,0
TXN000904,ACC100651,2026-07-07 04:44:00,696.14,N$,p2p_transfer,CP03087,0
TXN000905,ACC100539,2026-06-28 00:21:00,102.31,N$,p2p_transfer,CP00720,0
TXN000906,ACC100514,2026-06-01 07:09:00,409.24,N$,p2p_transfer,CP00937,0
TXN000907,ACC100053,2026-06-21 11:29:00,74.04,N$,p2p_transfer,CP02772,0
TXN000908,ACC100544,2026-07-22 04:39:00,956.51,N$,merchant_payment,CP01100,0
TXN000909,ACC100263,2026-07-15 09:55:00,1028.3,N$,p2p_transfer,CP00303,0
TXN000910,ACC100024,2026-06-06 22:51:00,909.63,N$,p2p_transfer,CP00056,0
TXN000911,ACC100598,2026-06-03 01:22:00,556.4,N$,p2p_transfer,CP03954,0
TXN000912,ACC100423,2026-07-30 23:19:00,566.87,N$,p2p_transfer,CP03631,0
TXN000913,ACC100456,2026-07-14 15:55:00,183.83,N$,p2p_transfer,CP00086,0
TXN000914,ACC100322,2026-07-10 20:15:00,7548.33,N$,p2p_transfer,CP02113,1
TXN000915,ACC100610,2026-07-16 09:18:00,1294.16,N$,bill_payment,CP03032,0
TXN000916,ACC100058,2026-07-04 12:57:00,241.49,N$,cash_out,CP02357,0
TXN000917,ACC100466,2026-06-28 16:45:00,138.12,N$,merchant_payment,CP02863,0
TXN000918,ACC100790,2026-06-19 06:48:00,450.51,N$,cash_out,CP02834,0
TXN000919,ACC100689,2026-07-09 19:17:00,264.03,N$,p2p_transfer,CP01563,0
TXN000920,ACC100504,2026-06-13 06:52:00,169.2,N$,p2p_transfer,CP00426,0
TXN000921,ACC100205,2026-06-25 10:26:00,617.85,N$,cash_out,CP03327,0
TXN000922,ACC100785,2026-07-05 12:13:00,790.02,N$,p2p_transfer,CP01178,0
TXN000923,ACC100597,2026-07-03 04:22:00,1703.08,N$,p2p_transfer,CP03753,0
TXN000924,ACC100186,2026-07-16 02:07:00,1747.62,N$,cash_out,CP00492,0
TXN000925,ACC100114,2026-07-04 12:06:00,411.21,N$,bill_payment,CP01230,0
TXN000926,ACC100148,2026-06-12 07:42:00,873.61,N$,p2p_transfer,CP01145,0
TXN000927,ACC100481,2026-07-23 16:05:00,160.9,N$,merchant_payment,CP00496,0
TXN000928,ACC100591,2026-06-27 00:52:00,238.6,N$,p2p_transfer,CP02010,0
TXN000929,ACC100664,2026-06-11 23:24:00,873.07,N$,p2p_transfer,CP02825,0
TXN000930,ACC100271,2026-06-16 00:36:00,225.43,N$,bill_payment,CP02744,0
TXN000931,ACC100090,2026-07-30 03:45:00,340.55,N$,p2p_transfer,CP03894,0
TXN000932,ACC100429,2026-06-29 10:53:00,479.66,N$,bill_payment,CP00925,0
TXN000933,ACC100435,2026-06-05 19:56:00,265.58,N$,p2p_transfer,CP00797,0
TXN000934,ACC100495,2026-07-15 21:03:00,1686.89,N$,merchant_payment,CP02668,0
TXN000935,ACC100547,2026-06-07 00:00:00,735.68,N$,p2p_transfer,CP02993,0
TXN000936,ACC100275,2026-06-20 19:43:00,1920.54,N$,merchant_payment,CP02509,0
TXN000937,ACC100003,2026-07-26 19:30:00,335.62,N$,p2p_transfer,CP01275,0
TXN000938,ACC100626,2026-07-18 11:29:00,120.95,N$,merchant_payment,CP01628,0
TXN000939,ACC100683,2026-06-04 09:04:00,230.08,N$,merchant_payment,CP00613,0
TXN000940,ACC100475,2026-06-07 17:12:00,204.23,N$,p2p_transfer,CP00846,0
TXN000941,ACC100260,2026-06-19 20:12:00,156.91,N$,merchant_payment,CP02400,0
TXN000942,ACC100027,2026-07-05 09:02:00,246.62,N$,merchant_payment,CP01486,0
TXN000943,ACC100773,2026-06-07 14:42:00,554.2,N$,merchant_payment,CP02117,0
TXN000944,ACC100613,2026-06-05 16:37:00,759.88,N$,cash_out,CP01930,0
TXN000945,ACC100494,2026-07-20 01:25:00,195.95,N$,p2p_transfer,CP00212,0
TXN000946,ACC100072,2026-07-05 05:58:00,283.97,N$,cash_out,CP03878,0
TXN000947,ACC100747,2026-06-09 11:01:00,135.1,N$,cash_out,CP02547,0
TXN000948,ACC100379,2026-06-17 14:17:00,740.89,N$,p2p_transfer,CP02855,0
TXN000949,ACC100182,2026-06-07 13:28:00,337.48,N$,p2p_transfer,CP02393,0
TXN000950,ACC100385,2026-07-08 04:21:00,295.16,N$,cash_out,CP00619,0
TXN000951,ACC100564,2026-06-23 13:28:00,240.36,N$,cash_out,CP00707,0
TXN000952,ACC100747,2026-06-15 22:58:00,521.59,N$,p2p_transfer,CP03687,0
TXN000953,ACC100426,2026-06-18 08:15:00,201.76,N$,cash_out,CP03408,0
TXN000954,ACC100212,2026-07-12 14:38:00,250.39,N$,p2p_transfer,CP02912,0
TXN000955,ACC100630,2026-07-29 23:23:00,303.82,N$,cash_out,CP02003,0
TXN000956,ACC100794,2026-07-10 04:27:00,180.84,N$,p2p_transfer,CP00586,0
TXN000957,ACC100166,2026-07-26 16:07:00,269.71,N$,cash_out,CP01453,0
TXN000958,ACC100718,2026-07-09 06:33:00,356.15,N$,p2p_transfer,CP00119,0
TXN000959,ACC100325,2026-06-07 15:00:00,1243.86,N$,p2p_transfer,CP00449,0
TXN000960,ACC100239,2026-07-17 17:44:00,529.5,N$,p2p_transfer,CP01726,0
TXN000961,ACC100652,2026-06-05 00:23:00,574.77,N$,bill_payment,CP03648,0
TXN000962,ACC100350,2026-06-02 01:20:00,231.86,N$,bill_payment,CP03124,0
TXN000963,ACC100338,2026-07-08 04:29:00,2095.51,N$,p2p_transfer,CP00398,0
TXN000964,ACC100546,2026-06-16 04:17:00,459.42,N$,merchant_payment,CP03797,0
TXN000965,ACC100203,2026-06-16 07:16:00,295.42,N$,merchant_payment,CP03847,0
TXN000966,ACC100197,2026-07-20 14:32:00,197.68,N$,cash_out,CP00291,0
TXN000967,ACC100522,2026-07-28 22:58:00,7383.7,N$,cash_out,CP03365,1
TXN000968,ACC100757,2026-06-16 20:29:00,320.71,N$,p2p_transfer,CP03085,0
TXN000969,ACC100542,2026-06-10 13:30:00,296.33,N$,merchant_payment,CP01763,0
TXN000970,ACC100524,2026-07-29 22:57:00,1012.11,N$,cash_out,CP03064,0
TXN000971,ACC100411,2026-07-13 00:24:00,200.75,N$,cash_out,CP03066,0
TXN000972,ACC100185,2026-07-28 17:03:00,345.98,N$,p2p_transfer,CP03852,0
TXN000973,ACC100236,2026-06-27 21:55:00,460.31,N$,merchant_payment,CP00654,0
TXN000974,ACC100743,2026-07-04 23:26:00,542.65,N$,merchant_payment,CP00757,0
TXN000975,ACC100345,2026-06-18 11:09:00,375.67,N$,p2p_transfer,CP03964,0
TXN000976,ACC100782,2026-07-30 07:12:00,298.67,N$,p2p_transfer,CP03205,0
TXN000977,ACC100525,2026-06-18 20:41:00,297.28,N$,bill_payment,CP00254,0
TXN000978,ACC100613,2026-06-05 20:41:00,370.1,N$,cash_out,CP03019,0
TXN000979,ACC100021,2026-07-01 20:12:00,395.92,N$,merchant_payment,CP00797,0
TXN000980,ACC100066,2026-06-20 18:41:00,241.0,N$,merchant_payment,CP01749,0
TXN000981,ACC100496,2026-06-26 11:54:00,215.13,N$,merchant_payment,CP01454,0
TXN000982,ACC100062,2026-07-10 09:15:00,1135.14,N$,p2p_transfer,CP03784,0
TXN000983,ACC100451,2026-07-07 11:10:00,123.29,N$,p2p_transfer,CP00435,0
TXN000984,ACC100504,2026-07-13 12:19:00,262.94,N$,p2p_transfer,CP00954,0
TXN000985,ACC100295,2026-06-05 02:44:00,1933.64,N$,p2p_transfer,CP00350,0
TXN000986,ACC100733,2026-06-15 20:52:00,455.62,N$,cash_out,CP02934,0
TXN000987,ACC100156,2026-06-28 06:42:00,1411.57,N$,bill_payment,CP00998,0
TXN000988,ACC100704,2026-07-03 00:39:00,318.19,N$,merchant_payment,CP02422,0
TXN000989,ACC100481,2026-06-18 08:33:00,358.43,N$,merchant_payment,CP01355,0
TXN000990,ACC100343,2026-06-10 14:17:00,512.53,N$,p2p_transfer,CP00271,0
TXN000991,ACC100184,2026-06-06 11:52:00,824.58,N$,p2p_transfer,CP00653,0
TXN000992,ACC100198,2026-06-30 05:09:00,94.67,N$,p2p_transfer,CP01379,0
TXN000993,ACC100302,2026-07-29 08:26:00,406.59,N$,merchant_payment,CP03480,0
TXN000994,ACC100609,2026-06-29 11:37:00,49.81,N$,cash_out,CP01985,0
TXN000995,ACC100747,2026-07-15 01:56:00,957.63,N$,p2p_transfer,CP02246,0
TXN000996,ACC100093,2026-06-20 10:17:00,445.02,N$,merchant_payment,CP00752,0
TXN000997,ACC100482,2026-06-09 01:17:00,840.15,N$,cash_out,CP03273,0
TXN000998,ACC100493,2026-07-11 10:56:00,426.6,N$,merchant_payment,CP00572,0
TXN000999,ACC100378,2026-06-14 10:11:00,917.96,N$,p2p_transfer,CP03796,0
TXN001000,ACC100742,2026-06-25 07:01:00,224.14,N$,p2p_transfer,CP00200,0
TXN001001,ACC100249,2026-06-08 01:18:00,451.4,N$,p2p_transfer,CP02778,0
TXN001002,ACC100473,2026-07-22 18:49:00,329.27,N$,p2p_transfer,CP00798,0
TXN001003,ACC100478,2026-07-07 21:13:00,526.53,N$,p2p_transfer,CP03227,0
TXN001004,ACC100497,2026-06-03 05:47:00,368.63,N$,bill_payment,CP02488,0
TXN001005,ACC100114,2026-07-18 03:49:00,187.9,N$,p2p_transfer,CP03308,0
TXN001006,ACC100641,2026-06-23 02:35:00,506.97,N$,p2p_transfer,CP02505,0
TXN001007,ACC100667,2026-07-17 14:21:00,333.89,N$,merchant_payment,CP02442,0
TXN001008,ACC100072,2026-06-12 23:02:00,57.45,N$,p2p_transfer,CP00861,0
TXN001009,ACC100742,2026-07-11 22:01:00,430.13,N$,merchant_payment,CP01379,0
TXN001010,ACC100345,2026-06-26 07:01:00,106.67,N$,p2p_transfer,CP02828,0
TXN001011,ACC100162,2026-07-29 17:14:00,374.21,N$,p2p_transfer,CP01154,0
TXN001012,ACC100229,2026-06-02 15:40:00,201.59,N$,bill_payment,CP02035,0
TXN001013,ACC100011,2026-07-22 17:36:00,1338.15,N$,p2p_transfer,CP01705,0
TXN001014,ACC100014,2026-06-25 15:25:00,319.09,N$,merchant_payment,CP03444,0
TXN001015,ACC100157,2026-06-15 17:21:00,297.98,N$,p2p_transfer,CP02216,0
TXN001016,ACC100209,2026-07-01 02:30:00,461.32,N$,p2p_transfer,CP02990,0
TXN001017,ACC100059,2026-06-10 15:39:00,1258.01,N$,bill_payment,CP03014,0
TXN001018,ACC100064,2026-07-21 13:45:00,191.38,N$,p2p_transfer,CP02426,0
TXN001019,ACC100051,2026-07-29 08:05:00,949.45,N$,cash_out,CP02549,0
TXN001020,ACC100675,2026-07-27 14:02:00,1426.44,N$,merchant_payment,CP02400,0
TXN001021,ACC100570,2026-07-08 11:43:00,545.59,N$,merchant_payment,CP02816,0
TXN001022,ACC100478,2026-06-16 12:24:00,1290.87,N$,bill_payment,CP03234,0
TXN001023,ACC100214,2026-07-28 03:13:00,1473.49,N$,bill_payment,CP02663,0
TXN001024,ACC100353,2026-07-07 17:51:00,127.33,N$,cash_out,CP03171,0
TXN001025,ACC100443,2026-06-24 11:13:00,270.1,N$,p2p_transfer,CP03894,0
TXN001026,ACC100007,2026-06-07 01:49:00,659.72,N$,p2p_transfer,CP01141,0
TXN001027,ACC100418,2026-07-17 11:05:00,210.68,N$,cash_out,CP02123,0
TXN001028,ACC100106,2026-07-12 04:20:00,457.0,N$,bill_payment,CP03444,0
TXN001029,ACC100799,2026-07-08 02:11:00,543.88,N$,merchant_payment,CP02580,0
TXN001030,ACC100017,2026-06-29 02:16:00,770.92,N$,bill_payment,CP01613,0
TXN001031,ACC100516,2026-06-19 11:47:00,230.71,N$,merchant_payment,CP03480,0
TXN001032,ACC100073,2026-06-27 05:23:00,138.27,N$,p2p_transfer,CP00588,0
TXN001033,ACC100074,2026-06-11 02:38:00,637.59,N$,p2p_transfer,CP02378,0
TXN001034,ACC100479,2026-06-16 12:20:00,225.97,N$,merchant_payment,CP00297,0
TXN001035,ACC100411,2026-07-01 06:42:00,1204.55,N$,bill_payment,CP03539,0
TXN001036,ACC100461,2026-07-08 09:05:00,836.05,N$,cash_out,CP02020,0
TXN001037,ACC100545,2026-06-05 03:02:00,552.75,N$,p2p_transfer,CP02136,0
TXN001038,ACC100367,2026-06-22 16:58:00,4358.06,N$,merchant_payment,CP01904,0
TXN001039,ACC100429,2026-07-15 12:07:00,397.27,N$,p2p_transfer,CP02562,0
TXN001040,ACC100666,2026-06-14 21:26:00,362.67,N$,p2p_transfer,CP03943,0
TXN001041,ACC100596,2026-07-18 02:21:00,828.14,N$,bill_payment,CP02880,0
TXN001042,ACC100192,2026-07-26 01:14:00,1088.64,N$,cash_out,CP00128,0
TXN001043,ACC100768,2026-06-19 17:36:00,321.7,N$,p2p_transfer,CP00254,0
TXN001044,ACC100491,2026-07-02 00:37:00,525.05,N$,merchant_payment,CP02661,0
TXN001045,ACC100068,2026-06-04 09:52:00,678.84,N$,bill_payment,CP00078,0
TXN001046,ACC100105,2026-06-05 17:03:00,1411.75,N$,p2p_transfer,CP03754,0
TXN001047,ACC100695,2026-07-26 04:45:00,255.23,N$,p2p_transfer,CP00172,0
TXN001048,ACC100479,2026-06-30 21:54:00,315.54,N$,p2p_transfer,CP02445,0
TXN001049,ACC100342,2026-06-21 20:21:00,241.47,N$,cash_out,CP01953,0
TXN001050,ACC100329,2026-07-17 03:02:00,1081.87,N$,bill_payment,CP03705,0
TXN001051,ACC100123,2026-07-17 08:42:00,1021.55,N$,p2p_transfer,CP01906,0
TXN001052,ACC100656,2026-07-25 18:38:00,446.01,N$,merchant_payment,CP01543,0
TXN001053,ACC100306,2026-06-14 12:15:00,129.12,N$,p2p_transfer,CP00960,0
TXN001054,ACC100344,2026-06-30 16:32:00,619.07,N$,p2p_transfer,CP02095,0
TXN001055,ACC100017,2026-06-20 01:41:00,440.21,N$,p2p_transfer,CP02690,0
TXN001056,ACC100630,2026-06-17 02:48:00,560.39,N$,bill_payment,CP02280,0
TXN001057,ACC100233,2026-06-18 13:29:00,267.14,N$,cash_out,CP02478,0
TXN001058,ACC100087,2026-07-04 16:01:00,349.89,N$,p2p_transfer,CP03784,0
TXN001059,ACC100114,2026-07-07 17:17:00,335.25,N$,p2p_transfer,CP00260,0
TXN001060,ACC100505,2026-07-18 06:23:00,265.9,N$,merchant_payment,CP01444,0
TXN001061,ACC100602,2026-06-05 04:50:00,577.73,N$,merchant_payment,CP00487,0
TXN001062,ACC100498,2026-07-18 03:00:00,1712.87,N$,cash_out,CP01347,0
TXN001063,ACC100484,2026-07-27 12:29:00,152.07,N$,p2p_transfer,CP01587,0
TXN001064,ACC100183,2026-06-23 23:42:00,411.95,N$,merchant_payment,CP00091,0
TXN001065,ACC100323,2026-07-05 11:38:00,454.03,N$,merchant_payment,CP01493,0
TXN001066,ACC100488,2026-06-12 16:44:00,157.02,N$,p2p_transfer,CP00909,0
TXN001067,ACC100523,2026-06-03 09:34:00,336.7,N$,cash_out,CP01695,0
TXN001068,ACC100766,2026-06-25 11:31:00,115.1,N$,p2p_transfer,CP00225,0
TXN001069,ACC100700,2026-06-15 17:38:00,1400.71,N$,p2p_transfer,CP00563,0
TXN001070,ACC100495,2026-07-05 03:20:00,609.63,N$,p2p_transfer,CP02866,0
TXN001071,ACC100073,2026-07-22 10:13:00,1261.47,N$,p2p_transfer,CP00317,0
TXN001072,ACC100081,2026-06-08 12:49:00,612.03,N$,merchant_payment,CP03922,0
TXN001073,ACC100616,2026-06-07 09:18:00,444.08,N$,merchant_payment,CP01999,0
TXN001074,ACC100619,2026-07-07 17:42:00,603.01,N$,merchant_payment,CP03008,0
TXN001075,ACC100456,2026-06-10 06:37:00,974.49,N$,merchant_payment,CP00460,0
TXN001076,ACC100319,2026-06-08 11:44:00,1021.27,N$,p2p_transfer,CP03464,0
TXN001077,ACC100213,2026-06-18 20:11:00,264.5,N$,p2p_transfer,CP00247,0
TXN001078,ACC100530,2026-06-02 20:54:00,194.45,N$,p2p_transfer,CP01955,0
TXN001079,ACC100493,2026-06-11 08:19:00,1171.78,N$,bill_payment,CP00219,0
TXN001080,ACC100088,2026-06-02 12:15:00,27417.22,N$,cash_out,CP02079,1
TXN001081,ACC100698,2026-06-14 18:54:00,561.83,N$,merchant_payment,CP01533,0
TXN001082,ACC100097,2026-06-14 05:16:00,553.55,N$,p2p_transfer,CP02361,0
TXN001083,ACC100506,2026-07-01 14:23:00,905.87,N$,bill_payment,CP01502,0
TXN001084,ACC100073,2026-07-25 12:36:00,98.1,N$,merchant_payment,CP01343,0
TXN001085,ACC100433,2026-06-12 12:51:00,302.12,N$,p2p_transfer,CP03170,0
TXN001086,ACC100540,2026-07-11 18:10:00,816.28,N$,p2p_transfer,CP00394,0
TXN001087,ACC100443,2026-06-03 15:21:00,670.14,N$,cash_out,CP01652,0
TXN001088,ACC100349,2026-06-03 14:05:00,484.59,N$,p2p_transfer,CP03664,0
TXN001089,ACC100689,2026-07-10 23:08:00,165.54,N$,p2p_transfer,CP01523,0
TXN001090,ACC100245,2026-07-09 04:20:00,438.86,N$,merchant_payment,CP03166,0
TXN001091,ACC100175,2026-07-26 09:42:00,377.32,N$,merchant_payment,CP02346,0
TXN001092,ACC100354,2026-07-12 22:11:00,264.89,N$,cash_out,CP03052,0
TXN001093,ACC100142,2026-06-25 19:49:00,315.46,N$,merchant_payment,CP00213,0
TXN001094,ACC100660,2026-06-02 17:46:00,5122.18,N$,p2p_transfer,CP03178,1
TXN001095,ACC100592,2026-06-09 14:53:00,1270.05,N$,cash_out,CP01099,0
TXN001096,ACC100284,2026-07-23 23:55:00,254.51,N$,cash_out,CP00584,0
TXN001097,ACC100673,2026-06-27 03:22:00,247.81,N$,merchant_payment,CP03146,0
TXN001098,ACC100464,2026-06-27 03:00:00,1062.49,N$,bill_payment,CP02093,0
TXN001099,ACC100400,2026-06-22 04:47:00,681.35,N$,bill_payment,CP02049,0
TXN001100,ACC100497,2026-07-20 06:59:00,119.68,N$,p2p_transfer,CP03822,0
TXN001101,ACC100195,2026-06-09 13:53:00,361.07,N$,bill_payment,CP02338,0
TXN001102,ACC100470,2026-07-02 10:54:00,249.33,N$,p2p_transfer,CP03725,0
TXN001103,ACC100758,2026-07-29 03:17:00,266.84,N$,cash_out,CP03948,0
TXN001104,ACC100072,2026-06-29 15:02:00,193.53,N$,cash_out,CP02346,0
TXN001105,ACC100559,2026-06-22 20:25:00,470.37,N$,merchant_payment,CP00283,0
TXN001106,ACC100256,2026-06-04 11:07:00,586.34,N$,p2p_transfer,CP03715,0
TXN001107,ACC100671,2026-07-06 01:15:00,944.98,N$,p2p_transfer,CP02146,0
TXN001108,ACC100051,2026-07-09 14:27:00,505.88,N$,merchant_payment,CP01995,0
TXN001109,ACC100646,2026-06-27 09:58:00,783.06,N$,cash_out,CP02007,0
TXN001110,ACC100216,2026-07-05 13:46:00,304.81,N$,p2p_transfer,CP00464,0
TXN001111,ACC100534,2026-07-12 18:31:00,310.49,N$,p2p_transfer,CP02794,0
TXN001112,ACC100097,2026-07-02 22:32:00,261.21,N$,p2p_transfer,CP01388,0
TXN001113,ACC100322,2026-06-12 22:57:00,8118.53,N$,cash_out,CP03351,1
TXN001114,ACC100747,2026-07-05 09:07:00,1123.18,N$,cash_out,CP02787,0
TXN001115,ACC100009,2026-06-03 12:18:00,284.64,N$,merchant_payment,CP03686,0
TXN001116,ACC100455,2026-07-08 07:18:00,2989.01,N$,p2p_transfer,CP00463,1
TXN001117,ACC100269,2026-07-28 18:59:00,944.58,N$,merchant_payment,CP03246,0
TXN001118,ACC100150,2026-06-27 08:37:00,753.62,N$,merchant_payment,CP01791,0
TXN001119,ACC100439,2026-06-23 08:44:00,619.25,N$,cash_out,CP02102,0
TXN001120,ACC100631,2026-06-20 08:31:00,204.31,N$,p2p_transfer,CP02694,0
TXN001121,ACC100051,2026-07-20 03:12:00,278.65,N$,merchant_payment,CP02849,0
TXN001122,ACC100682,2026-06-05 04:58:00,192.01,N$,merchant_payment,CP03876,0
TXN001123,ACC100229,2026-06-29 07:36:00,368.63,N$,p2p_transfer,CP02908,0
TXN001124,ACC100456,2026-07-23 15:27:00,139.12,N$,cash_out,CP01177,0
TXN001125,ACC100049,2026-07-21 15:09:00,511.04,N$,merchant_payment,CP00402,0
TXN001126,ACC100468,2026-06-20 22:48:00,1019.45,N$,merchant_payment,CP02663,0
TXN001127,ACC100793,2026-06-08 10:32:00,214.25,N$,cash_out,CP03971,0
TXN001128,ACC100506,2026-07-18 15:37:00,1019.01,N$,merchant_payment,CP01569,0
TXN001129,ACC100247,2026-07-24 01:30:00,94.39,N$,merchant_payment,CP01702,0
TXN001130,ACC100125,2026-07-14 18:16:00,813.23,N$,p2p_transfer,CP03606,0
TXN001131,ACC100557,2026-07-02 19:31:00,736.77,N$,bill_payment,CP03651,0
TXN001132,ACC100081,2026-07-21 18:52:00,11068.47,N$,cash_out,CP03112,1
TXN001133,ACC100469,2026-06-14 08:50:00,439.99,N$,bill_payment,CP03397,0
TXN001134,ACC100695,2026-07-02 22:34:00,423.41,N$,merchant_payment,CP02906,0
TXN001135,ACC100111,2026-07-27 15:49:00,145.65,N$,merchant_payment,CP02148,0
TXN001136,ACC100489,2026-06-14 22:38:00,875.54,N$,cash_out,CP02545,0
TXN001137,ACC100496,2026-06-24 02:06:00,144.69,N$,cash_out,CP00154,0
TXN001138,ACC100087,2026-06-14 04:02:00,460.04,N$,merchant_payment,CP01512,0
TXN001139,ACC100411,2026-07-22 03:35:00,385.82,N$,merchant_payment,CP03282,0
TXN001140,ACC100086,2026-07-13 23:13:00,166.78,N$,bill_payment,CP03355,0
TXN001141,ACC100331,2026-06-26 02:10:00,862.05,N$,cash_out,CP03861,0
TXN001142,ACC100798,2026-06-12 01:55:00,380.47,N$,p2p_transfer,CP02072,0
TXN001143,ACC100137,2026-07-19 02:19:00,480.86,N$,merchant_payment,CP00049,0
TXN001144,ACC100461,2026-06-19 23:25:00,360.3,N$,merchant_payment,CP02525,0
TXN001145,ACC100379,2026-07-23 10:29:00,413.52,N$,merchant_payment,CP03109,0
TXN001146,ACC100660,2026-07-11 01:52:00,770.29,N$,cash_out,CP03941,0
TXN001147,ACC100194,2026-06-16 08:16:00,443.84,N$,p2p_transfer,CP00029,0
TXN001148,ACC100379,2026-06-25 13:31:00,1152.55,N$,p2p_transfer,CP01964,0
TXN001149,ACC100624,2026-06-30 04:37:00,632.35,N$,p2p_transfer,CP00103,0
TXN001150,ACC100190,2026-07-10 19:00:00,1844.99,N$,p2p_transfer,CP01053,0
TXN001151,ACC100025,2026-07-07 14:56:00,206.54,N$,merchant_payment,CP02305,0
TXN001152,ACC100432,2026-06-10 19:16:00,270.45,N$,merchant_payment,CP00728,0
TXN001153,ACC100476,2026-06-05 02:03:00,517.15,N$,p2p_transfer,CP00428,0
TXN001154,ACC100420,2026-07-05 06:45:00,208.39,N$,p2p_transfer,CP01176,0
TXN001155,ACC100099,2026-07-30 13:32:00,1089.04,N$,merchant_payment,CP01518,0
TXN001156,ACC100546,2026-07-01 15:52:00,1917.13,N$,cash_out,CP01222,0
TXN001157,ACC100665,2026-06-09 11:43:00,224.18,N$,p2p_transfer,CP01984,0
TXN001158,ACC100704,2026-07-10 18:24:00,976.09,N$,bill_payment,CP01734,0
TXN001159,ACC100287,2026-06-20 00:31:00,135.06,N$,p2p_transfer,CP02731,0
TXN001160,ACC100338,2026-07-28 01:03:00,1295.53,N$,bill_payment,CP00808,0
TXN001161,ACC100134,2026-06-09 11:06:00,1004.99,N$,cash_out,CP03596,0
TXN001162,ACC100597,2026-07-17 00:51:00,1104.35,N$,merchant_payment,CP01276,0
TXN001163,ACC100540,2026-06-14 05:06:00,244.69,N$,p2p_transfer,CP02183,0
TXN001164,ACC100277,2026-06-12 18:38:00,2515.69,N$,p2p_transfer,CP03878,0
TXN001165,ACC100516,2026-06-22 05:25:00,515.85,N$,merchant_payment,CP03782,0
TXN001166,ACC100559,2026-07-28 13:16:00,268.62,N$,merchant_payment,CP02073,0
TXN001167,ACC100243,2026-06-01 22:05:00,480.15,N$,merchant_payment,CP01424,0
TXN001168,ACC100121,2026-07-26 15:05:00,3005.26,N$,cash_out,CP01319,1
TXN001169,ACC100356,2026-07-17 16:17:00,316.7,N$,merchant_payment,CP02486,0
TXN001170,ACC100473,2026-07-24 01:45:00,285.09,N$,p2p_transfer,CP02220,0
TXN001171,ACC100026,2026-06-03 05:12:00,836.74,N$,p2p_transfer,CP00097,0
TXN001172,ACC100747,2026-07-05 19:14:00,202.03,N$,cash_out,CP00472,0
TXN001173,ACC100574,2026-07-01 01:44:00,380.34,N$,p2p_transfer,CP01222,0
TXN001174,ACC100153,2026-06-14 03:21:00,871.38,N$,p2p_transfer,CP03463,0
TXN001175,ACC100070,2026-07-24 05:22:00,406.43,N$,p2p_transfer,CP01221,0
TXN001176,ACC100296,2026-07-12 08:25:00,310.55,N$,p2p_transfer,CP01332,0
TXN001177,ACC100263,2026-07-01 09:20:00,871.26,N$,merchant_payment,CP00412,0
TXN001178,ACC100699,2026-06-10 03:08:00,250.13,N$,p2p_transfer,CP01079,0
TXN001179,ACC100003,2026-06-01 18:32:00,106.39,N$,merchant_payment,CP00414,0
TXN001180,ACC100435,2026-06-14 02:18:00,172.62,N$,merchant_payment,CP00139,0
TXN001181,ACC100334,2026-07-14 19:42:00,600.89,N$,cash_out,CP03626,0
TXN001182,ACC100494,2026-06-22 08:15:00,268.57,N$,merchant_payment,CP00991,0
TXN001183,ACC100690,2026-06-03 16:00:00,550.94,N$,merchant_payment,CP03503,0
TXN001184,ACC100589,2026-07-27 08:57:00,451.21,N$,merchant_payment,CP01864,0
TXN001185,ACC100294,2026-07-19 12:40:00,334.91,N$,merchant_payment,CP00044,0
TXN001186,ACC100680,2026-07-15 04:50:00,195.03,N$,bill_payment,CP02030,0
TXN001187,ACC100743,2026-07-09 19:02:00,369.11,N$,merchant_payment,CP02195,0
TXN001188,ACC100448,2026-07-07 07:30:00,528.14,N$,merchant_payment,CP02235,0
TXN001189,ACC100112,2026-07-06 18:18:00,271.41,N$,p2p_transfer,CP01892,0
TXN001190,ACC100532,2026-06-29 09:28:00,2485.97,N$,p2p_transfer,CP02232,0
TXN001191,ACC100563,2026-07-28 09:23:00,8189.6,N$,cash_out,CP01007,1
TXN001192,ACC100217,2026-07-29 23:26:00,161.93,N$,p2p_transfer,CP03249,0
TXN001193,ACC100150,2026-06-30 18:03:00,378.18,N$,p2p_transfer,CP00036,0
TXN001194,ACC100508,2026-06-15 18:38:00,547.51,N$,p2p_transfer,CP02497,0
TXN001195,ACC100147,2026-07-15 01:26:00,270.58,N$,cash_out,CP02460,0
TXN001196,ACC100289,2026-07-06 08:13:00,320.57,N$,bill_payment,CP01001,0
TXN001197,ACC100497,2026-07-12 14:22:00,171.49,N$,bill_payment,CP02782,0
TXN001198,ACC100047,2026-07-09 13:30:00,292.08,N$,p2p_transfer,CP03505,0
TXN001199,ACC100255,2026-07-27 16:27:00,1070.97,N$,p2p_transfer,CP03671,0
TXN001200,ACC100370,2026-07-03 05:49:00,74.72,N$,p2p_transfer,CP03567,0
TXN001201,ACC100442,2026-07-25 13:46:00,489.96,N$,p2p_transfer,CP01717,0
TXN001202,ACC100242,2026-06-22 09:04:00,291.43,N$,p2p_transfer,CP03539,0
TXN001203,ACC100210,2026-07-29 08:19:00,195.0,N$,cash_out,CP01634,0
TXN001204,ACC100046,2026-06-27 15:02:00,167.88,N$,merchant_payment,CP01340,0
TXN001205,ACC100535,2026-06-11 00:46:00,251.75,N$,p2p_transfer,CP03839,0
TXN001206,ACC100769,2026-06-25 09:50:00,2644.79,N$,p2p_transfer,CP00229,0
TXN001207,ACC100246,2026-07-16 10:36:00,237.71,N$,p2p_transfer,CP00011,0
TXN001208,ACC100272,2026-06-28 20:07:00,140.43,N$,merchant_payment,CP02068,0
TXN001209,ACC100770,2026-07-13 15:48:00,841.96,N$,cash_out,CP00646,0
TXN001210,ACC100381,2026-07-18 14:09:00,294.64,N$,p2p_transfer,CP03717,0
TXN001211,ACC100243,2026-06-13 19:42:00,176.19,N$,bill_payment,CP00243,0
TXN001212,ACC100227,2026-07-13 04:16:00,273.9,N$,merchant_payment,CP02942,0
TXN001213,ACC100702,2026-07-21 21:35:00,686.28,N$,merchant_payment,CP00595,0
TXN001214,ACC100026,2026-07-06 05:44:00,178.1,N$,p2p_transfer,CP00736,0
TXN001215,ACC100147,2026-07-21 09:10:00,187.54,N$,p2p_transfer,CP03500,0
TXN001216,ACC100633,2026-07-10 06:00:00,107.91,N$,p2p_transfer,CP01536,0
TXN001217,ACC100758,2026-06-28 06:09:00,716.25,N$,bill_payment,CP01665,0
TXN001218,ACC100690,2026-07-17 18:28:00,1996.39,N$,p2p_transfer,CP01552,0
TXN001219,ACC100033,2026-07-20 19:46:00,176.34,N$,p2p_transfer,CP03893,0
TXN001220,ACC100206,2026-07-30 04:31:00,312.21,N$,merchant_payment,CP01683,0
TXN001221,ACC100399,2026-07-22 06:07:00,123.89,N$,bill_payment,CP01588,0
TXN001222,ACC100165,2026-06-09 21:40:00,1030.79,N$,p2p_transfer,CP00494,0
TXN001223,ACC100774,2026-06-18 21:04:00,580.83,N$,merchant_payment,CP02153,0
TXN001224,ACC100572,2026-07-07 07:34:00,783.3,N$,merchant_payment,CP01661,0
TXN001225,ACC100269,2026-07-01 04:36:00,383.93,N$,merchant_payment,CP01085,0
TXN001226,ACC100279,2026-06-09 20:03:00,1136.05,N$,merchant_payment,CP02914,0
TXN001227,ACC100067,2026-07-23 10:38:00,142.82,N$,merchant_payment,CP01942,0
TXN001228,ACC100457,2026-07-27 16:56:00,631.66,N$,merchant_payment,CP01930,0
TXN001229,ACC100065,2026-07-13 21:54:00,524.22,N$,p2p_transfer,CP01651,0
TXN001230,ACC100720,2026-07-27 03:23:00,778.97,N$,p2p_transfer,CP01853,0
TXN001231,ACC100696,2026-06-25 14:53:00,3442.48,N$,merchant_payment,CP02275,0
TXN001232,ACC100669,2026-06-22 04:18:00,464.22,N$,p2p_transfer,CP02934,0
TXN001233,ACC100133,2026-06-27 16:54:00,761.79,N$,p2p_transfer,CP00754,0
TXN001234,ACC100753,2026-06-15 12:56:00,1758.08,N$,cash_out,CP00358,0
TXN001235,ACC100008,2026-06-24 11:35:00,271.91,N$,merchant_payment,CP00245,0
TXN001236,ACC100751,2026-07-06 11:17:00,812.72,N$,cash_out,CP01734,0
TXN001237,ACC100107,2026-07-16 01:46:00,845.9,N$,merchant_payment,CP01507,0
TXN001238,ACC100785,2026-07-30 23:12:00,583.65,N$,merchant_payment,CP00745,0
TXN001239,ACC100294,2026-07-25 23:44:00,1022.21,N$,p2p_transfer,CP01695,0
TXN001240,ACC100581,2026-06-23 20:40:00,291.99,N$,p2p_transfer,CP01525,0
TXN001241,ACC100332,2026-07-30 08:10:00,585.72,N$,merchant_payment,CP00320,0
TXN001242,ACC100262,2026-06-26 18:11:00,1233.26,N$,merchant_payment,CP02465,0
TXN001243,ACC100619,2026-06-14 20:53:00,171.38,N$,merchant_payment,CP02126,0
TXN001244,ACC100411,2026-06-25 04:38:00,477.89,N$,p2p_transfer,CP01566,0
TXN001245,ACC100787,2026-07-30 01:10:00,184.03,N$,merchant_payment,CP03758,0
TXN001246,ACC100507,2026-07-08 07:46:00,327.37,N$,merchant_payment,CP03933,0
TXN001247,ACC100306,2026-07-22 11:35:00,327.37,N$,p2p_transfer,CP00786,0
TXN001248,ACC100471,2026-07-13 08:10:00,126.8,N$,merchant_payment,CP00389,0
TXN001249,ACC100609,2026-07-18 11:25:00,490.29,N$,merchant_payment,CP03250,0
TXN001250,ACC100074,2026-07-11 15:57:00,84.02,N$,p2p_transfer,CP03504,0
TXN001251,ACC100666,2026-06-24 16:33:00,3493.14,N$,p2p_transfer,CP00186,0
TXN001252,ACC100644,2026-06-16 05:07:00,1273.76,N$,merchant_payment,CP03697,0
TXN001253,ACC100573,2026-07-23 04:19:00,1365.67,N$,merchant_payment,CP00174,0
TXN001254,ACC100531,2026-06-18 14:05:00,1139.71,N$,p2p_transfer,CP01275,0
TXN001255,ACC100704,2026-07-11 17:44:00,663.81,N$,merchant_payment,CP02358,0
TXN001256,ACC100183,2026-07-09 10:11:00,393.64,N$,merchant_payment,CP00631,0
TXN001257,ACC100146,2026-06-19 10:40:00,117.73,N$,p2p_transfer,CP02214,0
TXN001258,ACC100614,2026-07-20 01:57:00,1010.73,N$,p2p_transfer,CP01831,0
TXN001259,ACC100551,2026-06-19 12:20:00,184.2,N$,cash_out,CP02990,0
TXN001260,ACC100704,2026-07-03 09:22:00,400.32,N$,p2p_transfer,CP01498,0
TXN001261,ACC100100,2026-07-05 06:06:00,426.15,N$,merchant_payment,CP00612,0
TXN001262,ACC100092,2026-07-16 17:27:00,275.95,N$,merchant_payment,CP02032,0
TXN001263,ACC100630,2026-07-05 04:32:00,129.34,N$,merchant_payment,CP00243,0
TXN001264,ACC100229,2026-07-07 19:26:00,876.85,N$,p2p_transfer,CP00289,0
TXN001265,ACC100384,2026-07-06 08:36:00,178.51,N$,cash_out,CP02393,0
TXN001266,ACC100186,2026-07-13 21:09:00,360.15,N$,merchant_payment,CP00646,0
TXN001267,ACC100576,2026-06-06 20:10:00,197.61,N$,merchant_payment,CP00073,0
TXN001268,ACC100545,2026-07-23 00:38:00,770.04,N$,cash_out,CP03767,0
TXN001269,ACC100705,2026-07-20 16:34:00,307.71,N$,p2p_transfer,CP03077,0
TXN001270,ACC100315,2026-06-13 07:23:00,254.25,N$,merchant_payment,CP01156,0
TXN001271,ACC100627,2026-07-07 08:08:00,222.11,N$,p2p_transfer,CP03285,0
TXN001272,ACC100454,2026-07-05 01:37:00,722.89,N$,cash_out,CP01419,0
TXN001273,ACC100437,2026-07-28 05:08:00,849.65,N$,merchant_payment,CP03454,0
TXN001274,ACC100332,2026-06-18 08:02:00,1400.93,N$,merchant_payment,CP02578,0
TXN001275,ACC100522,2026-06-09 20:24:00,1778.84,N$,p2p_transfer,CP01648,0
TXN001276,ACC100281,2026-06-20 18:34:00,827.34,N$,merchant_payment,CP01087,0
TXN001277,ACC100151,2026-07-12 22:10:00,221.95,N$,bill_payment,CP03301,0
TXN001278,ACC100236,2026-07-20 22:30:00,195.72,N$,p2p_transfer,CP02878,0
TXN001279,ACC100233,2026-06-24 20:13:00,336.9,N$,merchant_payment,CP00390,0
TXN001280,ACC100756,2026-07-18 05:28:00,297.17,N$,merchant_payment,CP01109,0
TXN001281,ACC100334,2026-07-09 02:37:00,325.32,N$,merchant_payment,CP03573,0
TXN001282,ACC100097,2026-06-19 16:27:00,777.86,N$,merchant_payment,CP01622,0
TXN001283,ACC100598,2026-07-26 06:37:00,94.59,N$,merchant_payment,CP02063,0
TXN001284,ACC100089,2026-06-06 14:17:00,238.93,N$,cash_out,CP02888,0
TXN001285,ACC100612,2026-07-15 02:32:00,892.92,N$,merchant_payment,CP03379,0
TXN001286,ACC100543,2026-06-25 09:16:00,229.04,N$,merchant_payment,CP02340,0
TXN001287,ACC100753,2026-06-05 03:40:00,1559.99,N$,merchant_payment,CP03862,0
TXN001288,ACC100233,2026-07-24 07:34:00,853.81,N$,merchant_payment,CP00473,0
TXN001289,ACC100297,2026-07-12 14:01:00,124.14,N$,bill_payment,CP00326,0
TXN001290,ACC100738,2026-07-11 07:26:00,599.31,N$,merchant_payment,CP01028,0
TXN001291,ACC100751,2026-07-29 06:04:00,1535.57,N$,bill_payment,CP02849,0
TXN001292,ACC100255,2026-06-23 06:35:00,348.29,N$,p2p_transfer,CP02440,0
TXN001293,ACC100268,2026-06-14 17:13:00,362.82,N$,cash_out,CP01277,0
TXN001294,ACC100548,2026-07-22 15:38:00,2008.62,N$,merchant_payment,CP03635,0
TXN001295,ACC100000,2026-07-30 15:16:00,842.63,N$,cash_out,CP03643,0
TXN001296,ACC100526,2026-06-26 18:09:00,240.58,N$,cash_out,CP02790,0
TXN001297,ACC100659,2026-07-11 15:57:00,1709.35,N$,p2p_transfer,CP03927,0
TXN001298,ACC100787,2026-07-01 03:17:00,499.11,N$,p2p_transfer,CP03905,0
TXN001299,ACC100151,2026-07-27 01:16:00,81.78,N$,p2p_transfer,CP01527,0
TXN001300,ACC100702,2026-06-04 00:59:00,179.9,N$,bill_payment,CP01513,0
TXN001301,ACC100535,2026-07-25 01:02:00,661.07,N$,merchant_payment,CP00371,0
TXN001302,ACC100662,2026-07-11 11:42:00,434.51,N$,p2p_transfer,CP03424,0
TXN001303,ACC100480,2026-06-05 15:27:00,188.0,N$,merchant_payment,CP01487,0
TXN001304,ACC100695,2026-06-08 15:01:00,309.82,N$,p2p_transfer,CP01804,0
TXN001305,ACC100023,2026-06-07 08:23:00,382.67,N$,merchant_payment,CP03933,0
TXN001306,ACC100655,2026-06-18 02:00:00,430.84,N$,p2p_transfer,CP01087,0
TXN001307,ACC100393,2026-07-29 21:13:00,550.6,N$,p2p_transfer,CP00300,0
TXN001308,ACC100602,2026-07-07 19:12:00,258.35,N$,merchant_payment,CP03457,0
TXN001309,ACC100579,2026-06-09 21:58:00,100.47,N$,p2p_transfer,CP01461,0
TXN001310,ACC100159,2026-07-11 09:30:00,429.93,N$,p2p_transfer,CP03373,0
TXN001311,ACC100604,2026-06-26 23:24:00,2765.68,N$,p2p_transfer,CP01594,1
TXN001312,ACC100062,2026-07-28 17:45:00,309.05,N$,merchant_payment,CP00048,0
TXN001313,ACC100440,2026-07-23 21:56:00,234.31,N$,merchant_payment,CP02234,0
TXN001314,ACC100714,2026-07-02 15:09:00,251.63,N$,cash_out,CP00282,0
TXN001315,ACC100468,2026-06-04 08:18:00,622.67,N$,cash_out,CP02979,0
TXN001316,ACC100282,2026-07-18 21:35:00,748.18,N$,p2p_transfer,CP01913,0
TXN001317,ACC100409,2026-07-24 21:15:00,576.27,N$,merchant_payment,CP03974,0
TXN001318,ACC100185,2026-07-01 00:25:00,599.91,N$,merchant_payment,CP01145,0
TXN001319,ACC100796,2026-07-13 01:05:00,742.88,N$,p2p_transfer,CP01048,0
TXN001320,ACC100355,2026-06-24 09:14:00,722.15,N$,p2p_transfer,CP03157,0
TXN001321,ACC100666,2026-07-25 20:28:00,267.52,N$,p2p_transfer,CP02059,0
TXN001322,ACC100455,2026-07-13 09:42:00,1134.59,N$,merchant_payment,CP00610,0
TXN001323,ACC100095,2026-06-02 00:54:00,347.33,N$,p2p_transfer,CP01173,0
TXN001324,ACC100583,2026-07-14 00:44:00,429.82,N$,merchant_payment,CP02071,0
TXN001325,ACC100189,2026-06-24 22:26:00,704.78,N$,p2p_transfer,CP02425,0
TXN001326,ACC100139,2026-07-01 08:39:00,406.64,N$,merchant_payment,CP00239,0
TXN001327,ACC100253,2026-07-18 08:48:00,279.99,N$,p2p_transfer,CP02718,0
TXN001328,ACC100539,2026-07-02 20:53:00,2580.49,N$,p2p_transfer,CP02757,0
TXN001329,ACC100376,2026-06-15 11:30:00,270.37,N$,merchant_payment,CP03604,0
TXN001330,ACC100450,2026-06-05 23:05:00,544.84,N$,bill_payment,CP01382,0
TXN001331,ACC100679,2026-07-21 23:05:00,284.81,N$,bill_payment,CP02571,0
TXN001332,ACC100672,2026-06-22 16:08:00,1009.12,N$,p2p_transfer,CP03659,0
TXN001333,ACC100185,2026-06-01 01:15:00,1323.11,N$,p2p_transfer,CP00298,0
TXN001334,ACC100698,2026-06-09 04:30:00,708.85,N$,merchant_payment,CP03589,0
TXN001335,ACC100026,2026-07-01 10:38:00,1077.28,N$,p2p_transfer,CP02881,0
TXN001336,ACC100069,2026-07-23 13:04:00,602.39,N$,p2p_transfer,CP03595,0
TXN001337,ACC100058,2026-07-16 19:32:00,3372.71,N$,p2p_transfer,CP02100,0
TXN001338,ACC100352,2026-07-25 22:31:00,270.49,N$,cash_out,CP00672,0
TXN001339,ACC100094,2026-07-21 06:22:00,938.84,N$,merchant_payment,CP00348,0
TXN001340,ACC100019,2026-06-11 07:07:00,86.94,N$,bill_payment,CP02850,0
TXN001341,ACC100487,2026-06-03 14:20:00,267.13,N$,merchant_payment,CP01239,0
TXN001342,ACC100512,2026-07-05 16:10:00,376.05,N$,cash_out,CP00663,0
TXN001343,ACC100635,2026-07-07 02:01:00,308.07,N$,merchant_payment,CP01090,0
TXN001344,ACC100331,2026-06-25 18:49:00,493.99,N$,cash_out,CP03239,0
TXN001345,ACC100083,2026-06-24 14:52:00,315.22,N$,merchant_payment,CP02497,0
TXN001346,ACC100088,2026-06-21 18:25:00,276.75,N$,p2p_transfer,CP00678,0
TXN001347,ACC100276,2026-06-16 03:43:00,274.51,N$,p2p_transfer,CP00152,0
TXN001348,ACC100100,2026-07-19 01:53:00,332.92,N$,merchant_payment,CP02391,0
TXN001349,ACC100167,2026-07-15 06:03:00,166.27,N$,p2p_transfer,CP03841,0
TXN001350,ACC100051,2026-07-08 15:03:00,164.8,N$,merchant_payment,CP03769,0
TXN001351,ACC100282,2026-07-05 22:39:00,269.44,N$,p2p_transfer,CP02274,0
TXN001352,ACC100215,2026-06-10 22:58:00,480.63,N$,p2p_transfer,CP03847,0
TXN001353,ACC100204,2026-07-23 09:45:00,428.13,N$,p2p_transfer,CP00380,0
TXN001354,ACC100655,2026-06-26 03:13:00,684.54,N$,merchant_payment,CP00468,0
TXN001355,ACC100381,2026-06-11 03:07:00,868.22,N$,bill_payment,CP02750,0
TXN001356,ACC100554,2026-06-24 06:41:00,930.3,N$,merchant_payment,CP02246,0
TXN001357,ACC100611,2026-06-09 10:50:00,1445.72,N$,p2p_transfer,CP02214,0
TXN001358,ACC100079,2026-06-14 19:26:00,479.96,N$,bill_payment,CP01680,0
TXN001359,ACC100402,2026-07-15 04:41:00,574.29,N$,cash_out,CP00156,0
TXN001360,ACC100160,2026-07-28 13:41:00,381.52,N$,p2p_transfer,CP02768,0
TXN001361,ACC100526,2026-07-03 11:23:00,562.74,N$,cash_out,CP00521,0
TXN001362,ACC100219,2026-07-17 04:32:00,566.29,N$,merchant_payment,CP01650,0
TXN001363,ACC100328,2026-06-01 01:19:00,161.9,N$,merchant_payment,CP00417,0
TXN001364,ACC100461,2026-06-17 21:01:00,87.49,N$,p2p_transfer,CP03272,0
TXN001365,ACC100045,2026-06-15 21:25:00,235.23,N$,merchant_payment,CP02687,0
TXN001366,ACC100077,2026-06-08 13:33:00,2996.24,N$,cash_out,CP02527,1
TXN001367,ACC100082,2026-07-19 16:55:00,654.96,N$,merchant_payment,CP01209,0
TXN001368,ACC100342,2026-06-27 12:35:00,590.55,N$,cash_out,CP00458,0
TXN001369,ACC100453,2026-07-08 11:43:00,106.76,N$,merchant_payment,CP01221,0
TXN001370,ACC100102,2026-06-01 09:19:00,490.81,N$,p2p_transfer,CP03456,0
TXN001371,ACC100581,2026-06-26 15:08:00,820.16,N$,merchant_payment,CP03809,0
TXN001372,ACC100797,2026-06-25 19:49:00,385.02,N$,p2p_transfer,CP01829,0
TXN001373,ACC100100,2026-06-02 00:39:00,430.24,N$,cash_out,CP03393,0
TXN001374,ACC100398,2026-06-05 08:23:00,606.29,N$,p2p_transfer,CP00909,0
TXN001375,ACC100446,2026-07-04 03:12:00,423.18,N$,merchant_payment,CP02423,0
TXN001376,ACC100753,2026-07-04 04:54:00,408.22,N$,p2p_transfer,CP03529,0
TXN001377,ACC100667,2026-06-19 14:36:00,849.04,N$,cash_out,CP02401,0
TXN001378,ACC100186,2026-06-29 09:13:00,273.57,N$,bill_payment,CP02137,0
TXN001379,ACC100269,2026-07-24 16:25:00,269.19,N$,p2p_transfer,CP00224,0
TXN001380,ACC100382,2026-07-21 23:12:00,377.43,N$,merchant_payment,CP03755,0
TXN001381,ACC100123,2026-07-16 18:36:00,290.06,N$,p2p_transfer,CP01391,0
TXN001382,ACC100372,2026-06-29 00:57:00,1267.03,N$,cash_out,CP00781,0
TXN001383,ACC100570,2026-07-27 05:02:00,434.47,N$,merchant_payment,CP02452,0
TXN001384,ACC100027,2026-07-21 03:23:00,997.42,N$,p2p_transfer,CP03176,0
TXN001385,ACC100570,2026-07-27 16:37:00,759.08,N$,p2p_transfer,CP02027,0
TXN001386,ACC100683,2026-06-11 17:32:00,792.34,N$,p2p_transfer,CP01720,0
TXN001387,ACC100595,2026-06-05 00:00:00,329.17,N$,p2p_transfer,CP02273,0
TXN001388,ACC100234,2026-07-24 16:56:00,330.83,N$,merchant_payment,CP03877,0
TXN001389,ACC100074,2026-06-10 18:42:00,396.36,N$,merchant_payment,CP02329,0
TXN001390,ACC100456,2026-07-21 12:06:00,205.31,N$,merchant_payment,CP01897,0
TXN001391,ACC100291,2026-06-08 11:26:00,201.54,N$,merchant_payment,CP02464,0
TXN001392,ACC100052,2026-07-20 09:34:00,454.94,N$,p2p_transfer,CP00286,0
TXN001393,ACC100087,2026-06-23 15:38:00,574.46,N$,merchant_payment,CP02318,0
TXN001394,ACC100470,2026-07-05 03:41:00,127.0,N$,p2p_transfer,CP03327,0
TXN001395,ACC100377,2026-07-26 17:42:00,136.9,N$,merchant_payment,CP02641,0
TXN001396,ACC100490,2026-07-16 19:04:00,196.72,N$,p2p_transfer,CP03231,0
TXN001397,ACC100796,2026-07-12 00:10:00,50.8,N$,merchant_payment,CP02753,0
TXN001398,ACC100189,2026-06-28 01:04:00,469.89,N$,bill_payment,CP00762,0
TXN001399,ACC100064,2026-07-09 14:49:00,799.69,N$,merchant_payment,CP00747,0
TXN001400,ACC100506,2026-06-26 19:31:00,374.96,N$,p2p_transfer,CP02949,0
TXN001401,ACC100453,2026-06-20 00:22:00,361.3,N$,merchant_payment,CP00703,0
TXN001402,ACC100344,2026-07-26 00:47:00,194.22,N$,p2p_transfer,CP00266,0
TXN001403,ACC100616,2026-07-14 04:42:00,845.95,N$,bill_payment,CP02353,0
TXN001404,ACC100429,2026-06-15 06:39:00,246.13,N$,p2p_transfer,CP03090,0
TXN001405,ACC100148,2026-06-04 03:09:00,306.23,N$,p2p_transfer,CP01783,0
TXN001406,ACC100634,2026-07-10 14:20:00,239.92,N$,p2p_transfer,CP00832,0
TXN001407,ACC100280,2026-06-22 07:16:00,340.58,N$,p2p_transfer,CP01241,0
TXN001408,ACC100637,2026-06-02 11:21:00,785.11,N$,p2p_transfer,CP03448,0
TXN001409,ACC100496,2026-07-04 23:52:00,2472.39,N$,merchant_payment,CP01722,0
TXN001410,ACC100754,2026-06-30 00:42:00,569.38,N$,p2p_transfer,CP02548,0
TXN001411,ACC100644,2026-06-25 14:59:00,139.75,N$,merchant_payment,CP01322,0
TXN001412,ACC100123,2026-07-14 00:15:00,408.93,N$,p2p_transfer,CP01172,0
TXN001413,ACC100647,2026-06-25 17:19:00,451.83,N$,p2p_transfer,CP03839,0
TXN001414,ACC100752,2026-07-06 14:40:00,962.96,N$,p2p_transfer,CP03481,0
TXN001415,ACC100411,2026-07-16 05:20:00,625.2,N$,p2p_transfer,CP02911,0
TXN001416,ACC100684,2026-06-18 18:21:00,579.9,N$,cash_out,CP02853,0
TXN001417,ACC100576,2026-07-19 11:43:00,576.05,N$,bill_payment,CP01981,0
TXN001418,ACC100736,2026-07-01 09:10:00,417.81,N$,p2p_transfer,CP01125,0
TXN001419,ACC100626,2026-07-15 09:44:00,1975.04,N$,merchant_payment,CP01237,0
TXN001420,ACC100594,2026-07-20 09:24:00,195.56,N$,p2p_transfer,CP01070,0
TXN001421,ACC100323,2026-07-01 20:08:00,374.35,N$,merchant_payment,CP01526,0
TXN001422,ACC100767,2026-07-25 03:11:00,837.81,N$,cash_out,CP02712,1
TXN001423,ACC100396,2026-07-03 01:47:00,1225.37,N$,bill_payment,CP01915,0
TXN001424,ACC100565,2026-06-25 18:49:00,176.52,N$,cash_out,CP01999,0
TXN001425,ACC100256,2026-07-10 05:13:00,754.16,N$,cash_out,CP02854,0
TXN001426,ACC100651,2026-06-22 06:12:00,784.17,N$,merchant_payment,CP03316,0
TXN001427,ACC100009,2026-07-09 04:30:00,181.43,N$,merchant_payment,CP02604,0
TXN001428,ACC100671,2026-07-06 08:01:00,2126.33,N$,merchant_payment,CP00749,0
TXN001429,ACC100277,2026-07-06 23:32:00,339.52,N$,merchant_payment,CP00123,0
TXN001430,ACC100660,2026-06-29 00:02:00,451.4,N$,p2p_transfer,CP03964,0
TXN001431,ACC100594,2026-06-02 22:05:00,930.98,N$,merchant_payment,CP03126,0
TXN001432,ACC100283,2026-06-25 04:56:00,1078.08,N$,p2p_transfer,CP03250,0
TXN001433,ACC100532,2026-06-04 09:17:00,189.91,N$,merchant_payment,CP01440,0
TXN001434,ACC100693,2026-07-13 18:36:00,721.02,N$,merchant_payment,CP03357,0
TXN001435,ACC100212,2026-06-21 22:22:00,203.67,N$,p2p_transfer,CP01614,0
TXN001436,ACC100319,2026-07-11 08:06:00,1282.76,N$,cash_out,CP03155,0
TXN001437,ACC100715,2026-07-30 23:22:00,200.12,N$,bill_payment,CP02069,0
TXN001438,ACC100448,2026-07-06 18:39:00,1362.3,N$,p2p_transfer,CP01340,0
TXN001439,ACC100616,2026-06-13 09:01:00,467.82,N$,merchant_payment,CP02604,0
TXN001440,ACC100021,2026-07-17 00:04:00,2427.39,N$,merchant_payment,CP00879,0
TXN001441,ACC100286,2026-07-06 15:52:00,1586.52,N$,bill_payment,CP02424,0
TXN001442,ACC100523,2026-07-26 09:04:00,2376.74,N$,p2p_transfer,CP02098,0
TXN001443,ACC100469,2026-06-06 19:51:00,520.27,N$,p2p_transfer,CP02871,0
TXN001444,ACC100532,2026-07-24 03:41:00,929.41,N$,merchant_payment,CP02882,0
TXN001445,ACC100287,2026-07-25 03:54:00,83.41,N$,merchant_payment,CP03906,0
TXN001446,ACC100680,2026-07-15 23:34:00,823.36,N$,p2p_transfer,CP01795,0
TXN001447,ACC100215,2026-07-03 01:34:00,2061.0,N$,bill_payment,CP03877,0
TXN001448,ACC100416,2026-06-01 17:32:00,763.71,N$,merchant_payment,CP03551,0
TXN001449,ACC100051,2026-06-13 06:51:00,374.66,N$,cash_out,CP02829,0
TXN001450,ACC100192,2026-07-29 13:47:00,806.59,N$,p2p_transfer,CP03851,0
TXN001451,ACC100593,2026-07-14 21:22:00,509.37,N$,p2p_transfer,CP03520,0
TXN001452,ACC100353,2026-07-28 00:35:00,1326.18,N$,merchant_payment,CP02354,0
TXN001453,ACC100071,2026-06-05 07:22:00,162.51,N$,merchant_payment,CP03069,0
TXN001454,ACC100573,2026-07-29 01:48:00,586.77,N$,p2p_transfer,CP00479,0
TXN001455,ACC100472,2026-07-24 20:11:00,536.16,N$,p2p_transfer,CP02966,0
TXN001456,ACC100520,2026-06-24 06:00:00,284.29,N$,p2p_transfer,CP00683,0
TXN001457,ACC100287,2026-07-06 02:05:00,1399.52,N$,merchant_payment,CP01774,0
TXN001458,ACC100796,2026-07-08 00:23:00,146.84,N$,merchant_payment,CP01584,0
TXN001459,ACC100188,2026-07-29 03:56:00,414.71,N$,p2p_transfer,CP00852,0
TXN001460,ACC100329,2026-07-22 18:32:00,458.85,N$,p2p_transfer,CP01804,0
TXN001461,ACC100084,2026-06-29 01:37:00,1559.61,N$,merchant_payment,CP03401,0
TXN001462,ACC100682,2026-06-26 09:18:00,286.5,N$,merchant_payment,CP03234,0
TXN001463,ACC100085,2026-07-11 05:54:00,340.77,N$,cash_out,CP03101,0
TXN001464,ACC100424,2026-06-20 20:57:00,462.29,N$,cash_out,CP00036,1
TXN001465,ACC100114,2026-07-25 21:22:00,1041.77,N$,cash_out,CP00825,0
TXN001466,ACC100557,2026-07-01 07:53:00,1954.42,N$,merchant_payment,CP00456,0
TXN001467,ACC100700,2026-07-29 10:03:00,523.87,N$,p2p_transfer,CP03326,0
TXN001468,ACC100443,2026-06-17 10:57:00,278.3,N$,p2p_transfer,CP00356,0
TXN001469,ACC100183,2026-07-09 09:05:00,793.25,N$,merchant_payment,CP03789,0
TXN001470,ACC100496,2026-07-12 12:16:00,511.34,N$,cash_out,CP00667,0
TXN001471,ACC100675,2026-07-02 09:57:00,1273.44,N$,p2p_transfer,CP00456,0
TXN001472,ACC100291,2026-06-27 06:24:00,419.6,N$,bill_payment,CP03302,0
TXN001473,ACC100567,2026-07-10 08:40:00,637.18,N$,cash_out,CP03783,0
TXN001474,ACC100172,2026-06-17 14:56:00,316.43,N$,merchant_payment,CP03662,0
TXN001475,ACC100359,2026-07-25 21:36:00,224.94,N$,p2p_transfer,CP02423,0
TXN001476,ACC100168,2026-07-19 13:04:00,114.19,N$,bill_payment,CP00590,0
TXN001477,ACC100438,2026-06-24 13:09:00,471.29,N$,p2p_transfer,CP02464,0
TXN001478,ACC100097,2026-06-04 22:39:00,262.86,N$,p2p_transfer,CP01079,0
TXN001479,ACC100254,2026-06-21 16:14:00,343.65,N$,p2p_transfer,CP03872,0
TXN001480,ACC100048,2026-07-24 11:06:00,79.26,N$,cash_out,CP02630,0
TXN001481,ACC100799,2026-07-27 22:47:00,520.84,N$,merchant_payment,CP02384,0
TXN001482,ACC100281,2026-06-10 11:22:00,494.32,N$,bill_payment,CP02982,0
TXN001483,ACC100040,2026-07-09 19:03:00,845.07,N$,bill_payment,CP03280,0
TXN001484,ACC100178,2026-07-17 07:25:00,102.5,N$,merchant_payment,CP02641,0
TXN001485,ACC100565,2026-07-29 04:05:00,583.25,N$,p2p_transfer,CP03632,0
TXN001486,ACC100158,2026-06-16 04:59:00,276.91,N$,p2p_transfer,CP01851,0
TXN001487,ACC100251,2026-07-14 06:36:00,689.98,N$,p2p_transfer,CP00187,0
TXN001488,ACC100225,2026-06-12 20:08:00,677.2,N$,p2p_transfer,CP03744,0
TXN001489,ACC100107,2026-07-18 13:30:00,1366.85,N$,merchant_payment,CP02717,0
TXN001490,ACC100730,2026-06-11 13:50:00,11754.44,N$,p2p_transfer,CP01865,1
TXN001491,ACC100355,2026-06-04 15:13:00,205.61,N$,p2p_transfer,CP00059,0
TXN001492,ACC100440,2026-06-08 01:06:00,88.02,N$,p2p_transfer,CP02300,0
TXN001493,ACC100160,2026-07-12 12:36:00,264.91,N$,cash_out,CP00531,0
TXN001494,ACC100201,2026-06-27 02:11:00,130.72,N$,bill_payment,CP03695,0
TXN001495,ACC100208,2026-07-02 14:43:00,366.68,N$,p2p_transfer,CP00997,0
TXN001496,ACC100459,2026-06-02 17:41:00,597.31,N$,p2p_transfer,CP00075,0
TXN001497,ACC100767,2026-07-07 15:27:00,11777.31,N$,cash_out,CP01557,1
TXN001498,ACC100457,2026-06-20 16:08:00,320.42,N$,merchant_payment,CP02844,0
TXN001499,ACC100736,2026-06-04 21:01:00,198.58,N$,p2p_transfer,CP03582,0
TXN001500,ACC100373,2026-06-16 23:12:00,816.17,N$,cash_out,CP01389,0
TXN001501,ACC100333,2026-07-02 18:39:00,387.61,N$,bill_payment,CP03966,0
TXN001502,ACC100482,2026-07-19 03:09:00,70.16,N$,merchant_payment,CP02983,0
TXN001503,ACC100114,2026-07-20 10:05:00,185.33,N$,bill_payment,CP02324,0
TXN001504,ACC100081,2026-07-14 10:47:00,3187.66,N$,p2p_transfer,CP03872,1
TXN001505,ACC100488,2026-07-01 06:38:00,981.15,N$,merchant_payment,CP03059,0
TXN001506,ACC100667,2026-07-10 19:06:00,207.75,N$,cash_out,CP02463,0
TXN001507,ACC100289,2026-07-13 20:23:00,103.22,N$,p2p_transfer,CP00660,0
TXN001508,ACC100062,2026-06-25 11:40:00,294.22,N$,bill_payment,CP01099,0
TXN001509,ACC100029,2026-06-06 18:12:00,329.09,N$,merchant_payment,CP00560,0
TXN001510,ACC100166,2026-07-29 14:33:00,135.25,N$,merchant_payment,CP03163,0
TXN001511,ACC100418,2026-06-05 20:12:00,103.75,N$,p2p_transfer,CP03873,0
TXN001512,ACC100723,2026-06-01 11:00:00,119.75,N$,p2p_transfer,CP03466,0
TXN001513,ACC100560,2026-07-24 05:53:00,644.33,N$,cash_out,CP02172,0
TXN001514,ACC100048,2026-07-29 16:29:00,1531.9,N$,p2p_transfer,CP03725,0
TXN001515,ACC100026,2026-06-13 01:55:00,1002.46,N$,p2p_transfer,CP00944,0
TXN001516,ACC100132,2026-06-20 20:37:00,288.58,N$,p2p_transfer,CP02823,0
TXN001517,ACC100460,2026-06-20 07:40:00,218.32,N$,p2p_transfer,CP00337,0
TXN001518,ACC100693,2026-06-16 15:28:00,872.69,N$,merchant_payment,CP00921,0
TXN001519,ACC100792,2026-06-01 17:54:00,444.11,N$,merchant_payment,CP00316,0
TXN001520,ACC100075,2026-06-19 22:16:00,745.54,N$,p2p_transfer,CP01385,0
TXN001521,ACC100748,2026-06-25 12:59:00,211.62,N$,cash_out,CP01321,0
TXN001522,ACC100795,2026-06-23 18:11:00,180.5,N$,merchant_payment,CP00711,0
TXN001523,ACC100134,2026-06-17 16:52:00,1431.32,N$,p2p_transfer,CP01658,0
TXN001524,ACC100762,2026-07-16 04:22:00,262.25,N$,p2p_transfer,CP00272,0
TXN001525,ACC100429,2026-06-05 18:21:00,820.92,N$,p2p_transfer,CP00530,0
TXN001526,ACC100552,2026-06-14 02:46:00,1392.8,N$,merchant_payment,CP01699,0
TXN001527,ACC100470,2026-07-12 06:27:00,232.8,N$,p2p_transfer,CP02961,0
TXN001528,ACC100397,2026-06-13 22:58:00,372.82,N$,merchant_payment,CP02759,0
TXN001529,ACC100245,2026-06-23 07:05:00,2238.1,N$,p2p_transfer,CP03564,0
TXN001530,ACC100050,2026-06-07 19:45:00,314.32,N$,p2p_transfer,CP03698,0
TXN001531,ACC100185,2026-07-09 07:00:00,599.12,N$,merchant_payment,CP03091,0
TXN001532,ACC100703,2026-06-27 19:43:00,268.32,N$,p2p_transfer,CP01352,0
TXN001533,ACC100451,2026-06-27 22:02:00,797.15,N$,merchant_payment,CP03354,0
TXN001534,ACC100048,2026-06-25 11:44:00,770.9,N$,cash_out,CP01598,0
TXN001535,ACC100443,2026-06-28 01:18:00,263.06,N$,merchant_payment,CP01951,0
TXN001536,ACC100551,2026-06-15 03:56:00,630.23,N$,p2p_transfer,CP01367,0
TXN001537,ACC100767,2026-06-12 18:03:00,138.62,N$,p2p_transfer,CP00652,0
TXN001538,ACC100479,2026-07-19 19:58:00,716.9,N$,merchant_payment,CP03610,0
TXN001539,ACC100151,2026-07-02 07:50:00,167.54,N$,p2p_transfer,CP03214,0
TXN001540,ACC100492,2026-07-06 03:44:00,303.89,N$,cash_out,CP03385,0
TXN001541,ACC100241,2026-06-04 15:00:00,209.58,N$,p2p_transfer,CP02402,0
TXN001542,ACC100502,2026-07-11 16:41:00,673.13,N$,merchant_payment,CP01080,0
TXN001543,ACC100599,2026-06-25 17:20:00,298.43,N$,merchant_payment,CP00048,0
TXN001544,ACC100517,2026-06-23 15:06:00,223.53,N$,merchant_payment,CP01293,0
TXN001545,ACC100090,2026-07-15 08:21:00,735.83,N$,p2p_transfer,CP02043,0
TXN001546,ACC100644,2026-06-02 08:50:00,147.76,N$,bill_payment,CP03432,0
TXN001547,ACC100519,2026-07-14 18:29:00,88.85,N$,p2p_transfer,CP01731,0
TXN001548,ACC100775,2026-07-26 17:48:00,236.86,N$,p2p_transfer,CP03112,0
TXN001549,ACC100687,2026-07-03 09:53:00,245.81,N$,p2p_transfer,CP02129,0
TXN001550,ACC100474,2026-07-02 00:20:00,532.72,N$,p2p_transfer,CP03165,0
TXN001551,ACC100050,2026-06-12 13:58:00,427.93,N$,merchant_payment,CP01517,0
TXN001552,ACC100292,2026-07-11 17:25:00,81.81,N$,p2p_transfer,CP01753,0
TXN001553,ACC100577,2026-06-16 13:30:00,522.9,N$,bill_payment,CP01072,0
TXN001554,ACC100753,2026-06-02 03:26:00,510.51,N$,cash_out,CP00853,0
TXN001555,ACC100272,2026-07-11 10:00:00,453.89,N$,cash_out,CP01933,0
TXN001556,ACC100524,2026-06-22 19:00:00,202.09,N$,p2p_transfer,CP00356,0
TXN001557,ACC100294,2026-07-03 06:45:00,358.14,N$,p2p_transfer,CP00069,0
TXN001558,ACC100187,2026-07-20 17:46:00,92.06,N$,bill_payment,CP00713,0
TXN001559,ACC100533,2026-06-08 04:12:00,251.61,N$,merchant_payment,CP02234,0
TXN001560,ACC100215,2026-07-23 22:20:00,406.75,N$,merchant_payment,CP03551,0
TXN001561,ACC100512,2026-06-21 08:13:00,219.95,N$,cash_out,CP03344,0
TXN001562,ACC100128,2026-07-13 18:53:00,298.68,N$,merchant_payment,CP03373,0
TXN001563,ACC100372,2026-06-29 13:21:00,550.26,N$,bill_payment,CP01018,0
TXN001564,ACC100203,2026-06-05 03:09:00,180.67,N$,p2p_transfer,CP03007,0
TXN001565,ACC100403,2026-07-17 18:06:00,530.49,N$,merchant_payment,CP01375,0
TXN001566,ACC100058,2026-07-06 21:31:00,105.02,N$,merchant_payment,CP03186,0
TXN001567,ACC100298,2026-06-13 12:02:00,538.82,N$,bill_payment,CP01835,0
TXN001568,ACC100340,2026-06-18 19:15:00,690.38,N$,merchant_payment,CP00052,0
TXN001569,ACC100521,2026-06-08 10:24:00,1032.51,N$,merchant_payment,CP02040,0
TXN001570,ACC100507,2026-07-08 06:23:00,601.67,N$,cash_out,CP03745,0
TXN001571,ACC100752,2026-06-30 15:07:00,657.24,N$,merchant_payment,CP01251,0
TXN001572,ACC100077,2026-06-05 22:11:00,56.0,N$,bill_payment,CP01487,0
TXN001573,ACC100212,2026-06-05 05:40:00,1727.51,N$,bill_payment,CP01524,0
TXN001574,ACC100254,2026-07-08 23:57:00,307.93,N$,merchant_payment,CP02571,0
TXN001575,ACC100607,2026-06-23 01:33:00,837.37,N$,p2p_transfer,CP03137,0
TXN001576,ACC100280,2026-06-12 15:55:00,367.43,N$,bill_payment,CP01414,0
TXN001577,ACC100640,2026-07-06 07:55:00,1966.07,N$,bill_payment,CP00109,0
TXN001578,ACC100778,2026-07-24 00:13:00,951.29,N$,p2p_transfer,CP02102,0
TXN001579,ACC100095,2026-06-13 08:59:00,748.76,N$,cash_out,CP01561,0
TXN001580,ACC100502,2026-06-18 21:06:00,465.61,N$,cash_out,CP02974,0
TXN001581,ACC100701,2026-07-05 21:08:00,413.6,N$,merchant_payment,CP01383,0
TXN001582,ACC100024,2026-06-23 17:24:00,491.06,N$,bill_payment,CP03190,0
TXN001583,ACC100425,2026-06-05 05:01:00,812.7,N$,merchant_payment,CP01030,0
TXN001584,ACC100295,2026-06-22 07:17:00,2794.61,N$,cash_out,CP00882,1
TXN001585,ACC100344,2026-07-24 01:06:00,595.3,N$,p2p_transfer,CP00212,0
TXN001586,ACC100491,2026-07-20 02:02:00,717.27,N$,merchant_payment,CP03832,0
TXN001587,ACC100596,2026-07-29 18:28:00,445.0,N$,p2p_transfer,CP00560,0
TXN001588,ACC100534,2026-07-13 06:04:00,432.59,N$,bill_payment,CP01848,0
TXN001589,ACC100484,2026-06-26 10:01:00,317.61,N$,cash_out,CP00459,0
TXN001590,ACC100129,2026-06-20 09:35:00,94.33,N$,p2p_transfer,CP00925,0
TXN001591,ACC100359,2026-07-28 05:23:00,284.83,N$,merchant_payment,CP02434,0
TXN001592,ACC100046,2026-06-11 12:49:00,527.74,N$,merchant_payment,CP00449,0
TXN001593,ACC100372,2026-06-09 01:00:00,128.88,N$,merchant_payment,CP00096,0
TXN001594,ACC100053,2026-07-30 16:34:00,245.97,N$,merchant_payment,CP01001,0
TXN001595,ACC100620,2026-07-24 22:28:00,591.6,N$,cash_out,CP01029,0
TXN001596,ACC100375,2026-07-11 13:16:00,212.08,N$,merchant_payment,CP03342,0
TXN001597,ACC100412,2026-07-29 12:14:00,120.98,N$,merchant_payment,CP02018,0
TXN001598,ACC100314,2026-06-17 12:22:00,563.38,N$,merchant_payment,CP01823,0
TXN001599,ACC100036,2026-07-08 16:04:00,739.36,N$,merchant_payment,CP02461,0
TXN001600,ACC100409,2026-07-19 00:40:00,287.71,N$,cash_out,CP00091,0
TXN001601,ACC100407,2026-06-28 10:15:00,707.92,N$,merchant_payment,CP02949,0
TXN001602,ACC100449,2026-07-02 15:21:00,317.43,N$,merchant_payment,CP00611,0
TXN001603,ACC100432,2026-06-13 21:37:00,130.72,N$,merchant_payment,CP03134,0
TXN001604,ACC100088,2026-06-12 17:47:00,835.24,N$,p2p_transfer,CP01985,0
TXN001605,ACC100029,2026-06-29 13:20:00,266.5,N$,p2p_transfer,CP01681,0
TXN001606,ACC100207,2026-07-24 18:26:00,224.85,N$,p2p_transfer,CP00850,0
TXN001607,ACC100353,2026-07-05 19:43:00,812.68,N$,merchant_payment,CP03696,0
TXN001608,ACC100651,2026-07-18 20:53:00,384.3,N$,cash_out,CP03181,0
TXN001609,ACC100033,2026-07-29 12:06:00,258.18,N$,merchant_payment,CP02254,0
TXN001610,ACC100035,2026-06-16 09:07:00,574.33,N$,merchant_payment,CP03444,0
TXN001611,ACC100681,2026-07-09 17:53:00,533.74,N$,merchant_payment,CP03257,0
TXN001612,ACC100119,2026-07-07 12:23:00,732.12,N$,merchant_payment,CP01119,0
TXN001613,ACC100797,2026-07-23 05:31:00,338.73,N$,merchant_payment,CP03416,0
TXN001614,ACC100444,2026-06-20 03:31:00,414.98,N$,merchant_payment,CP00514,0
TXN001615,ACC100545,2026-06-09 11:59:00,277.76,N$,merchant_payment,CP00278,0
TXN001616,ACC100444,2026-06-14 07:54:00,355.4,N$,p2p_transfer,CP02741,0
TXN001617,ACC100196,2026-06-30 19:58:00,339.51,N$,merchant_payment,CP02205,0
TXN001618,ACC100007,2026-07-17 15:34:00,83.55,N$,p2p_transfer,CP00256,0
TXN001619,ACC100529,2026-06-08 18:07:00,419.87,N$,p2p_transfer,CP02710,0
TXN001620,ACC100323,2026-06-25 22:34:00,486.48,N$,cash_out,CP02273,0
TXN001621,ACC100587,2026-07-07 06:54:00,806.73,N$,p2p_transfer,CP00825,0
TXN001622,ACC100321,2026-06-28 20:03:00,3569.33,N$,p2p_transfer,CP02917,0
TXN001623,ACC100606,2026-07-24 08:04:00,89.17,N$,p2p_transfer,CP03817,0
TXN001624,ACC100189,2026-06-18 19:37:00,1119.13,N$,p2p_transfer,CP03074,0
TXN001625,ACC100034,2026-06-15 23:59:00,132.47,N$,merchant_payment,CP01393,0
TXN001626,ACC100003,2026-06-18 05:47:00,123.42,N$,bill_payment,CP00966,0
TXN001627,ACC100412,2026-07-16 22:42:00,669.66,N$,bill_payment,CP03645,0
TXN001628,ACC100763,2026-06-20 03:21:00,103.73,N$,p2p_transfer,CP03024,0
TXN001629,ACC100560,2026-06-07 18:29:00,295.84,N$,p2p_transfer,CP01155,0
TXN001630,ACC100547,2026-07-09 13:28:00,387.47,N$,cash_out,CP01097,0
TXN001631,ACC100788,2026-06-02 16:50:00,905.17,N$,p2p_transfer,CP02448,0
TXN001632,ACC100356,2026-06-30 15:32:00,457.43,N$,cash_out,CP01632,0
TXN001633,ACC100172,2026-07-06 06:30:00,592.37,N$,p2p_transfer,CP01581,0
TXN001634,ACC100252,2026-06-30 17:07:00,382.08,N$,merchant_payment,CP00212,0
TXN001635,ACC100404,2026-07-01 11:30:00,182.19,N$,p2p_transfer,CP02168,0
TXN001636,ACC100158,2026-06-16 19:53:00,163.97,N$,p2p_transfer,CP02961,0
TXN001637,ACC100261,2026-07-02 17:37:00,226.29,N$,merchant_payment,CP02183,0
TXN001638,ACC100238,2026-06-05 13:36:00,787.72,N$,p2p_transfer,CP01449,0
TXN001639,ACC100465,2026-07-26 03:51:00,549.67,N$,cash_out,CP01784,0
TXN001640,ACC100638,2026-07-25 02:39:00,391.87,N$,merchant_payment,CP00050,0
TXN001641,ACC100771,2026-07-29 22:39:00,140.41,N$,p2p_transfer,CP01385,0
TXN001642,ACC100165,2026-06-12 00:18:00,620.91,N$,merchant_payment,CP01153,0
TXN001643,ACC100756,2026-06-21 21:39:00,265.86,N$,p2p_transfer,CP00196,0
TXN001644,ACC100505,2026-06-02 09:59:00,296.59,N$,merchant_payment,CP02035,0
TXN001645,ACC100757,2026-07-11 18:24:00,645.25,N$,p2p_transfer,CP01622,0
TXN001646,ACC100640,2026-07-18 00:38:00,1925.41,N$,p2p_transfer,CP01169,0
TXN001647,ACC100176,2026-07-09 20:44:00,796.67,N$,merchant_payment,CP02542,0
TXN001648,ACC100766,2026-07-26 18:36:00,165.2,N$,cash_out,CP02707,0
TXN001649,ACC100704,2026-07-09 00:47:00,372.27,N$,p2p_transfer,CP02360,0
TXN001650,ACC100053,2026-07-15 20:39:00,617.89,N$,merchant_payment,CP00132,0
TXN001651,ACC100734,2026-07-09 20:16:00,909.71,N$,bill_payment,CP03506,0
TXN001652,ACC100292,2026-07-05 21:05:00,2438.11,N$,merchant_payment,CP01380,0
TXN001653,ACC100095,2026-06-21 17:12:00,1192.47,N$,merchant_payment,CP02415,0
TXN001654,ACC100366,2026-07-24 18:52:00,1181.76,N$,p2p_transfer,CP01200,0
TXN001655,ACC100330,2026-06-08 19:57:00,535.06,N$,p2p_transfer,CP00207,0
TXN001656,ACC100122,2026-07-30 08:22:00,1391.52,N$,p2p_transfer,CP03804,0
TXN001657,ACC100630,2026-07-23 00:04:00,650.47,N$,p2p_transfer,CP01334,0
TXN001658,ACC100637,2026-06-09 04:57:00,1077.83,N$,p2p_transfer,CP02028,0
TXN001659,ACC100694,2026-07-06 00:13:00,483.16,N$,p2p_transfer,CP01083,0
TXN001660,ACC100250,2026-06-29 22:05:00,404.37,N$,p2p_transfer,CP02337,0
TXN001661,ACC100275,2026-07-04 11:37:00,238.14,N$,merchant_payment,CP03736,0
TXN001662,ACC100189,2026-07-05 23:59:00,698.27,N$,merchant_payment,CP01864,0
TXN001663,ACC100254,2026-07-26 13:42:00,432.51,N$,cash_out,CP03776,0
TXN001664,ACC100786,2026-07-15 13:07:00,489.06,N$,merchant_payment,CP01065,0
TXN001665,ACC100772,2026-06-18 19:16:00,1051.93,N$,p2p_transfer,CP01577,0
TXN001666,ACC100553,2026-06-30 04:03:00,920.57,N$,merchant_payment,CP03357,0
TXN001667,ACC100622,2026-06-20 06:06:00,1125.33,N$,merchant_payment,CP00872,0
TXN001668,ACC100420,2026-07-15 10:28:00,205.43,N$,merchant_payment,CP00272,0
TXN001669,ACC100570,2026-07-21 05:53:00,364.85,N$,merchant_payment,CP02713,0
TXN001670,ACC100325,2026-06-04 10:08:00,731.88,N$,cash_out,CP01385,0
TXN001671,ACC100524,2026-06-29 10:46:00,464.4,N$,merchant_payment,CP02671,0
TXN001672,ACC100691,2026-07-04 01:51:00,2215.78,N$,p2p_transfer,CP03750,0
TXN001673,ACC100658,2026-06-03 05:34:00,463.84,N$,merchant_payment,CP03089,0
TXN001674,ACC100495,2026-06-17 21:54:00,153.65,N$,p2p_transfer,CP01770,0
TXN001675,ACC100777,2026-07-10 22:06:00,281.04,N$,p2p_transfer,CP02248,0
TXN001676,ACC100560,2026-07-25 07:33:00,329.03,N$,cash_out,CP02565,0
TXN001677,ACC100649,2026-07-09 15:05:00,486.76,N$,p2p_transfer,CP03029,0
TXN001678,ACC100112,2026-06-08 15:40:00,2843.16,N$,p2p_transfer,CP01672,0
TXN001679,ACC100090,2026-06-25 03:51:00,299.79,N$,p2p_transfer,CP01599,0
TXN001680,ACC100582,2026-06-08 00:32:00,246.28,N$,p2p_transfer,CP01281,0
TXN001681,ACC100323,2026-06-14 01:11:00,303.72,N$,merchant_payment,CP01011,0
TXN001682,ACC100570,2026-06-22 00:43:00,471.05,N$,cash_out,CP03220,0
TXN001683,ACC100160,2026-07-21 10:29:00,274.81,N$,merchant_payment,CP03225,0
TXN001684,ACC100207,2026-07-15 15:14:00,296.27,N$,bill_payment,CP03380,0
TXN001685,ACC100194,2026-06-20 19:16:00,908.12,N$,cash_out,CP01452,0
TXN001686,ACC100170,2026-07-17 02:22:00,252.18,N$,cash_out,CP02066,0
TXN001687,ACC100723,2026-07-14 15:07:00,209.89,N$,p2p_transfer,CP03860,0
TXN001688,ACC100744,2026-06-17 12:59:00,257.09,N$,p2p_transfer,CP02454,0
TXN001689,ACC100591,2026-06-16 13:30:00,437.26,N$,p2p_transfer,CP03326,0
TXN001690,ACC100334,2026-06-03 21:36:00,306.82,N$,p2p_transfer,CP01294,0
TXN001691,ACC100263,2026-07-30 08:04:00,310.87,N$,merchant_payment,CP03800,0
TXN001692,ACC100545,2026-07-17 13:10:00,171.17,N$,p2p_transfer,CP01609,0
TXN001693,ACC100409,2026-06-17 04:43:00,457.88,N$,merchant_payment,CP02121,0
TXN001694,ACC100322,2026-07-25 06:39:00,2259.13,N$,p2p_transfer,CP01179,1
TXN001695,ACC100488,2026-06-21 16:44:00,240.83,N$,p2p_transfer,CP01137,0
TXN001696,ACC100336,2026-07-28 02:26:00,406.29,N$,p2p_transfer,CP03990,0
TXN001697,ACC100022,2026-07-19 01:37:00,272.32,N$,p2p_transfer,CP00909,0
TXN001698,ACC100465,2026-06-15 11:38:00,263.56,N$,merchant_payment,CP01367,0
TXN001699,ACC100699,2026-06-29 09:22:00,652.46,N$,merchant_payment,CP00361,0
TXN001700,ACC100676,2026-07-17 08:49:00,720.55,N$,p2p_transfer,CP02100,0
TXN001701,ACC100606,2026-07-27 02:44:00,410.66,N$,merchant_payment,CP02759,0
TXN001702,ACC100647,2026-07-26 15:53:00,611.91,N$,cash_out,CP01717,0
TXN001703,ACC100315,2026-07-14 23:24:00,770.78,N$,merchant_payment,CP00241,0
TXN001704,ACC100187,2026-06-11 10:10:00,465.32,N$,cash_out,CP00250,0
TXN001705,ACC100792,2026-06-25 16:47:00,889.55,N$,merchant_payment,CP03529,0
TXN001706,ACC100627,2026-06-11 12:41:00,502.98,N$,merchant_payment,CP00256,0
TXN001707,ACC100787,2026-06-28 10:40:00,814.01,N$,p2p_transfer,CP03985,0
TXN001708,ACC100452,2026-07-29 20:55:00,2109.17,N$,merchant_payment,CP01439,0
TXN001709,ACC100516,2026-06-24 21:41:00,1180.53,N$,merchant_payment,CP02090,0
TXN001710,ACC100039,2026-06-12 18:47:00,315.68,N$,p2p_transfer,CP02181,0
TXN001711,ACC100343,2026-07-23 10:51:00,580.09,N$,p2p_transfer,CP01621,0
TXN001712,ACC100008,2026-07-22 22:50:00,4414.77,N$,merchant_payment,CP03367,0
TXN001713,ACC100618,2026-06-28 19:30:00,630.01,N$,merchant_payment,CP02752,0
TXN001714,ACC100769,2026-06-11 14:17:00,248.73,N$,bill_payment,CP00853,0
TXN001715,ACC100503,2026-06-09 04:18:00,474.95,N$,cash_out,CP01094,0
TXN001716,ACC100543,2026-07-12 05:24:00,391.19,N$,merchant_payment,CP03417,0
TXN001717,ACC100255,2026-06-18 23:08:00,327.84,N$,cash_out,CP03800,0
TXN001718,ACC100754,2026-07-12 22:29:00,564.09,N$,p2p_transfer,CP01620,0
TXN001719,ACC100537,2026-06-18 16:25:00,209.81,N$,merchant_payment,CP02557,0
TXN001720,ACC100717,2026-06-06 23:19:00,231.41,N$,p2p_transfer,CP01887,0
TXN001721,ACC100403,2026-06-09 23:05:00,278.38,N$,p2p_transfer,CP03685,0
TXN001722,ACC100312,2026-06-10 22:35:00,225.43,N$,p2p_transfer,CP01555,0
TXN001723,ACC100283,2026-07-18 11:04:00,51.67,N$,cash_out,CP01045,0
TXN001724,ACC100283,2026-07-05 23:30:00,377.96,N$,bill_payment,CP02947,0
TXN001725,ACC100091,2026-07-19 05:40:00,264.21,N$,merchant_payment,CP03067,0
TXN001726,ACC100163,2026-06-23 13:01:00,354.95,N$,merchant_payment,CP00173,0
TXN001727,ACC100027,2026-06-03 22:31:00,1210.69,N$,p2p_transfer,CP02938,0
TXN001728,ACC100292,2026-07-07 04:43:00,514.49,N$,merchant_payment,CP01052,0
TXN001729,ACC100325,2026-07-14 06:36:00,211.91,N$,bill_payment,CP02905,0
TXN001730,ACC100772,2026-07-30 22:23:00,306.71,N$,p2p_transfer,CP00371,0
TXN001731,ACC100338,2026-07-02 06:07:00,674.05,N$,merchant_payment,CP01703,0
TXN001732,ACC100307,2026-07-28 21:49:00,158.07,N$,merchant_payment,CP01842,0
TXN001733,ACC100314,2026-06-22 04:40:00,333.06,N$,merchant_payment,CP00577,0
TXN001734,ACC100692,2026-07-09 10:46:00,191.93,N$,p2p_transfer,CP01289,0
TXN001735,ACC100339,2026-06-11 06:28:00,1788.84,N$,p2p_transfer,CP02785,0
TXN001736,ACC100167,2026-07-14 00:08:00,383.46,N$,p2p_transfer,CP03044,0
TXN001737,ACC100007,2026-06-02 13:22:00,520.12,N$,p2p_transfer,CP00334,0
TXN001738,ACC100717,2026-06-06 19:28:00,440.24,N$,p2p_transfer,CP03866,0
TXN001739,ACC100436,2026-07-04 11:38:00,1161.08,N$,merchant_payment,CP02700,0
TXN001740,ACC100151,2026-07-16 20:25:00,197.54,N$,merchant_payment,CP03006,0
TXN001741,ACC100448,2026-07-07 22:54:00,300.67,N$,p2p_transfer,CP00773,0
TXN001742,ACC100485,2026-06-02 21:20:00,535.99,N$,p2p_transfer,CP00991,0
TXN001743,ACC100081,2026-07-09 08:57:00,1907.43,N$,cash_out,CP02920,1
TXN001744,ACC100312,2026-07-02 02:13:00,225.64,N$,merchant_payment,CP01228,0
TXN001745,ACC100715,2026-06-22 19:57:00,1096.01,N$,bill_payment,CP01784,0
TXN001746,ACC100756,2026-07-11 12:57:00,101.88,N$,p2p_transfer,CP03506,0
TXN001747,ACC100152,2026-07-28 23:48:00,109.67,N$,p2p_transfer,CP00782,0
TXN001748,ACC100055,2026-07-09 20:26:00,894.73,N$,p2p_transfer,CP02004,0
TXN001749,ACC100512,2026-06-14 04:34:00,279.55,N$,cash_out,CP03475,0
TXN001750,ACC100466,2026-07-09 19:23:00,1053.55,N$,p2p_transfer,CP00271,0
TXN001751,ACC100734,2026-07-04 07:13:00,487.31,N$,bill_payment,CP00559,0
TXN001752,ACC100260,2026-06-04 07:11:00,5355.59,N$,p2p_transfer,CP02508,1
TXN001753,ACC100475,2026-07-09 16:10:00,294.53,N$,merchant_payment,CP03884,0
TXN001754,ACC100783,2026-06-24 16:14:00,175.03,N$,merchant_payment,CP01248,0
TXN001755,ACC100188,2026-07-01 00:58:00,279.44,N$,p2p_transfer,CP01812,0
TXN001756,ACC100338,2026-07-26 23:14:00,288.65,N$,p2p_transfer,CP00288,0
TXN001757,ACC100482,2026-07-09 17:50:00,74.45,N$,merchant_payment,CP00204,0
TXN001758,ACC100088,2026-07-02 22:03:00,158.1,N$,p2p_transfer,CP01864,0
TXN001759,ACC100014,2026-06-04 07:01:00,605.86,N$,cash_out,CP00668,0
TXN001760,ACC100284,2026-06-18 14:44:00,1862.38,N$,merchant_payment,CP00302,0
TXN001761,ACC100406,2026-07-18 20:02:00,1474.11,N$,p2p_transfer,CP03092,0
TXN001762,ACC100783,2026-07-14 02:05:00,231.45,N$,cash_out,CP01189,0
TXN001763,ACC100541,2026-06-24 03:27:00,20042.51,N$,cash_out,CP00002,1
TXN001764,ACC100027,2026-06-21 23:31:00,640.58,N$,p2p_transfer,CP03628,0
TXN001765,ACC100675,2026-06-20 00:26:00,262.01,N$,bill_payment,CP00917,0
TXN001766,ACC100384,2026-06-01 12:14:00,417.84,N$,merchant_payment,CP03869,0
TXN001767,ACC100007,2026-06-29 04:15:00,140.0,N$,cash_out,CP00185,0
TXN001768,ACC100263,2026-06-22 16:04:00,363.11,N$,merchant_payment,CP01463,0
TXN001769,ACC100595,2026-07-13 10:35:00,563.29,N$,bill_payment,CP03416,0
TXN001770,ACC100478,2026-07-30 13:35:00,58.11,N$,p2p_transfer,CP01301,0
TXN001771,ACC100079,2026-06-18 12:05:00,347.89,N$,p2p_transfer,CP03117,0
TXN001772,ACC100645,2026-06-26 12:35:00,1771.64,N$,bill_payment,CP01129,0
TXN001773,ACC100797,2026-07-30 22:47:00,783.67,N$,cash_out,CP01328,0
TXN001774,ACC100081,2026-06-06 02:04:00,638.48,N$,p2p_transfer,CP03810,0
TXN001775,ACC100162,2026-06-26 21:07:00,499.7,N$,p2p_transfer,CP02030,0
TXN001776,ACC100504,2026-07-02 22:51:00,878.96,N$,p2p_transfer,CP00369,0
TXN001777,ACC100174,2026-06-19 04:29:00,354.3,N$,bill_payment,CP00089,0
TXN001778,ACC100620,2026-07-21 09:05:00,955.52,N$,merchant_payment,CP00943,0
TXN001779,ACC100479,2026-06-06 04:23:00,790.73,N$,merchant_payment,CP00548,0
TXN001780,ACC100200,2026-07-06 23:38:00,388.69,N$,p2p_transfer,CP02569,0
TXN001781,ACC100334,2026-06-06 02:14:00,503.94,N$,p2p_transfer,CP00132,0
TXN001782,ACC100769,2026-07-12 10:33:00,787.51,N$,p2p_transfer,CP03570,0
TXN001783,ACC100102,2026-07-18 00:44:00,254.98,N$,p2p_transfer,CP00122,0
TXN001784,ACC100750,2026-07-24 20:22:00,261.2,N$,cash_out,CP03932,0
TXN001785,ACC100708,2026-06-07 03:22:00,778.96,N$,p2p_transfer,CP03408,0
TXN001786,ACC100707,2026-06-02 18:39:00,83.54,N$,merchant_payment,CP00636,0
TXN001787,ACC100563,2026-06-14 10:03:00,1542.52,N$,merchant_payment,CP02204,0
TXN001788,ACC100777,2026-07-11 04:58:00,549.0,N$,merchant_payment,CP03644,0
TXN001789,ACC100728,2026-06-22 10:28:00,421.92,N$,p2p_transfer,CP03240,0
TXN001790,ACC100033,2026-07-19 05:27:00,715.9,N$,bill_payment,CP00742,0
TXN001791,ACC100034,2026-07-14 19:53:00,844.52,N$,p2p_transfer,CP01312,0
TXN001792,ACC100400,2026-07-03 16:45:00,816.96,N$,p2p_transfer,CP03125,0
TXN001793,ACC100470,2026-07-06 01:39:00,978.76,N$,merchant_payment,CP02969,0
TXN001794,ACC100358,2026-06-05 02:44:00,308.44,N$,p2p_transfer,CP01948,0
TXN001795,ACC100110,2026-06-06 00:27:00,612.15,N$,bill_payment,CP03260,0
TXN001796,ACC100017,2026-06-21 21:14:00,508.04,N$,p2p_transfer,CP01870,0
TXN001797,ACC100340,2026-07-22 20:53:00,968.63,N$,cash_out,CP03199,0
TXN001798,ACC100130,2026-06-21 11:30:00,1118.12,N$,p2p_transfer,CP02692,0
TXN001799,ACC100509,2026-07-14 06:28:00,948.69,N$,p2p_transfer,CP03006,0
TXN001800,ACC100511,2026-06-24 04:53:00,73.97,N$,merchant_payment,CP03104,0
TXN001801,ACC100479,2026-07-20 07:33:00,216.06,N$,p2p_transfer,CP00732,0
TXN001802,ACC100733,2026-06-28 04:52:00,95.52,N$,p2p_transfer,CP02614,0
TXN001803,ACC100327,2026-06-05 13:17:00,166.1,N$,merchant_payment,CP01107,0
TXN001804,ACC100494,2026-07-19 02:25:00,763.07,N$,p2p_transfer,CP01275,0
TXN001805,ACC100062,2026-06-08 17:05:00,230.68,N$,p2p_transfer,CP03111,0
TXN001806,ACC100700,2026-07-20 08:48:00,184.86,N$,p2p_transfer,CP00518,0
TXN001807,ACC100088,2026-06-17 21:20:00,148.77,N$,p2p_transfer,CP03581,0
TXN001808,ACC100048,2026-07-16 19:47:00,542.18,N$,p2p_transfer,CP02098,0
TXN001809,ACC100714,2026-07-30 01:19:00,460.0,N$,p2p_transfer,CP01337,0
TXN001810,ACC100757,2026-07-18 20:11:00,278.9,N$,p2p_transfer,CP00445,0
TXN001811,ACC100737,2026-06-01 05:47:00,252.51,N$,cash_out,CP01005,0
TXN001812,ACC100441,2026-07-29 19:52:00,643.63,N$,p2p_transfer,CP02884,0
TXN001813,ACC100051,2026-07-20 01:43:00,542.68,N$,merchant_payment,CP01239,0
TXN001814,ACC100480,2026-07-04 22:03:00,261.25,N$,p2p_transfer,CP00277,0
TXN001815,ACC100117,2026-07-29 23:15:00,147.09,N$,merchant_payment,CP00226,0
TXN001816,ACC100011,2026-07-14 04:12:00,1252.88,N$,merchant_payment,CP03671,0
TXN001817,ACC100572,2026-06-03 09:04:00,296.06,N$,p2p_transfer,CP03741,0
TXN001818,ACC100143,2026-07-19 19:17:00,555.35,N$,p2p_transfer,CP02321,0
TXN001819,ACC100498,2026-07-26 17:08:00,1463.71,N$,p2p_transfer,CP03756,0
TXN001820,ACC100674,2026-07-27 13:29:00,338.3,N$,p2p_transfer,CP02568,0
TXN001821,ACC100354,2026-06-24 16:20:00,114.21,N$,cash_out,CP03142,0
TXN001822,ACC100729,2026-07-08 22:40:00,1253.29,N$,bill_payment,CP01728,0
TXN001823,ACC100098,2026-06-06 19:28:00,400.69,N$,bill_payment,CP00823,0
TXN001824,ACC100575,2026-07-15 09:35:00,124.31,N$,bill_payment,CP02404,0
TXN001825,ACC100742,2026-07-07 20:02:00,657.09,N$,merchant_payment,CP01070,0
TXN001826,ACC100492,2026-06-22 13:59:00,765.27,N$,bill_payment,CP02405,0
TXN001827,ACC100278,2026-06-02 21:39:00,1914.8,N$,merchant_payment,CP02296,0
TXN001828,ACC100448,2026-06-05 08:18:00,288.77,N$,merchant_payment,CP03965,0
TXN001829,ACC100489,2026-06-24 22:40:00,1027.7,N$,bill_payment,CP03475,0
TXN001830,ACC100693,2026-06-13 02:46:00,498.04,N$,merchant_payment,CP00461,0
TXN001831,ACC100159,2026-06-06 23:03:00,448.9,N$,bill_payment,CP03643,0
TXN001832,ACC100206,2026-07-26 21:58:00,308.36,N$,merchant_payment,CP00944,0
TXN001833,ACC100014,2026-07-02 10:56:00,96.98,N$,merchant_payment,CP02348,0
TXN001834,ACC100399,2026-06-25 17:43:00,357.19,N$,p2p_transfer,CP01145,0
TXN001835,ACC100507,2026-07-28 13:36:00,239.78,N$,p2p_transfer,CP00693,0
TXN001836,ACC100145,2026-06-05 03:06:00,53.03,N$,cash_out,CP01766,0
TXN001837,ACC100695,2026-07-09 10:54:00,412.76,N$,cash_out,CP00960,0
TXN001838,ACC100019,2026-06-19 01:43:00,441.9,N$,merchant_payment,CP03298,0
TXN001839,ACC100091,2026-07-17 08:19:00,484.29,N$,p2p_transfer,CP00087,0
TXN001840,ACC100608,2026-07-01 10:39:00,227.79,N$,merchant_payment,CP02596,0
TXN001841,ACC100234,2026-07-20 22:38:00,349.67,N$,merchant_payment,CP00103,0
TXN001842,ACC100421,2026-07-28 13:55:00,473.42,N$,merchant_payment,CP03190,0
TXN001843,ACC100663,2026-06-09 04:03:00,250.73,N$,merchant_payment,CP01108,0
TXN001844,ACC100124,2026-07-24 16:19:00,224.46,N$,p2p_transfer,CP01100,0
TXN001845,ACC100109,2026-07-05 20:27:00,800.91,N$,bill_payment,CP02940,0
TXN001846,ACC100027,2026-07-07 01:18:00,279.38,N$,merchant_payment,CP03619,0
TXN001847,ACC100380,2026-06-24 12:56:00,261.81,N$,merchant_payment,CP02449,0
TXN001848,ACC100579,2026-06-01 07:54:00,2165.41,N$,p2p_transfer,CP03268,0
TXN001849,ACC100018,2026-06-01 01:33:00,214.9,N$,p2p_transfer,CP01811,0
TXN001850,ACC100283,2026-06-25 00:25:00,225.71,N$,p2p_transfer,CP01381,0
TXN001851,ACC100252,2026-07-02 06:47:00,555.36,N$,p2p_transfer,CP03732,0
TXN001852,ACC100709,2026-07-07 06:48:00,275.87,N$,merchant_payment,CP00305,0
TXN001853,ACC100779,2026-06-23 01:50:00,862.35,N$,bill_payment,CP00936,0
TXN001854,ACC100026,2026-07-19 20:17:00,611.45,N$,p2p_transfer,CP00294,0
TXN001855,ACC100677,2026-06-21 13:33:00,1982.38,N$,p2p_transfer,CP01136,0
TXN001856,ACC100530,2026-06-22 00:18:00,1352.08,N$,merchant_payment,CP00175,0
TXN001857,ACC100696,2026-07-25 22:05:00,913.18,N$,p2p_transfer,CP03552,0
TXN001858,ACC100562,2026-06-18 23:46:00,429.78,N$,merchant_payment,CP02104,0
TXN001859,ACC100587,2026-06-16 07:57:00,289.68,N$,bill_payment,CP02476,0
TXN001860,ACC100682,2026-06-26 12:14:00,155.04,N$,merchant_payment,CP02654,0
TXN001861,ACC100567,2026-06-12 18:17:00,100.34,N$,cash_out,CP03400,0
TXN001862,ACC100356,2026-07-02 05:04:00,294.95,N$,p2p_transfer,CP03975,0
TXN001863,ACC100500,2026-07-27 23:38:00,453.03,N$,cash_out,CP01017,0
TXN001864,ACC100714,2026-07-20 09:02:00,244.13,N$,merchant_payment,CP02067,0
TXN001865,ACC100282,2026-06-05 02:22:00,247.42,N$,p2p_transfer,CP03525,0
TXN001866,ACC100569,2026-06-30 03:07:00,619.74,N$,p2p_transfer,CP02371,0
TXN001867,ACC100204,2026-07-16 12:14:00,1103.13,N$,p2p_transfer,CP02540,0
TXN001868,ACC100481,2026-06-03 18:49:00,523.95,N$,p2p_transfer,CP02509,0
TXN001869,ACC100575,2026-07-16 05:26:00,605.16,N$,cash_out,CP01125,0
TXN001870,ACC100039,2026-06-15 07:06:00,563.64,N$,merchant_payment,CP01842,0
TXN001871,ACC100096,2026-07-19 18:11:00,2172.16,N$,merchant_payment,CP01671,0
TXN001872,ACC100380,2026-07-08 01:21:00,221.41,N$,bill_payment,CP01727,0
TXN001873,ACC100356,2026-06-26 20:48:00,140.88,N$,cash_out,CP02342,0
TXN001874,ACC100226,2026-06-08 14:20:00,13667.53,N$,cash_out,CP01063,1
TXN001875,ACC100298,2026-07-23 16:21:00,1096.89,N$,merchant_payment,CP00874,0
TXN001876,ACC100318,2026-06-28 11:15:00,566.79,N$,merchant_payment,CP02117,0
TXN001877,ACC100412,2026-06-05 10:37:00,448.8,N$,merchant_payment,CP00161,0
TXN001878,ACC100631,2026-07-22 21:53:00,178.91,N$,merchant_payment,CP03765,0
TXN001879,ACC100706,2026-06-20 23:19:00,434.79,N$,merchant_payment,CP01854,0
TXN001880,ACC100412,2026-06-03 21:31:00,314.77,N$,merchant_payment,CP02052,0
TXN001881,ACC100635,2026-06-21 11:45:00,268.12,N$,p2p_transfer,CP01061,0
TXN001882,ACC100439,2026-06-08 20:06:00,1148.39,N$,merchant_payment,CP02040,0
TXN001883,ACC100311,2026-06-17 02:04:00,218.67,N$,merchant_payment,CP03415,0
TXN001884,ACC100348,2026-07-21 15:18:00,132.13,N$,p2p_transfer,CP00119,0
TXN001885,ACC100516,2026-06-01 02:13:00,122.22,N$,merchant_payment,CP01812,0
TXN001886,ACC100271,2026-06-13 13:54:00,1544.59,N$,p2p_transfer,CP03177,0
TXN001887,ACC100756,2026-06-16 09:53:00,666.84,N$,cash_out,CP02151,0
TXN001888,ACC100242,2026-06-23 11:29:00,1803.74,N$,p2p_transfer,CP02462,0
TXN001889,ACC100292,2026-06-06 10:48:00,78.19,N$,p2p_transfer,CP01536,0
TXN001890,ACC100154,2026-07-18 07:11:00,495.68,N$,bill_payment,CP01484,0
TXN001891,ACC100172,2026-06-05 04:56:00,311.59,N$,p2p_transfer,CP03880,0
TXN001892,ACC100548,2026-06-27 18:39:00,410.15,N$,merchant_payment,CP01616,0
TXN001893,ACC100541,2026-06-15 20:47:00,565.54,N$,p2p_transfer,CP02349,0
TXN001894,ACC100331,2026-07-23 15:19:00,242.78,N$,merchant_payment,CP01651,0
TXN001895,ACC100386,2026-06-20 18:26:00,159.53,N$,cash_out,CP02671,0
TXN001896,ACC100609,2026-06-16 00:47:00,137.91,N$,merchant_payment,CP01974,0
TXN001897,ACC100096,2026-06-12 06:53:00,771.28,N$,cash_out,CP03217,0
TXN001898,ACC100524,2026-07-06 11:22:00,519.08,N$,merchant_payment,CP00491,0
TXN001899,ACC100001,2026-07-22 14:18:00,751.75,N$,cash_out,CP01354,0
TXN001900,ACC100151,2026-07-08 16:25:00,498.89,N$,merchant_payment,CP03448,0
TXN001901,ACC100654,2026-06-16 03:06:00,291.58,N$,merchant_payment,CP01340,0
TXN001902,ACC100670,2026-06-08 07:55:00,684.57,N$,merchant_payment,CP00349,0
TXN001903,ACC100591,2026-06-06 12:19:00,762.8,N$,p2p_transfer,CP00887,0
TXN001904,ACC100285,2026-07-04 04:57:00,585.57,N$,cash_out,CP02765,0
TXN001905,ACC100765,2026-06-15 06:42:00,246.29,N$,p2p_transfer,CP03185,0
TXN001906,ACC100070,2026-06-14 00:33:00,278.46,N$,cash_out,CP02580,0
TXN001907,ACC100457,2026-06-02 23:21:00,201.56,N$,bill_payment,CP02912,0
TXN001908,ACC100134,2026-07-23 22:13:00,148.03,N$,p2p_transfer,CP02344,0
TXN001909,ACC100667,2026-07-10 19:02:00,2138.04,N$,merchant_payment,CP02524,0
TXN001910,ACC100365,2026-06-23 23:38:00,340.6,N$,merchant_payment,CP02472,0
TXN001911,ACC100124,2026-06-26 01:58:00,217.79,N$,cash_out,CP02881,0
TXN001912,ACC100152,2026-06-04 12:54:00,128.75,N$,merchant_payment,CP03448,0
TXN001913,ACC100741,2026-06-23 04:33:00,785.55,N$,merchant_payment,CP01728,0
TXN001914,ACC100529,2026-07-08 23:16:00,185.27,N$,merchant_payment,CP03922,0
TXN001915,ACC100243,2026-07-10 12:26:00,1160.25,N$,merchant_payment,CP00197,0
TXN001916,ACC100474,2026-06-07 05:48:00,259.22,N$,bill_payment,CP01906,0
TXN001917,ACC100234,2026-06-30 07:18:00,223.07,N$,merchant_payment,CP01376,0
TXN001918,ACC100113,2026-06-01 16:27:00,315.13,N$,p2p_transfer,CP01803,0
TXN001919,ACC100183,2026-06-06 05:31:00,1746.95,N$,merchant_payment,CP03121,0
TXN001920,ACC100057,2026-07-30 13:24:00,149.91,N$,merchant_payment,CP03649,0
TXN001921,ACC100311,2026-07-29 13:06:00,1195.62,N$,merchant_payment,CP02419,0
TXN001922,ACC100466,2026-06-16 12:55:00,332.69,N$,cash_out,CP03229,0
TXN001923,ACC100402,2026-07-06 21:11:00,378.31,N$,merchant_payment,CP00532,0
TXN001924,ACC100767,2026-06-23 11:48:00,780.34,N$,p2p_transfer,CP00636,0
TXN001925,ACC100556,2026-07-16 13:00:00,117.63,N$,p2p_transfer,CP00076,0
TXN001926,ACC100253,2026-06-11 02:26:00,141.79,N$,p2p_transfer,CP01896,0
TXN001927,ACC100107,2026-07-03 12:44:00,252.82,N$,merchant_payment,CP00114,0
TXN001928,ACC100372,2026-07-15 15:08:00,92.74,N$,merchant_payment,CP00982,0
TXN001929,ACC100027,2026-06-01 09:30:00,366.76,N$,merchant_payment,CP01485,0
TXN001930,ACC100307,2026-07-08 01:06:00,400.03,N$,merchant_payment,CP01461,0
TXN001931,ACC100395,2026-07-15 09:33:00,1452.97,N$,p2p_transfer,CP03061,0
TXN001932,ACC100054,2026-06-29 03:12:00,796.42,N$,p2p_transfer,CP02471,0
TXN001933,ACC100530,2026-07-16 20:08:00,326.5,N$,merchant_payment,CP02234,0
TXN001934,ACC100253,2026-07-24 16:29:00,472.93,N$,merchant_payment,CP02325,0
TXN001935,ACC100228,2026-06-19 16:09:00,153.31,N$,cash_out,CP03076,0
TXN001936,ACC100097,2026-06-27 22:19:00,700.32,N$,merchant_payment,CP03107,0
TXN001937,ACC100498,2026-07-04 09:34:00,121.37,N$,p2p_transfer,CP01097,0
TXN001938,ACC100660,2026-06-27 08:56:00,3303.15,N$,cash_out,CP02217,1
TXN001939,ACC100487,2026-06-29 17:27:00,404.67,N$,cash_out,CP03365,0
TXN001940,ACC100005,2026-07-15 09:52:00,301.04,N$,cash_out,CP02856,0
TXN001941,ACC100008,2026-07-28 04:43:00,1157.13,N$,cash_out,CP02781,0
TXN001942,ACC100219,2026-07-19 07:43:00,445.31,N$,cash_out,CP01836,0
TXN001943,ACC100493,2026-07-23 13:54:00,683.52,N$,cash_out,CP03671,0
TXN001944,ACC100498,2026-07-20 08:22:00,567.97,N$,merchant_payment,CP00336,0
TXN001945,ACC100089,2026-06-27 02:36:00,1110.19,N$,merchant_payment,CP01388,0
TXN001946,ACC100154,2026-07-11 21:59:00,206.14,N$,p2p_transfer,CP03167,0
TXN001947,ACC100389,2026-07-20 12:24:00,267.73,N$,merchant_payment,CP02149,0
TXN001948,ACC100506,2026-07-01 05:42:00,93.46,N$,merchant_payment,CP00749,0
TXN001949,ACC100371,2026-07-01 11:38:00,332.6,N$,p2p_transfer,CP00094,0
TXN001950,ACC100359,2026-07-04 15:09:00,493.8,N$,p2p_transfer,CP03021,0
TXN001951,ACC100701,2026-07-24 01:23:00,210.75,N$,p2p_transfer,CP00419,0
TXN001952,ACC100226,2026-06-14 09:09:00,349.55,N$,p2p_transfer,CP00451,0
TXN001953,ACC100182,2026-06-11 05:08:00,292.51,N$,merchant_payment,CP00118,0
TXN001954,ACC100166,2026-07-10 22:38:00,542.37,N$,merchant_payment,CP02574,0
TXN001955,ACC100007,2026-07-14 01:44:00,269.55,N$,p2p_transfer,CP03097,0
TXN001956,ACC100392,2026-07-29 07:59:00,236.03,N$,merchant_payment,CP03652,0
TXN001957,ACC100101,2026-06-23 01:16:00,58.45,N$,p2p_transfer,CP03697,0
TXN001958,ACC100446,2026-06-26 14:16:00,202.52,N$,cash_out,CP02618,0
TXN001959,ACC100301,2026-07-10 12:53:00,606.55,N$,p2p_transfer,CP03864,0
TXN001960,ACC100537,2026-07-26 18:22:00,208.72,N$,merchant_payment,CP00811,0
TXN001961,ACC100597,2026-06-28 00:03:00,351.16,N$,p2p_transfer,CP00061,0
TXN001962,ACC100378,2026-07-29 23:25:00,366.34,N$,p2p_transfer,CP00811,0
TXN001963,ACC100142,2026-07-23 15:42:00,326.22,N$,cash_out,CP00843,0
TXN001964,ACC100361,2026-07-01 03:17:00,158.31,N$,bill_payment,CP00601,0
TXN001965,ACC100347,2026-06-27 17:49:00,751.8,N$,p2p_transfer,CP01178,0
TXN001966,ACC100687,2026-07-29 22:52:00,497.43,N$,merchant_payment,CP03326,0
TXN001967,ACC100697,2026-07-20 23:28:00,63.29,N$,p2p_transfer,CP00309,0
TXN001968,ACC100171,2026-07-24 19:27:00,328.13,N$,cash_out,CP02988,0
TXN001969,ACC100308,2026-06-22 14:00:00,1019.36,N$,merchant_payment,CP01239,0
TXN001970,ACC100414,2026-07-20 21:31:00,503.14,N$,cash_out,CP00895,0
TXN001971,ACC100792,2026-06-25 12:40:00,611.06,N$,bill_payment,CP00263,0
TXN001972,ACC100236,2026-07-08 17:25:00,255.4,N$,merchant_payment,CP03607,0
TXN001973,ACC100612,2026-06-27 09:11:00,90.61,N$,merchant_payment,CP01323,0
TXN001974,ACC100395,2026-06-10 21:40:00,404.52,N$,merchant_payment,CP01466,0
TXN001975,ACC100592,2026-06-21 05:23:00,257.53,N$,bill_payment,CP03662,0
TXN001976,ACC100548,2026-06-04 09:54:00,236.76,N$,p2p_transfer,CP02035,0
TXN001977,ACC100738,2026-07-17 18:18:00,817.26,N$,merchant_payment,CP02257,0
TXN001978,ACC100030,2026-06-25 21:56:00,253.45,N$,p2p_transfer,CP00974,0
TXN001979,ACC100017,2026-06-17 15:56:00,135.36,N$,merchant_payment,CP02425,0
TXN001980,ACC100307,2026-06-14 21:51:00,917.0,N$,bill_payment,CP00335,0
TXN001981,ACC100118,2026-07-20 21:28:00,378.47,N$,merchant_payment,CP02474,0
TXN001982,ACC100455,2026-06-20 00:17:00,1329.9,N$,p2p_transfer,CP00382,0
TXN001983,ACC100578,2026-06-22 19:56:00,152.83,N$,merchant_payment,CP03313,0
TXN001984,ACC100456,2026-07-04 01:17:00,117.21,N$,p2p_transfer,CP01569,0
TXN001985,ACC100086,2026-06-13 21:03:00,62.53,N$,merchant_payment,CP00792,0
TXN001986,ACC100574,2026-06-22 07:38:00,196.73,N$,p2p_transfer,CP01410,0
TXN001987,ACC100746,2026-06-15 09:29:00,439.39,N$,merchant_payment,CP02381,0
TXN001988,ACC100173,2026-07-21 13:01:00,503.32,N$,p2p_transfer,CP01130,0
TXN001989,ACC100723,2026-07-11 10:01:00,309.11,N$,merchant_payment,CP00553,0
TXN001990,ACC100594,2026-07-10 08:57:00,574.18,N$,p2p_transfer,CP00938,0
TXN001991,ACC100326,2026-07-04 22:41:00,191.75,N$,p2p_transfer,CP01643,0
TXN001992,ACC100670,2026-06-17 17:28:00,491.01,N$,p2p_transfer,CP01524,0
TXN001993,ACC100121,2026-07-22 12:29:00,7334.99,N$,p2p_transfer,CP02643,1
TXN001994,ACC100526,2026-06-20 03:16:00,453.69,N$,p2p_transfer,CP02924,0
TXN001995,ACC100566,2026-07-02 09:18:00,673.52,N$,merchant_payment,CP02338,0
TXN001996,ACC100498,2026-07-04 14:57:00,252.67,N$,cash_out,CP01699,0
TXN001997,ACC100380,2026-07-09 15:23:00,252.61,N$,bill_payment,CP00808,0
TXN001998,ACC100386,2026-07-17 07:24:00,486.72,N$,bill_payment,CP01864,0
TXN001999,ACC100751,2026-06-01 03:51:00,427.55,N$,cash_out,CP00827,0
TXN002000,ACC100375,2026-06-17 18:22:00,81.08,N$,merchant_payment,CP00609,0
TXN002001,ACC100569,2026-07-02 18:26:00,545.79,N$,bill_payment,CP03053,0
TXN002002,ACC100508,2026-07-05 11:23:00,1042.83,N$,p2p_transfer,CP01305,0
TXN002003,ACC100426,2026-07-24 17:02:00,1001.73,N$,cash_out,CP01080,0
TXN002004,ACC100011,2026-07-27 20:28:00,453.62,N$,cash_out,CP00344,0
TXN002005,ACC100315,2026-06-25 14:48:00,182.93,N$,p2p_transfer,CP01829,0
TXN002006,ACC100533,2026-07-27 13:04:00,174.78,N$,bill_payment,CP02935,0
TXN002007,ACC100089,2026-06-20 00:28:00,1019.57,N$,merchant_payment,CP00784,0
TXN002008,ACC100229,2026-06-24 00:26:00,147.65,N$,merchant_payment,CP03923,0
TXN002009,ACC100169,2026-07-23 21:10:00,696.16,N$,merchant_payment,CP00898,0
TXN002010,ACC100626,2026-07-28 18:28:00,545.02,N$,p2p_transfer,CP00375,0
TXN002011,ACC100750,2026-07-05 10:41:00,1633.12,N$,merchant_payment,CP00221,0
TXN002012,ACC100124,2026-06-02 07:04:00,89.06,N$,p2p_transfer,CP00505,0
TXN002013,ACC100274,2026-06-08 09:25:00,1566.51,N$,p2p_transfer,CP02618,0
TXN002014,ACC100439,2026-06-28 21:47:00,236.95,N$,cash_out,CP00421,0
TXN002015,ACC100544,2026-07-30 12:18:00,923.17,N$,merchant_payment,CP02400,0
TXN002016,ACC100024,2026-06-18 16:36:00,141.07,N$,cash_out,CP03795,0
TXN002017,ACC100351,2026-06-29 18:41:00,239.86,N$,merchant_payment,CP03708,0
TXN002018,ACC100506,2026-07-09 04:29:00,376.73,N$,p2p_transfer,CP03932,0
TXN002019,ACC100367,2026-07-05 18:00:00,418.43,N$,p2p_transfer,CP01756,0
TXN002020,ACC100040,2026-07-13 00:24:00,199.64,N$,p2p_transfer,CP00345,0
TXN002021,ACC100206,2026-06-07 06:53:00,686.97,N$,bill_payment,CP03239,0
TXN002022,ACC100375,2026-07-15 00:49:00,100.43,N$,merchant_payment,CP02934,0
TXN002023,ACC100641,2026-07-30 02:02:00,132.68,N$,bill_payment,CP03394,0
TXN002024,ACC100275,2026-07-28 22:05:00,992.33,N$,bill_payment,CP03248,0
TXN002025,ACC100123,2026-06-22 15:38:00,242.59,N$,p2p_transfer,CP01083,0
TXN002026,ACC100552,2026-06-08 04:03:00,2900.51,N$,merchant_payment,CP02014,0
TXN002027,ACC100760,2026-07-28 00:44:00,341.75,N$,p2p_transfer,CP01675,0
TXN002028,ACC100201,2026-07-09 15:27:00,282.37,N$,p2p_transfer,CP01996,0
TXN002029,ACC100516,2026-06-18 14:57:00,187.79,N$,merchant_payment,CP00917,0
TXN002030,ACC100746,2026-07-07 19:38:00,82.55,N$,bill_payment,CP00345,0
TXN002031,ACC100026,2026-07-22 18:17:00,687.31,N$,merchant_payment,CP03197,0
TXN002032,ACC100074,2026-06-07 19:14:00,249.83,N$,merchant_payment,CP03453,0
TXN002033,ACC100213,2026-06-03 06:54:00,1442.4,N$,merchant_payment,CP01302,0
TXN002034,ACC100575,2026-07-06 00:05:00,551.02,N$,bill_payment,CP03902,0
TXN002035,ACC100711,2026-07-28 11:26:00,267.77,N$,merchant_payment,CP02443,0
TXN002036,ACC100016,2026-06-23 02:38:00,493.01,N$,bill_payment,CP01212,0
TXN002037,ACC100267,2026-07-15 05:22:00,347.66,N$,bill_payment,CP03522,0
TXN002038,ACC100703,2026-07-06 04:10:00,208.93,N$,merchant_payment,CP03355,0
TXN002039,ACC100569,2026-07-21 21:11:00,507.12,N$,merchant_payment,CP02850,0
TXN002040,ACC100057,2026-06-15 21:42:00,1901.73,N$,merchant_payment,CP01450,0
TXN002041,ACC100502,2026-07-22 04:50:00,302.27,N$,bill_payment,CP03519,0
TXN002042,ACC100582,2026-06-25 03:53:00,36.07,N$,cash_out,CP01691,0
TXN002043,ACC100185,2026-07-07 09:29:00,878.56,N$,merchant_payment,CP00032,0
TXN002044,ACC100599,2026-07-13 03:54:00,74.82,N$,p2p_transfer,CP03314,0
TXN002045,ACC100043,2026-06-04 15:18:00,414.57,N$,merchant_payment,CP00812,0
TXN002046,ACC100515,2026-06-09 21:10:00,187.56,N$,p2p_transfer,CP01079,0
TXN002047,ACC100198,2026-06-05 18:32:00,458.16,N$,merchant_payment,CP00131,0
TXN002048,ACC100279,2026-07-12 05:23:00,268.87,N$,p2p_transfer,CP03622,0
TXN002049,ACC100510,2026-06-27 05:13:00,877.26,N$,p2p_transfer,CP00253,0
TXN002050,ACC100061,2026-06-22 02:27:00,1740.56,N$,merchant_payment,CP01504,0
TXN002051,ACC100130,2026-06-12 17:20:00,420.78,N$,merchant_payment,CP00243,0
TXN002052,ACC100372,2026-07-01 04:04:00,3139.77,N$,p2p_transfer,CP01419,0
TXN002053,ACC100151,2026-07-17 19:53:00,333.49,N$,merchant_payment,CP00493,0
TXN002054,ACC100540,2026-06-28 00:45:00,586.81,N$,merchant_payment,CP02636,0
TXN002055,ACC100478,2026-06-05 15:23:00,326.58,N$,bill_payment,CP03573,0
TXN002056,ACC100353,2026-06-05 19:35:00,754.27,N$,merchant_payment,CP03173,0
TXN002057,ACC100102,2026-07-23 11:55:00,824.87,N$,p2p_transfer,CP02143,0
TXN002058,ACC100099,2026-06-30 17:04:00,152.98,N$,p2p_transfer,CP02153,0
TXN002059,ACC100586,2026-07-05 16:50:00,130.56,N$,p2p_transfer,CP00189,0
TXN002060,ACC100765,2026-06-26 12:22:00,266.96,N$,p2p_transfer,CP02576,0
TXN002061,ACC100083,2026-06-26 03:52:00,273.57,N$,p2p_transfer,CP02690,0
TXN002062,ACC100796,2026-06-30 23:51:00,6383.09,N$,merchant_payment,CP02609,0
TXN002063,ACC100031,2026-06-05 16:14:00,121.64,N$,p2p_transfer,CP01946,0
TXN002064,ACC100536,2026-07-21 19:24:00,211.39,N$,p2p_transfer,CP02804,0
TXN002065,ACC100588,2026-06-26 23:34:00,1772.17,N$,p2p_transfer,CP02425,0
TXN002066,ACC100572,2026-07-30 18:44:00,708.43,N$,cash_out,CP02420,0
TXN002067,ACC100397,2026-06-02 02:11:00,150.95,N$,p2p_transfer,CP03678,0
TXN002068,ACC100379,2026-06-22 08:49:00,194.95,N$,merchant_payment,CP02606,0
TXN002069,ACC100063,2026-06-16 10:31:00,378.81,N$,merchant_payment,CP01130,0
TXN002070,ACC100029,2026-06-09 18:14:00,495.22,N$,p2p_transfer,CP00780,0
TXN002071,ACC100747,2026-06-11 17:55:00,787.56,N$,p2p_transfer,CP00964,0
TXN002072,ACC100536,2026-06-07 01:11:00,827.54,N$,merchant_payment,CP03381,0
TXN002073,ACC100206,2026-07-05 23:17:00,177.11,N$,p2p_transfer,CP03788,0
TXN002074,ACC100312,2026-06-22 04:00:00,226.33,N$,merchant_payment,CP00075,0
TXN002075,ACC100143,2026-06-13 02:46:00,266.14,N$,p2p_transfer,CP01155,0
TXN002076,ACC100248,2026-06-21 15:56:00,1140.55,N$,cash_out,CP02750,1
TXN002077,ACC100251,2026-06-29 20:46:00,107.68,N$,cash_out,CP01726,0
TXN002078,ACC100285,2026-07-25 15:08:00,498.2,N$,cash_out,CP03464,0
TXN002079,ACC100479,2026-07-06 22:42:00,641.12,N$,merchant_payment,CP00918,0
TXN002080,ACC100055,2026-06-23 03:51:00,314.79,N$,cash_out,CP02218,0
TXN002081,ACC100663,2026-06-16 03:24:00,616.26,N$,p2p_transfer,CP00629,0
TXN002082,ACC100682,2026-06-02 01:24:00,1541.79,N$,bill_payment,CP02371,0
TXN002083,ACC100793,2026-07-06 17:09:00,525.78,N$,merchant_payment,CP03981,0
TXN002084,ACC100370,2026-06-29 02:05:00,270.74,N$,p2p_transfer,CP00890,0
TXN002085,ACC100502,2026-06-17 20:14:00,1858.79,N$,cash_out,CP03251,0
TXN002086,ACC100021,2026-07-08 05:56:00,179.4,N$,merchant_payment,CP02126,0
TXN002087,ACC100065,2026-07-15 09:21:00,708.81,N$,bill_payment,CP01143,0
TXN002088,ACC100762,2026-07-23 01:37:00,350.57,N$,merchant_payment,CP03410,0
TXN002089,ACC100595,2026-06-29 17:58:00,151.42,N$,p2p_transfer,CP02781,0
TXN002090,ACC100433,2026-06-12 22:58:00,457.14,N$,p2p_transfer,CP01964,0
TXN002091,ACC100221,2026-06-20 12:42:00,209.04,N$,p2p_transfer,CP02820,0
TXN002092,ACC100592,2026-07-19 02:28:00,264.69,N$,p2p_transfer,CP02316,0
TXN002093,ACC100037,2026-07-26 04:38:00,1097.94,N$,merchant_payment,CP03855,0
TXN002094,ACC100207,2026-06-11 07:47:00,448.75,N$,p2p_transfer,CP00981,0
TXN002095,ACC100549,2026-06-01 05:09:00,739.75,N$,cash_out,CP03245,0
TXN002096,ACC100745,2026-07-03 20:59:00,46.24,N$,p2p_transfer,CP02936,0
TXN002097,ACC100554,2026-07-02 04:46:00,509.16,N$,merchant_payment,CP01824,0
TXN002098,ACC100625,2026-06-06 20:51:00,1102.36,N$,merchant_payment,CP01392,0
TXN002099,ACC100696,2026-06-09 00:23:00,159.9,N$,p2p_transfer,CP00329,0
TXN002100,ACC100785,2026-07-11 18:33:00,574.66,N$,cash_out,CP01010,0
TXN002101,ACC100035,2026-07-17 23:01:00,1148.37,N$,p2p_transfer,CP02436,0
TXN002102,ACC100722,2026-06-23 20:38:00,557.58,N$,bill_payment,CP00826,0
TXN002103,ACC100710,2026-07-08 12:08:00,310.64,N$,p2p_transfer,CP00793,0
TXN002104,ACC100429,2026-07-30 02:08:00,501.58,N$,merchant_payment,CP00597,0
TXN002105,ACC100261,2026-07-07 06:05:00,1961.98,N$,p2p_transfer,CP02938,0
TXN002106,ACC100320,2026-07-26 07:36:00,900.47,N$,p2p_transfer,CP01684,0
TXN002107,ACC100427,2026-06-17 03:08:00,1055.14,N$,cash_out,CP02660,0
TXN002108,ACC100391,2026-07-09 10:52:00,650.06,N$,cash_out,CP00142,0
TXN002109,ACC100704,2026-06-19 13:06:00,452.13,N$,bill_payment,CP03251,0
TXN002110,ACC100283,2026-06-13 08:29:00,129.75,N$,merchant_payment,CP00196,0
TXN002111,ACC100658,2026-07-07 23:10:00,291.28,N$,cash_out,CP01075,0
TXN002112,ACC100776,2026-06-21 16:51:00,1395.06,N$,merchant_payment,CP03386,0
TXN002113,ACC100764,2026-07-01 00:26:00,258.56,N$,p2p_transfer,CP03117,0
TXN002114,ACC100391,2026-07-08 20:24:00,862.05,N$,cash_out,CP02723,0
TXN002115,ACC100553,2026-06-08 20:44:00,465.36,N$,merchant_payment,CP03555,0
TXN002116,ACC100677,2026-07-30 06:54:00,315.38,N$,merchant_payment,CP01841,0
TXN002117,ACC100444,2026-06-10 01:48:00,185.28,N$,p2p_transfer,CP00621,0
TXN002118,ACC100139,2026-06-12 16:11:00,838.72,N$,cash_out,CP00809,0
TXN002119,ACC100787,2026-06-13 01:41:00,712.8,N$,merchant_payment,CP02147,0
TXN002120,ACC100664,2026-07-16 07:23:00,394.29,N$,p2p_transfer,CP02707,0
TXN002121,ACC100095,2026-06-19 02:38:00,73.39,N$,merchant_payment,CP00826,0
TXN002122,ACC100034,2026-06-20 01:53:00,407.5,N$,p2p_transfer,CP00798,0
TXN002123,ACC100381,2026-06-29 15:08:00,140.83,N$,bill_payment,CP01807,0
TXN002124,ACC100584,2026-07-26 05:40:00,432.86,N$,merchant_payment,CP00771,0
TXN002125,ACC100409,2026-07-23 03:25:00,329.48,N$,merchant_payment,CP02830,0
TXN002126,ACC100426,2026-07-18 16:52:00,440.26,N$,cash_out,CP00866,0
TXN002127,ACC100758,2026-07-12 19:43:00,268.98,N$,merchant_payment,CP01078,0
TXN002128,ACC100182,2026-07-25 05:40:00,351.72,N$,merchant_payment,CP03001,0
TXN002129,ACC100615,2026-06-08 01:08:00,239.99,N$,p2p_transfer,CP03751,0
TXN002130,ACC100092,2026-07-15 12:28:00,196.27,N$,merchant_payment,CP00536,0
TXN002131,ACC100519,2026-07-15 19:16:00,324.11,N$,p2p_transfer,CP01676,0
TXN002132,ACC100503,2026-06-08 00:14:00,539.4,N$,bill_payment,CP02020,0
TXN002133,ACC100299,2026-07-11 03:55:00,619.05,N$,cash_out,CP03029,0
TXN002134,ACC100597,2026-06-01 16:06:00,1324.86,N$,p2p_transfer,CP01000,0
TXN002135,ACC100633,2026-07-06 09:43:00,566.43,N$,p2p_transfer,CP01783,0
TXN002136,ACC100197,2026-07-22 00:14:00,366.37,N$,merchant_payment,CP03208,0
TXN002137,ACC100294,2026-07-22 10:47:00,228.21,N$,merchant_payment,CP03561,0
TXN002138,ACC100409,2026-07-24 05:07:00,763.47,N$,merchant_payment,CP01933,0
TXN002139,ACC100521,2026-06-24 08:28:00,2900.42,N$,merchant_payment,CP00739,0
TXN002140,ACC100048,2026-07-06 00:33:00,396.99,N$,cash_out,CP01389,0
TXN002141,ACC100042,2026-07-15 19:23:00,373.11,N$,cash_out,CP01943,0
TXN002142,ACC100422,2026-06-14 01:22:00,129.37,N$,merchant_payment,CP01934,0
TXN002143,ACC100422,2026-06-20 17:35:00,288.08,N$,bill_payment,CP02883,0
TXN002144,ACC100572,2026-06-01 15:55:00,125.97,N$,bill_payment,CP01009,0
TXN002145,ACC100780,2026-06-17 10:40:00,984.46,N$,p2p_transfer,CP03077,0
TXN002146,ACC100440,2026-06-14 17:08:00,256.58,N$,bill_payment,CP02255,0
TXN002147,ACC100638,2026-06-16 01:52:00,609.48,N$,bill_payment,CP03782,0
TXN002148,ACC100596,2026-06-02 16:34:00,732.27,N$,merchant_payment,CP00615,0
TXN002149,ACC100255,2026-07-20 03:58:00,92.74,N$,merchant_payment,CP02422,0
TXN002150,ACC100538,2026-07-10 09:57:00,533.16,N$,p2p_transfer,CP02158,0
TXN002151,ACC100198,2026-07-10 06:45:00,871.04,N$,merchant_payment,CP01882,0
TXN002152,ACC100194,2026-07-26 14:25:00,246.76,N$,merchant_payment,CP00920,0
TXN002153,ACC100299,2026-06-25 17:40:00,228.03,N$,merchant_payment,CP01789,0
TXN002154,ACC100261,2026-07-04 12:18:00,92.47,N$,p2p_transfer,CP02929,0
TXN002155,ACC100048,2026-07-02 16:32:00,230.56,N$,merchant_payment,CP01416,0
TXN002156,ACC100147,2026-07-27 12:56:00,1084.46,N$,p2p_transfer,CP03619,0
TXN002157,ACC100124,2026-06-28 09:04:00,789.83,N$,p2p_transfer,CP02385,0
TXN002158,ACC100124,2026-07-20 17:01:00,378.13,N$,merchant_payment,CP02001,0
TXN002159,ACC100366,2026-07-10 01:02:00,330.94,N$,bill_payment,CP01654,0
TXN002160,ACC100463,2026-06-18 19:36:00,673.9,N$,p2p_transfer,CP02370,0
TXN002161,ACC100557,2026-07-26 17:36:00,647.22,N$,p2p_transfer,CP01826,0
TXN002162,ACC100181,2026-06-04 09:20:00,264.65,N$,cash_out,CP01247,0
TXN002163,ACC100749,2026-06-18 17:04:00,1042.19,N$,p2p_transfer,CP03462,0
TXN002164,ACC100344,2026-06-15 02:12:00,469.98,N$,cash_out,CP00153,0
TXN002165,ACC100171,2026-07-28 08:52:00,3799.83,N$,cash_out,CP03722,1
TXN002166,ACC100774,2026-06-12 01:08:00,380.56,N$,merchant_payment,CP02084,0
TXN002167,ACC100016,2026-06-07 17:43:00,538.65,N$,merchant_payment,CP00639,0
TXN002168,ACC100482,2026-06-15 03:08:00,165.89,N$,merchant_payment,CP02853,0
TXN002169,ACC100385,2026-07-18 13:44:00,1048.36,N$,merchant_payment,CP01460,0
TXN002170,ACC100333,2026-07-05 04:22:00,1690.91,N$,merchant_payment,CP00640,0
TXN002171,ACC100522,2026-06-17 14:10:00,852.67,N$,p2p_transfer,CP01679,0
TXN002172,ACC100690,2026-06-14 03:03:00,449.87,N$,merchant_payment,CP00166,0
TXN002173,ACC100575,2026-07-15 20:48:00,681.59,N$,merchant_payment,CP03459,0
TXN002174,ACC100117,2026-07-04 15:56:00,2200.56,N$,merchant_payment,CP00217,0
TXN002175,ACC100125,2026-06-14 16:35:00,1640.73,N$,cash_out,CP00882,0
TXN002176,ACC100230,2026-07-23 23:35:00,45075.1,N$,p2p_transfer,CP01403,1
TXN002177,ACC100202,2026-06-18 10:36:00,81.19,N$,p2p_transfer,CP00306,0
TXN002178,ACC100345,2026-06-27 14:26:00,31.6,N$,merchant_payment,CP00984,0
TXN002179,ACC100764,2026-06-12 20:36:00,1081.72,N$,p2p_transfer,CP02609,0
TXN002180,ACC100302,2026-06-14 10:49:00,572.43,N$,p2p_transfer,CP02384,0
TXN002181,ACC100250,2026-06-05 10:37:00,1054.5,N$,merchant_payment,CP03882,0
TXN002182,ACC100777,2026-06-10 12:39:00,770.78,N$,merchant_payment,CP00800,0
TXN002183,ACC100343,2026-06-12 06:05:00,721.44,N$,bill_payment,CP00071,0
TXN002184,ACC100078,2026-07-29 12:13:00,620.43,N$,cash_out,CP01510,0
TXN002185,ACC100663,2026-06-15 12:40:00,722.77,N$,merchant_payment,CP01389,0
TXN002186,ACC100006,2026-07-15 01:47:00,115.09,N$,p2p_transfer,CP02910,0
TXN002187,ACC100341,2026-06-15 17:14:00,265.28,N$,merchant_payment,CP00743,0
TXN002188,ACC100087,2026-06-18 02:13:00,388.62,N$,cash_out,CP01703,0
TXN002189,ACC100256,2026-07-07 15:13:00,497.02,N$,bill_payment,CP01434,0
TXN002190,ACC100213,2026-06-23 16:42:00,379.74,N$,merchant_payment,CP03478,0
TXN002191,ACC100334,2026-07-18 13:29:00,460.14,N$,merchant_payment,CP02301,0
TXN002192,ACC100743,2026-06-04 11:10:00,251.75,N$,p2p_transfer,CP02160,0
TXN002193,ACC100537,2026-07-05 19:45:00,856.12,N$,merchant_payment,CP01588,0
TXN002194,ACC100088,2026-06-30 00:28:00,8329.58,N$,cash_out,CP03656,1
TXN002195,ACC100379,2026-06-18 11:30:00,133.11,N$,p2p_transfer,CP01057,0
TXN002196,ACC100058,2026-07-11 01:09:00,605.55,N$,merchant_payment,CP00618,0
TXN002197,ACC100099,2026-07-24 14:56:00,83.15,N$,p2p_transfer,CP01162,0
TXN002198,ACC100058,2026-06-29 20:42:00,483.68,N$,merchant_payment,CP02663,0
TXN002199,ACC100025,2026-07-14 21:42:00,196.71,N$,p2p_transfer,CP00689,0
TXN002200,ACC100374,2026-07-03 15:03:00,301.5,N$,p2p_transfer,CP01677,0
TXN002201,ACC100738,2026-07-26 22:24:00,345.62,N$,p2p_transfer,CP03009,0
TXN002202,ACC100414,2026-07-22 18:40:00,1341.67,N$,p2p_transfer,CP01037,0
TXN002203,ACC100108,2026-06-12 21:51:00,353.16,N$,cash_out,CP03022,0
TXN002204,ACC100379,2026-07-24 16:11:00,136.08,N$,bill_payment,CP01748,0
TXN002205,ACC100094,2026-06-25 06:37:00,621.92,N$,merchant_payment,CP03539,0
TXN002206,ACC100769,2026-07-24 00:10:00,289.19,N$,p2p_transfer,CP03628,0
TXN002207,ACC100343,2026-06-20 01:32:00,325.55,N$,p2p_transfer,CP03706,0
TXN002208,ACC100147,2026-07-27 11:43:00,660.5,N$,cash_out,CP00782,0
TXN002209,ACC100376,2026-07-22 23:18:00,1019.29,N$,merchant_payment,CP03734,0
TXN002210,ACC100018,2026-06-12 22:14:00,623.08,N$,p2p_transfer,CP03222,0
TXN002211,ACC100298,2026-06-01 04:49:00,299.71,N$,merchant_payment,CP01791,0
TXN002212,ACC100739,2026-07-18 14:38:00,186.84,N$,merchant_payment,CP03091,0
TXN002213,ACC100713,2026-06-22 00:42:00,107.55,N$,merchant_payment,CP00996,0
TXN002214,ACC100476,2026-07-19 21:01:00,276.98,N$,p2p_transfer,CP02058,0
TXN002215,ACC100414,2026-06-06 12:59:00,868.76,N$,bill_payment,CP01464,0
TXN002216,ACC100503,2026-06-22 16:10:00,144.81,N$,p2p_transfer,CP03554,0
TXN002217,ACC100418,2026-06-30 10:16:00,426.29,N$,cash_out,CP00614,0
TXN002218,ACC100589,2026-06-09 01:56:00,110.4,N$,merchant_payment,CP01414,0
TXN002219,ACC100588,2026-07-24 04:51:00,495.85,N$,p2p_transfer,CP02209,0
TXN002220,ACC100746,2026-07-19 01:02:00,1963.74,N$,bill_payment,CP00843,0
TXN002221,ACC100657,2026-07-07 04:05:00,5566.16,N$,cash_out,CP00693,1
TXN002222,ACC100529,2026-07-23 06:06:00,1274.05,N$,merchant_payment,CP00819,0
TXN002223,ACC100399,2026-06-16 13:24:00,976.14,N$,bill_payment,CP00100,0
TXN002224,ACC100736,2026-07-24 04:44:00,104.59,N$,bill_payment,CP02730,0
TXN002225,ACC100352,2026-06-20 01:00:00,918.04,N$,bill_payment,CP03497,0
TXN002226,ACC100430,2026-07-11 14:22:00,8094.54,N$,cash_out,CP01725,1
TXN002227,ACC100755,2026-07-01 15:17:00,134.61,N$,merchant_payment,CP03951,0
TXN002228,ACC100506,2026-06-20 01:03:00,231.93,N$,merchant_payment,CP00952,0
TXN002229,ACC100075,2026-06-21 01:42:00,342.62,N$,p2p_transfer,CP01141,0
TXN002230,ACC100744,2026-07-21 09:04:00,828.08,N$,merchant_payment,CP03372,0
TXN002231,ACC100766,2026-07-05 09:31:00,316.46,N$,p2p_transfer,CP03930,0
TXN002232,ACC100186,2026-07-01 11:37:00,181.18,N$,cash_out,CP02407,0
TXN002233,ACC100589,2026-06-20 22:41:00,898.95,N$,merchant_payment,CP02621,0
TXN002234,ACC100582,2026-06-25 06:49:00,481.74,N$,p2p_transfer,CP01163,0
TXN002235,ACC100077,2026-06-24 17:33:00,1816.85,N$,cash_out,CP02846,1
TXN002236,ACC100145,2026-07-07 22:10:00,1120.92,N$,p2p_transfer,CP00883,0
TXN002237,ACC100103,2026-07-24 07:44:00,21262.58,N$,cash_out,CP00720,1
TXN002238,ACC100799,2026-07-15 03:18:00,577.86,N$,p2p_transfer,CP03084,0
TXN002239,ACC100066,2026-07-25 15:14:00,231.89,N$,merchant_payment,CP00386,0
TXN002240,ACC100720,2026-06-20 18:29:00,240.61,N$,cash_out,CP00833,0
TXN002241,ACC100032,2026-06-08 09:43:00,240.63,N$,p2p_transfer,CP02210,0
TXN002242,ACC100748,2026-07-17 09:33:00,474.54,N$,merchant_payment,CP02607,0
TXN002243,ACC100714,2026-06-11 05:33:00,764.47,N$,p2p_transfer,CP00315,0
TXN002244,ACC100556,2026-06-03 20:32:00,191.83,N$,p2p_transfer,CP00250,0
TXN002245,ACC100576,2026-06-21 21:40:00,961.54,N$,bill_payment,CP03405,0
TXN002246,ACC100626,2026-07-15 08:23:00,362.57,N$,merchant_payment,CP03397,0
TXN002247,ACC100698,2026-06-22 19:53:00,353.75,N$,merchant_payment,CP00009,0
TXN002248,ACC100265,2026-06-24 01:26:00,471.24,N$,p2p_transfer,CP03919,0
TXN002249,ACC100325,2026-06-27 04:32:00,385.07,N$,bill_payment,CP03492,0
TXN002250,ACC100473,2026-06-26 19:33:00,697.25,N$,p2p_transfer,CP02779,0
TXN002251,ACC100187,2026-07-24 17:55:00,59.32,N$,merchant_payment,CP00436,0
TXN002252,ACC100219,2026-06-05 23:54:00,126.95,N$,merchant_payment,CP02506,0
TXN002253,ACC100094,2026-07-23 03:22:00,246.38,N$,p2p_transfer,CP00929,0
TXN002254,ACC100555,2026-07-06 05:06:00,451.98,N$,p2p_transfer,CP03119,0
TXN002255,ACC100643,2026-06-12 01:41:00,489.99,N$,merchant_payment,CP03463,0
TXN002256,ACC100419,2026-06-28 14:02:00,4452.27,N$,cash_out,CP03062,1
TXN002257,ACC100450,2026-06-14 00:15:00,323.24,N$,cash_out,CP02685,0
TXN002258,ACC100415,2026-07-26 02:54:00,397.39,N$,p2p_transfer,CP02082,0
TXN002259,ACC100780,2026-06-30 15:55:00,675.37,N$,cash_out,CP03255,0
TXN002260,ACC100035,2026-06-16 03:50:00,130.02,N$,merchant_payment,CP02870,0
TXN002261,ACC100206,2026-07-09 15:17:00,381.5,N$,cash_out,CP01827,0
TXN002262,ACC100583,2026-06-13 11:14:00,347.07,N$,merchant_payment,CP03242,0
TXN002263,ACC100303,2026-06-07 19:32:00,731.57,N$,bill_payment,CP03138,0
TXN002264,ACC100504,2026-06-21 03:23:00,1337.21,N$,cash_out,CP01043,0
TXN002265,ACC100308,2026-07-20 10:42:00,446.68,N$,merchant_payment,CP01630,0
TXN002266,ACC100500,2026-06-26 21:00:00,2124.53,N$,p2p_transfer,CP01156,0
TXN002267,ACC100377,2026-06-01 15:54:00,532.69,N$,merchant_payment,CP01470,0
TXN002268,ACC100438,2026-07-25 15:22:00,197.81,N$,bill_payment,CP01696,0
TXN002269,ACC100750,2026-07-21 09:07:00,2646.5,N$,merchant_payment,CP01478,0
TXN002270,ACC100334,2026-06-17 09:42:00,129.03,N$,p2p_transfer,CP01725,0
TXN002271,ACC100383,2026-07-06 04:40:00,216.12,N$,p2p_transfer,CP00603,0
TXN002272,ACC100562,2026-07-03 13:51:00,893.1,N$,cash_out,CP00512,0
TXN002273,ACC100158,2026-07-21 18:57:00,752.26,N$,p2p_transfer,CP01777,0
TXN002274,ACC100365,2026-06-07 11:47:00,35.31,N$,merchant_payment,CP01229,0
TXN002275,ACC100782,2026-07-09 14:01:00,328.18,N$,p2p_transfer,CP01739,0
TXN002276,ACC100382,2026-07-16 21:32:00,2244.58,N$,cash_out,CP03379,0
TXN002277,ACC100771,2026-07-09 12:03:00,345.31,N$,cash_out,CP02031,0
TXN002278,ACC100122,2026-07-25 00:29:00,348.11,N$,p2p_transfer,CP02160,0
TXN002279,ACC100637,2026-07-28 08:10:00,388.71,N$,merchant_payment,CP03201,0
TXN002280,ACC100685,2026-07-01 16:41:00,1121.73,N$,merchant_payment,CP01737,0
TXN002281,ACC100331,2026-07-02 09:39:00,638.16,N$,p2p_transfer,CP01800,0
TXN002282,ACC100543,2026-07-15 13:23:00,579.69,N$,cash_out,CP00186,0
TXN002283,ACC100741,2026-06-04 07:51:00,187.91,N$,p2p_transfer,CP00775,0
TXN002284,ACC100386,2026-07-21 23:48:00,593.05,N$,merchant_payment,CP03785,0
TXN002285,ACC100703,2026-07-08 17:33:00,157.45,N$,merchant_payment,CP01885,0
TXN002286,ACC100622,2026-06-09 18:04:00,1449.29,N$,cash_out,CP03564,0
TXN002287,ACC100150,2026-06-19 00:21:00,240.13,N$,cash_out,CP00616,0
TXN002288,ACC100594,2026-06-01 05:48:00,357.63,N$,bill_payment,CP03595,0
TXN002289,ACC100098,2026-07-29 04:17:00,730.39,N$,cash_out,CP00576,0
TXN002290,ACC100705,2026-06-16 15:15:00,211.37,N$,p2p_transfer,CP00846,0
TXN002291,ACC100191,2026-07-21 10:00:00,388.4,N$,merchant_payment,CP01184,0
TXN002292,ACC100178,2026-06-05 20:59:00,179.42,N$,p2p_transfer,CP02568,0
TXN002293,ACC100059,2026-07-30 14:08:00,576.29,N$,p2p_transfer,CP00476,0
TXN002294,ACC100538,2026-07-08 06:03:00,86.74,N$,p2p_transfer,CP01446,0
TXN002295,ACC100144,2026-06-01 07:49:00,375.48,N$,cash_out,CP03355,0
TXN002296,ACC100441,2026-07-29 23:16:00,315.69,N$,merchant_payment,CP03159,0
TXN002297,ACC100299,2026-06-08 15:20:00,208.12,N$,cash_out,CP03888,0
TXN002298,ACC100154,2026-07-02 15:17:00,340.08,N$,p2p_transfer,CP03446,0
TXN002299,ACC100000,2026-06-17 19:55:00,450.65,N$,cash_out,CP02055,0
TXN002300,ACC100210,2026-06-11 04:05:00,871.23,N$,p2p_transfer,CP01081,0
TXN002301,ACC100635,2026-07-23 08:50:00,678.55,N$,p2p_transfer,CP00133,0
TXN002302,ACC100609,2026-07-22 15:12:00,263.19,N$,p2p_transfer,CP00045,0
TXN002303,ACC100319,2026-07-12 18:03:00,1897.9,N$,p2p_transfer,CP01160,0
TXN002304,ACC100431,2026-06-14 13:14:00,1543.88,N$,p2p_transfer,CP00140,0
TXN002305,ACC100119,2026-07-04 22:42:00,694.56,N$,p2p_transfer,CP03067,0
TXN002306,ACC100308,2026-06-22 23:42:00,832.7,N$,p2p_transfer,CP01006,0
TXN002307,ACC100159,2026-06-04 21:53:00,1195.36,N$,merchant_payment,CP03492,0
TXN002308,ACC100226,2026-07-22 03:12:00,153.47,N$,p2p_transfer,CP00615,0
TXN002309,ACC100400,2026-06-01 11:02:00,292.44,N$,p2p_transfer,CP02839,0
TXN002310,ACC100427,2026-07-04 11:09:00,574.23,N$,p2p_transfer,CP00888,0
TXN002311,ACC100632,2026-06-30 01:41:00,116.58,N$,merchant_payment,CP02314,0
TXN002312,ACC100548,2026-07-02 13:09:00,689.02,N$,merchant_payment,CP02678,0
TXN002313,ACC100766,2026-07-27 04:47:00,394.25,N$,p2p_transfer,CP01094,0
TXN002314,ACC100750,2026-07-26 07:50:00,923.39,N$,merchant_payment,CP00793,0
TXN002315,ACC100585,2026-07-15 03:31:00,141.43,N$,bill_payment,CP03528,0
TXN002316,ACC100036,2026-06-12 03:13:00,559.44,N$,merchant_payment,CP01007,0
TXN002317,ACC100112,2026-07-02 16:46:00,781.97,N$,cash_out,CP00228,0
TXN002318,ACC100731,2026-07-11 17:30:00,187.39,N$,p2p_transfer,CP02917,0
TXN002319,ACC100475,2026-06-20 01:30:00,335.97,N$,p2p_transfer,CP01354,0
TXN002320,ACC100172,2026-06-10 12:32:00,465.21,N$,merchant_payment,CP01654,0
TXN002321,ACC100750,2026-06-16 15:17:00,344.02,N$,p2p_transfer,CP01275,0
TXN002322,ACC100590,2026-06-23 09:46:00,785.5,N$,cash_out,CP02227,0
TXN002323,ACC100786,2026-07-05 04:39:00,367.38,N$,bill_payment,CP02352,0
TXN002324,ACC100131,2026-07-17 11:33:00,880.95,N$,p2p_transfer,CP02441,0
TXN002325,ACC100706,2026-06-02 07:03:00,975.53,N$,bill_payment,CP03726,0
TXN002326,ACC100031,2026-07-27 20:17:00,130.66,N$,bill_payment,CP01223,0
TXN002327,ACC100551,2026-06-21 19:16:00,608.4,N$,cash_out,CP00104,0
TXN002328,ACC100246,2026-06-14 05:54:00,311.24,N$,p2p_transfer,CP03342,0
TXN002329,ACC100009,2026-07-23 13:11:00,363.62,N$,bill_payment,CP03826,0
TXN002330,ACC100485,2026-07-16 16:09:00,753.8,N$,p2p_transfer,CP00014,0
TXN002331,ACC100785,2026-07-14 11:38:00,811.11,N$,merchant_payment,CP02194,0
TXN002332,ACC100602,2026-07-03 12:46:00,737.98,N$,bill_payment,CP02059,0
TXN002333,ACC100244,2026-06-04 23:44:00,169.03,N$,p2p_transfer,CP02760,0
TXN002334,ACC100056,2026-06-04 03:00:00,796.26,N$,merchant_payment,CP02160,0
TXN002335,ACC100633,2026-07-25 06:16:00,2402.97,N$,p2p_transfer,CP03266,0
TXN002336,ACC100485,2026-06-16 11:51:00,1065.05,N$,merchant_payment,CP03864,0
TXN002337,ACC100228,2026-07-16 02:02:00,351.04,N$,bill_payment,CP01400,0
TXN002338,ACC100043,2026-07-23 13:09:00,197.39,N$,merchant_payment,CP00573,0
TXN002339,ACC100042,2026-06-27 16:05:00,739.76,N$,cash_out,CP02332,0
TXN002340,ACC100667,2026-06-26 18:05:00,245.63,N$,cash_out,CP01169,0
TXN002341,ACC100586,2026-06-19 02:50:00,179.28,N$,merchant_payment,CP02437,0
TXN002342,ACC100557,2026-06-13 17:19:00,489.62,N$,merchant_payment,CP02257,0
TXN002343,ACC100524,2026-07-24 20:05:00,49.04,N$,cash_out,CP00352,0
TXN002344,ACC100638,2026-06-07 09:52:00,1013.59,N$,merchant_payment,CP03918,0
TXN002345,ACC100612,2026-07-26 22:21:00,887.79,N$,p2p_transfer,CP01211,0
TXN002346,ACC100240,2026-07-03 21:16:00,1230.18,N$,p2p_transfer,CP03082,0
TXN002347,ACC100344,2026-07-26 16:23:00,162.38,N$,merchant_payment,CP00822,0
TXN002348,ACC100529,2026-07-01 18:20:00,481.46,N$,merchant_payment,CP03415,0
TXN002349,ACC100766,2026-06-22 11:01:00,461.6,N$,cash_out,CP01280,0
TXN002350,ACC100427,2026-07-27 19:35:00,447.64,N$,merchant_payment,CP02600,0
TXN002351,ACC100002,2026-07-12 13:06:00,762.27,N$,p2p_transfer,CP00034,0
TXN002352,ACC100714,2026-07-28 19:29:00,135.02,N$,merchant_payment,CP02819,0
TXN002353,ACC100546,2026-06-05 23:27:00,125.7,N$,p2p_transfer,CP03486,0
TXN002354,ACC100554,2026-07-11 22:34:00,302.31,N$,merchant_payment,CP01174,0
TXN002355,ACC100223,2026-07-27 11:57:00,170.87,N$,cash_out,CP03973,0
TXN002356,ACC100128,2026-07-23 13:46:00,273.58,N$,merchant_payment,CP02421,0
TXN002357,ACC100424,2026-06-01 10:03:00,548.27,N$,p2p_transfer,CP03995,0
TXN002358,ACC100034,2026-07-29 11:52:00,320.53,N$,p2p_transfer,CP03606,0
TXN002359,ACC100180,2026-07-26 15:17:00,688.09,N$,p2p_transfer,CP03719,0
TXN002360,ACC100529,2026-07-17 12:22:00,98.89,N$,merchant_payment,CP02002,0
TXN002361,ACC100392,2026-07-12 07:01:00,249.56,N$,cash_out,CP01249,0
TXN002362,ACC100507,2026-07-20 21:43:00,247.23,N$,p2p_transfer,CP03245,0
TXN002363,ACC100598,2026-06-02 03:10:00,12022.92,N$,cash_out,CP03579,1
TXN002364,ACC100343,2026-07-27 21:48:00,214.52,N$,cash_out,CP01272,0
TXN002365,ACC100545,2026-07-17 22:08:00,626.26,N$,merchant_payment,CP02467,0
TXN002366,ACC100089,2026-06-25 22:31:00,98.51,N$,merchant_payment,CP01035,0
TXN002367,ACC100060,2026-07-28 20:08:00,277.57,N$,merchant_payment,CP00576,0
TXN002368,ACC100625,2026-06-11 09:00:00,8827.57,N$,p2p_transfer,CP00954,1
TXN002369,ACC100426,2026-07-02 15:00:00,1002.54,N$,p2p_transfer,CP03320,0
TXN002370,ACC100573,2026-06-11 12:05:00,1183.94,N$,p2p_transfer,CP01130,0
TXN002371,ACC100218,2026-07-04 05:02:00,267.35,N$,merchant_payment,CP00050,0
TXN002372,ACC100126,2026-06-17 02:34:00,218.02,N$,bill_payment,CP00624,0
TXN002373,ACC100551,2026-06-18 12:14:00,142.61,N$,cash_out,CP01912,0
TXN002374,ACC100676,2026-07-09 06:38:00,483.26,N$,p2p_transfer,CP03615,0
TXN002375,ACC100526,2026-07-18 18:54:00,1244.29,N$,merchant_payment,CP01465,0
TXN002376,ACC100735,2026-07-16 07:51:00,98.58,N$,merchant_payment,CP01586,0
TXN002377,ACC100320,2026-07-21 19:50:00,456.17,N$,bill_payment,CP03848,0
TXN002378,ACC100003,2026-07-20 20:33:00,251.56,N$,p2p_transfer,CP02684,0
TXN002379,ACC100761,2026-07-12 04:26:00,2193.27,N$,p2p_transfer,CP02157,0
TXN002380,ACC100000,2026-07-10 23:27:00,727.49,N$,p2p_transfer,CP00617,0
TXN002381,ACC100265,2026-07-14 20:10:00,166.56,N$,p2p_transfer,CP01490,0
TXN002382,ACC100438,2026-06-17 11:56:00,307.15,N$,p2p_transfer,CP00420,0
TXN002383,ACC100682,2026-07-03 13:16:00,277.81,N$,merchant_payment,CP03232,0
TXN002384,ACC100502,2026-07-13 04:21:00,511.27,N$,p2p_transfer,CP02493,0
TXN002385,ACC100590,2026-06-17 18:19:00,1877.24,N$,merchant_payment,CP02357,0
TXN002386,ACC100331,2026-06-23 14:32:00,1128.91,N$,merchant_payment,CP02759,0
TXN002387,ACC100289,2026-07-11 20:09:00,406.12,N$,cash_out,CP03264,0
TXN002388,ACC100481,2026-06-19 14:37:00,78.16,N$,merchant_payment,CP02338,0
TXN002389,ACC100140,2026-06-30 07:07:00,264.56,N$,merchant_payment,CP02965,0
TXN002390,ACC100297,2026-07-27 15:49:00,550.58,N$,cash_out,CP01826,0
TXN002391,ACC100022,2026-06-28 03:42:00,265.61,N$,merchant_payment,CP00225,0
TXN002392,ACC100266,2026-07-03 12:48:00,938.78,N$,merchant_payment,CP02546,0
TXN002393,ACC100776,2026-07-27 22:03:00,392.38,N$,p2p_transfer,CP02172,0
TXN002394,ACC100647,2026-06-12 23:29:00,210.23,N$,merchant_payment,CP01892,0
TXN002395,ACC100138,2026-06-13 19:06:00,55.44,N$,p2p_transfer,CP01776,0
TXN002396,ACC100373,2026-06-12 20:14:00,311.24,N$,merchant_payment,CP02332,0
TXN002397,ACC100498,2026-06-08 22:41:00,1131.25,N$,cash_out,CP02808,0
TXN002398,ACC100750,2026-06-28 23:25:00,337.89,N$,merchant_payment,CP00696,0
TXN002399,ACC100506,2026-07-30 18:31:00,294.75,N$,p2p_transfer,CP02884,0
TXN002400,ACC100498,2026-07-27 15:26:00,462.64,N$,merchant_payment,CP00742,0
TXN002401,ACC100000,2026-06-18 00:54:00,258.1,N$,bill_payment,CP00547,0
TXN002402,ACC100559,2026-07-08 20:02:00,437.52,N$,merchant_payment,CP02676,0
TXN002403,ACC100492,2026-06-24 08:06:00,230.06,N$,merchant_payment,CP03887,0
TXN002404,ACC100643,2026-07-15 21:47:00,185.01,N$,cash_out,CP03648,0
TXN002405,ACC100181,2026-06-16 20:26:00,216.08,N$,merchant_payment,CP02084,0
TXN002406,ACC100274,2026-06-12 23:09:00,148.22,N$,bill_payment,CP01044,0
TXN002407,ACC100625,2026-06-15 02:32:00,165.19,N$,p2p_transfer,CP03245,0
TXN002408,ACC100241,2026-06-15 02:59:00,738.45,N$,merchant_payment,CP01357,0
TXN002409,ACC100333,2026-06-20 21:28:00,226.99,N$,merchant_payment,CP03898,0
TXN002410,ACC100250,2026-06-02 05:35:00,2217.72,N$,p2p_transfer,CP01148,0
TXN002411,ACC100303,2026-07-05 02:03:00,403.12,N$,merchant_payment,CP03928,0
TXN002412,ACC100500,2026-07-11 15:52:00,309.88,N$,merchant_payment,CP00655,0
TXN002413,ACC100340,2026-06-21 10:47:00,429.24,N$,merchant_payment,CP02207,0
TXN002414,ACC100053,2026-07-20 07:05:00,211.44,N$,p2p_transfer,CP01245,0
TXN002415,ACC100640,2026-06-16 12:54:00,213.16,N$,p2p_transfer,CP02344,0
TXN002416,ACC100328,2026-07-06 06:50:00,90.46,N$,merchant_payment,CP03787,0
TXN002417,ACC100771,2026-06-01 11:02:00,54.1,N$,cash_out,CP02299,0
TXN002418,ACC100473,2026-07-19 18:59:00,1519.22,N$,p2p_transfer,CP00219,0
TXN002419,ACC100648,2026-07-09 16:30:00,359.19,N$,cash_out,CP03651,0
TXN002420,ACC100439,2026-06-19 15:09:00,799.74,N$,merchant_payment,CP02781,0
TXN002421,ACC100304,2026-07-21 11:30:00,261.23,N$,p2p_transfer,CP00131,0
TXN002422,ACC100120,2026-07-29 05:31:00,467.7,N$,merchant_payment,CP00196,0
TXN002423,ACC100586,2026-06-13 00:27:00,122.99,N$,bill_payment,CP03631,0
TXN002424,ACC100579,2026-06-27 01:51:00,208.15,N$,p2p_transfer,CP01775,0
TXN002425,ACC100630,2026-07-01 12:30:00,299.43,N$,merchant_payment,CP02668,0
TXN002426,ACC100353,2026-06-01 05:02:00,431.06,N$,p2p_transfer,CP00792,0
TXN002427,ACC100664,2026-06-18 00:34:00,391.98,N$,cash_out,CP01039,0
TXN002428,ACC100721,2026-06-11 14:22:00,613.04,N$,cash_out,CP00415,0
TXN002429,ACC100109,2026-07-05 05:10:00,621.44,N$,merchant_payment,CP02685,0
TXN002430,ACC100685,2026-07-14 14:45:00,461.34,N$,merchant_payment,CP03350,0
TXN002431,ACC100198,2026-06-24 23:43:00,808.93,N$,cash_out,CP03583,0
TXN002432,ACC100453,2026-07-06 04:10:00,146.83,N$,p2p_transfer,CP01890,0
TXN002433,ACC100441,2026-07-12 12:20:00,126.88,N$,merchant_payment,CP00399,0
TXN002434,ACC100609,2026-07-26 07:52:00,488.44,N$,merchant_payment,CP01509,0
TXN002435,ACC100644,2026-07-10 20:56:00,107.74,N$,merchant_payment,CP03235,0
TXN002436,ACC100391,2026-06-20 09:49:00,584.4,N$,p2p_transfer,CP00848,0
TXN002437,ACC100728,2026-06-19 01:04:00,433.41,N$,p2p_transfer,CP01941,0
TXN002438,ACC100276,2026-07-18 08:09:00,166.84,N$,bill_payment,CP01512,0
TXN002439,ACC100352,2026-07-10 16:33:00,666.84,N$,merchant_payment,CP01415,0
TXN002440,ACC100272,2026-06-16 04:17:00,353.16,N$,cash_out,CP00463,0
TXN002441,ACC100694,2026-07-12 16:21:00,312.94,N$,p2p_transfer,CP00620,0
TXN002442,ACC100378,2026-07-23 07:48:00,497.58,N$,merchant_payment,CP02058,0
TXN002443,ACC100466,2026-06-29 06:32:00,417.32,N$,p2p_transfer,CP03953,0
TXN002444,ACC100569,2026-07-13 11:14:00,248.61,N$,p2p_transfer,CP03578,0
TXN002445,ACC100150,2026-07-19 08:32:00,754.87,N$,merchant_payment,CP03168,0
TXN002446,ACC100574,2026-06-04 00:46:00,237.95,N$,merchant_payment,CP02435,0
TXN002447,ACC100398,2026-07-12 17:45:00,290.56,N$,p2p_transfer,CP01029,0
TXN002448,ACC100466,2026-06-19 14:03:00,343.39,N$,merchant_payment,CP00220,0
TXN002449,ACC100496,2026-06-30 12:51:00,108.19,N$,merchant_payment,CP03810,0
TXN002450,ACC100324,2026-07-25 02:04:00,263.51,N$,p2p_transfer,CP02852,0
TXN002451,ACC100520,2026-07-07 20:47:00,961.33,N$,p2p_transfer,CP00532,0
TXN002452,ACC100460,2026-07-26 10:01:00,91.46,N$,bill_payment,CP02393,0
TXN002453,ACC100345,2026-07-04 04:55:00,128.68,N$,p2p_transfer,CP00044,0
TXN002454,ACC100513,2026-07-08 08:35:00,193.98,N$,p2p_transfer,CP00581,0
TXN002455,ACC100772,2026-07-25 02:32:00,336.18,N$,p2p_transfer,CP03985,0
TXN002456,ACC100731,2026-07-22 13:12:00,237.0,N$,merchant_payment,CP02964,0
TXN002457,ACC100083,2026-06-11 09:11:00,614.57,N$,p2p_transfer,CP02416,0
TXN002458,ACC100449,2026-06-10 06:43:00,167.63,N$,merchant_payment,CP00360,0
TXN002459,ACC100635,2026-07-07 01:21:00,579.68,N$,p2p_transfer,CP03419,0
TXN002460,ACC100716,2026-06-27 01:20:00,408.07,N$,bill_payment,CP01637,0
TXN002461,ACC100590,2026-07-26 06:33:00,421.97,N$,p2p_transfer,CP01830,0
TXN002462,ACC100268,2026-07-27 07:19:00,59.84,N$,p2p_transfer,CP00245,0
TXN002463,ACC100480,2026-07-25 02:16:00,744.9,N$,cash_out,CP00211,0
TXN002464,ACC100032,2026-07-11 23:27:00,60.43,N$,merchant_payment,CP01942,0
TXN002465,ACC100429,2026-07-25 12:36:00,153.51,N$,merchant_payment,CP02899,0
TXN002466,ACC100014,2026-06-10 07:24:00,350.04,N$,merchant_payment,CP01121,0
TXN002467,ACC100545,2026-06-07 19:40:00,843.02,N$,cash_out,CP03833,0
TXN002468,ACC100457,2026-07-12 17:10:00,527.86,N$,p2p_transfer,CP01763,0
TXN002469,ACC100562,2026-07-29 23:17:00,2952.35,N$,p2p_transfer,CP03277,0
TXN002470,ACC100465,2026-07-05 14:17:00,1521.93,N$,cash_out,CP02303,0
TXN002471,ACC100738,2026-07-11 11:25:00,557.81,N$,merchant_payment,CP02976,0
TXN002472,ACC100641,2026-07-30 22:41:00,840.5,N$,merchant_payment,CP01608,0
TXN002473,ACC100609,2026-07-30 18:16:00,609.81,N$,merchant_payment,CP02936,0
TXN002474,ACC100471,2026-06-09 21:32:00,193.74,N$,cash_out,CP02917,0
TXN002475,ACC100252,2026-07-22 12:41:00,156.52,N$,merchant_payment,CP02190,0
TXN002476,ACC100509,2026-06-19 12:39:00,52.48,N$,p2p_transfer,CP01008,0
TXN002477,ACC100221,2026-06-22 11:41:00,1781.9,N$,cash_out,CP03854,0
TXN002478,ACC100779,2026-07-22 20:48:00,660.69,N$,p2p_transfer,CP00476,0
TXN002479,ACC100513,2026-07-02 23:41:00,614.82,N$,p2p_transfer,CP03334,0
TXN002480,ACC100575,2026-07-18 16:21:00,351.19,N$,merchant_payment,CP03052,0
TXN002481,ACC100737,2026-07-19 09:54:00,365.78,N$,p2p_transfer,CP03765,0
TXN002482,ACC100215,2026-06-26 16:09:00,518.55,N$,p2p_transfer,CP01402,0
TXN002483,ACC100487,2026-07-20 04:51:00,85.51,N$,merchant_payment,CP02665,0
TXN002484,ACC100680,2026-07-10 20:22:00,421.01,N$,p2p_transfer,CP02380,0
TXN002485,ACC100233,2026-06-26 13:55:00,125.36,N$,merchant_payment,CP02375,0
TXN002486,ACC100633,2026-06-22 14:41:00,162.9,N$,cash_out,CP01730,0
TXN002487,ACC100717,2026-06-04 22:49:00,417.64,N$,p2p_transfer,CP00372,0
TXN002488,ACC100743,2026-07-20 00:34:00,112.35,N$,p2p_transfer,CP03741,0
TXN002489,ACC100667,2026-07-18 22:39:00,383.83,N$,p2p_transfer,CP00204,0
TXN002490,ACC100643,2026-07-11 14:26:00,238.61,N$,bill_payment,CP02228,0
TXN002491,ACC100672,2026-07-30 08:55:00,415.23,N$,p2p_transfer,CP03503,0
TXN002492,ACC100565,2026-07-22 18:12:00,409.21,N$,cash_out,CP02933,0
TXN002493,ACC100097,2026-06-28 22:10:00,354.3,N$,merchant_payment,CP03875,0
TXN002494,ACC100504,2026-06-20 01:01:00,551.0,N$,merchant_payment,CP03162,0
TXN002495,ACC100598,2026-07-18 22:16:00,184.1,N$,p2p_transfer,CP00776,0
TXN002496,ACC100086,2026-07-13 02:43:00,751.48,N$,merchant_payment,CP02170,0
TXN002497,ACC100095,2026-07-29 03:19:00,370.22,N$,p2p_transfer,CP00781,0
TXN002498,ACC100383,2026-07-22 21:32:00,401.86,N$,merchant_payment,CP03342,0
TXN002499,ACC100073,2026-06-16 19:46:00,983.38,N$,merchant_payment,CP03388,0
TXN002500,ACC100580,2026-06-11 10:19:00,77.41,N$,p2p_transfer,CP01986,0
TXN002501,ACC100759,2026-07-22 00:09:00,747.12,N$,cash_out,CP03113,0
TXN002502,ACC100097,2026-06-08 08:05:00,259.71,N$,merchant_payment,CP02262,0
TXN002503,ACC100065,2026-06-14 23:01:00,284.51,N$,p2p_transfer,CP03930,0
TXN002504,ACC100159,2026-06-02 06:44:00,612.38,N$,p2p_transfer,CP01102,0
TXN002505,ACC100727,2026-06-15 04:39:00,271.24,N$,merchant_payment,CP02331,0
TXN002506,ACC100558,2026-07-25 12:39:00,920.79,N$,merchant_payment,CP00236,0
TXN002507,ACC100750,2026-06-14 09:03:00,269.25,N$,p2p_transfer,CP03258,0
TXN002508,ACC100015,2026-07-30 14:31:00,1177.81,N$,cash_out,CP02880,0
TXN002509,ACC100609,2026-06-01 08:51:00,1425.87,N$,p2p_transfer,CP02983,0
TXN002510,ACC100090,2026-06-13 13:23:00,1854.76,N$,cash_out,CP02125,0
TXN002511,ACC100294,2026-07-01 17:04:00,867.6,N$,p2p_transfer,CP02540,0
TXN002512,ACC100793,2026-06-05 22:19:00,470.72,N$,merchant_payment,CP01727,0
TXN002513,ACC100301,2026-07-04 21:42:00,214.22,N$,cash_out,CP01731,0
TXN002514,ACC100332,2026-07-19 01:38:00,135.25,N$,cash_out,CP01468,0
TXN002515,ACC100405,2026-07-14 11:28:00,643.48,N$,cash_out,CP00772,0
TXN002516,ACC100764,2026-06-06 09:35:00,251.69,N$,bill_payment,CP03928,0
TXN002517,ACC100428,2026-07-13 20:08:00,117.61,N$,merchant_payment,CP00857,0
TXN002518,ACC100368,2026-06-09 05:08:00,9812.89,N$,cash_out,CP01139,1
TXN002519,ACC100446,2026-07-10 05:24:00,232.16,N$,cash_out,CP03186,0
TXN002520,ACC100299,2026-06-30 05:28:00,531.37,N$,p2p_transfer,CP02815,0
TXN002521,ACC100041,2026-07-06 01:32:00,748.36,N$,cash_out,CP03101,0
TXN002522,ACC100553,2026-06-12 19:00:00,609.83,N$,merchant_payment,CP02536,0
TXN002523,ACC100525,2026-07-07 11:26:00,496.1,N$,p2p_transfer,CP00689,0
TXN002524,ACC100482,2026-07-02 15:08:00,296.86,N$,merchant_payment,CP03672,0
TXN002525,ACC100371,2026-07-01 17:11:00,296.07,N$,cash_out,CP00508,0
TXN002526,ACC100582,2026-06-26 14:55:00,113.32,N$,merchant_payment,CP02359,0
TXN002527,ACC100756,2026-07-10 09:40:00,543.92,N$,merchant_payment,CP01256,0
TXN002528,ACC100254,2026-06-14 06:24:00,541.27,N$,merchant_payment,CP02418,0
TXN002529,ACC100096,2026-06-01 13:13:00,417.6,N$,cash_out,CP01419,0
TXN002530,ACC100487,2026-06-25 04:37:00,426.88,N$,merchant_payment,CP02581,0
TXN002531,ACC100628,2026-06-14 06:35:00,612.54,N$,merchant_payment,CP02942,0
TXN002532,ACC100431,2026-06-11 02:12:00,267.96,N$,merchant_payment,CP01314,0
TXN002533,ACC100731,2026-06-29 06:49:00,313.69,N$,merchant_payment,CP02534,0
TXN002534,ACC100481,2026-07-22 19:20:00,355.64,N$,p2p_transfer,CP03684,0
TXN002535,ACC100220,2026-07-17 11:43:00,296.46,N$,merchant_payment,CP02497,0
TXN002536,ACC100404,2026-06-20 23:33:00,1826.61,N$,p2p_transfer,CP00720,0
TXN002537,ACC100490,2026-07-13 09:09:00,673.87,N$,merchant_payment,CP01281,0
TXN002538,ACC100095,2026-07-26 17:05:00,117.62,N$,p2p_transfer,CP03189,0
TXN002539,ACC100619,2026-06-30 10:40:00,19779.55,N$,cash_out,CP00470,1
TXN002540,ACC100373,2026-07-09 21:22:00,169.67,N$,cash_out,CP01008,0
TXN002541,ACC100743,2026-06-16 16:06:00,1877.01,N$,p2p_transfer,CP02382,0
TXN002542,ACC100762,2026-06-15 21:32:00,920.26,N$,merchant_payment,CP03840,0
TXN002543,ACC100544,2026-07-07 09:47:00,149.78,N$,p2p_transfer,CP03648,0
TXN002544,ACC100389,2026-06-02 02:24:00,292.54,N$,bill_payment,CP03542,0
TXN002545,ACC100685,2026-07-23 07:43:00,217.67,N$,p2p_transfer,CP01790,0
TXN002546,ACC100402,2026-07-28 03:08:00,697.53,N$,merchant_payment,CP01719,0
TXN002547,ACC100505,2026-07-10 18:05:00,452.77,N$,p2p_transfer,CP03180,0
TXN002548,ACC100071,2026-06-22 13:34:00,82.86,N$,merchant_payment,CP02645,0
TXN002549,ACC100236,2026-06-20 08:28:00,598.85,N$,merchant_payment,CP01770,0
TXN002550,ACC100337,2026-07-27 09:37:00,559.94,N$,p2p_transfer,CP02741,0
TXN002551,ACC100125,2026-07-08 19:21:00,70.47,N$,p2p_transfer,CP01273,0
TXN002552,ACC100422,2026-06-04 08:51:00,1611.75,N$,merchant_payment,CP00733,0
TXN002553,ACC100355,2026-06-11 20:38:00,965.51,N$,p2p_transfer,CP02191,0
TXN002554,ACC100164,2026-07-12 10:42:00,160.07,N$,merchant_payment,CP00086,0
TXN002555,ACC100070,2026-06-19 22:26:00,98.53,N$,bill_payment,CP00119,0
TXN002556,ACC100629,2026-07-13 06:54:00,787.35,N$,p2p_transfer,CP02674,0
TXN002557,ACC100694,2026-06-30 15:37:00,342.54,N$,merchant_payment,CP02493,0
TXN002558,ACC100205,2026-07-03 11:43:00,441.34,N$,merchant_payment,CP01435,0
TXN002559,ACC100530,2026-07-24 19:45:00,998.54,N$,merchant_payment,CP00414,0
TXN002560,ACC100586,2026-07-09 13:34:00,99.24,N$,bill_payment,CP00006,0
TXN002561,ACC100060,2026-07-20 01:36:00,364.14,N$,bill_payment,CP02451,0
TXN002562,ACC100481,2026-06-25 14:10:00,1774.94,N$,p2p_transfer,CP01230,0
TXN002563,ACC100159,2026-06-18 02:21:00,101.63,N$,merchant_payment,CP00697,0
TXN002564,ACC100595,2026-07-09 01:20:00,263.03,N$,merchant_payment,CP02133,0
TXN002565,ACC100378,2026-07-18 01:55:00,297.92,N$,cash_out,CP00470,0
TXN002566,ACC100017,2026-06-05 04:49:00,435.55,N$,p2p_transfer,CP00583,0
TXN002567,ACC100602,2026-07-04 17:50:00,271.85,N$,merchant_payment,CP01226,0
TXN002568,ACC100711,2026-06-03 19:58:00,765.15,N$,cash_out,CP00581,0
TXN002569,ACC100030,2026-06-06 06:35:00,719.74,N$,merchant_payment,CP03649,0
TXN002570,ACC100176,2026-06-11 19:36:00,393.44,N$,cash_out,CP02425,0
TXN002571,ACC100547,2026-07-06 20:03:00,323.08,N$,p2p_transfer,CP03054,0
TXN002572,ACC100749,2026-06-03 06:21:00,202.12,N$,merchant_payment,CP02751,0
TXN002573,ACC100162,2026-07-19 12:12:00,480.67,N$,merchant_payment,CP01124,0
TXN002574,ACC100602,2026-06-26 14:04:00,149.45,N$,cash_out,CP02364,0
TXN002575,ACC100572,2026-07-22 19:13:00,487.52,N$,p2p_transfer,CP00805,0
TXN002576,ACC100133,2026-06-22 06:45:00,301.84,N$,p2p_transfer,CP01068,0
TXN002577,ACC100370,2026-06-02 15:49:00,469.6,N$,cash_out,CP00087,0
TXN002578,ACC100785,2026-07-13 23:45:00,111.64,N$,merchant_payment,CP03336,0
TXN002579,ACC100206,2026-06-13 13:32:00,293.23,N$,merchant_payment,CP02591,0
TXN002580,ACC100442,2026-07-04 11:12:00,732.08,N$,p2p_transfer,CP00222,0
TXN002581,ACC100533,2026-07-01 18:50:00,519.96,N$,merchant_payment,CP02110,0
TXN002582,ACC100014,2026-07-22 16:03:00,289.43,N$,p2p_transfer,CP01810,0
TXN002583,ACC100367,2026-06-20 18:12:00,144.27,N$,p2p_transfer,CP01052,0
TXN002584,ACC100248,2026-06-24 20:35:00,268.7,N$,merchant_payment,CP01281,0
TXN002585,ACC100762,2026-06-13 02:24:00,359.1,N$,merchant_payment,CP03523,0
TXN002586,ACC100453,2026-06-24 11:08:00,107.87,N$,merchant_payment,CP00628,0
TXN002587,ACC100519,2026-06-07 00:56:00,196.17,N$,p2p_transfer,CP01158,0
TXN002588,ACC100015,2026-07-12 17:07:00,195.16,N$,p2p_transfer,CP01408,0
TXN002589,ACC100492,2026-06-07 18:08:00,487.18,N$,p2p_transfer,CP03666,0
TXN002590,ACC100447,2026-06-20 20:00:00,475.51,N$,merchant_payment,CP01832,0
TXN002591,ACC100636,2026-07-24 12:30:00,301.57,N$,bill_payment,CP01221,0
TXN002592,ACC100591,2026-06-05 00:16:00,779.98,N$,p2p_transfer,CP02046,0
TXN002593,ACC100439,2026-07-13 18:30:00,1200.09,N$,p2p_transfer,CP03811,0
TXN002594,ACC100645,2026-07-20 07:25:00,508.51,N$,merchant_payment,CP01810,0
TXN002595,ACC100287,2026-07-01 12:53:00,205.99,N$,p2p_transfer,CP03254,0
TXN002596,ACC100104,2026-07-03 09:43:00,79.05,N$,merchant_payment,CP02688,0
TXN002597,ACC100425,2026-07-10 11:19:00,152.82,N$,p2p_transfer,CP01108,0
TXN002598,ACC100101,2026-06-09 16:35:00,785.54,N$,bill_payment,CP00852,0
TXN002599,ACC100727,2026-07-28 00:49:00,353.17,N$,p2p_transfer,CP01502,0
TXN002600,ACC100198,2026-07-02 15:02:00,443.94,N$,cash_out,CP03319,0
TXN002601,ACC100433,2026-06-30 16:42:00,331.76,N$,p2p_transfer,CP02627,0
TXN002602,ACC100434,2026-07-26 12:41:00,671.65,N$,cash_out,CP02074,0
TXN002603,ACC100341,2026-07-10 09:28:00,14637.6,N$,cash_out,CP02599,1
TXN002604,ACC100585,2026-07-16 00:54:00,887.64,N$,merchant_payment,CP00557,0
TXN002605,ACC100504,2026-06-19 04:33:00,211.16,N$,p2p_transfer,CP00768,0
TXN002606,ACC100755,2026-06-04 03:18:00,466.91,N$,merchant_payment,CP02241,0
TXN002607,ACC100662,2026-06-12 04:07:00,2009.76,N$,p2p_transfer,CP03681,0
TXN002608,ACC100722,2026-06-21 00:11:00,439.15,N$,cash_out,CP00008,0
TXN002609,ACC100442,2026-06-26 03:00:00,109.3,N$,bill_payment,CP02186,0
TXN002610,ACC100128,2026-07-21 13:46:00,334.72,N$,p2p_transfer,CP02952,0
TXN002611,ACC100261,2026-07-23 09:01:00,243.09,N$,p2p_transfer,CP02012,0
TXN002612,ACC100553,2026-07-07 18:14:00,1106.0,N$,cash_out,CP01131,0
TXN002613,ACC100763,2026-07-07 01:57:00,368.86,N$,p2p_transfer,CP01730,0
TXN002614,ACC100281,2026-07-17 05:38:00,501.67,N$,p2p_transfer,CP03939,0
TXN002615,ACC100081,2026-06-02 17:18:00,697.01,N$,p2p_transfer,CP01269,1
TXN002616,ACC100445,2026-06-08 02:21:00,2166.12,N$,merchant_payment,CP02687,0
TXN002617,ACC100794,2026-07-16 05:22:00,127.76,N$,merchant_payment,CP03691,0
TXN002618,ACC100101,2026-07-19 18:19:00,2927.99,N$,p2p_transfer,CP01420,0
TXN002619,ACC100505,2026-06-26 03:27:00,51.24,N$,merchant_payment,CP00229,0
TXN002620,ACC100444,2026-06-09 01:37:00,1319.08,N$,p2p_transfer,CP01913,0
TXN002621,ACC100789,2026-07-23 05:21:00,337.97,N$,merchant_payment,CP03600,0
TXN002622,ACC100605,2026-06-27 02:14:00,495.07,N$,cash_out,CP02650,0
TXN002623,ACC100697,2026-07-30 22:57:00,299.1,N$,cash_out,CP03163,0
TXN002624,ACC100068,2026-07-22 13:52:00,1450.29,N$,merchant_payment,CP00780,0
TXN002625,ACC100306,2026-07-12 12:52:00,317.04,N$,p2p_transfer,CP03949,0
TXN002626,ACC100259,2026-07-10 03:42:00,7128.35,N$,cash_out,CP00496,1
TXN002627,ACC100090,2026-06-03 18:03:00,1394.61,N$,merchant_payment,CP00808,0
TXN002628,ACC100224,2026-07-13 12:50:00,253.34,N$,merchant_payment,CP00685,0
TXN002629,ACC100745,2026-07-24 08:36:00,755.74,N$,cash_out,CP03087,0
TXN002630,ACC100529,2026-06-08 00:47:00,329.05,N$,p2p_transfer,CP01083,0
TXN002631,ACC100556,2026-06-29 14:52:00,185.0,N$,merchant_payment,CP03719,0
TXN002632,ACC100565,2026-07-24 09:14:00,349.41,N$,merchant_payment,CP02642,0
TXN002633,ACC100753,2026-06-04 22:24:00,527.72,N$,merchant_payment,CP03052,0
TXN002634,ACC100078,2026-07-13 12:04:00,649.73,N$,merchant_payment,CP02068,0
TXN002635,ACC100589,2026-07-25 03:06:00,247.07,N$,p2p_transfer,CP03402,0
TXN002636,ACC100471,2026-06-11 02:58:00,757.17,N$,p2p_transfer,CP00224,0
TXN002637,ACC100654,2026-06-05 11:00:00,575.24,N$,p2p_transfer,CP01198,0
TXN002638,ACC100569,2026-06-27 19:28:00,183.8,N$,p2p_transfer,CP03403,0
TXN002639,ACC100285,2026-06-12 13:15:00,557.7,N$,bill_payment,CP01178,0
TXN002640,ACC100659,2026-06-16 06:55:00,770.11,N$,cash_out,CP00959,0
TXN002641,ACC100344,2026-07-09 06:53:00,650.97,N$,merchant_payment,CP01599,0
TXN002642,ACC100458,2026-06-25 23:46:00,345.2,N$,p2p_transfer,CP02437,0
TXN002643,ACC100083,2026-07-01 03:05:00,233.86,N$,merchant_payment,CP01168,0
TXN002644,ACC100367,2026-06-01 02:09:00,971.16,N$,p2p_transfer,CP01627,0
TXN002645,ACC100647,2026-06-14 15:37:00,677.25,N$,merchant_payment,CP03189,0
TXN002646,ACC100480,2026-07-11 00:14:00,397.79,N$,cash_out,CP03595,0
TXN002647,ACC100425,2026-07-18 15:25:00,229.87,N$,merchant_payment,CP01734,0
TXN002648,ACC100267,2026-06-09 07:34:00,104.96,N$,p2p_transfer,CP03619,0
TXN002649,ACC100667,2026-06-23 22:54:00,772.8,N$,cash_out,CP02671,0
TXN002650,ACC100096,2026-06-21 08:37:00,700.12,N$,p2p_transfer,CP01451,0
TXN002651,ACC100393,2026-07-20 16:58:00,598.65,N$,bill_payment,CP01727,0
TXN002652,ACC100746,2026-06-24 20:38:00,198.87,N$,bill_payment,CP03114,0
TXN002653,ACC100748,2026-06-02 18:27:00,1172.04,N$,p2p_transfer,CP02664,0
TXN002654,ACC100295,2026-06-13 11:44:00,720.03,N$,p2p_transfer,CP01135,0
TXN002655,ACC100794,2026-07-12 21:46:00,517.82,N$,p2p_transfer,CP03097,0
TXN002656,ACC100100,2026-06-20 02:13:00,361.58,N$,merchant_payment,CP00679,0
TXN002657,ACC100277,2026-06-30 19:10:00,517.62,N$,merchant_payment,CP03105,0
TXN002658,ACC100531,2026-06-18 09:32:00,166.24,N$,merchant_payment,CP03407,0
TXN002659,ACC100278,2026-07-23 06:50:00,393.01,N$,p2p_transfer,CP02566,0
TXN002660,ACC100798,2026-07-02 04:44:00,104.38,N$,merchant_payment,CP03306,0
TXN002661,ACC100467,2026-06-10 19:21:00,213.42,N$,p2p_transfer,CP01435,0
TXN002662,ACC100048,2026-07-10 12:15:00,1595.85,N$,cash_out,CP01754,0
TXN002663,ACC100222,2026-06-24 20:29:00,313.88,N$,bill_payment,CP00727,0
TXN002664,ACC100037,2026-07-26 00:29:00,2022.61,N$,cash_out,CP01298,0
TXN002665,ACC100523,2026-06-09 16:50:00,309.47,N$,cash_out,CP00291,0
TXN002666,ACC100541,2026-07-12 00:24:00,281.38,N$,merchant_payment,CP01739,0
TXN002667,ACC100243,2026-07-24 21:22:00,136.93,N$,p2p_transfer,CP01320,0
TXN002668,ACC100480,2026-06-27 20:04:00,708.89,N$,p2p_transfer,CP02906,0
TXN002669,ACC100453,2026-07-30 17:57:00,450.93,N$,merchant_payment,CP03171,0
TXN002670,ACC100617,2026-06-11 09:47:00,375.49,N$,merchant_payment,CP02239,0
TXN002671,ACC100602,2026-07-01 23:49:00,642.31,N$,cash_out,CP02820,0
TXN002672,ACC100101,2026-06-22 04:18:00,827.7,N$,p2p_transfer,CP01176,0
TXN002673,ACC100247,2026-07-04 08:16:00,824.43,N$,merchant_payment,CP01753,0
TXN002674,ACC100731,2026-07-24 07:00:00,1041.6,N$,cash_out,CP00695,0
TXN002675,ACC100103,2026-06-24 01:34:00,2826.51,N$,p2p_transfer,CP03550,1
TXN002676,ACC100665,2026-06-30 07:57:00,1900.05,N$,merchant_payment,CP02862,0
TXN002677,ACC100712,2026-07-02 22:34:00,682.78,N$,bill_payment,CP00717,0
TXN002678,ACC100787,2026-06-18 20:02:00,960.75,N$,p2p_transfer,CP00792,0
TXN002679,ACC100041,2026-07-25 18:03:00,92.49,N$,merchant_payment,CP01725,0
TXN002680,ACC100544,2026-06-08 23:18:00,380.81,N$,merchant_payment,CP00907,0
TXN002681,ACC100556,2026-06-16 21:46:00,304.98,N$,p2p_transfer,CP03966,0
TXN002682,ACC100775,2026-06-27 05:08:00,492.77,N$,p2p_transfer,CP00781,0
TXN002683,ACC100179,2026-07-19 04:30:00,579.41,N$,p2p_transfer,CP01168,0
TXN002684,ACC100272,2026-06-20 17:42:00,656.82,N$,p2p_transfer,CP03214,0
TXN002685,ACC100528,2026-07-30 11:08:00,469.84,N$,merchant_payment,CP00966,0
TXN002686,ACC100119,2026-07-09 08:41:00,826.56,N$,merchant_payment,CP03924,0
TXN002687,ACC100562,2026-06-26 10:37:00,257.82,N$,merchant_payment,CP02529,0
TXN002688,ACC100607,2026-06-09 00:16:00,90.3,N$,merchant_payment,CP02273,0
TXN002689,ACC100639,2026-06-05 20:23:00,144.47,N$,p2p_transfer,CP01489,0
TXN002690,ACC100293,2026-07-12 11:19:00,808.15,N$,p2p_transfer,CP02154,0
TXN002691,ACC100353,2026-06-06 20:26:00,666.12,N$,p2p_transfer,CP03454,0
TXN002692,ACC100180,2026-06-09 21:55:00,185.72,N$,cash_out,CP02465,0
TXN002693,ACC100104,2026-07-08 16:51:00,138.93,N$,p2p_transfer,CP03152,0
TXN002694,ACC100677,2026-06-23 04:47:00,365.84,N$,cash_out,CP01204,0
TXN002695,ACC100292,2026-07-29 08:37:00,159.28,N$,p2p_transfer,CP00891,0
TXN002696,ACC100082,2026-07-20 17:24:00,1312.43,N$,cash_out,CP03337,0
TXN002697,ACC100216,2026-06-24 15:34:00,1046.26,N$,p2p_transfer,CP01831,0
TXN002698,ACC100045,2026-06-16 04:09:00,354.26,N$,cash_out,CP00608,0
TXN002699,ACC100134,2026-07-07 09:36:00,1391.26,N$,bill_payment,CP00096,0
TXN002700,ACC100140,2026-06-25 04:40:00,558.95,N$,merchant_payment,CP02024,0
TXN002701,ACC100661,2026-07-12 05:35:00,426.86,N$,merchant_payment,CP02495,0
TXN002702,ACC100653,2026-07-05 14:02:00,127.37,N$,cash_out,CP03657,0
TXN002703,ACC100008,2026-06-13 01:55:00,292.36,N$,cash_out,CP00965,0
TXN002704,ACC100189,2026-07-07 07:24:00,1451.07,N$,p2p_transfer,CP01499,0
TXN002705,ACC100239,2026-07-08 08:33:00,298.19,N$,cash_out,CP01197,0
TXN002706,ACC100606,2026-06-26 03:51:00,370.69,N$,cash_out,CP01769,0
TXN002707,ACC100680,2026-07-11 14:32:00,1540.8,N$,p2p_transfer,CP03767,0
TXN002708,ACC100696,2026-06-03 18:01:00,591.66,N$,bill_payment,CP03661,0
TXN002709,ACC100120,2026-06-04 19:14:00,60.78,N$,cash_out,CP02029,0
TXN002710,ACC100189,2026-06-01 05:43:00,523.08,N$,merchant_payment,CP02142,0
TXN002711,ACC100389,2026-07-28 10:27:00,244.98,N$,p2p_transfer,CP00609,0
TXN002712,ACC100058,2026-06-22 02:21:00,316.95,N$,p2p_transfer,CP00114,0
TXN002713,ACC100343,2026-06-11 06:59:00,303.61,N$,cash_out,CP00607,0
TXN002714,ACC100530,2026-07-15 12:07:00,516.22,N$,p2p_transfer,CP03576,0
TXN002715,ACC100022,2026-06-30 15:03:00,737.41,N$,merchant_payment,CP01801,0
TXN002716,ACC100721,2026-06-28 18:26:00,844.21,N$,merchant_payment,CP01786,0
TXN002717,ACC100560,2026-06-09 03:07:00,275.02,N$,p2p_transfer,CP03782,0
TXN002718,ACC100629,2026-06-29 22:06:00,1405.49,N$,p2p_transfer,CP01959,0
TXN002719,ACC100408,2026-06-14 16:54:00,179.39,N$,p2p_transfer,CP00208,0
TXN002720,ACC100598,2026-07-08 17:32:00,277.8,N$,p2p_transfer,CP01942,0
TXN002721,ACC100187,2026-06-09 07:03:00,93.68,N$,p2p_transfer,CP03481,0
TXN002722,ACC100561,2026-06-04 23:47:00,805.05,N$,p2p_transfer,CP03481,0
TXN002723,ACC100614,2026-07-13 02:06:00,719.81,N$,merchant_payment,CP01308,0
TXN002724,ACC100323,2026-06-08 12:29:00,182.77,N$,cash_out,CP00383,0
TXN002725,ACC100406,2026-07-05 17:12:00,262.53,N$,p2p_transfer,CP02555,0
TXN002726,ACC100066,2026-06-26 04:23:00,226.06,N$,cash_out,CP02206,0
TXN002727,ACC100753,2026-06-06 19:27:00,462.42,N$,p2p_transfer,CP01080,0
TXN002728,ACC100539,2026-07-13 15:43:00,382.72,N$,merchant_payment,CP01844,0
TXN002729,ACC100256,2026-07-08 04:30:00,1222.67,N$,merchant_payment,CP00259,0
TXN002730,ACC100671,2026-07-20 23:34:00,3434.63,N$,merchant_payment,CP00889,0
TXN002731,ACC100531,2026-06-16 22:08:00,163.83,N$,merchant_payment,CP02537,0
TXN002732,ACC100699,2026-06-26 00:09:00,670.5,N$,cash_out,CP03758,0
TXN002733,ACC100199,2026-07-10 17:22:00,256.21,N$,cash_out,CP00894,0
TXN002734,ACC100422,2026-06-27 08:09:00,333.03,N$,merchant_payment,CP00637,0
TXN002735,ACC100107,2026-06-16 10:12:00,368.74,N$,cash_out,CP00262,0
TXN002736,ACC100610,2026-07-02 03:20:00,63.82,N$,merchant_payment,CP03659,0
TXN002737,ACC100449,2026-06-16 21:09:00,567.19,N$,bill_payment,CP02459,0
TXN002738,ACC100599,2026-07-17 10:49:00,743.78,N$,bill_payment,CP01629,0
TXN002739,ACC100586,2026-07-06 11:55:00,373.78,N$,cash_out,CP00555,0
TXN002740,ACC100247,2026-06-27 00:13:00,177.25,N$,merchant_payment,CP03610,0
TXN002741,ACC100265,2026-07-09 02:23:00,2581.03,N$,p2p_transfer,CP01169,1
TXN002742,ACC100242,2026-07-02 18:01:00,7889.78,N$,cash_out,CP00309,1
TXN002743,ACC100273,2026-07-19 12:15:00,427.17,N$,merchant_payment,CP00824,0
TXN002744,ACC100166,2026-06-07 10:21:00,215.56,N$,merchant_payment,CP01887,0
TXN002745,ACC100638,2026-07-28 02:23:00,268.17,N$,p2p_transfer,CP02786,0
TXN002746,ACC100789,2026-07-21 01:07:00,302.96,N$,bill_payment,CP03210,0
TXN002747,ACC100233,2026-06-20 04:22:00,242.43,N$,p2p_transfer,CP02969,0
TXN002748,ACC100454,2026-06-25 14:47:00,615.22,N$,cash_out,CP02061,0
TXN002749,ACC100391,2026-06-30 17:25:00,385.19,N$,p2p_transfer,CP01351,0
TXN002750,ACC100633,2026-07-25 19:32:00,244.23,N$,merchant_payment,CP01362,0
TXN002751,ACC100316,2026-06-15 03:04:00,270.62,N$,p2p_transfer,CP01983,0
TXN002752,ACC100065,2026-06-07 09:30:00,206.94,N$,p2p_transfer,CP02932,0
TXN002753,ACC100665,2026-07-01 12:13:00,120.91,N$,merchant_payment,CP02752,0
TXN002754,ACC100056,2026-06-19 11:32:00,140.49,N$,bill_payment,CP02740,0
TXN002755,ACC100276,2026-06-08 21:27:00,356.96,N$,merchant_payment,CP01893,0
TXN002756,ACC100713,2026-07-20 07:16:00,563.22,N$,merchant_payment,CP02388,0
TXN002757,ACC100489,2026-07-02 05:12:00,357.03,N$,merchant_payment,CP01086,0
TXN002758,ACC100147,2026-07-02 05:53:00,188.09,N$,merchant_payment,CP02188,0
TXN002759,ACC100213,2026-06-07 01:32:00,516.83,N$,merchant_payment,CP01382,0
TXN002760,ACC100771,2026-06-08 11:21:00,959.73,N$,p2p_transfer,CP01264,0
TXN002761,ACC100172,2026-06-09 08:29:00,182.21,N$,cash_out,CP01016,0
TXN002762,ACC100366,2026-07-08 19:34:00,1691.1,N$,merchant_payment,CP01855,0
TXN002763,ACC100229,2026-06-21 18:47:00,1533.91,N$,cash_out,CP03959,0
TXN002764,ACC100165,2026-07-28 21:30:00,461.6,N$,merchant_payment,CP00677,0
TXN002765,ACC100147,2026-07-25 19:05:00,338.62,N$,bill_payment,CP01785,0
TXN002766,ACC100673,2026-07-24 09:25:00,789.9,N$,p2p_transfer,CP02975,0
TXN002767,ACC100186,2026-07-29 20:59:00,251.86,N$,p2p_transfer,CP00313,0
TXN002768,ACC100231,2026-07-02 02:55:00,165.43,N$,merchant_payment,CP03535,0
TXN002769,ACC100527,2026-06-16 03:52:00,409.04,N$,merchant_payment,CP00784,0
TXN002770,ACC100441,2026-07-20 04:45:00,145.96,N$,merchant_payment,CP02181,0
TXN002771,ACC100562,2026-07-19 04:18:00,277.31,N$,cash_out,CP02889,0
TXN002772,ACC100099,2026-07-20 09:11:00,129.62,N$,merchant_payment,CP03243,0
TXN002773,ACC100160,2026-07-22 22:02:00,321.16,N$,p2p_transfer,CP01647,0
TXN002774,ACC100671,2026-06-29 03:25:00,362.86,N$,merchant_payment,CP03043,0
TXN002775,ACC100685,2026-07-27 02:33:00,201.68,N$,p2p_transfer,CP02933,0
TXN002776,ACC100725,2026-06-22 11:40:00,340.1,N$,merchant_payment,CP02986,0
TXN002777,ACC100736,2026-07-24 20:39:00,352.16,N$,p2p_transfer,CP01698,0
TXN002778,ACC100185,2026-06-11 17:49:00,601.22,N$,p2p_transfer,CP01608,0
TXN002779,ACC100177,2026-06-07 23:35:00,1898.33,N$,cash_out,CP01394,0
TXN002780,ACC100186,2026-07-25 09:08:00,244.04,N$,merchant_payment,CP00735,0
TXN002781,ACC100724,2026-06-22 01:23:00,2033.38,N$,cash_out,CP03810,0
TXN002782,ACC100543,2026-06-15 22:10:00,655.85,N$,p2p_transfer,CP01108,0
TXN002783,ACC100233,2026-07-20 20:59:00,902.45,N$,p2p_transfer,CP03536,0
TXN002784,ACC100673,2026-06-20 06:05:00,312.87,N$,bill_payment,CP02777,0
TXN002785,ACC100450,2026-07-14 06:37:00,473.2,N$,p2p_transfer,CP01469,0
TXN002786,ACC100011,2026-06-14 01:01:00,394.42,N$,merchant_payment,CP02562,0
TXN002787,ACC100613,2026-07-09 09:34:00,401.8,N$,p2p_transfer,CP02141,0
TXN002788,ACC100679,2026-06-24 18:44:00,635.63,N$,p2p_transfer,CP03781,0
TXN002789,ACC100722,2026-06-12 19:58:00,137.34,N$,p2p_transfer,CP01192,0
TXN002790,ACC100096,2026-07-06 04:34:00,906.92,N$,p2p_transfer,CP01994,0
TXN002791,ACC100313,2026-06-23 13:26:00,634.76,N$,p2p_transfer,CP01833,0
TXN002792,ACC100568,2026-06-21 21:42:00,456.13,N$,bill_payment,CP03895,0
TXN002793,ACC100143,2026-07-09 18:40:00,128.24,N$,p2p_transfer,CP03130,0
TXN002794,ACC100091,2026-07-02 05:32:00,475.95,N$,p2p_transfer,CP03864,0
TXN002795,ACC100736,2026-06-23 02:01:00,560.17,N$,bill_payment,CP01844,0
TXN002796,ACC100522,2026-07-07 21:36:00,258.66,N$,p2p_transfer,CP00725,0
TXN002797,ACC100514,2026-07-19 18:37:00,580.79,N$,merchant_payment,CP01840,0
TXN002798,ACC100033,2026-06-18 12:58:00,129.05,N$,merchant_payment,CP03047,0
TXN002799,ACC100402,2026-07-01 12:36:00,1011.35,N$,merchant_payment,CP03619,0
TXN002800,ACC100385,2026-06-09 02:41:00,133.21,N$,merchant_payment,CP00890,0
TXN002801,ACC100709,2026-07-04 00:47:00,1119.77,N$,p2p_transfer,CP01776,0
TXN002802,ACC100659,2026-07-30 20:25:00,122.71,N$,p2p_transfer,CP00537,0
TXN002803,ACC100170,2026-07-16 12:54:00,2401.86,N$,merchant_payment,CP02863,0
TXN002804,ACC100085,2026-07-07 15:55:00,441.38,N$,p2p_transfer,CP01895,0
TXN002805,ACC100002,2026-07-11 00:41:00,1064.1,N$,merchant_payment,CP00419,0
TXN002806,ACC100694,2026-07-12 09:38:00,494.32,N$,cash_out,CP00834,0
TXN002807,ACC100469,2026-06-02 02:13:00,278.49,N$,merchant_payment,CP01908,0
TXN002808,ACC100134,2026-07-09 06:06:00,305.39,N$,merchant_payment,CP01112,0
TXN002809,ACC100571,2026-07-02 14:18:00,115.77,N$,p2p_transfer,CP01796,0
TXN002810,ACC100454,2026-07-19 17:26:00,711.91,N$,bill_payment,CP03919,0
TXN002811,ACC100196,2026-07-03 04:55:00,134.79,N$,p2p_transfer,CP03272,0
TXN002812,ACC100186,2026-06-18 03:36:00,1548.86,N$,merchant_payment,CP00173,0
TXN002813,ACC100178,2026-07-22 08:22:00,494.65,N$,p2p_transfer,CP00980,0
TXN002814,ACC100627,2026-07-26 16:20:00,528.04,N$,bill_payment,CP02680,0
TXN002815,ACC100530,2026-06-16 01:57:00,337.9,N$,p2p_transfer,CP03615,0
TXN002816,ACC100370,2026-06-06 20:28:00,812.7,N$,merchant_payment,CP03058,0
TXN002817,ACC100685,2026-07-28 02:07:00,197.88,N$,merchant_payment,CP00148,0
TXN002818,ACC100161,2026-06-12 01:35:00,530.83,N$,merchant_payment,CP00459,0
TXN002819,ACC100240,2026-06-28 11:53:00,1468.71,N$,p2p_transfer,CP00628,0
TXN002820,ACC100766,2026-06-21 10:40:00,720.11,N$,p2p_transfer,CP01617,0
TXN002821,ACC100655,2026-06-13 08:02:00,893.19,N$,p2p_transfer,CP01414,0
TXN002822,ACC100016,2026-06-19 19:26:00,122.4,N$,p2p_transfer,CP02334,0
TXN002823,ACC100427,2026-06-04 06:48:00,1588.91,N$,p2p_transfer,CP02923,0
TXN002824,ACC100347,2026-06-30 09:28:00,290.9,N$,cash_out,CP00902,0
TXN002825,ACC100594,2026-07-01 00:36:00,384.65,N$,merchant_payment,CP00674,0
TXN002826,ACC100783,2026-06-19 22:22:00,309.41,N$,cash_out,CP02760,0
TXN002827,ACC100147,2026-06-29 06:50:00,104.8,N$,merchant_payment,CP01017,0
TXN002828,ACC100525,2026-06-26 11:02:00,211.2,N$,cash_out,CP03391,0
TXN002829,ACC100773,2026-07-14 21:33:00,784.83,N$,p2p_transfer,CP00969,0
TXN002830,ACC100648,2026-06-06 01:56:00,751.47,N$,bill_payment,CP00083,0
TXN002831,ACC100763,2026-07-22 22:13:00,636.58,N$,p2p_transfer,CP00960,0
TXN002832,ACC100499,2026-06-03 14:57:00,185.37,N$,cash_out,CP03684,0
TXN002833,ACC100492,2026-06-30 14:21:00,142.47,N$,merchant_payment,CP00239,0
TXN002834,ACC100743,2026-07-01 10:57:00,103.44,N$,cash_out,CP02462,0
TXN002835,ACC100698,2026-06-15 00:44:00,491.13,N$,cash_out,CP00474,0
TXN002836,ACC100490,2026-06-05 17:07:00,504.92,N$,merchant_payment,CP00593,0
TXN002837,ACC100070,2026-07-24 18:25:00,412.74,N$,merchant_payment,CP00356,0
TXN002838,ACC100747,2026-06-08 07:46:00,509.74,N$,bill_payment,CP02586,0
TXN002839,ACC100324,2026-06-27 14:06:00,1165.16,N$,p2p_transfer,CP01903,0
TXN002840,ACC100334,2026-07-20 20:59:00,436.85,N$,merchant_payment,CP01113,0
TXN002841,ACC100484,2026-06-03 01:14:00,468.65,N$,merchant_payment,CP01423,0
TXN002842,ACC100719,2026-06-30 11:32:00,211.82,N$,p2p_transfer,CP00885,0
TXN002843,ACC100397,2026-07-01 12:04:00,360.55,N$,merchant_payment,CP01218,0
TXN002844,ACC100481,2026-07-14 17:13:00,1035.96,N$,p2p_transfer,CP03361,0
TXN002845,ACC100791,2026-06-06 10:59:00,1081.32,N$,cash_out,CP00606,0
TXN002846,ACC100587,2026-07-19 15:56:00,506.54,N$,p2p_transfer,CP03777,0
TXN002847,ACC100297,2026-06-22 23:46:00,109.03,N$,merchant_payment,CP00381,0
TXN002848,ACC100074,2026-07-24 10:08:00,130.03,N$,merchant_payment,CP00091,0
TXN002849,ACC100420,2026-06-15 16:54:00,428.03,N$,merchant_payment,CP03052,0
TXN002850,ACC100116,2026-07-19 04:26:00,189.59,N$,merchant_payment,CP03736,0
TXN002851,ACC100631,2026-07-24 07:40:00,882.4,N$,p2p_transfer,CP02885,0
TXN002852,ACC100352,2026-06-04 10:29:00,1144.69,N$,cash_out,CP01905,0
TXN002853,ACC100025,2026-07-10 10:32:00,389.83,N$,merchant_payment,CP02401,0
TXN002854,ACC100191,2026-06-08 17:50:00,788.12,N$,cash_out,CP00605,0
TXN002855,ACC100677,2026-07-26 11:01:00,480.53,N$,merchant_payment,CP01307,0
TXN002856,ACC100295,2026-06-05 00:51:00,263.9,N$,p2p_transfer,CP00780,0
TXN002857,ACC100674,2026-06-22 11:16:00,228.27,N$,p2p_transfer,CP02195,0
TXN002858,ACC100378,2026-07-03 13:27:00,387.5,N$,p2p_transfer,CP01280,0
TXN002859,ACC100571,2026-07-12 00:27:00,946.73,N$,p2p_transfer,CP03371,0
TXN002860,ACC100268,2026-06-10 04:27:00,3797.53,N$,cash_out,CP01752,1
TXN002861,ACC100504,2026-07-10 05:33:00,785.02,N$,merchant_payment,CP00136,0
TXN002862,ACC100580,2026-06-20 08:49:00,75.01,N$,p2p_transfer,CP03233,0
TXN002863,ACC100358,2026-06-20 18:46:00,110.65,N$,p2p_transfer,CP02756,0
TXN002864,ACC100400,2026-07-03 06:55:00,559.87,N$,p2p_transfer,CP02498,0
TXN002865,ACC100488,2026-07-30 12:24:00,304.8,N$,merchant_payment,CP02426,0
TXN002866,ACC100610,2026-07-14 00:33:00,771.98,N$,p2p_transfer,CP02461,0
TXN002867,ACC100111,2026-06-25 17:14:00,141.74,N$,cash_out,CP01078,0
TXN002868,ACC100472,2026-06-26 17:01:00,256.53,N$,merchant_payment,CP03986,0
TXN002869,ACC100723,2026-06-19 00:30:00,574.66,N$,cash_out,CP03910,0
TXN002870,ACC100245,2026-06-07 01:00:00,130.67,N$,merchant_payment,CP02962,0
TXN002871,ACC100116,2026-06-10 20:46:00,7571.78,N$,cash_out,CP02981,1
TXN002872,ACC100251,2026-06-18 03:46:00,455.62,N$,p2p_transfer,CP01435,0
TXN002873,ACC100645,2026-07-28 18:47:00,556.33,N$,p2p_transfer,CP03792,0
TXN002874,ACC100078,2026-07-01 19:39:00,235.17,N$,cash_out,CP00609,0
TXN002875,ACC100661,2026-06-27 20:44:00,387.01,N$,merchant_payment,CP00105,0
TXN002876,ACC100087,2026-07-24 23:14:00,206.15,N$,cash_out,CP03702,0
TXN002877,ACC100310,2026-06-04 08:40:00,538.45,N$,cash_out,CP03024,0
TXN002878,ACC100456,2026-06-19 03:49:00,204.32,N$,cash_out,CP02526,0
TXN002879,ACC100691,2026-07-03 12:12:00,985.01,N$,merchant_payment,CP00966,0
TXN002880,ACC100051,2026-06-07 16:57:00,153.28,N$,merchant_payment,CP03281,0
TXN002881,ACC100397,2026-06-28 17:01:00,1519.7,N$,merchant_payment,CP02873,0
TXN002882,ACC100750,2026-07-02 18:45:00,88.05,N$,merchant_payment,CP00152,0
TXN002883,ACC100159,2026-06-05 04:09:00,573.12,N$,p2p_transfer,CP01550,0
TXN002884,ACC100041,2026-07-25 11:08:00,490.34,N$,merchant_payment,CP01848,0
TXN002885,ACC100056,2026-07-23 04:58:00,537.3,N$,p2p_transfer,CP01002,0
TXN002886,ACC100081,2026-06-22 03:22:00,1548.56,N$,cash_out,CP00282,1
TXN002887,ACC100052,2026-06-19 18:27:00,706.69,N$,p2p_transfer,CP02443,0
TXN002888,ACC100593,2026-06-25 15:46:00,288.22,N$,cash_out,CP03296,0
TXN002889,ACC100232,2026-06-19 19:19:00,588.89,N$,p2p_transfer,CP03447,0
TXN002890,ACC100136,2026-06-21 00:53:00,1799.71,N$,cash_out,CP01930,0
TXN002891,ACC100133,2026-07-29 00:55:00,2086.37,N$,p2p_transfer,CP02425,0
TXN002892,ACC100308,2026-06-01 04:57:00,650.58,N$,cash_out,CP01410,0
TXN002893,ACC100025,2026-07-21 23:05:00,294.56,N$,merchant_payment,CP01326,0
TXN002894,ACC100553,2026-07-19 05:53:00,181.45,N$,bill_payment,CP00417,0
TXN002895,ACC100792,2026-07-24 12:01:00,99.41,N$,p2p_transfer,CP03953,0
TXN002896,ACC100530,2026-06-14 16:55:00,243.86,N$,merchant_payment,CP03618,0
TXN002897,ACC100645,2026-06-27 04:05:00,410.25,N$,merchant_payment,CP03220,0
TXN002898,ACC100603,2026-07-19 09:01:00,671.94,N$,cash_out,CP03100,0
TXN002899,ACC100596,2026-06-29 07:37:00,863.0,N$,cash_out,CP02078,0
TXN002900,ACC100173,2026-07-20 21:07:00,275.77,N$,merchant_payment,CP02457,0
TXN002901,ACC100486,2026-06-04 23:45:00,147.52,N$,p2p_transfer,CP03781,0
TXN002902,ACC100628,2026-06-18 19:28:00,817.5,N$,merchant_payment,CP03363,0
TXN002903,ACC100028,2026-06-30 00:26:00,554.85,N$,cash_out,CP03572,1
TXN002904,ACC100608,2026-07-05 17:24:00,1395.68,N$,p2p_transfer,CP00425,0
TXN002905,ACC100246,2026-06-12 11:53:00,391.83,N$,p2p_transfer,CP03969,0
TXN002906,ACC100482,2026-07-09 20:41:00,472.12,N$,cash_out,CP00036,0
TXN002907,ACC100133,2026-06-24 01:00:00,447.08,N$,p2p_transfer,CP00590,0
TXN002908,ACC100010,2026-07-08 10:02:00,1336.32,N$,bill_payment,CP00415,0
TXN002909,ACC100527,2026-07-06 21:03:00,128.86,N$,cash_out,CP00752,0
TXN002910,ACC100207,2026-06-12 07:38:00,353.64,N$,merchant_payment,CP00497,0
TXN002911,ACC100173,2026-07-02 00:33:00,144.41,N$,merchant_payment,CP01862,0
TXN002912,ACC100565,2026-06-20 02:47:00,453.78,N$,bill_payment,CP02868,0
TXN002913,ACC100297,2026-07-13 08:26:00,926.16,N$,cash_out,CP01765,0
TXN002914,ACC100608,2026-07-02 14:54:00,238.33,N$,merchant_payment,CP03570,0
TXN002915,ACC100771,2026-07-11 18:22:00,89.55,N$,cash_out,CP03611,0
TXN002916,ACC100383,2026-06-24 16:18:00,303.3,N$,p2p_transfer,CP01289,0
TXN002917,ACC100040,2026-06-16 02:24:00,119.39,N$,merchant_payment,CP00702,0
TXN002918,ACC100569,2026-06-21 20:52:00,200.97,N$,cash_out,CP00410,0
TXN002919,ACC100368,2026-07-07 15:16:00,1261.22,N$,p2p_transfer,CP00962,0
TXN002920,ACC100094,2026-06-10 14:06:00,136.77,N$,merchant_payment,CP02187,0
TXN002921,ACC100187,2026-07-09 05:48:00,1200.95,N$,merchant_payment,CP00507,0
TXN002922,ACC100654,2026-06-26 10:34:00,758.94,N$,merchant_payment,CP02078,0
TXN002923,ACC100230,2026-06-14 16:11:00,6596.41,N$,p2p_transfer,CP03658,1
TXN002924,ACC100778,2026-07-22 13:30:00,840.7,N$,merchant_payment,CP01669,0
TXN002925,ACC100067,2026-07-14 05:11:00,378.12,N$,cash_out,CP01481,0
TXN002926,ACC100353,2026-07-25 18:15:00,583.82,N$,bill_payment,CP02432,0
TXN002927,ACC100675,2026-07-11 05:26:00,1311.38,N$,p2p_transfer,CP02070,0
TXN002928,ACC100295,2026-06-13 02:51:00,4825.18,N$,cash_out,CP01733,1
TXN002929,ACC100484,2026-07-01 14:52:00,4705.81,N$,merchant_payment,CP00971,0
TXN002930,ACC100780,2026-06-01 04:57:00,184.56,N$,bill_payment,CP00336,0
TXN002931,ACC100758,2026-07-15 22:24:00,1976.35,N$,cash_out,CP02983,0
TXN002932,ACC100269,2026-06-19 11:03:00,434.05,N$,bill_payment,CP01566,0
TXN002933,ACC100768,2026-07-03 03:45:00,1077.85,N$,merchant_payment,CP03162,0
TXN002934,ACC100684,2026-06-23 09:30:00,145.05,N$,cash_out,CP03477,0
TXN002935,ACC100434,2026-06-19 12:58:00,592.28,N$,merchant_payment,CP03598,0
TXN002936,ACC100477,2026-06-25 23:45:00,285.61,N$,p2p_transfer,CP02605,0
TXN002937,ACC100241,2026-06-21 22:54:00,1329.4,N$,merchant_payment,CP02366,0
TXN002938,ACC100068,2026-07-09 02:48:00,204.05,N$,merchant_payment,CP00780,0
TXN002939,ACC100105,2026-07-17 19:56:00,554.57,N$,cash_out,CP02404,0
TXN002940,ACC100275,2026-07-18 00:18:00,28.5,N$,merchant_payment,CP00431,0
TXN002941,ACC100144,2026-07-19 10:54:00,123.53,N$,cash_out,CP03184,0
TXN002942,ACC100766,2026-07-05 20:32:00,537.84,N$,merchant_payment,CP01552,0
TXN002943,ACC100191,2026-06-23 14:47:00,557.7,N$,bill_payment,CP03788,0
TXN002944,ACC100258,2026-06-18 15:48:00,301.39,N$,bill_payment,CP00620,0
TXN002945,ACC100505,2026-07-19 04:08:00,702.9,N$,merchant_payment,CP01799,0
TXN002946,ACC100751,2026-07-29 20:56:00,256.95,N$,merchant_payment,CP03949,0
TXN002947,ACC100235,2026-07-23 17:49:00,916.02,N$,cash_out,CP03658,0
TXN002948,ACC100401,2026-07-24 23:36:00,307.87,N$,merchant_payment,CP01427,0
TXN002949,ACC100266,2026-06-26 18:18:00,108.86,N$,merchant_payment,CP01921,0
TXN002950,ACC100311,2026-07-13 23:23:00,803.58,N$,p2p_transfer,CP01804,0
TXN002951,ACC100609,2026-06-18 05:00:00,245.45,N$,merchant_payment,CP02576,0
TXN002952,ACC100691,2026-07-19 05:34:00,157.27,N$,merchant_payment,CP03732,0
TXN002953,ACC100649,2026-07-19 00:32:00,501.53,N$,p2p_transfer,CP02874,0
TXN002954,ACC100517,2026-06-28 18:32:00,168.46,N$,p2p_transfer,CP03399,0
TXN002955,ACC100335,2026-06-13 07:22:00,244.73,N$,merchant_payment,CP01502,0
TXN002956,ACC100120,2026-06-17 19:59:00,568.33,N$,bill_payment,CP03961,0
TXN002957,ACC100510,2026-07-30 02:55:00,1373.54,N$,merchant_payment,CP01488,0
TXN002958,ACC100128,2026-07-10 13:31:00,428.39,N$,bill_payment,CP01220,0
TXN002959,ACC100529,2026-07-09 04:22:00,230.36,N$,merchant_payment,CP00269,0
TXN002960,ACC100119,2026-06-24 23:03:00,259.31,N$,p2p_transfer,CP00695,0
TXN002961,ACC100595,2026-07-02 19:22:00,118.75,N$,p2p_transfer,CP01765,0
TXN002962,ACC100545,2026-06-07 05:08:00,54.72,N$,merchant_payment,CP00136,0
TXN002963,ACC100669,2026-07-08 17:36:00,78.69,N$,merchant_payment,CP03051,0
TXN002964,ACC100748,2026-06-28 02:52:00,1260.5,N$,merchant_payment,CP00105,0
TXN002965,ACC100045,2026-07-27 23:44:00,327.82,N$,cash_out,CP01135,0
TXN002966,ACC100480,2026-07-05 14:29:00,208.83,N$,p2p_transfer,CP03137,0
TXN002967,ACC100281,2026-06-04 05:03:00,117.6,N$,merchant_payment,CP03777,0
TXN002968,ACC100579,2026-06-18 06:38:00,1066.14,N$,merchant_payment,CP03733,0
TXN002969,ACC100556,2026-07-10 07:06:00,298.41,N$,p2p_transfer,CP02524,0
TXN002970,ACC100600,2026-06-08 09:57:00,233.12,N$,p2p_transfer,CP03541,0
TXN002971,ACC100125,2026-06-02 21:19:00,152.24,N$,p2p_transfer,CP01429,0
TXN002972,ACC100287,2026-07-26 21:52:00,633.25,N$,p2p_transfer,CP03507,0
TXN002973,ACC100473,2026-06-14 11:12:00,632.96,N$,bill_payment,CP02018,0
TXN002974,ACC100757,2026-07-16 22:44:00,205.48,N$,cash_out,CP00162,0
TXN002975,ACC100039,2026-06-27 22:35:00,332.79,N$,merchant_payment,CP00576,0
TXN002976,ACC100241,2026-07-21 03:53:00,820.69,N$,merchant_payment,CP01226,0
TXN002977,ACC100540,2026-06-06 04:39:00,330.91,N$,p2p_transfer,CP01636,0
TXN002978,ACC100227,2026-06-24 22:18:00,1645.15,N$,cash_out,CP03795,0
TXN002979,ACC100398,2026-07-30 06:49:00,543.74,N$,p2p_transfer,CP01232,0
TXN002980,ACC100018,2026-07-16 16:28:00,326.55,N$,p2p_transfer,CP02252,0
TXN002981,ACC100576,2026-07-01 07:56:00,351.98,N$,merchant_payment,CP03716,0
TXN002982,ACC100442,2026-06-15 12:13:00,715.3,N$,p2p_transfer,CP02523,0
TXN002983,ACC100549,2026-07-12 07:48:00,3243.61,N$,p2p_transfer,CP00237,0
TXN002984,ACC100493,2026-06-24 11:50:00,749.04,N$,merchant_payment,CP02111,0
TXN002985,ACC100186,2026-07-04 12:40:00,238.91,N$,bill_payment,CP02152,0
TXN002986,ACC100701,2026-07-04 20:28:00,531.56,N$,cash_out,CP00801,0
TXN002987,ACC100667,2026-07-12 08:11:00,413.19,N$,merchant_payment,CP01493,0
TXN002988,ACC100203,2026-06-26 14:22:00,129.11,N$,merchant_payment,CP03101,0
TXN002989,ACC100627,2026-06-11 06:57:00,94.42,N$,p2p_transfer,CP01566,0
TXN002990,ACC100219,2026-06-02 01:00:00,721.67,N$,cash_out,CP02556,0
TXN002991,ACC100439,2026-06-22 17:11:00,70.52,N$,merchant_payment,CP01090,0
TXN002992,ACC100778,2026-06-09 09:32:00,126.9,N$,p2p_transfer,CP03892,0
TXN002993,ACC100714,2026-07-24 08:39:00,433.56,N$,p2p_transfer,CP01307,0
TXN002994,ACC100028,2026-06-22 02:35:00,806.66,N$,p2p_transfer,CP03026,0
TXN002995,ACC100522,2026-07-06 09:01:00,616.92,N$,merchant_payment,CP03292,0
TXN002996,ACC100722,2026-07-30 09:52:00,174.68,N$,bill_payment,CP01182,0
TXN002997,ACC100195,2026-07-20 00:11:00,603.09,N$,p2p_transfer,CP01182,0
TXN002998,ACC100015,2026-06-14 12:48:00,2089.32,N$,p2p_transfer,CP03878,0
TXN002999,ACC100782,2026-06-26 09:27:00,649.66,N$,p2p_transfer,CP01805,0
TXN003000,ACC100718,2026-07-25 13:30:00,384.03,N$,p2p_transfer,CP01925,0
TXN003001,ACC100637,2026-06-13 09:29:00,227.09,N$,bill_payment,CP02009,0
TXN003002,ACC100186,2026-06-21 18:13:00,268.96,N$,p2p_transfer,CP02611,0
TXN003003,ACC100365,2026-07-02 12:24:00,1253.81,N$,p2p_transfer,CP02776,0
TXN003004,ACC100632,2026-07-21 19:15:00,211.9,N$,cash_out,CP00493,0
TXN003005,ACC100003,2026-07-11 18:36:00,106.82,N$,p2p_transfer,CP00497,0
TXN003006,ACC100355,2026-06-19 17:14:00,100.2,N$,merchant_payment,CP00224,0
TXN003007,ACC100083,2026-06-01 04:19:00,1006.92,N$,cash_out,CP03358,0
TXN003008,ACC100765,2026-07-19 16:38:00,187.23,N$,p2p_transfer,CP00794,0
TXN003009,ACC100030,2026-07-07 03:19:00,3007.34,N$,bill_payment,CP02344,0
TXN003010,ACC100582,2026-07-01 06:56:00,489.77,N$,merchant_payment,CP00364,0
TXN003011,ACC100638,2026-07-20 13:47:00,1055.95,N$,merchant_payment,CP03113,0
TXN003012,ACC100628,2026-07-21 22:44:00,812.64,N$,cash_out,CP01228,0
TXN003013,ACC100247,2026-07-24 08:39:00,1236.96,N$,merchant_payment,CP00229,0
TXN003014,ACC100613,2026-06-26 04:49:00,397.51,N$,merchant_payment,CP00154,0
TXN003015,ACC100095,2026-06-17 04:24:00,597.17,N$,bill_payment,CP00716,0
TXN003016,ACC100404,2026-07-27 08:34:00,1181.57,N$,merchant_payment,CP01092,0
TXN003017,ACC100147,2026-06-20 13:53:00,632.91,N$,merchant_payment,CP03140,0
TXN003018,ACC100324,2026-07-05 20:06:00,635.7,N$,p2p_transfer,CP01888,0
TXN003019,ACC100044,2026-07-20 13:17:00,259.69,N$,p2p_transfer,CP01876,0
TXN003020,ACC100321,2026-07-15 05:14:00,1222.8,N$,bill_payment,CP03798,0
TXN003021,ACC100229,2026-06-26 06:05:00,167.19,N$,cash_out,CP00586,0
TXN003022,ACC100440,2026-07-05 04:12:00,264.61,N$,bill_payment,CP03628,0
TXN003023,ACC100035,2026-07-06 22:14:00,221.45,N$,merchant_payment,CP00123,0
TXN003024,ACC100628,2026-06-02 21:57:00,136.74,N$,p2p_transfer,CP03056,0
TXN003025,ACC100334,2026-06-07 12:54:00,611.1,N$,bill_payment,CP02082,0
TXN003026,ACC100612,2026-07-20 05:42:00,915.08,N$,merchant_payment,CP03181,0
TXN003027,ACC100028,2026-06-29 12:36:00,3361.49,N$,p2p_transfer,CP00386,1
TXN003028,ACC100197,2026-07-10 07:07:00,263.57,N$,bill_payment,CP01627,0
TXN003029,ACC100609,2026-07-05 22:02:00,241.48,N$,bill_payment,CP01540,0
TXN003030,ACC100044,2026-07-13 13:52:00,712.56,N$,merchant_payment,CP01180,0
TXN003031,ACC100315,2026-06-07 02:42:00,648.03,N$,p2p_transfer,CP01004,0
TXN003032,ACC100506,2026-07-15 19:52:00,903.97,N$,merchant_payment,CP03228,0
TXN003033,ACC100627,2026-07-14 08:51:00,758.23,N$,p2p_transfer,CP03214,0
TXN003034,ACC100058,2026-06-17 20:45:00,642.24,N$,p2p_transfer,CP01966,0
TXN003035,ACC100563,2026-06-10 19:13:00,297.04,N$,merchant_payment,CP01461,0
TXN003036,ACC100382,2026-06-05 06:34:00,266.47,N$,bill_payment,CP02255,0
TXN003037,ACC100113,2026-07-16 02:49:00,482.82,N$,merchant_payment,CP03924,0
TXN003038,ACC100476,2026-07-06 10:07:00,504.25,N$,merchant_payment,CP00692,0
TXN003039,ACC100315,2026-06-10 07:08:00,225.31,N$,p2p_transfer,CP02777,0
TXN003040,ACC100447,2026-07-24 11:49:00,333.48,N$,cash_out,CP00676,0
TXN003041,ACC100557,2026-07-08 18:45:00,362.22,N$,p2p_transfer,CP01252,0
TXN003042,ACC100531,2026-07-22 14:20:00,398.94,N$,p2p_transfer,CP01634,0
TXN003043,ACC100318,2026-07-12 11:32:00,179.79,N$,p2p_transfer,CP00904,0
TXN003044,ACC100674,2026-06-20 23:03:00,685.09,N$,p2p_transfer,CP00225,0
TXN003045,ACC100104,2026-06-11 07:03:00,571.09,N$,merchant_payment,CP00722,0
TXN003046,ACC100593,2026-06-02 10:18:00,277.47,N$,p2p_transfer,CP00379,0
TXN003047,ACC100167,2026-07-30 19:47:00,535.77,N$,merchant_payment,CP03197,0
TXN003048,ACC100044,2026-07-28 17:58:00,806.46,N$,merchant_payment,CP00090,0
TXN003049,ACC100225,2026-06-08 07:29:00,437.22,N$,cash_out,CP02471,0
TXN003050,ACC100489,2026-07-02 21:16:00,1022.17,N$,p2p_transfer,CP02019,0
TXN003051,ACC100525,2026-07-09 20:57:00,507.98,N$,p2p_transfer,CP00990,0
TXN003052,ACC100663,2026-07-07 23:21:00,785.72,N$,merchant_payment,CP00356,0
TXN003053,ACC100398,2026-07-07 10:50:00,1046.22,N$,p2p_transfer,CP03927,0
TXN003054,ACC100710,2026-06-29 14:42:00,863.77,N$,merchant_payment,CP01481,0
TXN003055,ACC100643,2026-06-15 04:05:00,234.1,N$,cash_out,CP03057,0
TXN003056,ACC100082,2026-07-25 17:34:00,541.1,N$,p2p_transfer,CP01406,0
TXN003057,ACC100160,2026-07-24 21:19:00,418.88,N$,merchant_payment,CP02231,0
TXN003058,ACC100786,2026-07-23 02:29:00,292.44,N$,merchant_payment,CP03611,0
TXN003059,ACC100048,2026-06-28 00:30:00,160.02,N$,merchant_payment,CP00087,0
TXN003060,ACC100349,2026-07-28 16:24:00,1012.0,N$,p2p_transfer,CP03248,0
TXN003061,ACC100141,2026-07-07 01:50:00,74.24,N$,cash_out,CP03852,0
TXN003062,ACC100627,2026-07-27 18:56:00,382.97,N$,merchant_payment,CP01413,0
TXN003063,ACC100267,2026-06-03 16:32:00,641.25,N$,merchant_payment,CP00215,0
TXN003064,ACC100574,2026-06-09 01:04:00,176.58,N$,merchant_payment,CP01796,0
TXN003065,ACC100365,2026-07-20 22:01:00,220.07,N$,merchant_payment,CP01010,0
TXN003066,ACC100689,2026-06-20 01:29:00,298.7,N$,merchant_payment,CP03248,0
TXN003067,ACC100748,2026-06-14 15:52:00,237.18,N$,merchant_payment,CP01161,0
TXN003068,ACC100147,2026-06-22 01:09:00,1266.21,N$,merchant_payment,CP00122,0
TXN003069,ACC100583,2026-07-28 01:22:00,92.52,N$,merchant_payment,CP03723,0
TXN003070,ACC100179,2026-07-10 12:25:00,574.72,N$,merchant_payment,CP02467,0
TXN003071,ACC100155,2026-07-21 18:09:00,436.16,N$,bill_payment,CP02619,0
TXN003072,ACC100390,2026-07-02 04:58:00,324.35,N$,merchant_payment,CP03006,0
TXN003073,ACC100153,2026-06-02 18:05:00,2577.75,N$,p2p_transfer,CP00998,0
TXN003074,ACC100400,2026-07-14 03:57:00,248.1,N$,p2p_transfer,CP02153,0
TXN003075,ACC100446,2026-06-27 15:03:00,246.85,N$,p2p_transfer,CP03548,0
TXN003076,ACC100479,2026-07-15 06:24:00,519.81,N$,merchant_payment,CP03911,0
TXN003077,ACC100248,2026-06-25 23:09:00,438.72,N$,cash_out,CP02710,0
TXN003078,ACC100457,2026-07-10 02:42:00,1473.82,N$,p2p_transfer,CP03804,0
TXN003079,ACC100465,2026-06-26 05:23:00,142.46,N$,merchant_payment,CP00877,0
TXN003080,ACC100545,2026-07-24 01:36:00,626.48,N$,bill_payment,CP00533,0
TXN003081,ACC100536,2026-07-05 22:04:00,1497.63,N$,p2p_transfer,CP01115,0
TXN003082,ACC100204,2026-06-09 01:22:00,354.34,N$,cash_out,CP00448,0
TXN003083,ACC100561,2026-07-11 23:28:00,79.45,N$,p2p_transfer,CP00490,0
TXN003084,ACC100100,2026-06-23 16:22:00,659.41,N$,merchant_payment,CP01721,0
TXN003085,ACC100496,2026-07-02 09:17:00,325.07,N$,p2p_transfer,CP00417,0
TXN003086,ACC100464,2026-06-28 15:43:00,819.74,N$,p2p_transfer,CP00388,0
TXN003087,ACC100767,2026-06-30 08:23:00,21739.32,N$,p2p_transfer,CP02773,1
TXN003088,ACC100764,2026-07-06 03:30:00,772.01,N$,merchant_payment,CP02638,0
TXN003089,ACC100336,2026-06-18 15:29:00,53.76,N$,bill_payment,CP03650,0
TXN003090,ACC100750,2026-06-15 04:48:00,144.51,N$,bill_payment,CP03053,0
TXN003091,ACC100674,2026-07-30 02:50:00,669.17,N$,p2p_transfer,CP01664,0
TXN003092,ACC100347,2026-07-23 03:06:00,677.6,N$,p2p_transfer,CP00448,0
TXN003093,ACC100263,2026-07-27 07:46:00,450.88,N$,cash_out,CP03743,0
TXN003094,ACC100001,2026-07-14 03:16:00,199.21,N$,bill_payment,CP01318,0
TXN003095,ACC100539,2026-06-13 22:14:00,758.64,N$,bill_payment,CP02343,0
TXN003096,ACC100183,2026-07-04 21:55:00,246.41,N$,merchant_payment,CP00682,0
TXN003097,ACC100233,2026-06-27 22:35:00,515.9,N$,p2p_transfer,CP03337,0
TXN003098,ACC100228,2026-07-18 13:25:00,439.17,N$,p2p_transfer,CP02517,0
TXN003099,ACC100797,2026-07-30 00:21:00,446.9,N$,p2p_transfer,CP02336,0
TXN003100,ACC100356,2026-06-16 14:06:00,60.38,N$,merchant_payment,CP02164,0
TXN003101,ACC100251,2026-07-03 08:52:00,242.1,N$,merchant_payment,CP02157,0
TXN003102,ACC100755,2026-07-13 13:31:00,307.12,N$,p2p_transfer,CP02334,0
TXN003103,ACC100028,2026-07-04 21:37:00,2044.4,N$,cash_out,CP00058,1
TXN003104,ACC100010,2026-07-01 15:18:00,3020.83,N$,merchant_payment,CP01318,0
TXN003105,ACC100089,2026-06-27 19:21:00,681.74,N$,bill_payment,CP02913,0
TXN003106,ACC100225,2026-06-11 12:55:00,862.7,N$,merchant_payment,CP00038,0
TXN003107,ACC100298,2026-06-18 14:56:00,205.37,N$,merchant_payment,CP01865,0
TXN003108,ACC100518,2026-06-17 00:01:00,917.48,N$,p2p_transfer,CP01779,0
TXN003109,ACC100686,2026-07-17 19:16:00,206.58,N$,p2p_transfer,CP02945,0
TXN003110,ACC100159,2026-07-11 02:00:00,810.93,N$,p2p_transfer,CP00139,0
TXN003111,ACC100683,2026-07-18 04:51:00,339.8,N$,bill_payment,CP03400,0
TXN003112,ACC100426,2026-07-04 03:38:00,139.49,N$,bill_payment,CP02201,0
TXN003113,ACC100588,2026-07-17 16:30:00,145.67,N$,p2p_transfer,CP01765,0
TXN003114,ACC100110,2026-06-02 18:41:00,508.48,N$,p2p_transfer,CP00452,0
TXN003115,ACC100582,2026-07-13 09:56:00,130.23,N$,p2p_transfer,CP03507,0
TXN003116,ACC100696,2026-06-30 14:00:00,2097.25,N$,p2p_transfer,CP01854,0
TXN003117,ACC100585,2026-07-17 21:43:00,190.67,N$,cash_out,CP00891,0
TXN003118,ACC100401,2026-07-19 15:35:00,327.57,N$,merchant_payment,CP02751,0
TXN003119,ACC100235,2026-06-21 00:42:00,599.15,N$,p2p_transfer,CP01133,0
TXN003120,ACC100244,2026-06-18 12:12:00,265.13,N$,bill_payment,CP01047,0
TXN003121,ACC100151,2026-07-15 09:34:00,482.09,N$,cash_out,CP02583,0
TXN003122,ACC100710,2026-06-09 13:41:00,605.58,N$,merchant_payment,CP03793,0
TXN003123,ACC100723,2026-06-20 03:16:00,836.92,N$,merchant_payment,CP00850,0
TXN003124,ACC100549,2026-07-20 10:32:00,259.73,N$,merchant_payment,CP03086,0
TXN003125,ACC100163,2026-07-07 23:02:00,551.88,N$,cash_out,CP01449,0
TXN003126,ACC100770,2026-07-24 18:02:00,546.39,N$,bill_payment,CP02055,0
TXN003127,ACC100503,2026-07-01 09:04:00,669.45,N$,p2p_transfer,CP03712,0
TXN003128,ACC100219,2026-06-16 21:23:00,637.16,N$,p2p_transfer,CP01008,0
TXN003129,ACC100664,2026-07-14 16:47:00,67.74,N$,p2p_transfer,CP01510,0
TXN003130,ACC100072,2026-07-20 04:01:00,312.61,N$,merchant_payment,CP02789,0
TXN003131,ACC100238,2026-06-18 21:23:00,570.68,N$,merchant_payment,CP03936,0
TXN003132,ACC100569,2026-06-04 16:46:00,706.94,N$,cash_out,CP00653,0
TXN003133,ACC100050,2026-07-12 21:19:00,429.36,N$,p2p_transfer,CP00505,0
TXN003134,ACC100596,2026-06-21 09:56:00,542.18,N$,merchant_payment,CP00881,0
TXN003135,ACC100453,2026-07-10 00:22:00,254.06,N$,p2p_transfer,CP00849,0
TXN003136,ACC100261,2026-07-02 19:45:00,898.4,N$,merchant_payment,CP00064,0
TXN003137,ACC100036,2026-06-18 04:55:00,670.14,N$,bill_payment,CP03004,0
TXN003138,ACC100599,2026-07-12 04:22:00,779.33,N$,p2p_transfer,CP03337,0
TXN003139,ACC100721,2026-07-16 16:33:00,194.09,N$,p2p_transfer,CP03517,0
TXN003140,ACC100083,2026-06-07 12:28:00,209.76,N$,p2p_transfer,CP02249,0
TXN003141,ACC100069,2026-07-26 02:57:00,119.43,N$,merchant_payment,CP00690,0
TXN003142,ACC100133,2026-06-22 09:31:00,308.59,N$,merchant_payment,CP00776,0
TXN003143,ACC100562,2026-07-07 02:32:00,404.15,N$,p2p_transfer,CP03647,0
TXN003144,ACC100179,2026-06-18 22:05:00,399.27,N$,merchant_payment,CP01532,0
TXN003145,ACC100650,2026-07-04 08:53:00,172.96,N$,merchant_payment,CP03343,0
TXN003146,ACC100311,2026-06-23 22:44:00,227.77,N$,bill_payment,CP01786,0
TXN003147,ACC100446,2026-07-24 22:53:00,97.32,N$,bill_payment,CP00282,0
TXN003148,ACC100387,2026-06-25 22:25:00,1224.06,N$,cash_out,CP03755,0
TXN003149,ACC100171,2026-07-19 00:07:00,836.51,N$,merchant_payment,CP00434,0
TXN003150,ACC100072,2026-06-15 21:24:00,311.97,N$,merchant_payment,CP03445,0
TXN003151,ACC100282,2026-07-15 07:42:00,78.49,N$,cash_out,CP00023,0
TXN003152,ACC100540,2026-07-24 13:43:00,207.32,N$,p2p_transfer,CP03161,0
TXN003153,ACC100371,2026-07-11 01:25:00,52.69,N$,p2p_transfer,CP02392,0
TXN003154,ACC100325,2026-06-06 22:30:00,64.92,N$,merchant_payment,CP01149,0
TXN003155,ACC100723,2026-07-06 11:17:00,458.56,N$,p2p_transfer,CP01770,0
TXN003156,ACC100354,2026-07-20 03:22:00,334.93,N$,bill_payment,CP03961,0
TXN003157,ACC100019,2026-07-25 07:16:00,472.43,N$,p2p_transfer,CP03169,0
TXN003158,ACC100429,2026-06-23 04:10:00,1130.34,N$,p2p_transfer,CP03841,0
TXN003159,ACC100008,2026-07-21 07:55:00,128.96,N$,bill_payment,CP01069,0
TXN003160,ACC100600,2026-06-08 04:07:00,366.57,N$,merchant_payment,CP02863,0
TXN003161,ACC100444,2026-07-14 02:46:00,195.14,N$,merchant_payment,CP02925,0
TXN003162,ACC100140,2026-06-23 08:47:00,323.41,N$,merchant_payment,CP00557,0
TXN003163,ACC100138,2026-06-05 18:58:00,246.36,N$,p2p_transfer,CP02237,0
TXN003164,ACC100211,2026-06-26 00:36:00,489.23,N$,p2p_transfer,CP02897,0
TXN003165,ACC100761,2026-06-05 22:22:00,105.37,N$,merchant_payment,CP03172,0
TXN003166,ACC100103,2026-07-20 22:06:00,776.16,N$,merchant_payment,CP00013,0
TXN003167,ACC100427,2026-06-14 20:17:00,167.59,N$,merchant_payment,CP03429,0
TXN003168,ACC100168,2026-07-01 06:36:00,295.47,N$,p2p_transfer,CP02796,0
TXN003169,ACC100405,2026-06-01 11:49:00,378.96,N$,merchant_payment,CP03835,0
TXN003170,ACC100173,2026-06-26 12:23:00,354.85,N$,p2p_transfer,CP02070,0
TXN003171,ACC100545,2026-07-17 06:44:00,613.83,N$,bill_payment,CP02123,0
TXN003172,ACC100438,2026-06-27 17:48:00,806.76,N$,cash_out,CP03621,0
TXN003173,ACC100645,2026-06-10 01:38:00,696.51,N$,p2p_transfer,CP02355,0
TXN003174,ACC100148,2026-06-30 20:56:00,301.22,N$,merchant_payment,CP01864,0
TXN003175,ACC100463,2026-06-02 04:34:00,188.26,N$,merchant_payment,CP01435,0
TXN003176,ACC100539,2026-06-14 07:27:00,306.86,N$,bill_payment,CP02701,0
TXN003177,ACC100588,2026-06-05 04:57:00,145.74,N$,merchant_payment,CP02720,0
TXN003178,ACC100451,2026-07-17 01:57:00,105.96,N$,merchant_payment,CP01960,0
TXN003179,ACC100574,2026-07-15 02:32:00,498.58,N$,bill_payment,CP01583,0
TXN003180,ACC100663,2026-07-06 19:13:00,715.05,N$,merchant_payment,CP00891,0
TXN003181,ACC100549,2026-07-21 14:06:00,85.69,N$,merchant_payment,CP00352,0
TXN003182,ACC100172,2026-06-06 21:17:00,443.52,N$,merchant_payment,CP01169,0
TXN003183,ACC100593,2026-06-20 06:35:00,306.99,N$,merchant_payment,CP03969,0
TXN003184,ACC100685,2026-07-02 20:36:00,1849.3,N$,merchant_payment,CP01235,0
TXN003185,ACC100348,2026-07-19 18:12:00,777.86,N$,merchant_payment,CP02691,0
TXN003186,ACC100767,2026-06-17 21:39:00,179.17,N$,p2p_transfer,CP03568,0
TXN003187,ACC100689,2026-06-24 13:05:00,906.37,N$,p2p_transfer,CP01474,0
TXN003188,ACC100218,2026-07-08 07:29:00,251.89,N$,merchant_payment,CP01102,0
TXN003189,ACC100177,2026-07-14 15:39:00,168.4,N$,merchant_payment,CP02558,0
TXN003190,ACC100205,2026-06-03 07:28:00,112.72,N$,p2p_transfer,CP01772,0
TXN003191,ACC100662,2026-07-17 09:37:00,273.79,N$,p2p_transfer,CP01064,0
TXN003192,ACC100221,2026-06-02 15:16:00,465.47,N$,merchant_payment,CP00771,0
TXN003193,ACC100737,2026-07-19 08:18:00,454.59,N$,cash_out,CP03902,0
TXN003194,ACC100213,2026-06-04 03:10:00,235.47,N$,merchant_payment,CP01632,0
TXN003195,ACC100233,2026-06-30 12:29:00,61.7,N$,merchant_payment,CP00492,0
TXN003196,ACC100271,2026-07-02 13:01:00,931.37,N$,merchant_payment,CP03451,0
TXN003197,ACC100353,2026-07-13 14:50:00,4116.65,N$,merchant_payment,CP01584,0
TXN003198,ACC100596,2026-06-30 11:24:00,258.15,N$,bill_payment,CP00286,0
TXN003199,ACC100635,2026-07-29 23:58:00,487.97,N$,cash_out,CP03630,0
TXN003200,ACC100049,2026-07-08 01:45:00,2802.61,N$,merchant_payment,CP03127,0
TXN003201,ACC100597,2026-06-19 15:18:00,604.06,N$,merchant_payment,CP00642,0
TXN003202,ACC100148,2026-06-06 01:16:00,1446.35,N$,merchant_payment,CP03142,0
TXN003203,ACC100633,2026-07-26 17:13:00,303.12,N$,p2p_transfer,CP00067,0
TXN003204,ACC100301,2026-06-15 14:50:00,272.89,N$,bill_payment,CP00110,0
TXN003205,ACC100616,2026-07-24 12:37:00,1238.97,N$,cash_out,CP02192,0
TXN003206,ACC100198,2026-06-30 13:33:00,291.5,N$,bill_payment,CP00768,0
TXN003207,ACC100047,2026-06-20 02:41:00,426.63,N$,cash_out,CP01714,0
TXN003208,ACC100151,2026-07-25 19:13:00,133.9,N$,bill_payment,CP00694,0
TXN003209,ACC100080,2026-07-11 00:07:00,248.81,N$,merchant_payment,CP00340,0
TXN003210,ACC100783,2026-06-23 04:20:00,769.78,N$,merchant_payment,CP01119,0
TXN003211,ACC100579,2026-07-02 19:25:00,287.44,N$,p2p_transfer,CP00421,0
TXN003212,ACC100141,2026-06-30 07:29:00,149.52,N$,cash_out,CP00208,0
TXN003213,ACC100034,2026-06-14 15:34:00,91.63,N$,merchant_payment,CP02117,0
TXN003214,ACC100183,2026-07-20 14:05:00,605.84,N$,merchant_payment,CP02459,0
TXN003215,ACC100628,2026-07-28 22:09:00,99.29,N$,merchant_payment,CP02895,0
TXN003216,ACC100512,2026-06-07 23:53:00,669.98,N$,p2p_transfer,CP03230,0
TXN003217,ACC100096,2026-07-20 08:29:00,157.31,N$,bill_payment,CP02060,0
TXN003218,ACC100092,2026-07-13 05:18:00,206.03,N$,merchant_payment,CP00886,0
TXN003219,ACC100593,2026-06-06 17:13:00,99.02,N$,cash_out,CP00766,0
TXN003220,ACC100799,2026-06-03 01:59:00,554.42,N$,p2p_transfer,CP01808,0
TXN003221,ACC100770,2026-06-01 03:23:00,519.49,N$,bill_payment,CP03943,0
TXN003222,ACC100149,2026-06-04 19:04:00,106.63,N$,p2p_transfer,CP00237,0
TXN003223,ACC100545,2026-06-14 04:26:00,161.37,N$,bill_payment,CP01408,0
TXN003224,ACC100586,2026-07-06 11:19:00,540.86,N$,merchant_payment,CP03062,0
TXN003225,ACC100381,2026-06-30 13:34:00,554.64,N$,merchant_payment,CP01776,0
TXN003226,ACC100572,2026-07-06 19:39:00,903.81,N$,cash_out,CP01757,0
TXN003227,ACC100759,2026-06-21 07:48:00,490.55,N$,p2p_transfer,CP00035,0
TXN003228,ACC100197,2026-07-13 15:43:00,922.13,N$,p2p_transfer,CP02412,0
TXN003229,ACC100577,2026-07-06 12:31:00,421.11,N$,merchant_payment,CP03255,0
TXN003230,ACC100280,2026-07-22 20:18:00,378.13,N$,p2p_transfer,CP00625,0
TXN003231,ACC100587,2026-07-21 19:59:00,107.56,N$,merchant_payment,CP03827,0
TXN003232,ACC100377,2026-06-11 00:12:00,182.42,N$,p2p_transfer,CP00802,0
TXN003233,ACC100794,2026-07-23 19:47:00,217.16,N$,merchant_payment,CP00890,0
TXN003234,ACC100313,2026-07-01 18:05:00,364.77,N$,p2p_transfer,CP01948,0
TXN003235,ACC100762,2026-06-17 05:00:00,438.26,N$,cash_out,CP01396,0
TXN003236,ACC100565,2026-06-15 01:32:00,149.27,N$,p2p_transfer,CP03873,0
TXN003237,ACC100697,2026-07-20 05:04:00,984.79,N$,merchant_payment,CP01857,0
TXN003238,ACC100616,2026-07-30 01:33:00,360.57,N$,cash_out,CP03163,0
TXN003239,ACC100187,2026-06-27 05:05:00,68.67,N$,p2p_transfer,CP01937,0
TXN003240,ACC100560,2026-06-13 10:42:00,299.31,N$,merchant_payment,CP01877,0
TXN003241,ACC100082,2026-07-22 13:53:00,510.86,N$,p2p_transfer,CP00198,0
TXN003242,ACC100080,2026-06-21 00:19:00,106.66,N$,merchant_payment,CP00147,0
TXN003243,ACC100003,2026-07-13 22:04:00,90.7,N$,merchant_payment,CP02923,0
TXN003244,ACC100394,2026-06-01 00:22:00,644.81,N$,p2p_transfer,CP00815,0
TXN003245,ACC100720,2026-07-14 11:44:00,70.73,N$,cash_out,CP00997,0
TXN003246,ACC100076,2026-06-21 12:00:00,463.7,N$,merchant_payment,CP01817,0
TXN003247,ACC100761,2026-07-27 17:57:00,715.12,N$,merchant_payment,CP01284,0
TXN003248,ACC100570,2026-06-29 11:20:00,383.87,N$,merchant_payment,CP01841,0
TXN003249,ACC100580,2026-06-06 12:34:00,185.42,N$,merchant_payment,CP02706,0
TXN003250,ACC100406,2026-06-24 18:21:00,368.94,N$,merchant_payment,CP00595,0
TXN003251,ACC100042,2026-07-01 15:01:00,310.94,N$,cash_out,CP00371,0
TXN003252,ACC100172,2026-06-25 22:30:00,216.22,N$,p2p_transfer,CP03058,0
TXN003253,ACC100288,2026-07-15 13:46:00,1310.31,N$,merchant_payment,CP00984,0
TXN003254,ACC100784,2026-07-27 11:22:00,127.01,N$,merchant_payment,CP03915,0
TXN003255,ACC100785,2026-07-05 00:25:00,474.14,N$,p2p_transfer,CP03411,0
TXN003256,ACC100107,2026-06-28 03:56:00,145.06,N$,p2p_transfer,CP00634,0
TXN003257,ACC100748,2026-07-20 15:22:00,1172.1,N$,merchant_payment,CP03988,0
TXN003258,ACC100074,2026-07-04 09:11:00,393.25,N$,bill_payment,CP03182,0
TXN003259,ACC100060,2026-06-26 18:22:00,110.11,N$,merchant_payment,CP02915,0
TXN003260,ACC100593,2026-07-04 17:42:00,1056.24,N$,p2p_transfer,CP02612,0
TXN003261,ACC100319,2026-07-29 09:48:00,103.84,N$,merchant_payment,CP01579,0
TXN003262,ACC100175,2026-07-02 09:09:00,106.75,N$,merchant_payment,CP03185,0
TXN003263,ACC100214,2026-07-05 15:41:00,221.92,N$,merchant_payment,CP00893,0
TXN003264,ACC100307,2026-06-19 11:09:00,191.65,N$,merchant_payment,CP02794,0
TXN003265,ACC100768,2026-07-23 21:47:00,244.71,N$,merchant_payment,CP00955,0
TXN003266,ACC100559,2026-06-07 10:33:00,176.05,N$,cash_out,CP03765,0
TXN003267,ACC100449,2026-06-17 00:04:00,193.68,N$,p2p_transfer,CP03914,0
TXN003268,ACC100424,2026-07-25 21:19:00,259.98,N$,merchant_payment,CP03022,0
TXN003269,ACC100563,2026-07-26 23:52:00,1178.42,N$,p2p_transfer,CP00087,1
TXN003270,ACC100785,2026-06-19 09:38:00,174.85,N$,merchant_payment,CP02432,0
TXN003271,ACC100239,2026-06-22 06:51:00,562.02,N$,cash_out,CP02692,0
TXN003272,ACC100541,2026-06-08 18:12:00,310.32,N$,p2p_transfer,CP01370,0
TXN003273,ACC100220,2026-06-24 02:03:00,552.11,N$,p2p_transfer,CP00036,0
TXN003274,ACC100277,2026-07-20 12:01:00,140.27,N$,merchant_payment,CP02844,0
TXN003275,ACC100338,2026-06-12 15:13:00,1843.45,N$,cash_out,CP00681,0
TXN003276,ACC100726,2026-06-06 03:19:00,279.86,N$,merchant_payment,CP00161,0
TXN003277,ACC100738,2026-06-09 01:08:00,265.24,N$,p2p_transfer,CP02164,0
TXN003278,ACC100276,2026-07-11 22:32:00,192.08,N$,p2p_transfer,CP00511,0
TXN003279,ACC100299,2026-07-27 12:06:00,1029.08,N$,p2p_transfer,CP03443,0
TXN003280,ACC100748,2026-07-14 15:39:00,134.57,N$,cash_out,CP01810,0
TXN003281,ACC100663,2026-06-10 11:24:00,607.88,N$,p2p_transfer,CP01865,0
TXN003282,ACC100050,2026-07-26 13:58:00,155.36,N$,p2p_transfer,CP02431,0
TXN003283,ACC100061,2026-07-09 00:10:00,116.98,N$,p2p_transfer,CP01890,0
TXN003284,ACC100715,2026-07-30 03:35:00,525.08,N$,cash_out,CP00769,0
TXN003285,ACC100227,2026-07-07 03:12:00,1168.03,N$,p2p_transfer,CP02462,0
TXN003286,ACC100395,2026-06-01 13:28:00,2984.21,N$,p2p_transfer,CP02714,0
TXN003287,ACC100158,2026-06-01 10:14:00,105.93,N$,p2p_transfer,CP02915,0
TXN003288,ACC100172,2026-06-23 21:25:00,387.59,N$,p2p_transfer,CP03703,0
TXN003289,ACC100662,2026-06-11 12:43:00,726.76,N$,merchant_payment,CP03215,0
TXN003290,ACC100003,2026-06-06 05:23:00,1003.97,N$,merchant_payment,CP03273,0
TXN003291,ACC100718,2026-06-30 03:07:00,704.41,N$,merchant_payment,CP03418,0
TXN003292,ACC100549,2026-06-21 05:43:00,221.92,N$,p2p_transfer,CP00746,0
TXN003293,ACC100474,2026-06-03 18:17:00,434.47,N$,p2p_transfer,CP00447,0
TXN003294,ACC100099,2026-07-25 04:56:00,142.35,N$,cash_out,CP00415,0
TXN003295,ACC100526,2026-07-01 01:04:00,180.2,N$,p2p_transfer,CP01611,0
TXN003296,ACC100260,2026-07-07 18:03:00,229.16,N$,p2p_transfer,CP02528,0
TXN003297,ACC100077,2026-07-26 07:52:00,333.2,N$,p2p_transfer,CP03209,1
TXN003298,ACC100469,2026-06-30 04:26:00,324.48,N$,merchant_payment,CP02537,0
TXN003299,ACC100343,2026-06-17 19:26:00,1517.8,N$,merchant_payment,CP00652,0
TXN003300,ACC100791,2026-06-09 16:43:00,228.08,N$,cash_out,CP00106,0
TXN003301,ACC100619,2026-06-12 13:29:00,888.69,N$,p2p_transfer,CP03689,0
TXN003302,ACC100052,2026-07-05 13:36:00,417.23,N$,p2p_transfer,CP00559,0
TXN003303,ACC100134,2026-07-16 17:00:00,101.26,N$,merchant_payment,CP03232,0
TXN003304,ACC100781,2026-07-22 08:48:00,143.95,N$,p2p_transfer,CP01850,0
TXN003305,ACC100194,2026-07-04 15:15:00,442.31,N$,merchant_payment,CP00126,0
TXN003306,ACC100634,2026-07-08 09:13:00,492.29,N$,p2p_transfer,CP01516,0
TXN003307,ACC100266,2026-07-07 08:58:00,231.17,N$,p2p_transfer,CP02410,0
TXN003308,ACC100419,2026-07-01 23:01:00,357.61,N$,merchant_payment,CP02305,0
TXN003309,ACC100408,2026-06-27 11:02:00,2228.04,N$,bill_payment,CP02660,0
TXN003310,ACC100054,2026-07-14 18:57:00,1991.72,N$,cash_out,CP03280,0
TXN003311,ACC100227,2026-06-29 13:10:00,296.35,N$,merchant_payment,CP02067,0
TXN003312,ACC100534,2026-06-06 14:19:00,128.09,N$,merchant_payment,CP02454,0
TXN003313,ACC100621,2026-06-12 02:16:00,2166.98,N$,bill_payment,CP03059,0
TXN003314,ACC100647,2026-06-06 13:44:00,422.99,N$,bill_payment,CP00477,0
TXN003315,ACC100143,2026-06-22 01:49:00,707.91,N$,p2p_transfer,CP02135,0
TXN003316,ACC100497,2026-07-03 14:50:00,952.76,N$,p2p_transfer,CP00912,0
TXN003317,ACC100336,2026-07-19 15:10:00,149.09,N$,merchant_payment,CP02930,0
TXN003318,ACC100056,2026-06-20 19:28:00,700.41,N$,p2p_transfer,CP02685,0
TXN003319,ACC100635,2026-06-14 15:29:00,200.28,N$,p2p_transfer,CP02639,0
TXN003320,ACC100110,2026-06-13 04:34:00,559.97,N$,p2p_transfer,CP03967,0
TXN003321,ACC100021,2026-06-09 17:12:00,172.71,N$,cash_out,CP03178,0
TXN003322,ACC100177,2026-07-04 01:41:00,828.85,N$,p2p_transfer,CP00091,0
TXN003323,ACC100723,2026-06-11 18:23:00,230.47,N$,p2p_transfer,CP03520,0
TXN003324,ACC100786,2026-06-15 04:41:00,324.28,N$,p2p_transfer,CP00215,0
TXN003325,ACC100112,2026-06-28 10:54:00,143.02,N$,p2p_transfer,CP02976,0
TXN003326,ACC100239,2026-06-02 20:57:00,347.73,N$,p2p_transfer,CP03520,0
TXN003327,ACC100763,2026-06-29 20:52:00,470.06,N$,p2p_transfer,CP00149,0
TXN003328,ACC100215,2026-07-11 16:33:00,1337.59,N$,merchant_payment,CP03531,0
TXN003329,ACC100390,2026-07-04 11:11:00,123.3,N$,cash_out,CP00321,0
TXN003330,ACC100319,2026-07-13 15:45:00,86.21,N$,p2p_transfer,CP02192,0
TXN003331,ACC100368,2026-06-02 03:21:00,219.11,N$,p2p_transfer,CP02200,0
TXN003332,ACC100379,2026-06-06 12:11:00,479.75,N$,bill_payment,CP02221,0
TXN003333,ACC100030,2026-06-19 02:26:00,799.76,N$,merchant_payment,CP00985,0
TXN003334,ACC100084,2026-06-21 13:15:00,1718.62,N$,cash_out,CP01287,1
TXN003335,ACC100177,2026-07-05 11:47:00,215.8,N$,p2p_transfer,CP01020,0
TXN003336,ACC100400,2026-06-19 02:40:00,2280.7,N$,p2p_transfer,CP00687,0
TXN003337,ACC100576,2026-07-30 01:34:00,403.66,N$,p2p_transfer,CP00466,0
TXN003338,ACC100194,2026-06-16 12:23:00,823.19,N$,bill_payment,CP02060,0
TXN003339,ACC100345,2026-07-30 07:26:00,326.25,N$,p2p_transfer,CP00123,0
TXN003340,ACC100468,2026-06-23 09:20:00,211.19,N$,p2p_transfer,CP00621,0
TXN003341,ACC100582,2026-07-20 23:32:00,637.48,N$,p2p_transfer,CP03410,0
TXN003342,ACC100502,2026-06-10 22:45:00,133.2,N$,cash_out,CP03427,0
TXN003343,ACC100339,2026-06-20 21:49:00,707.39,N$,merchant_payment,CP01029,0
TXN003344,ACC100197,2026-07-02 12:32:00,283.13,N$,merchant_payment,CP00190,0
TXN003345,ACC100612,2026-06-04 17:10:00,585.87,N$,p2p_transfer,CP02403,0
TXN003346,ACC100248,2026-06-22 23:29:00,7715.82,N$,p2p_transfer,CP01846,1
TXN003347,ACC100506,2026-06-04 10:10:00,708.23,N$,cash_out,CP03889,0
TXN003348,ACC100393,2026-07-12 20:54:00,282.89,N$,merchant_payment,CP02515,0
TXN003349,ACC100657,2026-07-18 15:51:00,213.75,N$,p2p_transfer,CP01499,0
TXN003350,ACC100149,2026-07-29 10:10:00,972.71,N$,merchant_payment,CP01896,0
TXN003351,ACC100547,2026-06-14 12:14:00,371.49,N$,merchant_payment,CP03654,0
TXN003352,ACC100427,2026-07-11 23:23:00,529.35,N$,bill_payment,CP02928,0
TXN003353,ACC100377,2026-07-16 15:36:00,192.52,N$,p2p_transfer,CP02818,0
TXN003354,ACC100778,2026-07-03 05:35:00,180.72,N$,p2p_transfer,CP02599,0
TXN003355,ACC100028,2026-07-30 10:10:00,260.02,N$,cash_out,CP02272,0
TXN003356,ACC100516,2026-07-02 14:15:00,110.47,N$,merchant_payment,CP02580,0
TXN003357,ACC100139,2026-06-29 12:29:00,222.57,N$,p2p_transfer,CP03359,0
TXN003358,ACC100537,2026-07-04 11:41:00,316.86,N$,p2p_transfer,CP01063,0
TXN003359,ACC100131,2026-06-27 23:19:00,134.1,N$,merchant_payment,CP03506,0
TXN003360,ACC100735,2026-06-21 23:24:00,320.35,N$,cash_out,CP01642,0
TXN003361,ACC100736,2026-06-15 10:48:00,398.12,N$,p2p_transfer,CP00762,0
TXN003362,ACC100702,2026-06-06 18:29:00,195.23,N$,p2p_transfer,CP02644,0
TXN003363,ACC100771,2026-06-15 19:15:00,374.88,N$,bill_payment,CP02517,0
TXN003364,ACC100331,2026-07-08 17:20:00,730.59,N$,p2p_transfer,CP00123,0
TXN003365,ACC100149,2026-06-01 14:54:00,848.52,N$,p2p_transfer,CP00073,0
TXN003366,ACC100146,2026-07-05 15:42:00,233.43,N$,merchant_payment,CP01269,0
TXN003367,ACC100268,2026-06-22 20:07:00,3380.75,N$,cash_out,CP01014,1
TXN003368,ACC100357,2026-06-20 00:18:00,1256.14,N$,merchant_payment,CP00607,0
TXN003369,ACC100443,2026-07-08 03:48:00,470.06,N$,merchant_payment,CP01607,0
TXN003370,ACC100117,2026-07-06 01:19:00,533.77,N$,p2p_transfer,CP03599,0
TXN003371,ACC100401,2026-06-09 17:55:00,196.19,N$,merchant_payment,CP00686,0
TXN003372,ACC100668,2026-07-20 07:08:00,2024.49,N$,p2p_transfer,CP00567,0
TXN003373,ACC100471,2026-07-05 10:27:00,1441.18,N$,p2p_transfer,CP01322,0
TXN003374,ACC100189,2026-06-28 16:54:00,93.06,N$,p2p_transfer,CP03908,0
TXN003375,ACC100148,2026-06-09 16:56:00,529.01,N$,merchant_payment,CP01380,0
TXN003376,ACC100769,2026-06-17 08:29:00,1358.53,N$,merchant_payment,CP02724,0
TXN003377,ACC100659,2026-07-23 13:39:00,808.07,N$,p2p_transfer,CP02605,0
TXN003378,ACC100503,2026-06-30 01:02:00,1530.72,N$,cash_out,CP01968,0
TXN003379,ACC100781,2026-07-04 14:09:00,100.58,N$,p2p_transfer,CP02903,0
TXN003380,ACC100187,2026-07-28 01:16:00,634.49,N$,cash_out,CP03159,0
TXN003381,ACC100018,2026-06-03 00:22:00,244.63,N$,p2p_transfer,CP01173,0
TXN003382,ACC100774,2026-07-02 21:41:00,277.17,N$,merchant_payment,CP02116,0
TXN003383,ACC100741,2026-07-30 15:42:00,257.0,N$,merchant_payment,CP02539,0
TXN003384,ACC100191,2026-07-06 09:07:00,1077.31,N$,bill_payment,CP00605,0
TXN003385,ACC100107,2026-07-04 08:49:00,414.27,N$,merchant_payment,CP03970,0
TXN003386,ACC100467,2026-06-11 08:33:00,650.83,N$,p2p_transfer,CP01093,0
TXN003387,ACC100769,2026-06-19 11:32:00,546.41,N$,merchant_payment,CP02701,0
TXN003388,ACC100599,2026-07-07 18:20:00,157.73,N$,merchant_payment,CP03766,0
TXN003389,ACC100063,2026-06-25 17:24:00,376.73,N$,merchant_payment,CP00370,0
TXN003390,ACC100034,2026-06-06 17:28:00,181.17,N$,p2p_transfer,CP01514,0
TXN003391,ACC100148,2026-06-16 12:03:00,535.79,N$,merchant_payment,CP00436,0
TXN003392,ACC100087,2026-07-01 19:13:00,666.77,N$,p2p_transfer,CP00711,0
TXN003393,ACC100510,2026-06-09 23:01:00,658.84,N$,cash_out,CP00666,0
TXN003394,ACC100589,2026-07-28 22:14:00,142.77,N$,cash_out,CP02827,0
TXN003395,ACC100752,2026-07-03 19:48:00,166.34,N$,p2p_transfer,CP02537,0
TXN003396,ACC100078,2026-06-15 21:03:00,153.66,N$,p2p_transfer,CP02867,0
TXN003397,ACC100041,2026-07-19 08:35:00,1270.6,N$,cash_out,CP03519,0
TXN003398,ACC100523,2026-06-01 11:50:00,312.57,N$,p2p_transfer,CP01311,0
TXN003399,ACC100114,2026-07-03 04:23:00,69.61,N$,p2p_transfer,CP03353,0
TXN003400,ACC100645,2026-06-26 16:34:00,1236.23,N$,merchant_payment,CP01933,0
TXN003401,ACC100315,2026-07-18 18:12:00,429.5,N$,cash_out,CP02605,0
TXN003402,ACC100152,2026-06-12 19:39:00,299.46,N$,cash_out,CP00088,0
TXN003403,ACC100038,2026-06-07 00:36:00,963.38,N$,p2p_transfer,CP01473,0
TXN003404,ACC100434,2026-07-11 07:59:00,3200.2,N$,cash_out,CP01808,1
TXN003405,ACC100009,2026-06-07 16:54:00,656.57,N$,bill_payment,CP03892,0
TXN003406,ACC100510,2026-07-06 05:38:00,237.99,N$,p2p_transfer,CP00030,0
TXN003407,ACC100160,2026-06-28 13:40:00,233.41,N$,p2p_transfer,CP02862,0
TXN003408,ACC100411,2026-07-30 04:31:00,161.02,N$,bill_payment,CP01387,0
TXN003409,ACC100021,2026-07-20 01:00:00,562.29,N$,p2p_transfer,CP03971,0
TXN003410,ACC100570,2026-06-16 08:52:00,501.83,N$,p2p_transfer,CP02154,0
TXN003411,ACC100520,2026-07-22 02:02:00,444.1,N$,p2p_transfer,CP03813,0
TXN003412,ACC100723,2026-07-03 09:53:00,197.28,N$,p2p_transfer,CP03449,0
TXN003413,ACC100088,2026-07-27 09:27:00,10069.31,N$,cash_out,CP02346,1
TXN003414,ACC100073,2026-07-17 13:08:00,709.77,N$,p2p_transfer,CP00680,0
TXN003415,ACC100090,2026-07-26 03:41:00,341.98,N$,p2p_transfer,CP02677,0
TXN003416,ACC100658,2026-06-04 05:27:00,1316.31,N$,p2p_transfer,CP02394,0
TXN003417,ACC100522,2026-07-13 04:47:00,906.2,N$,merchant_payment,CP03654,0
TXN003418,ACC100740,2026-06-21 03:34:00,351.67,N$,p2p_transfer,CP01390,0
TXN003419,ACC100524,2026-06-13 19:31:00,1142.34,N$,p2p_transfer,CP00783,0
TXN003420,ACC100245,2026-06-20 06:32:00,1435.11,N$,p2p_transfer,CP01494,0
TXN003421,ACC100358,2026-07-04 23:56:00,476.79,N$,merchant_payment,CP02003,0
TXN003422,ACC100217,2026-06-08 02:57:00,288.86,N$,merchant_payment,CP00291,0
TXN003423,ACC100729,2026-07-17 20:19:00,560.15,N$,cash_out,CP01266,0
TXN003424,ACC100369,2026-06-03 16:13:00,608.16,N$,merchant_payment,CP01896,0
TXN003425,ACC100519,2026-06-06 03:39:00,1067.21,N$,bill_payment,CP02089,0
TXN003426,ACC100033,2026-07-03 14:57:00,457.48,N$,bill_payment,CP01041,0
TXN003427,ACC100033,2026-07-22 00:41:00,575.16,N$,p2p_transfer,CP01150,0
TXN003428,ACC100002,2026-06-07 09:29:00,176.45,N$,merchant_payment,CP03312,0
TXN003429,ACC100298,2026-06-16 02:44:00,579.58,N$,p2p_transfer,CP02061,0
TXN003430,ACC100760,2026-07-20 10:50:00,245.71,N$,p2p_transfer,CP02437,0
TXN003431,ACC100175,2026-07-23 12:50:00,474.02,N$,merchant_payment,CP01638,0
TXN003432,ACC100369,2026-07-04 20:24:00,419.82,N$,merchant_payment,CP03498,0
TXN003433,ACC100419,2026-06-08 22:41:00,9680.8,N$,cash_out,CP03193,1
TXN003434,ACC100327,2026-07-19 12:31:00,47.73,N$,cash_out,CP03543,0
TXN003435,ACC100261,2026-06-05 18:43:00,470.46,N$,cash_out,CP01913,0
TXN003436,ACC100681,2026-07-28 05:35:00,154.96,N$,bill_payment,CP02039,0
TXN003437,ACC100128,2026-06-26 06:59:00,243.39,N$,p2p_transfer,CP03499,0
TXN003438,ACC100284,2026-06-19 20:44:00,57.92,N$,bill_payment,CP00622,0
TXN003439,ACC100050,2026-07-20 05:55:00,83.39,N$,merchant_payment,CP01044,0
TXN003440,ACC100670,2026-07-28 08:58:00,816.98,N$,p2p_transfer,CP03866,0
TXN003441,ACC100018,2026-06-03 00:51:00,521.99,N$,p2p_transfer,CP02758,0
TXN003442,ACC100140,2026-07-14 06:00:00,2904.61,N$,p2p_transfer,CP03811,0
TXN003443,ACC100749,2026-07-19 16:16:00,984.22,N$,merchant_payment,CP01409,0
TXN003444,ACC100201,2026-07-07 11:47:00,401.69,N$,p2p_transfer,CP00758,0
TXN003445,ACC100145,2026-06-29 09:40:00,184.48,N$,bill_payment,CP03493,0
TXN003446,ACC100698,2026-06-11 09:41:00,240.83,N$,p2p_transfer,CP03757,0
TXN003447,ACC100140,2026-07-11 13:03:00,597.94,N$,merchant_payment,CP01358,0
TXN003448,ACC100180,2026-07-16 01:13:00,1527.89,N$,merchant_payment,CP00417,0
TXN003449,ACC100358,2026-07-29 14:02:00,520.87,N$,merchant_payment,CP01271,0
TXN003450,ACC100482,2026-07-13 15:01:00,263.12,N$,p2p_transfer,CP02322,0
TXN003451,ACC100704,2026-07-07 15:25:00,280.44,N$,merchant_payment,CP01371,0
TXN003452,ACC100421,2026-07-26 00:04:00,132.89,N$,p2p_transfer,CP00537,0
TXN003453,ACC100090,2026-06-29 03:28:00,462.47,N$,merchant_payment,CP01042,0
TXN003454,ACC100017,2026-06-04 20:19:00,401.24,N$,p2p_transfer,CP03491,0
TXN003455,ACC100028,2026-07-06 14:09:00,567.67,N$,merchant_payment,CP00310,0
TXN003456,ACC100397,2026-06-22 23:06:00,377.66,N$,p2p_transfer,CP02343,0
TXN003457,ACC100013,2026-06-18 18:58:00,243.5,N$,p2p_transfer,CP00116,0
TXN003458,ACC100754,2026-07-12 20:00:00,601.99,N$,p2p_transfer,CP00951,0
TXN003459,ACC100273,2026-06-30 01:46:00,223.78,N$,p2p_transfer,CP03545,0
TXN003460,ACC100548,2026-06-26 06:20:00,407.17,N$,p2p_transfer,CP02477,0
TXN003461,ACC100747,2026-07-19 06:02:00,356.38,N$,p2p_transfer,CP00639,0
TXN003462,ACC100223,2026-07-25 18:41:00,337.2,N$,p2p_transfer,CP01400,0
TXN003463,ACC100509,2026-07-20 15:27:00,684.58,N$,p2p_transfer,CP02096,0
TXN003464,ACC100565,2026-07-15 10:51:00,477.28,N$,p2p_transfer,CP00964,0
TXN003465,ACC100142,2026-06-26 09:08:00,222.81,N$,cash_out,CP03055,0
TXN003466,ACC100394,2026-06-23 17:40:00,654.28,N$,cash_out,CP00935,0
TXN003467,ACC100148,2026-06-18 11:20:00,853.72,N$,p2p_transfer,CP03901,0
TXN003468,ACC100440,2026-06-30 22:59:00,179.09,N$,bill_payment,CP03408,0
TXN003469,ACC100058,2026-07-17 06:09:00,159.59,N$,merchant_payment,CP01188,0
TXN003470,ACC100432,2026-07-11 15:28:00,245.63,N$,cash_out,CP03863,0
TXN003471,ACC100088,2026-06-13 14:30:00,2587.05,N$,cash_out,CP00087,1
TXN003472,ACC100583,2026-07-09 00:29:00,627.01,N$,merchant_payment,CP00675,0
TXN003473,ACC100310,2026-07-19 05:16:00,223.61,N$,p2p_transfer,CP02643,0
TXN003474,ACC100579,2026-06-25 22:50:00,852.47,N$,p2p_transfer,CP01994,0
TXN003475,ACC100075,2026-06-26 19:41:00,678.04,N$,p2p_transfer,CP01047,0
TXN003476,ACC100085,2026-06-04 07:05:00,173.7,N$,p2p_transfer,CP01123,0
TXN003477,ACC100622,2026-07-30 04:41:00,522.21,N$,p2p_transfer,CP02796,0
TXN003478,ACC100180,2026-06-22 04:04:00,800.87,N$,p2p_transfer,CP02321,0
TXN003479,ACC100258,2026-06-14 03:42:00,856.12,N$,p2p_transfer,CP00697,0
TXN003480,ACC100735,2026-07-15 23:32:00,896.46,N$,cash_out,CP03365,0
TXN003481,ACC100035,2026-06-20 04:28:00,857.35,N$,cash_out,CP02975,0
TXN003482,ACC100620,2026-06-17 15:36:00,417.38,N$,merchant_payment,CP02762,0
TXN003483,ACC100295,2026-06-24 07:09:00,12503.63,N$,cash_out,CP02760,1
TXN003484,ACC100210,2026-07-09 13:21:00,524.48,N$,p2p_transfer,CP03660,0
TXN003485,ACC100624,2026-07-30 04:41:00,270.67,N$,merchant_payment,CP02255,0
TXN003486,ACC100442,2026-06-01 20:01:00,668.67,N$,p2p_transfer,CP01653,0
TXN003487,ACC100160,2026-07-03 18:15:00,567.17,N$,p2p_transfer,CP03807,0
TXN003488,ACC100174,2026-07-29 10:28:00,332.97,N$,merchant_payment,CP03242,0
TXN003489,ACC100080,2026-06-13 15:15:00,834.12,N$,merchant_payment,CP00342,0
TXN003490,ACC100773,2026-07-15 01:00:00,637.61,N$,bill_payment,CP00958,0
TXN003491,ACC100522,2026-07-04 02:59:00,348.68,N$,p2p_transfer,CP01689,0
TXN003492,ACC100064,2026-07-26 22:17:00,342.02,N$,merchant_payment,CP00529,0
TXN003493,ACC100729,2026-06-24 01:24:00,417.43,N$,p2p_transfer,CP02325,0
TXN003494,ACC100430,2026-07-07 02:19:00,219.62,N$,bill_payment,CP01801,0
TXN003495,ACC100058,2026-07-21 08:11:00,626.96,N$,p2p_transfer,CP02550,0
TXN003496,ACC100129,2026-07-30 07:57:00,200.39,N$,p2p_transfer,CP01989,0
TXN003497,ACC100523,2026-07-21 18:10:00,567.98,N$,merchant_payment,CP01676,0
TXN003498,ACC100179,2026-06-30 16:17:00,485.74,N$,p2p_transfer,CP01588,0
TXN003499,ACC100275,2026-06-26 23:33:00,129.1,N$,merchant_payment,CP00475,0
TXN003500,ACC100680,2026-06-26 15:21:00,514.37,N$,cash_out,CP00895,0
TXN003501,ACC100250,2026-07-01 07:38:00,241.99,N$,p2p_transfer,CP02639,0
TXN003502,ACC100454,2026-07-12 06:32:00,745.3,N$,cash_out,CP02002,0
TXN003503,ACC100556,2026-06-15 20:06:00,174.49,N$,p2p_transfer,CP02714,0
TXN003504,ACC100794,2026-06-18 05:41:00,1101.17,N$,cash_out,CP01194,0
TXN003505,ACC100118,2026-06-15 15:00:00,575.29,N$,cash_out,CP02913,0
TXN003506,ACC100494,2026-07-06 06:35:00,382.95,N$,p2p_transfer,CP03878,0
TXN003507,ACC100080,2026-07-11 16:08:00,121.66,N$,merchant_payment,CP03314,0
TXN003508,ACC100508,2026-06-29 20:51:00,409.21,N$,bill_payment,CP03613,0
TXN003509,ACC100553,2026-07-22 06:55:00,367.68,N$,merchant_payment,CP00412,0
TXN003510,ACC100104,2026-06-25 19:57:00,141.71,N$,p2p_transfer,CP02262,0
TXN003511,ACC100010,2026-06-23 11:23:00,232.56,N$,bill_payment,CP02725,0
TXN003512,ACC100038,2026-07-16 05:59:00,562.5,N$,merchant_payment,CP01130,0
TXN003513,ACC100415,2026-07-22 08:11:00,106.29,N$,cash_out,CP01672,0
TXN003514,ACC100190,2026-06-21 07:29:00,333.12,N$,merchant_payment,CP00964,0
TXN003515,ACC100281,2026-06-28 12:07:00,817.14,N$,merchant_payment,CP01209,0
TXN003516,ACC100171,2026-07-21 19:35:00,1927.51,N$,cash_out,CP03719,1
TXN003517,ACC100480,2026-07-01 09:02:00,248.49,N$,p2p_transfer,CP03954,0
TXN003518,ACC100151,2026-06-11 13:49:00,139.17,N$,p2p_transfer,CP02781,0
TXN003519,ACC100498,2026-06-27 04:37:00,662.08,N$,p2p_transfer,CP02800,0
TXN003520,ACC100765,2026-06-07 16:53:00,614.07,N$,merchant_payment,CP00558,0
TXN003521,ACC100301,2026-06-17 05:16:00,359.08,N$,p2p_transfer,CP02965,0
TXN003522,ACC100537,2026-07-23 14:17:00,88.99,N$,p2p_transfer,CP03899,0
TXN003523,ACC100416,2026-06-10 15:13:00,363.44,N$,bill_payment,CP00966,0
TXN003524,ACC100204,2026-06-19 00:10:00,181.49,N$,merchant_payment,CP02201,0
TXN003525,ACC100595,2026-07-10 08:20:00,108.68,N$,p2p_transfer,CP02134,0
TXN003526,ACC100440,2026-07-13 03:01:00,2982.42,N$,merchant_payment,CP03794,0
TXN003527,ACC100018,2026-06-08 01:19:00,124.62,N$,merchant_payment,CP00270,0
TXN003528,ACC100214,2026-07-05 17:12:00,510.33,N$,p2p_transfer,CP01145,0
TXN003529,ACC100753,2026-07-01 12:25:00,282.11,N$,cash_out,CP01494,0
TXN003530,ACC100536,2026-06-25 00:07:00,301.0,N$,cash_out,CP01496,0
TXN003531,ACC100058,2026-07-01 01:18:00,162.92,N$,p2p_transfer,CP02278,0
TXN003532,ACC100270,2026-07-03 16:16:00,571.06,N$,p2p_transfer,CP03631,0
TXN003533,ACC100434,2026-07-01 02:08:00,3120.15,N$,p2p_transfer,CP03980,1
TXN003534,ACC100472,2026-06-19 06:15:00,578.03,N$,merchant_payment,CP00089,0
TXN003535,ACC100535,2026-06-01 04:26:00,560.63,N$,p2p_transfer,CP00622,0
TXN003536,ACC100037,2026-06-02 15:57:00,1990.22,N$,merchant_payment,CP01876,0
TXN003537,ACC100576,2026-07-04 03:25:00,473.05,N$,merchant_payment,CP03228,0
TXN003538,ACC100409,2026-06-06 13:52:00,326.34,N$,cash_out,CP03784,0
TXN003539,ACC100283,2026-07-01 01:00:00,3980.4,N$,p2p_transfer,CP01712,0
TXN003540,ACC100332,2026-07-24 06:55:00,203.86,N$,p2p_transfer,CP00557,0
TXN003541,ACC100259,2026-06-13 05:14:00,1371.95,N$,p2p_transfer,CP03643,1
TXN003542,ACC100064,2026-06-19 03:09:00,598.34,N$,p2p_transfer,CP02692,0
TXN003543,ACC100467,2026-07-21 19:46:00,166.57,N$,p2p_transfer,CP01123,0
TXN003544,ACC100342,2026-06-16 02:14:00,331.27,N$,p2p_transfer,CP00762,0
TXN003545,ACC100235,2026-06-29 07:24:00,277.62,N$,cash_out,CP00948,0
TXN003546,ACC100007,2026-07-16 15:52:00,187.78,N$,p2p_transfer,CP00928,0
TXN003547,ACC100753,2026-07-15 01:21:00,1411.37,N$,p2p_transfer,CP01342,0
TXN003548,ACC100331,2026-06-05 17:06:00,641.89,N$,p2p_transfer,CP03758,0
TXN003549,ACC100308,2026-07-26 11:48:00,575.61,N$,p2p_transfer,CP02768,0
TXN003550,ACC100056,2026-06-30 02:10:00,995.3,N$,bill_payment,CP00755,0
TXN003551,ACC100484,2026-07-26 17:35:00,215.33,N$,p2p_transfer,CP01898,0
TXN003552,ACC100797,2026-06-08 07:46:00,1004.17,N$,p2p_transfer,CP03829,0
TXN003553,ACC100643,2026-06-23 06:01:00,542.48,N$,p2p_transfer,CP02010,0
TXN003554,ACC100636,2026-06-14 18:59:00,378.04,N$,bill_payment,CP03432,0
TXN003555,ACC100545,2026-07-03 06:07:00,273.1,N$,cash_out,CP02186,0
TXN003556,ACC100627,2026-07-04 11:43:00,267.03,N$,p2p_transfer,CP00539,0
TXN003557,ACC100249,2026-06-04 15:46:00,230.44,N$,merchant_payment,CP00489,0
TXN003558,ACC100496,2026-06-21 13:12:00,467.36,N$,merchant_payment,CP03904,0
TXN003559,ACC100000,2026-06-06 07:37:00,585.89,N$,p2p_transfer,CP02218,0
TXN003560,ACC100146,2026-06-13 21:53:00,508.86,N$,merchant_payment,CP03347,0
TXN003561,ACC100551,2026-06-20 22:07:00,897.59,N$,cash_out,CP03762,0
TXN003562,ACC100341,2026-06-27 21:22:00,17818.55,N$,cash_out,CP00233,1
TXN003563,ACC100551,2026-07-11 17:45:00,165.17,N$,bill_payment,CP01623,0
TXN003564,ACC100699,2026-06-05 23:51:00,481.3,N$,p2p_transfer,CP01818,0
TXN003565,ACC100554,2026-07-23 07:35:00,713.99,N$,merchant_payment,CP00310,0
TXN003566,ACC100227,2026-06-15 14:24:00,494.25,N$,cash_out,CP03502,0
TXN003567,ACC100316,2026-07-10 04:29:00,182.39,N$,cash_out,CP03320,0
TXN003568,ACC100231,2026-07-20 00:23:00,147.7,N$,merchant_payment,CP02191,0
TXN003569,ACC100139,2026-06-02 22:29:00,3429.86,N$,bill_payment,CP00555,0
TXN003570,ACC100086,2026-07-02 09:35:00,1021.36,N$,merchant_payment,CP01457,0
TXN003571,ACC100749,2026-06-23 18:08:00,360.7,N$,p2p_transfer,CP03890,0
TXN003572,ACC100139,2026-06-12 15:30:00,363.85,N$,p2p_transfer,CP01970,0
TXN003573,ACC100601,2026-07-14 01:21:00,109.66,N$,p2p_transfer,CP00130,0
TXN003574,ACC100029,2026-06-26 23:51:00,685.25,N$,bill_payment,CP02477,0
TXN003575,ACC100024,2026-07-21 12:15:00,1012.31,N$,p2p_transfer,CP01114,0
TXN003576,ACC100388,2026-07-13 18:44:00,938.96,N$,p2p_transfer,CP02481,0
TXN003577,ACC100608,2026-06-11 05:51:00,433.01,N$,bill_payment,CP03269,0
TXN003578,ACC100223,2026-07-11 10:20:00,207.32,N$,bill_payment,CP01765,0
TXN003579,ACC100620,2026-06-03 22:12:00,296.74,N$,p2p_transfer,CP00921,0
TXN003580,ACC100365,2026-07-30 16:16:00,123.32,N$,p2p_transfer,CP03028,0
TXN003581,ACC100414,2026-07-14 02:56:00,166.28,N$,cash_out,CP02543,0
TXN003582,ACC100045,2026-06-03 13:39:00,1233.31,N$,p2p_transfer,CP01582,0
TXN003583,ACC100211,2026-07-03 08:29:00,908.61,N$,merchant_payment,CP03394,0
TXN003584,ACC100179,2026-06-21 10:42:00,981.24,N$,merchant_payment,CP03811,0
TXN003585,ACC100739,2026-07-26 16:05:00,245.98,N$,cash_out,CP00339,0
TXN003586,ACC100159,2026-06-06 04:18:00,331.25,N$,p2p_transfer,CP01348,0
TXN003587,ACC100106,2026-07-10 16:59:00,469.16,N$,cash_out,CP02993,0
TXN003588,ACC100651,2026-06-07 18:33:00,942.19,N$,merchant_payment,CP00749,0
TXN003589,ACC100265,2026-07-18 13:09:00,357.91,N$,bill_payment,CP03961,0
TXN003590,ACC100478,2026-07-02 16:32:00,301.91,N$,merchant_payment,CP00326,0
TXN003591,ACC100265,2026-07-28 03:46:00,1248.26,N$,p2p_transfer,CP01583,1
TXN003592,ACC100742,2026-07-06 08:57:00,466.41,N$,p2p_transfer,CP03940,0
TXN003593,ACC100647,2026-07-12 17:07:00,149.48,N$,cash_out,CP01025,0
TXN003594,ACC100734,2026-06-16 17:40:00,258.87,N$,cash_out,CP02417,0
TXN003595,ACC100262,2026-07-08 22:54:00,930.13,N$,cash_out,CP03937,0
TXN003596,ACC100344,2026-06-18 04:42:00,175.28,N$,merchant_payment,CP00497,0
TXN003597,ACC100760,2026-07-18 02:45:00,232.44,N$,p2p_transfer,CP00415,0
TXN003598,ACC100411,2026-07-28 15:43:00,187.65,N$,p2p_transfer,CP02938,0
TXN003599,ACC100187,2026-06-05 16:27:00,239.82,N$,merchant_payment,CP02754,0
TXN003600,ACC100122,2026-06-11 17:31:00,565.58,N$,p2p_transfer,CP01755,0
TXN003601,ACC100667,2026-07-09 00:47:00,569.67,N$,merchant_payment,CP02239,0
TXN003602,ACC100744,2026-06-14 12:18:00,1114.11,N$,bill_payment,CP03143,0
TXN003603,ACC100298,2026-07-07 07:23:00,846.87,N$,p2p_transfer,CP03535,0
TXN003604,ACC100217,2026-06-29 20:32:00,971.07,N$,bill_payment,CP00534,0
TXN003605,ACC100083,2026-06-19 12:15:00,2319.11,N$,p2p_transfer,CP01572,0
TXN003606,ACC100185,2026-06-15 11:56:00,530.46,N$,merchant_payment,CP03033,0
TXN003607,ACC100508,2026-06-04 10:52:00,419.4,N$,p2p_transfer,CP00302,0
TXN003608,ACC100035,2026-06-12 20:18:00,434.97,N$,merchant_payment,CP03684,0
TXN003609,ACC100412,2026-06-30 23:54:00,1848.13,N$,cash_out,CP03913,0
TXN003610,ACC100420,2026-06-28 03:59:00,341.45,N$,merchant_payment,CP02486,0
TXN003611,ACC100734,2026-07-22 17:07:00,609.84,N$,p2p_transfer,CP01163,0
TXN003612,ACC100114,2026-07-04 17:01:00,487.31,N$,cash_out,CP00829,0
TXN003613,ACC100651,2026-07-10 11:33:00,1735.7,N$,p2p_transfer,CP03342,0
TXN003614,ACC100484,2026-07-09 09:03:00,130.49,N$,merchant_payment,CP00441,0
TXN003615,ACC100650,2026-07-07 06:55:00,219.44,N$,p2p_transfer,CP03893,0
TXN003616,ACC100279,2026-07-11 10:30:00,535.93,N$,p2p_transfer,CP00359,0
TXN003617,ACC100401,2026-07-07 04:58:00,721.68,N$,merchant_payment,CP03966,0
TXN003618,ACC100437,2026-06-12 19:30:00,596.69,N$,p2p_transfer,CP03407,0
TXN003619,ACC100034,2026-07-07 03:53:00,1762.34,N$,merchant_payment,CP01201,0
TXN003620,ACC100704,2026-06-16 09:44:00,137.95,N$,p2p_transfer,CP03992,0
TXN003621,ACC100562,2026-06-06 00:34:00,98.52,N$,merchant_payment,CP00595,0
TXN003622,ACC100097,2026-07-14 11:30:00,141.99,N$,merchant_payment,CP02556,0
TXN003623,ACC100511,2026-06-06 07:06:00,1327.11,N$,cash_out,CP01118,0
TXN003624,ACC100168,2026-07-13 12:34:00,399.34,N$,p2p_transfer,CP03954,0
TXN003625,ACC100268,2026-07-03 11:19:00,37046.63,N$,p2p_transfer,CP00819,1
TXN003626,ACC100192,2026-07-06 19:43:00,518.87,N$,merchant_payment,CP01096,0
TXN003627,ACC100397,2026-06-24 02:53:00,1988.89,N$,merchant_payment,CP00221,0
TXN003628,ACC100658,2026-06-05 14:53:00,149.19,N$,p2p_transfer,CP03295,0
TXN003629,ACC100694,2026-06-03 14:16:00,761.61,N$,p2p_transfer,CP01963,0
TXN003630,ACC100781,2026-06-02 01:42:00,791.13,N$,bill_payment,CP03709,0
TXN003631,ACC100343,2026-07-15 19:51:00,386.69,N$,merchant_payment,CP02926,0
TXN003632,ACC100313,2026-07-06 06:45:00,492.15,N$,merchant_payment,CP02262,0
TXN003633,ACC100227,2026-06-30 03:25:00,3363.95,N$,bill_payment,CP01442,0
TXN003634,ACC100325,2026-07-30 21:31:00,335.25,N$,bill_payment,CP02372,0
TXN003635,ACC100107,2026-07-03 13:27:00,136.61,N$,merchant_payment,CP01030,0
TXN003636,ACC100192,2026-06-01 05:07:00,1081.38,N$,p2p_transfer,CP01688,0
TXN003637,ACC100092,2026-07-08 22:25:00,916.93,N$,p2p_transfer,CP01969,0
TXN003638,ACC100565,2026-06-01 22:05:00,174.43,N$,merchant_payment,CP01941,0
TXN003639,ACC100580,2026-07-24 16:25:00,582.68,N$,cash_out,CP00668,0
TXN003640,ACC100791,2026-07-19 10:29:00,399.47,N$,cash_out,CP00078,0
TXN003641,ACC100232,2026-06-20 07:30:00,71.38,N$,cash_out,CP03668,0
TXN003642,ACC100181,2026-06-05 05:52:00,195.42,N$,merchant_payment,CP03750,0
TXN003643,ACC100132,2026-06-25 22:27:00,146.1,N$,cash_out,CP01086,0
TXN003644,ACC100690,2026-06-29 10:54:00,131.25,N$,p2p_transfer,CP03320,0
TXN003645,ACC100152,2026-07-10 12:15:00,1215.19,N$,p2p_transfer,CP02541,0
TXN003646,ACC100299,2026-07-30 09:13:00,429.48,N$,merchant_payment,CP03825,0
TXN003647,ACC100024,2026-07-29 12:12:00,784.83,N$,cash_out,CP03451,0
TXN003648,ACC100362,2026-06-02 00:49:00,764.38,N$,p2p_transfer,CP03237,0
TXN003649,ACC100213,2026-06-11 19:41:00,198.23,N$,p2p_transfer,CP00783,0
TXN003650,ACC100650,2026-07-28 03:13:00,2167.07,N$,bill_payment,CP00014,0
TXN003651,ACC100152,2026-06-30 18:44:00,237.97,N$,merchant_payment,CP03949,0
TXN003652,ACC100421,2026-07-13 10:52:00,534.77,N$,merchant_payment,CP02430,0
TXN003653,ACC100460,2026-07-27 19:06:00,309.18,N$,cash_out,CP01265,0
TXN003654,ACC100249,2026-07-04 02:23:00,164.46,N$,p2p_transfer,CP02405,0
TXN003655,ACC100045,2026-07-27 10:57:00,392.33,N$,merchant_payment,CP02419,0
TXN003656,ACC100418,2026-06-08 23:33:00,500.02,N$,p2p_transfer,CP00949,0
TXN003657,ACC100482,2026-06-15 16:39:00,701.56,N$,merchant_payment,CP01080,0
TXN003658,ACC100543,2026-06-18 22:47:00,399.42,N$,p2p_transfer,CP01329,0
TXN003659,ACC100767,2026-06-30 03:50:00,414.98,N$,merchant_payment,CP01921,0
TXN003660,ACC100073,2026-07-16 17:28:00,1643.44,N$,p2p_transfer,CP00522,0
TXN003661,ACC100377,2026-06-18 20:39:00,726.62,N$,merchant_payment,CP03357,0
TXN003662,ACC100327,2026-06-22 20:55:00,552.46,N$,p2p_transfer,CP03394,0
TXN003663,ACC100663,2026-06-28 21:24:00,404.94,N$,p2p_transfer,CP01998,0
TXN003664,ACC100668,2026-06-29 01:46:00,703.08,N$,merchant_payment,CP03922,0
TXN003665,ACC100697,2026-07-04 22:01:00,478.56,N$,p2p_transfer,CP02925,0
TXN003666,ACC100110,2026-07-17 11:13:00,415.92,N$,cash_out,CP00107,0
TXN003667,ACC100388,2026-07-18 11:53:00,517.26,N$,cash_out,CP03577,0
TXN003668,ACC100588,2026-07-02 15:59:00,586.21,N$,p2p_transfer,CP00215,0
TXN003669,ACC100142,2026-06-07 15:26:00,978.75,N$,p2p_transfer,CP00596,0
TXN003670,ACC100380,2026-07-24 23:13:00,981.9,N$,p2p_transfer,CP02178,0
TXN003671,ACC100744,2026-07-13 07:03:00,574.61,N$,merchant_payment,CP00832,0
TXN003672,ACC100265,2026-07-07 23:46:00,282.93,N$,merchant_payment,CP01036,0
TXN003673,ACC100463,2026-07-18 23:01:00,116.14,N$,merchant_payment,CP03484,0
TXN003674,ACC100223,2026-06-04 14:24:00,332.81,N$,p2p_transfer,CP02845,0
TXN003675,ACC100260,2026-06-08 04:15:00,1157.32,N$,cash_out,CP01918,1
TXN003676,ACC100491,2026-07-19 17:23:00,368.56,N$,merchant_payment,CP02924,0
TXN003677,ACC100469,2026-06-03 20:04:00,639.93,N$,p2p_transfer,CP03912,0
TXN003678,ACC100127,2026-06-13 18:00:00,316.02,N$,cash_out,CP00377,0
TXN003679,ACC100134,2026-07-16 01:11:00,707.92,N$,merchant_payment,CP01223,0
TXN003680,ACC100163,2026-06-21 21:07:00,472.29,N$,p2p_transfer,CP03865,0
TXN003681,ACC100414,2026-06-26 13:25:00,159.78,N$,p2p_transfer,CP03407,0
TXN003682,ACC100608,2026-07-14 22:29:00,288.09,N$,bill_payment,CP03793,0
TXN003683,ACC100351,2026-06-03 10:20:00,630.96,N$,bill_payment,CP01855,0
TXN003684,ACC100205,2026-07-15 08:32:00,384.8,N$,p2p_transfer,CP02120,0
TXN003685,ACC100667,2026-07-16 12:12:00,1642.91,N$,p2p_transfer,CP00418,0
TXN003686,ACC100064,2026-07-08 03:23:00,1944.42,N$,merchant_payment,CP02923,0
TXN003687,ACC100799,2026-06-03 05:46:00,782.27,N$,merchant_payment,CP03771,0
TXN003688,ACC100035,2026-06-24 14:22:00,104.19,N$,merchant_payment,CP01098,0
TXN003689,ACC100661,2026-07-24 00:02:00,746.38,N$,cash_out,CP01945,0
TXN003690,ACC100719,2026-07-16 20:11:00,212.0,N$,p2p_transfer,CP01704,0
TXN003691,ACC100247,2026-06-02 02:14:00,760.04,N$,p2p_transfer,CP00084,0
TXN003692,ACC100734,2026-06-12 09:19:00,739.44,N$,cash_out,CP00180,0
TXN003693,ACC100445,2026-07-20 00:15:00,1036.73,N$,merchant_payment,CP00374,0
TXN003694,ACC100119,2026-06-29 20:19:00,126.55,N$,p2p_transfer,CP00668,0
TXN003695,ACC100552,2026-07-29 01:45:00,303.78,N$,p2p_transfer,CP02028,0
TXN003696,ACC100324,2026-07-21 09:02:00,180.37,N$,merchant_payment,CP01448,0
TXN003697,ACC100674,2026-07-13 19:34:00,1710.18,N$,p2p_transfer,CP02840,0
TXN003698,ACC100127,2026-07-06 03:27:00,378.07,N$,merchant_payment,CP02710,0
TXN003699,ACC100270,2026-06-23 05:15:00,3045.31,N$,p2p_transfer,CP00381,1
TXN003700,ACC100612,2026-07-14 03:57:00,447.54,N$,p2p_transfer,CP02361,0
TXN003701,ACC100551,2026-06-11 16:39:00,324.79,N$,merchant_payment,CP02168,0
TXN003702,ACC100627,2026-06-23 19:29:00,217.0,N$,cash_out,CP01797,0
TXN003703,ACC100475,2026-06-30 05:18:00,683.27,N$,p2p_transfer,CP01849,0
TXN003704,ACC100513,2026-06-14 04:57:00,822.07,N$,p2p_transfer,CP00621,0
TXN003705,ACC100789,2026-06-29 04:04:00,274.25,N$,bill_payment,CP01921,0
TXN003706,ACC100221,2026-06-19 17:55:00,777.94,N$,cash_out,CP01399,0
TXN003707,ACC100582,2026-07-06 03:17:00,489.15,N$,cash_out,CP03811,0
TXN003708,ACC100376,2026-06-11 15:50:00,672.79,N$,p2p_transfer,CP03293,0
TXN003709,ACC100183,2026-07-29 03:16:00,202.26,N$,p2p_transfer,CP00804,0
TXN003710,ACC100297,2026-07-28 12:43:00,236.14,N$,p2p_transfer,CP00589,0
TXN003711,ACC100415,2026-06-02 09:44:00,1223.68,N$,p2p_transfer,CP03116,0
TXN003712,ACC100719,2026-07-21 23:32:00,219.18,N$,p2p_transfer,CP01684,0
TXN003713,ACC100016,2026-07-16 09:23:00,704.42,N$,merchant_payment,CP03626,0
TXN003714,ACC100107,2026-07-04 17:30:00,744.52,N$,p2p_transfer,CP00686,0
TXN003715,ACC100283,2026-06-02 13:26:00,123.56,N$,p2p_transfer,CP00798,0
TXN003716,ACC100243,2026-06-19 19:40:00,595.09,N$,cash_out,CP00503,0
TXN003717,ACC100373,2026-06-27 11:56:00,757.99,N$,merchant_payment,CP01673,0
TXN003718,ACC100406,2026-07-15 23:58:00,708.5,N$,merchant_payment,CP00924,0
TXN003719,ACC100681,2026-06-01 23:26:00,71.42,N$,bill_payment,CP01634,0
TXN003720,ACC100019,2026-06-18 13:13:00,615.28,N$,p2p_transfer,CP00949,0
TXN003721,ACC100747,2026-06-21 17:27:00,178.84,N$,merchant_payment,CP03785,0
TXN003722,ACC100727,2026-06-04 13:08:00,489.63,N$,p2p_transfer,CP02830,0
TXN003723,ACC100218,2026-06-10 05:00:00,305.69,N$,merchant_payment,CP02986,0
TXN003724,ACC100586,2026-06-01 11:58:00,778.88,N$,p2p_transfer,CP01363,0
TXN003725,ACC100508,2026-06-19 20:24:00,986.51,N$,cash_out,CP00345,0
TXN003726,ACC100070,2026-07-15 15:58:00,265.57,N$,bill_payment,CP03889,0
TXN003727,ACC100782,2026-07-19 16:31:00,240.36,N$,p2p_transfer,CP03398,0
TXN003728,ACC100164,2026-07-12 00:10:00,228.56,N$,p2p_transfer,CP01009,0
TXN003729,ACC100171,2026-07-20 22:38:00,691.84,N$,merchant_payment,CP00472,0
TXN003730,ACC100061,2026-07-20 00:53:00,1166.55,N$,merchant_payment,CP03502,0
TXN003731,ACC100431,2026-07-12 14:41:00,320.73,N$,p2p_transfer,CP03844,0
TXN003732,ACC100618,2026-06-03 00:28:00,253.85,N$,p2p_transfer,CP00877,0
TXN003733,ACC100281,2026-07-11 17:23:00,186.64,N$,merchant_payment,CP01613,0
TXN003734,ACC100787,2026-06-05 20:53:00,403.43,N$,cash_out,CP00387,0
TXN003735,ACC100212,2026-06-18 03:21:00,200.48,N$,p2p_transfer,CP03813,0
TXN003736,ACC100497,2026-07-24 07:10:00,293.94,N$,cash_out,CP02783,0
TXN003737,ACC100768,2026-06-03 15:20:00,302.07,N$,merchant_payment,CP01873,0
TXN003738,ACC100076,2026-06-22 10:51:00,422.03,N$,merchant_payment,CP03921,0
TXN003739,ACC100645,2026-06-27 13:01:00,1277.78,N$,cash_out,CP02787,0
TXN003740,ACC100151,2026-06-21 22:49:00,159.93,N$,cash_out,CP01261,0
TXN003741,ACC100717,2026-06-06 03:43:00,746.5,N$,p2p_transfer,CP01290,0
TXN003742,ACC100264,2026-07-02 21:42:00,530.53,N$,cash_out,CP00948,1
TXN003743,ACC100787,2026-07-27 20:54:00,166.31,N$,cash_out,CP01881,0
TXN003744,ACC100217,2026-07-20 12:25:00,516.71,N$,merchant_payment,CP00647,0
TXN003745,ACC100312,2026-06-27 11:02:00,477.64,N$,merchant_payment,CP01880,0
TXN003746,ACC100175,2026-06-19 18:12:00,198.69,N$,merchant_payment,CP00821,0
TXN003747,ACC100015,2026-07-17 10:43:00,356.93,N$,p2p_transfer,CP03134,0
TXN003748,ACC100454,2026-07-01 04:00:00,240.67,N$,bill_payment,CP02544,0
TXN003749,ACC100780,2026-06-12 11:13:00,604.61,N$,p2p_transfer,CP00030,0
TXN003750,ACC100267,2026-06-05 11:56:00,282.99,N$,p2p_transfer,CP00389,0
TXN003751,ACC100424,2026-07-28 08:17:00,544.65,N$,p2p_transfer,CP00359,0
TXN003752,ACC100669,2026-07-30 03:19:00,613.0,N$,p2p_transfer,CP01903,0
TXN003753,ACC100210,2026-06-29 10:35:00,636.92,N$,p2p_transfer,CP02593,0
TXN003754,ACC100499,2026-07-13 02:09:00,149.87,N$,merchant_payment,CP01024,0
TXN003755,ACC100589,2026-07-01 05:48:00,251.82,N$,merchant_payment,CP01400,0
TXN003756,ACC100647,2026-06-11 00:52:00,1038.11,N$,bill_payment,CP01250,0
TXN003757,ACC100766,2026-06-17 10:37:00,670.06,N$,p2p_transfer,CP03972,0
TXN003758,ACC100732,2026-07-15 06:51:00,650.69,N$,p2p_transfer,CP03431,0
TXN003759,ACC100166,2026-07-13 14:50:00,293.91,N$,merchant_payment,CP02221,0
TXN003760,ACC100649,2026-06-16 08:14:00,132.83,N$,p2p_transfer,CP00075,0
TXN003761,ACC100506,2026-06-18 15:43:00,793.66,N$,p2p_transfer,CP01755,0
TXN003762,ACC100327,2026-06-27 03:34:00,445.73,N$,merchant_payment,CP00730,0
TXN003763,ACC100380,2026-07-11 09:39:00,370.04,N$,merchant_payment,CP03527,0
TXN003764,ACC100776,2026-07-05 04:38:00,245.63,N$,p2p_transfer,CP00865,0
TXN003765,ACC100374,2026-06-28 23:01:00,789.93,N$,p2p_transfer,CP00020,0
TXN003766,ACC100489,2026-07-14 09:10:00,885.51,N$,merchant_payment,CP00714,0
TXN003767,ACC100171,2026-07-26 15:59:00,489.78,N$,bill_payment,CP00161,0
TXN003768,ACC100380,2026-07-08 23:13:00,145.36,N$,p2p_transfer,CP02463,0
TXN003769,ACC100233,2026-06-29 22:57:00,164.07,N$,p2p_transfer,CP03410,0
TXN003770,ACC100274,2026-07-11 01:42:00,712.48,N$,cash_out,CP01697,0
TXN003771,ACC100228,2026-06-07 08:46:00,526.99,N$,merchant_payment,CP00600,0
TXN003772,ACC100128,2026-07-26 04:24:00,310.2,N$,cash_out,CP02188,0
TXN003773,ACC100479,2026-06-21 17:01:00,400.87,N$,cash_out,CP02906,0
TXN003774,ACC100088,2026-06-11 18:57:00,1582.05,N$,merchant_payment,CP00426,0
TXN003775,ACC100596,2026-07-11 23:47:00,802.59,N$,p2p_transfer,CP01694,0
TXN003776,ACC100150,2026-06-10 21:18:00,262.34,N$,p2p_transfer,CP00863,0
TXN003777,ACC100418,2026-07-01 17:22:00,377.73,N$,p2p_transfer,CP01985,0
TXN003778,ACC100321,2026-07-06 14:59:00,479.47,N$,p2p_transfer,CP02341,0
TXN003779,ACC100577,2026-07-13 16:46:00,247.37,N$,merchant_payment,CP02679,0
TXN003780,ACC100647,2026-06-23 12:16:00,433.39,N$,merchant_payment,CP02178,0
TXN003781,ACC100289,2026-06-30 08:09:00,401.71,N$,bill_payment,CP00008,0
TXN003782,ACC100694,2026-06-19 17:08:00,859.59,N$,cash_out,CP01146,0
TXN003783,ACC100261,2026-07-29 06:27:00,204.59,N$,p2p_transfer,CP03339,0
TXN003784,ACC100591,2026-07-28 05:43:00,459.93,N$,p2p_transfer,CP01264,0
TXN003785,ACC100294,2026-07-08 13:14:00,459.9,N$,merchant_payment,CP03556,0
TXN003786,ACC100589,2026-07-27 13:07:00,334.12,N$,cash_out,CP01553,0
TXN003787,ACC100446,2026-06-18 06:21:00,112.07,N$,merchant_payment,CP00785,0
TXN003788,ACC100173,2026-06-09 07:38:00,557.49,N$,p2p_transfer,CP03715,0
TXN003789,ACC100756,2026-07-13 03:45:00,86.29,N$,p2p_transfer,CP01029,0
TXN003790,ACC100337,2026-06-22 17:06:00,198.79,N$,cash_out,CP00992,0
TXN003791,ACC100078,2026-07-17 20:18:00,568.52,N$,p2p_transfer,CP02610,0
TXN003792,ACC100392,2026-07-11 17:59:00,374.58,N$,bill_payment,CP00904,0
TXN003793,ACC100397,2026-07-05 08:06:00,2316.96,N$,p2p_transfer,CP03333,0
TXN003794,ACC100406,2026-06-09 00:31:00,321.23,N$,merchant_payment,CP01521,0
TXN003795,ACC100626,2026-07-13 19:30:00,89.93,N$,bill_payment,CP01456,0
TXN003796,ACC100312,2026-06-19 04:03:00,1184.7,N$,merchant_payment,CP01301,0
TXN003797,ACC100246,2026-07-25 06:57:00,257.69,N$,merchant_payment,CP02834,0
TXN003798,ACC100015,2026-06-28 01:02:00,574.77,N$,p2p_transfer,CP03808,0
TXN003799,ACC100156,2026-07-21 14:33:00,600.87,N$,p2p_transfer,CP02016,0
TXN003800,ACC100708,2026-07-23 01:30:00,392.29,N$,p2p_transfer,CP02399,0
TXN003801,ACC100354,2026-07-16 23:34:00,47.16,N$,merchant_payment,CP03662,0
TXN003802,ACC100614,2026-06-18 06:51:00,554.56,N$,merchant_payment,CP02756,0
TXN003803,ACC100629,2026-06-24 08:25:00,167.97,N$,merchant_payment,CP02183,0
TXN003804,ACC100536,2026-06-30 12:39:00,591.04,N$,cash_out,CP02247,0
TXN003805,ACC100313,2026-07-22 14:11:00,239.45,N$,merchant_payment,CP02651,0
TXN003806,ACC100777,2026-07-14 09:24:00,164.02,N$,p2p_transfer,CP03339,0
TXN003807,ACC100257,2026-07-19 04:10:00,1561.49,N$,cash_out,CP02426,0
TXN003808,ACC100278,2026-07-15 11:41:00,126.01,N$,p2p_transfer,CP01257,0
TXN003809,ACC100522,2026-07-04 08:38:00,2200.85,N$,cash_out,CP01410,1
TXN003810,ACC100578,2026-06-28 04:28:00,622.3,N$,merchant_payment,CP01800,0
TXN003811,ACC100503,2026-06-02 18:43:00,646.09,N$,cash_out,CP02888,0
TXN003812,ACC100429,2026-06-07 01:19:00,418.71,N$,bill_payment,CP03720,0
TXN003813,ACC100599,2026-06-21 18:15:00,469.71,N$,bill_payment,CP03495,0
TXN003814,ACC100501,2026-06-16 20:32:00,496.0,N$,merchant_payment,CP00054,0
TXN003815,ACC100160,2026-07-15 02:15:00,93.42,N$,p2p_transfer,CP01782,0
TXN003816,ACC100314,2026-07-10 01:00:00,662.36,N$,p2p_transfer,CP03181,0
TXN003817,ACC100679,2026-06-25 14:43:00,253.64,N$,merchant_payment,CP03485,0
TXN003818,ACC100637,2026-07-05 07:37:00,79.88,N$,cash_out,CP02625,0
TXN003819,ACC100544,2026-07-08 06:47:00,908.91,N$,merchant_payment,CP03244,0
TXN003820,ACC100089,2026-06-16 11:09:00,917.68,N$,p2p_transfer,CP02449,0
TXN003821,ACC100570,2026-06-01 20:46:00,324.82,N$,p2p_transfer,CP00168,0
TXN003822,ACC100679,2026-07-25 03:27:00,675.14,N$,p2p_transfer,CP01209,0
TXN003823,ACC100056,2026-06-07 22:44:00,368.39,N$,cash_out,CP02982,0
TXN003824,ACC100002,2026-07-05 05:17:00,300.09,N$,p2p_transfer,CP03711,0
TXN003825,ACC100398,2026-07-18 15:57:00,930.15,N$,cash_out,CP00677,0
TXN003826,ACC100631,2026-07-20 15:02:00,225.68,N$,p2p_transfer,CP03294,0
TXN003827,ACC100204,2026-06-13 11:47:00,1892.63,N$,cash_out,CP03919,0
TXN003828,ACC100343,2026-07-25 13:38:00,487.28,N$,bill_payment,CP00482,0
TXN003829,ACC100136,2026-06-23 17:08:00,1772.83,N$,p2p_transfer,CP01973,0
TXN003830,ACC100725,2026-06-17 04:33:00,2228.07,N$,merchant_payment,CP03827,0
TXN003831,ACC100761,2026-06-15 03:35:00,277.08,N$,p2p_transfer,CP00008,0
TXN003832,ACC100352,2026-07-05 03:29:00,285.07,N$,p2p_transfer,CP01681,0
TXN003833,ACC100011,2026-06-19 13:12:00,374.3,N$,merchant_payment,CP03964,0
TXN003834,ACC100336,2026-06-14 07:40:00,810.33,N$,merchant_payment,CP00934,0
TXN003835,ACC100607,2026-07-26 08:16:00,340.73,N$,merchant_payment,CP02926,0
TXN003836,ACC100303,2026-06-17 08:30:00,320.07,N$,merchant_payment,CP01256,0
TXN003837,ACC100019,2026-06-20 15:38:00,163.09,N$,merchant_payment,CP02632,0
TXN003838,ACC100182,2026-07-01 14:45:00,1150.04,N$,p2p_transfer,CP00715,0
TXN003839,ACC100787,2026-06-07 23:50:00,852.89,N$,p2p_transfer,CP02785,0
TXN003840,ACC100483,2026-06-22 21:00:00,605.62,N$,bill_payment,CP00411,0
TXN003841,ACC100598,2026-06-01 14:48:00,2657.8,N$,cash_out,CP02253,1
TXN003842,ACC100585,2026-07-24 00:40:00,539.02,N$,merchant_payment,CP02157,0
TXN003843,ACC100252,2026-07-22 00:38:00,422.36,N$,merchant_payment,CP01054,0
TXN003844,ACC100283,2026-07-11 20:40:00,495.33,N$,p2p_transfer,CP03746,0
TXN003845,ACC100692,2026-06-27 19:30:00,578.34,N$,merchant_payment,CP01298,0
TXN003846,ACC100626,2026-07-25 07:04:00,204.94,N$,p2p_transfer,CP02962,0
TXN003847,ACC100681,2026-07-17 12:05:00,262.26,N$,cash_out,CP01848,0
TXN003848,ACC100280,2026-07-03 01:36:00,96.28,N$,merchant_payment,CP03998,0
TXN003849,ACC100299,2026-07-03 07:11:00,340.59,N$,merchant_payment,CP00582,0
TXN003850,ACC100349,2026-06-10 11:32:00,804.08,N$,cash_out,CP00488,0
TXN003851,ACC100033,2026-07-23 21:16:00,1464.67,N$,p2p_transfer,CP02055,0
TXN003852,ACC100565,2026-07-15 02:06:00,101.1,N$,p2p_transfer,CP00162,0
TXN003853,ACC100280,2026-06-25 06:04:00,635.64,N$,cash_out,CP03260,0
TXN003854,ACC100164,2026-06-24 16:48:00,208.76,N$,p2p_transfer,CP02247,0
TXN003855,ACC100495,2026-07-17 08:13:00,508.67,N$,merchant_payment,CP01451,0
TXN003856,ACC100154,2026-06-25 17:32:00,139.15,N$,merchant_payment,CP02763,0
TXN003857,ACC100375,2026-06-17 13:27:00,393.19,N$,merchant_payment,CP00491,0
TXN003858,ACC100122,2026-06-06 09:36:00,245.78,N$,merchant_payment,CP03843,0
TXN003859,ACC100637,2026-07-22 05:46:00,547.38,N$,p2p_transfer,CP01881,0
TXN003860,ACC100378,2026-07-10 13:49:00,297.31,N$,p2p_transfer,CP01756,0
TXN003861,ACC100748,2026-07-25 05:48:00,259.4,N$,merchant_payment,CP03756,0
TXN003862,ACC100678,2026-06-06 02:28:00,377.35,N$,p2p_transfer,CP00651,0
TXN003863,ACC100660,2026-06-19 04:24:00,682.19,N$,p2p_transfer,CP02707,0
TXN003864,ACC100350,2026-06-21 18:47:00,195.86,N$,cash_out,CP00977,0
TXN003865,ACC100541,2026-07-17 15:31:00,1779.54,N$,merchant_payment,CP01525,0
TXN003866,ACC100397,2026-07-21 09:49:00,319.7,N$,p2p_transfer,CP01943,0
TXN003867,ACC100631,2026-06-04 21:54:00,563.6,N$,bill_payment,CP00655,0
TXN003868,ACC100777,2026-06-27 16:03:00,628.63,N$,bill_payment,CP03688,0
TXN003869,ACC100505,2026-06-09 18:20:00,468.95,N$,bill_payment,CP03484,0
TXN003870,ACC100430,2026-07-03 23:17:00,73248.59,N$,cash_out,CP01764,1
TXN003871,ACC100020,2026-07-03 19:59:00,141.79,N$,merchant_payment,CP01699,0
TXN003872,ACC100082,2026-06-25 00:15:00,1639.44,N$,merchant_payment,CP02743,0
TXN003873,ACC100298,2026-07-27 03:20:00,866.28,N$,merchant_payment,CP02913,0
TXN003874,ACC100735,2026-07-12 04:01:00,695.38,N$,p2p_transfer,CP03526,0
TXN003875,ACC100404,2026-07-17 15:39:00,1221.25,N$,p2p_transfer,CP00966,0
TXN003876,ACC100525,2026-06-19 18:27:00,512.21,N$,p2p_transfer,CP03427,0
TXN003877,ACC100507,2026-07-17 07:34:00,547.09,N$,p2p_transfer,CP00182,0
TXN003878,ACC100266,2026-07-27 14:31:00,383.65,N$,p2p_transfer,CP01034,0
TXN003879,ACC100116,2026-07-26 13:32:00,10406.71,N$,cash_out,CP03974,1
TXN003880,ACC100009,2026-07-19 16:39:00,59.72,N$,p2p_transfer,CP03922,0
TXN003881,ACC100682,2026-07-21 13:29:00,343.87,N$,cash_out,CP00620,0
TXN003882,ACC100475,2026-07-03 11:13:00,440.28,N$,merchant_payment,CP00028,0
TXN003883,ACC100406,2026-06-01 01:32:00,961.12,N$,bill_payment,CP01014,0
TXN003884,ACC100499,2026-07-20 14:02:00,468.62,N$,p2p_transfer,CP00810,0
TXN003885,ACC100121,2026-07-08 04:55:00,218.83,N$,merchant_payment,CP02777,0
TXN003886,ACC100570,2026-07-10 10:20:00,1173.31,N$,cash_out,CP03068,0
TXN003887,ACC100634,2026-07-21 09:01:00,1331.2,N$,p2p_transfer,CP00831,0
TXN003888,ACC100148,2026-06-08 09:28:00,1208.85,N$,merchant_payment,CP02528,0
TXN003889,ACC100741,2026-06-28 23:39:00,454.5,N$,merchant_payment,CP03139,0
TXN003890,ACC100442,2026-07-03 10:05:00,992.15,N$,p2p_transfer,CP02555,0
TXN003891,ACC100545,2026-07-18 00:28:00,231.91,N$,p2p_transfer,CP03773,0
TXN003892,ACC100325,2026-07-09 17:53:00,370.39,N$,bill_payment,CP03382,0
TXN003893,ACC100216,2026-07-05 10:24:00,221.45,N$,merchant_payment,CP00874,0
TXN003894,ACC100036,2026-06-11 14:45:00,205.83,N$,p2p_transfer,CP03315,0
TXN003895,ACC100124,2026-06-09 04:19:00,525.69,N$,merchant_payment,CP02447,0
TXN003896,ACC100360,2026-06-08 18:31:00,404.71,N$,merchant_payment,CP01249,0
TXN003897,ACC100436,2026-07-10 19:19:00,636.06,N$,p2p_transfer,CP02818,0
TXN003898,ACC100353,2026-06-25 05:24:00,966.26,N$,p2p_transfer,CP02124,0
TXN003899,ACC100792,2026-06-08 15:49:00,462.2,N$,merchant_payment,CP00563,0
TXN003900,ACC100714,2026-06-04 16:53:00,428.42,N$,p2p_transfer,CP02981,0
TXN003901,ACC100560,2026-06-18 16:11:00,282.39,N$,merchant_payment,CP00240,0
TXN003902,ACC100462,2026-07-14 08:21:00,842.78,N$,merchant_payment,CP03986,0
TXN003903,ACC100121,2026-07-06 16:29:00,720.92,N$,p2p_transfer,CP00482,0
TXN003904,ACC100622,2026-06-20 14:03:00,367.68,N$,cash_out,CP02269,0
TXN003905,ACC100450,2026-06-29 15:02:00,286.88,N$,cash_out,CP00410,0
TXN003906,ACC100218,2026-07-03 15:01:00,556.35,N$,p2p_transfer,CP00263,0
TXN003907,ACC100760,2026-06-07 10:07:00,614.02,N$,merchant_payment,CP01824,0
TXN003908,ACC100741,2026-07-25 11:08:00,92.68,N$,p2p_transfer,CP02635,0
TXN003909,ACC100063,2026-06-08 06:24:00,679.28,N$,p2p_transfer,CP03299,0
TXN003910,ACC100278,2026-06-04 06:22:00,769.03,N$,cash_out,CP02197,0
TXN003911,ACC100116,2026-07-05 05:59:00,538.98,N$,bill_payment,CP03986,0
TXN003912,ACC100560,2026-06-24 14:41:00,310.42,N$,merchant_payment,CP01324,0
TXN003913,ACC100200,2026-07-28 07:48:00,388.63,N$,merchant_payment,CP03033,0
TXN003914,ACC100353,2026-06-05 19:25:00,512.31,N$,bill_payment,CP00659,0
TXN003915,ACC100283,2026-06-04 08:42:00,338.16,N$,merchant_payment,CP01311,0
TXN003916,ACC100204,2026-07-23 00:29:00,184.78,N$,merchant_payment,CP00942,0
TXN003917,ACC100039,2026-06-22 13:56:00,135.55,N$,p2p_transfer,CP03867,0
TXN003918,ACC100704,2026-07-26 04:22:00,320.96,N$,bill_payment,CP02069,0
TXN003919,ACC100049,2026-07-04 01:20:00,421.44,N$,merchant_payment,CP02685,0
TXN003920,ACC100548,2026-06-24 06:49:00,277.02,N$,merchant_payment,CP01750,0
TXN003921,ACC100694,2026-07-14 01:34:00,229.98,N$,bill_payment,CP00037,0
TXN003922,ACC100537,2026-06-24 05:57:00,46.85,N$,merchant_payment,CP03562,0
TXN003923,ACC100670,2026-06-14 17:44:00,141.9,N$,merchant_payment,CP01678,0
TXN003924,ACC100286,2026-07-22 09:06:00,488.08,N$,p2p_transfer,CP01074,0
TXN003925,ACC100000,2026-07-17 07:31:00,280.72,N$,bill_payment,CP02292,0
TXN003926,ACC100116,2026-07-13 05:15:00,761.47,N$,p2p_transfer,CP00221,0
TXN003927,ACC100274,2026-06-10 10:37:00,1026.38,N$,cash_out,CP03425,0
TXN003928,ACC100591,2026-07-02 04:24:00,228.99,N$,merchant_payment,CP00396,0
TXN003929,ACC100612,2026-06-27 15:41:00,326.18,N$,bill_payment,CP03618,0
TXN003930,ACC100538,2026-07-14 00:25:00,1637.12,N$,p2p_transfer,CP03649,0
TXN003931,ACC100170,2026-06-15 05:22:00,161.37,N$,bill_payment,CP01051,0
TXN003932,ACC100510,2026-07-01 15:58:00,796.61,N$,merchant_payment,CP00419,0
TXN003933,ACC100481,2026-07-29 10:12:00,777.72,N$,p2p_transfer,CP00366,0
TXN003934,ACC100204,2026-06-11 10:54:00,478.86,N$,p2p_transfer,CP03231,0
TXN003935,ACC100455,2026-06-02 02:40:00,755.76,N$,merchant_payment,CP03081,0
TXN003936,ACC100343,2026-06-09 17:20:00,865.95,N$,p2p_transfer,CP01692,0
TXN003937,ACC100397,2026-06-06 11:10:00,200.37,N$,p2p_transfer,CP01269,0
TXN003938,ACC100466,2026-07-05 14:37:00,69.76,N$,p2p_transfer,CP01368,0
TXN003939,ACC100317,2026-07-22 19:06:00,146.33,N$,cash_out,CP03685,0
TXN003940,ACC100075,2026-07-09 09:22:00,866.85,N$,merchant_payment,CP02307,0
TXN003941,ACC100603,2026-07-21 17:49:00,577.14,N$,p2p_transfer,CP01970,0
TXN003942,ACC100706,2026-06-19 22:14:00,420.99,N$,merchant_payment,CP02736,0
TXN003943,ACC100760,2026-06-13 08:55:00,168.32,N$,p2p_transfer,CP02751,0
TXN003944,ACC100567,2026-07-19 12:56:00,343.08,N$,merchant_payment,CP00963,0
TXN003945,ACC100016,2026-07-10 22:53:00,229.98,N$,merchant_payment,CP02055,0
TXN003946,ACC100543,2026-06-24 01:51:00,125.06,N$,p2p_transfer,CP03301,0
TXN003947,ACC100079,2026-06-23 11:45:00,145.7,N$,cash_out,CP01427,0
TXN003948,ACC100350,2026-06-08 00:04:00,230.61,N$,p2p_transfer,CP02836,0
TXN003949,ACC100155,2026-06-08 16:11:00,247.29,N$,bill_payment,CP00517,0
TXN003950,ACC100510,2026-06-30 20:08:00,145.95,N$,merchant_payment,CP02026,0
TXN003951,ACC100244,2026-06-11 23:17:00,254.57,N$,cash_out,CP01943,0
TXN003952,ACC100165,2026-07-28 05:36:00,326.75,N$,merchant_payment,CP03886,0
TXN003953,ACC100499,2026-06-06 01:21:00,658.76,N$,cash_out,CP02235,0
TXN003954,ACC100382,2026-07-03 21:48:00,211.66,N$,p2p_transfer,CP03289,0
TXN003955,ACC100570,2026-06-27 06:43:00,414.81,N$,bill_payment,CP02802,0
TXN003956,ACC100153,2026-06-22 02:13:00,276.52,N$,merchant_payment,CP02371,0
TXN003957,ACC100551,2026-06-17 17:52:00,566.17,N$,p2p_transfer,CP03668,0
TXN003958,ACC100400,2026-07-26 09:31:00,489.77,N$,p2p_transfer,CP01119,0
TXN003959,ACC100237,2026-06-30 09:50:00,653.75,N$,p2p_transfer,CP03175,0
TXN003960,ACC100667,2026-06-09 23:11:00,1335.96,N$,p2p_transfer,CP02729,0
TXN003961,ACC100480,2026-06-07 00:11:00,197.73,N$,merchant_payment,CP01388,0
TXN003962,ACC100268,2026-07-20 01:48:00,5234.27,N$,cash_out,CP00562,1
TXN003963,ACC100439,2026-07-10 15:12:00,141.03,N$,merchant_payment,CP02696,0
TXN003964,ACC100458,2026-07-04 18:46:00,2153.59,N$,merchant_payment,CP03449,0
TXN003965,ACC100106,2026-06-07 19:15:00,1959.08,N$,merchant_payment,CP00851,0
TXN003966,ACC100664,2026-06-03 14:18:00,542.45,N$,bill_payment,CP00363,0
TXN003967,ACC100559,2026-06-11 12:35:00,664.57,N$,merchant_payment,CP02641,0
TXN003968,ACC100321,2026-07-30 20:36:00,78.08,N$,cash_out,CP03070,0
TXN003969,ACC100393,2026-06-14 06:59:00,1146.47,N$,p2p_transfer,CP01756,0
TXN003970,ACC100535,2026-07-14 18:36:00,228.42,N$,cash_out,CP00209,0
TXN003971,ACC100112,2026-06-11 11:28:00,202.63,N$,cash_out,CP03794,0
TXN003972,ACC100741,2026-06-05 13:32:00,1229.7,N$,merchant_payment,CP00056,0
TXN003973,ACC100178,2026-06-14 00:15:00,330.24,N$,merchant_payment,CP03660,0
TXN003974,ACC100662,2026-07-13 23:03:00,163.99,N$,bill_payment,CP01852,0
TXN003975,ACC100080,2026-07-30 09:26:00,584.18,N$,bill_payment,CP01947,0
TXN003976,ACC100714,2026-07-01 06:56:00,501.69,N$,bill_payment,CP03714,0
TXN003977,ACC100540,2026-07-21 01:23:00,233.4,N$,p2p_transfer,CP02192,0
TXN003978,ACC100760,2026-07-16 23:30:00,122.1,N$,merchant_payment,CP00312,0
TXN003979,ACC100687,2026-06-10 14:28:00,372.27,N$,cash_out,CP03008,0
TXN003980,ACC100479,2026-07-12 11:44:00,529.66,N$,p2p_transfer,CP01228,0
TXN003981,ACC100141,2026-07-03 04:41:00,151.72,N$,merchant_payment,CP02362,0
TXN003982,ACC100002,2026-06-01 05:10:00,719.66,N$,merchant_payment,CP00175,0
TXN003983,ACC100110,2026-07-22 00:44:00,331.61,N$,cash_out,CP01458,0
TXN003984,ACC100297,2026-06-20 00:57:00,784.95,N$,p2p_transfer,CP02185,0
TXN003985,ACC100218,2026-07-21 22:01:00,866.34,N$,p2p_transfer,CP02026,0
TXN003986,ACC100747,2026-06-26 07:40:00,233.36,N$,merchant_payment,CP03237,0
TXN003987,ACC100684,2026-07-08 14:05:00,312.9,N$,merchant_payment,CP03167,0
TXN003988,ACC100620,2026-06-11 03:35:00,99.13,N$,merchant_payment,CP02457,0
TXN003989,ACC100120,2026-06-08 18:39:00,291.8,N$,cash_out,CP03017,0
TXN003990,ACC100490,2026-06-12 09:53:00,739.2,N$,merchant_payment,CP02061,0
TXN003991,ACC100350,2026-07-24 18:14:00,931.17,N$,merchant_payment,CP02654,0
TXN003992,ACC100021,2026-06-09 14:58:00,398.33,N$,merchant_payment,CP02026,0
TXN003993,ACC100670,2026-07-13 16:53:00,422.97,N$,bill_payment,CP02488,0
TXN003994,ACC100390,2026-06-13 05:06:00,147.23,N$,bill_payment,CP01309,0
TXN003995,ACC100145,2026-07-29 16:47:00,181.32,N$,merchant_payment,CP02454,0
TXN003996,ACC100785,2026-07-30 00:48:00,346.98,N$,merchant_payment,CP02123,0
TXN003997,ACC100616,2026-07-27 23:20:00,557.09,N$,p2p_transfer,CP00099,0
TXN003998,ACC100607,2026-06-29 22:06:00,1376.97,N$,bill_payment,CP00278,0
TXN003999,ACC100587,2026-07-26 08:43:00,200.54,N$,bill_payment,CP01616,0
TXN004000,ACC100347,2026-07-26 04:15:00,1550.75,N$,merchant_payment,CP00065,0
TXN004001,ACC100299,2026-07-10 06:54:00,228.7,N$,p2p_transfer,CP02017,0
TXN004002,ACC100633,2026-06-29 13:13:00,292.25,N$,merchant_payment,CP01679,0
TXN004003,ACC100044,2026-06-04 07:29:00,684.44,N$,p2p_transfer,CP00817,0
TXN004004,ACC100626,2026-07-09 08:14:00,157.67,N$,merchant_payment,CP03241,0
TXN004005,ACC100124,2026-07-16 07:45:00,681.4,N$,merchant_payment,CP03850,0
TXN004006,ACC100273,2026-06-02 21:21:00,287.19,N$,p2p_transfer,CP00868,0
TXN004007,ACC100487,2026-06-03 03:39:00,421.19,N$,p2p_transfer,CP02888,0
TXN004008,ACC100516,2026-07-01 19:55:00,1743.42,N$,cash_out,CP03169,0
TXN004009,ACC100272,2026-07-01 15:58:00,806.44,N$,p2p_transfer,CP00323,0
TXN004010,ACC100363,2026-06-05 16:52:00,161.4,N$,p2p_transfer,CP01561,0
TXN004011,ACC100016,2026-06-16 12:14:00,221.82,N$,p2p_transfer,CP00135,0
TXN004012,ACC100532,2026-07-28 09:41:00,374.35,N$,cash_out,CP01756,0
TXN004013,ACC100018,2026-06-19 05:41:00,572.21,N$,cash_out,CP00359,0
TXN004014,ACC100248,2026-06-05 11:34:00,3232.98,N$,p2p_transfer,CP00272,1
TXN004015,ACC100516,2026-06-25 05:31:00,369.18,N$,cash_out,CP03326,0
TXN004016,ACC100062,2026-07-29 21:59:00,544.75,N$,merchant_payment,CP01491,0
TXN004017,ACC100001,2026-06-23 19:37:00,306.58,N$,cash_out,CP03581,0
TXN004018,ACC100249,2026-07-09 06:32:00,191.67,N$,p2p_transfer,CP03358,0
TXN004019,ACC100784,2026-07-25 14:06:00,1293.12,N$,p2p_transfer,CP01410,0
TXN004020,ACC100068,2026-06-08 11:08:00,218.97,N$,p2p_transfer,CP00120,0
TXN004021,ACC100747,2026-06-26 14:19:00,305.76,N$,merchant_payment,CP02365,0
TXN004022,ACC100273,2026-07-17 05:30:00,671.12,N$,p2p_transfer,CP01855,0
TXN004023,ACC100040,2026-06-16 10:38:00,1068.18,N$,merchant_payment,CP02616,0
TXN004024,ACC100617,2026-07-10 14:44:00,388.85,N$,bill_payment,CP01585,0
TXN004025,ACC100255,2026-06-12 16:50:00,1204.95,N$,bill_payment,CP01743,0
TXN004026,ACC100662,2026-07-23 02:59:00,446.48,N$,merchant_payment,CP01641,0
TXN004027,ACC100128,2026-06-17 15:50:00,683.98,N$,p2p_transfer,CP03120,0
TXN004028,ACC100069,2026-07-23 01:49:00,1226.02,N$,merchant_payment,CP03060,0
TXN004029,ACC100007,2026-07-16 05:52:00,428.62,N$,merchant_payment,CP02435,0
TXN004030,ACC100316,2026-07-27 17:28:00,773.28,N$,p2p_transfer,CP00248,0
TXN004031,ACC100648,2026-07-27 17:57:00,507.53,N$,merchant_payment,CP00923,0
TXN004032,ACC100027,2026-06-30 13:56:00,223.76,N$,p2p_transfer,CP03809,0
TXN004033,ACC100702,2026-07-20 05:40:00,497.56,N$,p2p_transfer,CP00922,0
TXN004034,ACC100021,2026-07-08 12:35:00,745.98,N$,p2p_transfer,CP01503,0
TXN004035,ACC100460,2026-06-30 15:06:00,56.87,N$,p2p_transfer,CP03881,0
TXN004036,ACC100666,2026-07-14 23:26:00,529.52,N$,merchant_payment,CP00867,0
TXN004037,ACC100136,2026-06-21 07:54:00,896.99,N$,merchant_payment,CP01943,0
TXN004038,ACC100573,2026-07-07 11:50:00,787.54,N$,p2p_transfer,CP02220,0
TXN004039,ACC100307,2026-07-30 13:30:00,948.46,N$,merchant_payment,CP02470,0
TXN004040,ACC100799,2026-07-29 20:25:00,81.26,N$,merchant_payment,CP01591,0
TXN004041,ACC100404,2026-07-20 00:41:00,466.31,N$,merchant_payment,CP00819,0
TXN004042,ACC100243,2026-07-01 02:11:00,652.17,N$,p2p_transfer,CP03217,0
TXN004043,ACC100306,2026-06-30 11:48:00,99.49,N$,merchant_payment,CP01804,0
TXN004044,ACC100178,2026-06-21 02:16:00,219.5,N$,merchant_payment,CP00054,0
TXN004045,ACC100017,2026-07-22 19:57:00,333.71,N$,p2p_transfer,CP00888,0
TXN004046,ACC100469,2026-06-09 17:17:00,789.64,N$,cash_out,CP01582,0
TXN004047,ACC100103,2026-07-08 13:20:00,2183.87,N$,p2p_transfer,CP03334,1
TXN004048,ACC100349,2026-06-21 15:41:00,227.3,N$,p2p_transfer,CP02999,0
TXN004049,ACC100343,2026-07-29 13:33:00,138.52,N$,p2p_transfer,CP01950,0
TXN004050,ACC100273,2026-06-12 20:03:00,1021.29,N$,cash_out,CP01164,0
TXN004051,ACC100527,2026-07-07 10:29:00,310.14,N$,bill_payment,CP02836,0
TXN004052,ACC100546,2026-07-24 19:30:00,362.1,N$,cash_out,CP00140,0
TXN004053,ACC100265,2026-06-23 04:16:00,6906.6,N$,cash_out,CP00077,1
TXN004054,ACC100378,2026-06-01 20:12:00,1043.13,N$,bill_payment,CP02369,0
TXN004055,ACC100797,2026-06-14 12:02:00,188.7,N$,p2p_transfer,CP00332,0
TXN004056,ACC100118,2026-06-11 07:12:00,117.24,N$,merchant_payment,CP02703,0
TXN004057,ACC100389,2026-07-07 16:00:00,506.2,N$,merchant_payment,CP00487,0
TXN004058,ACC100108,2026-07-22 15:18:00,2188.6,N$,merchant_payment,CP02360,0
TXN004059,ACC100032,2026-06-18 08:49:00,627.09,N$,p2p_transfer,CP03014,0
TXN004060,ACC100504,2026-06-01 15:38:00,398.36,N$,bill_payment,CP01125,0
TXN004061,ACC100774,2026-07-30 04:23:00,718.89,N$,p2p_transfer,CP03587,0
TXN004062,ACC100380,2026-06-17 18:07:00,305.39,N$,merchant_payment,CP03158,0
TXN004063,ACC100629,2026-07-02 16:19:00,317.89,N$,merchant_payment,CP03991,0
TXN004064,ACC100533,2026-07-07 20:39:00,140.4,N$,p2p_transfer,CP00647,0
TXN004065,ACC100351,2026-07-08 18:07:00,373.18,N$,p2p_transfer,CP00104,0
TXN004066,ACC100119,2026-06-10 07:00:00,177.53,N$,bill_payment,CP02382,0
TXN004067,ACC100000,2026-06-27 02:50:00,480.75,N$,p2p_transfer,CP02425,0
TXN004068,ACC100412,2026-07-01 13:52:00,159.7,N$,p2p_transfer,CP01918,0
TXN004069,ACC100477,2026-06-11 17:22:00,525.01,N$,p2p_transfer,CP00292,0
TXN004070,ACC100755,2026-07-24 16:36:00,176.5,N$,p2p_transfer,CP02077,0
TXN004071,ACC100243,2026-06-12 03:41:00,191.07,N$,merchant_payment,CP03052,0
TXN004072,ACC100777,2026-06-10 22:39:00,160.39,N$,bill_payment,CP01903,0
TXN004073,ACC100184,2026-07-06 12:41:00,838.92,N$,p2p_transfer,CP02098,0
TXN004074,ACC100145,2026-06-14 18:59:00,436.66,N$,bill_payment,CP03765,0
TXN004075,ACC100367,2026-06-25 05:00:00,214.88,N$,p2p_transfer,CP01550,0
TXN004076,ACC100595,2026-06-28 06:57:00,313.62,N$,merchant_payment,CP02859,0
TXN004077,ACC100485,2026-07-13 07:24:00,354.21,N$,p2p_transfer,CP03515,0
TXN004078,ACC100735,2026-06-09 02:00:00,459.11,N$,cash_out,CP01601,0
TXN004079,ACC100084,2026-06-13 06:30:00,617.84,N$,cash_out,CP00152,0
TXN004080,ACC100752,2026-07-06 23:09:00,459.02,N$,merchant_payment,CP02401,0
TXN004081,ACC100743,2026-06-16 02:56:00,441.28,N$,p2p_transfer,CP02827,0
TXN004082,ACC100234,2026-07-10 11:16:00,416.11,N$,merchant_payment,CP02732,0
TXN004083,ACC100541,2026-06-16 02:21:00,14099.47,N$,p2p_transfer,CP02872,1
TXN004084,ACC100287,2026-07-17 08:06:00,747.62,N$,merchant_payment,CP01156,0
TXN004085,ACC100301,2026-06-30 08:27:00,249.19,N$,cash_out,CP02487,0
TXN004086,ACC100582,2026-07-10 17:24:00,217.54,N$,merchant_payment,CP02170,0
TXN004087,ACC100168,2026-06-09 02:09:00,160.36,N$,p2p_transfer,CP02233,0
TXN004088,ACC100722,2026-07-20 05:28:00,638.03,N$,cash_out,CP02554,0
TXN004089,ACC100167,2026-07-03 00:31:00,961.38,N$,merchant_payment,CP01202,0
TXN004090,ACC100519,2026-07-23 18:04:00,108.75,N$,bill_payment,CP00552,0
TXN004091,ACC100545,2026-06-09 01:19:00,331.41,N$,merchant_payment,CP02216,0
TXN004092,ACC100111,2026-07-06 06:16:00,416.85,N$,p2p_transfer,CP03694,0
TXN004093,ACC100282,2026-07-03 02:10:00,715.43,N$,p2p_transfer,CP01361,0
TXN004094,ACC100264,2026-07-05 01:42:00,616.27,N$,p2p_transfer,CP03070,1
TXN004095,ACC100123,2026-07-26 00:21:00,269.76,N$,merchant_payment,CP01741,0
TXN004096,ACC100454,2026-07-19 02:09:00,85.85,N$,merchant_payment,CP01557,0
TXN004097,ACC100029,2026-07-26 07:17:00,1008.85,N$,merchant_payment,CP03547,0
TXN004098,ACC100575,2026-07-02 18:36:00,417.47,N$,merchant_payment,CP03261,0
TXN004099,ACC100469,2026-07-04 16:25:00,736.5,N$,cash_out,CP03773,0
TXN004100,ACC100312,2026-06-28 14:26:00,173.9,N$,cash_out,CP01361,0
TXN004101,ACC100462,2026-07-07 10:52:00,181.41,N$,p2p_transfer,CP02863,0
TXN004102,ACC100356,2026-06-24 04:03:00,371.15,N$,merchant_payment,CP01935,0
TXN004103,ACC100327,2026-06-06 17:02:00,126.49,N$,merchant_payment,CP02137,0
TXN004104,ACC100779,2026-06-14 14:27:00,336.29,N$,p2p_transfer,CP01473,0
TXN004105,ACC100176,2026-07-29 21:07:00,594.16,N$,merchant_payment,CP03552,0
TXN004106,ACC100025,2026-06-13 22:41:00,125.75,N$,p2p_transfer,CP02560,0
TXN004107,ACC100273,2026-06-30 12:31:00,1831.31,N$,p2p_transfer,CP02982,0
TXN004108,ACC100059,2026-07-08 06:58:00,90.69,N$,p2p_transfer,CP03490,0
TXN004109,ACC100334,2026-06-06 09:55:00,368.54,N$,merchant_payment,CP03566,0
TXN004110,ACC100454,2026-07-15 07:22:00,438.37,N$,merchant_payment,CP02657,0
TXN004111,ACC100204,2026-06-27 04:15:00,2172.67,N$,merchant_payment,CP02935,0
TXN004112,ACC100532,2026-07-20 16:24:00,710.74,N$,p2p_transfer,CP03455,0
TXN004113,ACC100117,2026-07-23 06:04:00,227.78,N$,merchant_payment,CP01884,0
TXN004114,ACC100071,2026-07-03 21:38:00,889.52,N$,bill_payment,CP00464,0
TXN004115,ACC100762,2026-06-05 06:47:00,909.33,N$,p2p_transfer,CP02465,0
TXN004116,ACC100102,2026-06-09 02:49:00,1739.52,N$,merchant_payment,CP02064,0
TXN004117,ACC100596,2026-07-27 07:03:00,60.4,N$,merchant_payment,CP03158,0
TXN004118,ACC100678,2026-06-10 17:36:00,285.96,N$,p2p_transfer,CP03948,0
TXN004119,ACC100340,2026-07-08 14:55:00,183.91,N$,merchant_payment,CP03155,0
TXN004120,ACC100330,2026-06-10 17:40:00,144.59,N$,merchant_payment,CP02302,0
TXN004121,ACC100763,2026-06-03 17:47:00,194.07,N$,merchant_payment,CP01940,0
TXN004122,ACC100317,2026-06-11 04:59:00,1042.78,N$,p2p_transfer,CP00698,0
TXN004123,ACC100484,2026-07-02 23:58:00,977.6,N$,p2p_transfer,CP03770,0
TXN004124,ACC100216,2026-06-21 10:13:00,839.51,N$,cash_out,CP03047,0
TXN004125,ACC100244,2026-07-06 14:26:00,464.32,N$,p2p_transfer,CP03352,0
TXN004126,ACC100748,2026-06-24 05:09:00,315.14,N$,p2p_transfer,CP01345,0
TXN004127,ACC100412,2026-06-15 13:19:00,3233.62,N$,merchant_payment,CP01842,0
TXN004128,ACC100280,2026-06-20 09:35:00,304.56,N$,p2p_transfer,CP00356,0
TXN004129,ACC100222,2026-07-15 21:31:00,106.15,N$,merchant_payment,CP03475,0
TXN004130,ACC100185,2026-06-29 01:27:00,127.01,N$,p2p_transfer,CP03472,0
TXN004131,ACC100784,2026-07-07 04:15:00,180.22,N$,p2p_transfer,CP00126,0
TXN004132,ACC100537,2026-07-27 00:41:00,223.43,N$,merchant_payment,CP03889,0
TXN004133,ACC100643,2026-06-09 04:20:00,215.31,N$,cash_out,CP02040,0
TXN004134,ACC100694,2026-07-18 00:01:00,323.5,N$,merchant_payment,CP01500,0
TXN004135,ACC100525,2026-06-18 21:40:00,1446.56,N$,p2p_transfer,CP00177,0
TXN004136,ACC100563,2026-07-04 03:43:00,553.43,N$,merchant_payment,CP03240,0
TXN004137,ACC100716,2026-06-10 02:44:00,233.35,N$,p2p_transfer,CP03347,0
TXN004138,ACC100758,2026-07-27 09:58:00,1439.3,N$,p2p_transfer,CP01366,0
TXN004139,ACC100058,2026-06-22 14:04:00,639.86,N$,bill_payment,CP01491,0
TXN004140,ACC100173,2026-06-19 05:02:00,374.05,N$,p2p_transfer,CP02523,0
TXN004141,ACC100234,2026-07-29 16:28:00,3880.01,N$,cash_out,CP01340,1
TXN004142,ACC100033,2026-06-18 20:24:00,724.8,N$,p2p_transfer,CP02869,0
TXN004143,ACC100611,2026-06-02 13:36:00,723.89,N$,cash_out,CP03640,0
TXN004144,ACC100437,2026-07-10 08:39:00,667.15,N$,p2p_transfer,CP01080,0
TXN004145,ACC100313,2026-06-11 20:38:00,567.79,N$,merchant_payment,CP01680,0
TXN004146,ACC100726,2026-07-29 13:19:00,451.35,N$,p2p_transfer,CP03810,0
TXN004147,ACC100447,2026-06-26 19:36:00,239.43,N$,p2p_transfer,CP01772,0
TXN004148,ACC100224,2026-07-04 17:34:00,122.81,N$,bill_payment,CP01655,0
TXN004149,ACC100452,2026-07-23 00:02:00,129.9,N$,merchant_payment,CP00049,0
TXN004150,ACC100033,2026-07-13 22:01:00,502.88,N$,merchant_payment,CP00358,0
TXN004151,ACC100553,2026-06-21 03:24:00,158.44,N$,cash_out,CP03172,0
TXN004152,ACC100646,2026-07-03 03:57:00,233.58,N$,p2p_transfer,CP02788,0
TXN004153,ACC100754,2026-07-04 22:23:00,273.48,N$,merchant_payment,CP00172,0
TXN004154,ACC100106,2026-07-08 12:33:00,565.58,N$,merchant_payment,CP02120,0
TXN004155,ACC100102,2026-07-15 03:50:00,232.1,N$,merchant_payment,CP02020,0
TXN004156,ACC100727,2026-06-04 06:43:00,595.75,N$,cash_out,CP01249,0
TXN004157,ACC100632,2026-06-17 12:10:00,847.04,N$,cash_out,CP03274,0
TXN004158,ACC100013,2026-06-01 12:30:00,1326.64,N$,merchant_payment,CP03369,0
TXN004159,ACC100707,2026-06-05 16:55:00,126.38,N$,p2p_transfer,CP00452,0
TXN004160,ACC100141,2026-06-30 20:02:00,258.92,N$,bill_payment,CP02886,0
TXN004161,ACC100436,2026-06-09 09:22:00,93.48,N$,p2p_transfer,CP01150,0
TXN004162,ACC100163,2026-07-11 14:50:00,52.61,N$,merchant_payment,CP01364,0
TXN004163,ACC100668,2026-06-19 01:19:00,273.05,N$,p2p_transfer,CP01822,0
TXN004164,ACC100015,2026-07-08 17:41:00,186.96,N$,cash_out,CP02363,0
TXN004165,ACC100505,2026-07-05 03:07:00,407.88,N$,cash_out,CP02753,0
TXN004166,ACC100346,2026-06-07 18:26:00,289.75,N$,merchant_payment,CP00281,0
TXN004167,ACC100155,2026-07-22 20:00:00,378.97,N$,p2p_transfer,CP02840,0
TXN004168,ACC100333,2026-06-21 05:13:00,1776.37,N$,merchant_payment,CP01993,0
TXN004169,ACC100480,2026-06-15 13:57:00,609.83,N$,p2p_transfer,CP01314,0
TXN004170,ACC100293,2026-07-13 09:35:00,400.98,N$,merchant_payment,CP03227,0
TXN004171,ACC100493,2026-06-17 16:01:00,205.26,N$,merchant_payment,CP00360,0
TXN004172,ACC100425,2026-07-24 22:03:00,277.55,N$,merchant_payment,CP01423,0
TXN004173,ACC100656,2026-07-11 06:47:00,272.66,N$,p2p_transfer,CP01474,0
TXN004174,ACC100221,2026-06-12 09:23:00,217.96,N$,p2p_transfer,CP03297,0
TXN004175,ACC100648,2026-06-25 13:05:00,256.37,N$,p2p_transfer,CP01654,0
TXN004176,ACC100665,2026-07-18 11:47:00,236.35,N$,cash_out,CP03790,0
TXN004177,ACC100641,2026-06-30 03:27:00,537.96,N$,p2p_transfer,CP00842,0
TXN004178,ACC100102,2026-06-22 16:32:00,258.27,N$,p2p_transfer,CP02310,0
TXN004179,ACC100072,2026-06-17 15:53:00,259.39,N$,merchant_payment,CP01672,0
TXN004180,ACC100733,2026-07-08 09:00:00,723.75,N$,p2p_transfer,CP01867,0
TXN004181,ACC100621,2026-06-16 11:56:00,340.14,N$,merchant_payment,CP03997,0
TXN004182,ACC100703,2026-07-09 21:56:00,185.6,N$,p2p_transfer,CP01927,0
TXN004183,ACC100091,2026-06-08 19:02:00,854.02,N$,bill_payment,CP01084,0
TXN004184,ACC100148,2026-07-27 06:44:00,117.87,N$,p2p_transfer,CP02804,0
TXN004185,ACC100405,2026-07-08 16:03:00,426.01,N$,p2p_transfer,CP01307,0
TXN004186,ACC100655,2026-06-27 05:29:00,883.99,N$,merchant_payment,CP03753,0
TXN004187,ACC100119,2026-07-22 06:14:00,570.43,N$,merchant_payment,CP03045,0
TXN004188,ACC100008,2026-06-20 03:36:00,429.35,N$,cash_out,CP02907,0
TXN004189,ACC100321,2026-06-09 13:53:00,803.9,N$,p2p_transfer,CP03468,0
TXN004190,ACC100146,2026-06-11 20:09:00,637.74,N$,p2p_transfer,CP01931,0
TXN004191,ACC100716,2026-07-23 15:02:00,447.71,N$,merchant_payment,CP00989,0
TXN004192,ACC100479,2026-06-11 13:34:00,786.27,N$,p2p_transfer,CP00342,0
TXN004193,ACC100033,2026-06-23 00:45:00,591.54,N$,merchant_payment,CP03592,0
TXN004194,ACC100383,2026-07-16 23:21:00,323.54,N$,merchant_payment,CP02189,0
TXN004195,ACC100217,2026-06-17 21:55:00,371.85,N$,merchant_payment,CP00825,0
TXN004196,ACC100038,2026-06-20 20:37:00,212.97,N$,merchant_payment,CP02586,0
TXN004197,ACC100330,2026-06-10 03:47:00,532.81,N$,cash_out,CP00160,0
TXN004198,ACC100254,2026-06-27 06:22:00,583.89,N$,bill_payment,CP01533,0
TXN004199,ACC100340,2026-07-04 22:34:00,493.11,N$,p2p_transfer,CP03437,0
TXN004200,ACC100303,2026-06-16 20:31:00,521.32,N$,merchant_payment,CP01445,0
TXN004201,ACC100365,2026-06-29 06:15:00,125.14,N$,p2p_transfer,CP02016,0
TXN004202,ACC100779,2026-06-09 19:04:00,149.07,N$,p2p_transfer,CP02897,0
TXN004203,ACC100336,2026-07-08 18:17:00,572.24,N$,cash_out,CP03204,0
TXN004204,ACC100691,2026-07-01 18:30:00,552.36,N$,merchant_payment,CP00253,0
TXN004205,ACC100760,2026-07-07 04:56:00,594.05,N$,p2p_transfer,CP03240,0
TXN004206,ACC100602,2026-06-21 10:31:00,272.9,N$,p2p_transfer,CP00372,0
TXN004207,ACC100067,2026-06-25 18:20:00,238.08,N$,p2p_transfer,CP03664,0
TXN004208,ACC100157,2026-06-26 14:31:00,222.72,N$,bill_payment,CP00993,0
TXN004209,ACC100568,2026-06-03 00:48:00,738.66,N$,p2p_transfer,CP00663,0
TXN004210,ACC100654,2026-07-29 09:52:00,140.54,N$,p2p_transfer,CP02500,0
TXN004211,ACC100293,2026-07-23 10:51:00,111.44,N$,p2p_transfer,CP00277,0
TXN004212,ACC100334,2026-07-19 04:01:00,2866.49,N$,p2p_transfer,CP01129,0
TXN004213,ACC100104,2026-07-18 22:15:00,873.02,N$,bill_payment,CP01892,0
TXN004214,ACC100545,2026-06-27 20:10:00,183.26,N$,cash_out,CP03270,0
TXN004215,ACC100158,2026-07-11 09:05:00,912.68,N$,merchant_payment,CP02082,0
TXN004216,ACC100408,2026-06-13 18:37:00,79.12,N$,p2p_transfer,CP03311,0
TXN004217,ACC100492,2026-06-23 03:09:00,229.51,N$,p2p_transfer,CP01391,0
TXN004218,ACC100686,2026-07-20 07:25:00,173.72,N$,merchant_payment,CP02007,0
TXN004219,ACC100664,2026-06-09 17:24:00,475.6,N$,cash_out,CP01377,0
TXN004220,ACC100611,2026-06-28 01:46:00,1165.32,N$,merchant_payment,CP03849,0
TXN004221,ACC100002,2026-06-20 20:25:00,395.88,N$,cash_out,CP00551,0
TXN004222,ACC100484,2026-06-28 22:53:00,1115.52,N$,merchant_payment,CP01897,0
TXN004223,ACC100337,2026-06-19 14:07:00,253.04,N$,bill_payment,CP02993,0
TXN004224,ACC100441,2026-06-16 23:35:00,685.03,N$,merchant_payment,CP01142,0
TXN004225,ACC100048,2026-07-10 14:19:00,146.37,N$,merchant_payment,CP01684,0
TXN004226,ACC100597,2026-06-03 16:37:00,177.33,N$,merchant_payment,CP02847,0
TXN004227,ACC100592,2026-06-30 16:13:00,707.33,N$,merchant_payment,CP00237,0
TXN004228,ACC100669,2026-07-23 00:52:00,163.72,N$,merchant_payment,CP02092,0
TXN004229,ACC100556,2026-07-06 02:35:00,65.58,N$,p2p_transfer,CP02088,0
TXN004230,ACC100745,2026-07-09 06:07:00,971.88,N$,bill_payment,CP03515,0
TXN004231,ACC100419,2026-07-14 19:49:00,890.33,N$,cash_out,CP03442,0
TXN004232,ACC100490,2026-07-30 14:04:00,838.47,N$,cash_out,CP00183,0
TXN004233,ACC100504,2026-07-10 10:10:00,156.11,N$,bill_payment,CP00794,0
TXN004234,ACC100675,2026-07-30 00:37:00,956.39,N$,p2p_transfer,CP00922,0
TXN004235,ACC100666,2026-07-30 14:57:00,658.46,N$,merchant_payment,CP02393,0
TXN004236,ACC100567,2026-06-18 10:34:00,477.17,N$,p2p_transfer,CP01253,0
TXN004237,ACC100121,2026-07-05 09:51:00,493.99,N$,cash_out,CP03318,0
TXN004238,ACC100131,2026-06-05 14:38:00,3043.29,N$,merchant_payment,CP03218,0
TXN004239,ACC100125,2026-07-12 11:33:00,155.6,N$,p2p_transfer,CP00716,0
TXN004240,ACC100753,2026-06-22 02:55:00,1005.59,N$,bill_payment,CP03774,0
TXN004241,ACC100123,2026-06-09 15:28:00,91.46,N$,p2p_transfer,CP02966,0
TXN004242,ACC100343,2026-06-23 16:58:00,1185.63,N$,merchant_payment,CP03082,0
TXN004243,ACC100357,2026-06-06 01:36:00,1340.48,N$,p2p_transfer,CP03108,0
TXN004244,ACC100255,2026-06-04 19:11:00,240.72,N$,cash_out,CP00757,0
TXN004245,ACC100574,2026-07-04 22:10:00,898.38,N$,cash_out,CP03896,0
TXN004246,ACC100744,2026-06-28 22:58:00,952.2,N$,bill_payment,CP00961,0
TXN004247,ACC100193,2026-06-22 19:04:00,143.22,N$,p2p_transfer,CP03238,0
TXN004248,ACC100414,2026-06-03 11:43:00,640.17,N$,cash_out,CP02338,0
TXN004249,ACC100734,2026-06-24 04:09:00,146.37,N$,merchant_payment,CP02043,0
TXN004250,ACC100258,2026-06-08 00:44:00,1209.46,N$,cash_out,CP00642,0
TXN004251,ACC100407,2026-06-25 00:03:00,188.13,N$,merchant_payment,CP01208,0
TXN004252,ACC100588,2026-06-18 13:14:00,492.85,N$,p2p_transfer,CP03248,0
TXN004253,ACC100175,2026-07-30 04:20:00,61.87,N$,bill_payment,CP00703,0
TXN004254,ACC100695,2026-07-15 17:37:00,380.49,N$,p2p_transfer,CP01428,0
TXN004255,ACC100665,2026-07-14 04:41:00,176.64,N$,merchant_payment,CP03926,0
TXN004256,ACC100179,2026-06-28 15:19:00,157.96,N$,p2p_transfer,CP01196,0
TXN004257,ACC100670,2026-06-09 09:58:00,114.61,N$,p2p_transfer,CP01175,0
TXN004258,ACC100799,2026-07-08 00:50:00,575.91,N$,p2p_transfer,CP01588,0
TXN004259,ACC100038,2026-06-24 13:33:00,243.31,N$,bill_payment,CP01757,0
TXN004260,ACC100047,2026-06-21 20:30:00,50.64,N$,bill_payment,CP03593,0
TXN004261,ACC100462,2026-07-03 20:55:00,85.98,N$,p2p_transfer,CP02465,0
TXN004262,ACC100391,2026-07-15 10:00:00,555.79,N$,merchant_payment,CP01088,0
TXN004263,ACC100141,2026-07-13 00:07:00,1073.09,N$,p2p_transfer,CP01941,0
TXN004264,ACC100712,2026-07-27 20:02:00,126.27,N$,bill_payment,CP03097,0
TXN004265,ACC100439,2026-07-12 19:05:00,125.64,N$,merchant_payment,CP01974,0
TXN004266,ACC100254,2026-06-21 23:27:00,368.87,N$,p2p_transfer,CP01871,0
TXN004267,ACC100452,2026-06-07 22:01:00,668.1,N$,merchant_payment,CP02112,0
TXN004268,ACC100328,2026-06-23 13:24:00,923.6,N$,merchant_payment,CP01735,0
TXN004269,ACC100290,2026-06-16 17:22:00,376.15,N$,merchant_payment,CP00379,0
TXN004270,ACC100592,2026-06-03 23:03:00,677.69,N$,bill_payment,CP02541,0
TXN004271,ACC100301,2026-06-16 06:21:00,462.15,N$,merchant_payment,CP03983,0
TXN004272,ACC100171,2026-06-06 10:27:00,516.8,N$,merchant_payment,CP03573,0
TXN004273,ACC100257,2026-07-17 14:08:00,126.97,N$,merchant_payment,CP00792,0
TXN004274,ACC100608,2026-06-29 20:51:00,165.26,N$,merchant_payment,CP02361,0
TXN004275,ACC100067,2026-06-17 09:39:00,689.45,N$,p2p_transfer,CP02650,0
TXN004276,ACC100028,2026-07-15 10:22:00,1694.98,N$,merchant_payment,CP01320,0
TXN004277,ACC100381,2026-06-23 18:32:00,698.78,N$,p2p_transfer,CP02127,0
TXN004278,ACC100779,2026-07-20 18:46:00,182.43,N$,p2p_transfer,CP02573,0
TXN004279,ACC100101,2026-06-21 12:27:00,328.7,N$,p2p_transfer,CP03734,0
TXN004280,ACC100121,2026-07-19 15:38:00,636.44,N$,p2p_transfer,CP00199,0
TXN004281,ACC100598,2026-07-25 00:42:00,1825.73,N$,p2p_transfer,CP02796,1
TXN004282,ACC100151,2026-07-22 21:07:00,273.78,N$,cash_out,CP01951,0
TXN004283,ACC100230,2026-06-21 20:09:00,2511.58,N$,p2p_transfer,CP03497,1
TXN004284,ACC100170,2026-07-19 09:15:00,193.45,N$,cash_out,CP02181,0
TXN004285,ACC100171,2026-06-07 14:40:00,10205.83,N$,cash_out,CP01170,1
TXN004286,ACC100372,2026-07-08 00:11:00,221.64,N$,merchant_payment,CP00211,0
TXN004287,ACC100711,2026-07-07 22:41:00,242.37,N$,merchant_payment,CP00915,0
TXN004288,ACC100261,2026-06-24 08:14:00,200.12,N$,p2p_transfer,CP00453,0
TXN004289,ACC100387,2026-07-21 23:20:00,194.42,N$,merchant_payment,CP00588,0
TXN004290,ACC100352,2026-07-05 11:38:00,1183.14,N$,p2p_transfer,CP03316,0
TXN004291,ACC100096,2026-06-11 04:24:00,844.89,N$,p2p_transfer,CP03160,0
TXN004292,ACC100248,2026-07-15 13:54:00,108.55,N$,cash_out,CP01006,0
TXN004293,ACC100731,2026-06-25 03:16:00,559.15,N$,bill_payment,CP03644,0
TXN004294,ACC100486,2026-07-19 16:05:00,328.52,N$,p2p_transfer,CP00483,0
TXN004295,ACC100131,2026-06-03 03:48:00,902.67,N$,cash_out,CP00073,0
TXN004296,ACC100165,2026-07-12 14:50:00,1146.5,N$,cash_out,CP03049,0
TXN004297,ACC100381,2026-06-07 10:42:00,206.29,N$,p2p_transfer,CP02313,0
TXN004298,ACC100184,2026-07-06 15:02:00,389.63,N$,cash_out,CP03068,0
TXN004299,ACC100624,2026-07-23 01:41:00,326.01,N$,merchant_payment,CP03618,0
TXN004300,ACC100620,2026-07-14 20:16:00,545.95,N$,p2p_transfer,CP02060,0
TXN004301,ACC100331,2026-06-16 16:35:00,2044.94,N$,merchant_payment,CP02433,0
TXN004302,ACC100412,2026-07-04 14:57:00,366.64,N$,bill_payment,CP03465,0
TXN004303,ACC100650,2026-07-24 07:11:00,168.28,N$,cash_out,CP00694,0
TXN004304,ACC100660,2026-07-12 11:14:00,148.3,N$,cash_out,CP01545,0
TXN004305,ACC100084,2026-07-10 21:41:00,8016.09,N$,cash_out,CP00283,1
TXN004306,ACC100116,2026-07-22 11:51:00,421.24,N$,merchant_payment,CP02174,0
TXN004307,ACC100343,2026-06-19 15:25:00,86.08,N$,merchant_payment,CP00622,0
TXN004308,ACC100100,2026-06-29 05:21:00,469.99,N$,merchant_payment,CP03650,0
TXN004309,ACC100542,2026-06-24 08:12:00,509.82,N$,p2p_transfer,CP01844,0
TXN004310,ACC100403,2026-07-01 11:16:00,821.19,N$,bill_payment,CP02535,0
TXN004311,ACC100013,2026-07-28 01:43:00,364.13,N$,p2p_transfer,CP00830,0
TXN004312,ACC100444,2026-07-25 23:44:00,449.78,N$,merchant_payment,CP00974,0
TXN004313,ACC100509,2026-06-14 07:50:00,613.11,N$,merchant_payment,CP03504,0
TXN004314,ACC100274,2026-07-26 07:10:00,311.44,N$,merchant_payment,CP00708,0
TXN004315,ACC100153,2026-07-18 05:40:00,155.41,N$,merchant_payment,CP02327,0
TXN004316,ACC100443,2026-07-17 05:25:00,1425.44,N$,p2p_transfer,CP03434,0
TXN004317,ACC100727,2026-07-06 20:10:00,343.4,N$,merchant_payment,CP01813,0
TXN004318,ACC100339,2026-07-14 00:34:00,343.17,N$,merchant_payment,CP03143,0
TXN004319,ACC100075,2026-07-21 10:51:00,534.68,N$,merchant_payment,CP01594,0
TXN004320,ACC100403,2026-06-16 16:53:00,1469.74,N$,cash_out,CP00904,0
TXN004321,ACC100423,2026-06-12 16:11:00,1862.16,N$,p2p_transfer,CP01325,0
TXN004322,ACC100497,2026-07-08 10:54:00,366.74,N$,merchant_payment,CP01373,0
TXN004323,ACC100507,2026-07-30 15:45:00,525.87,N$,bill_payment,CP02865,0
TXN004324,ACC100662,2026-07-04 03:21:00,716.04,N$,merchant_payment,CP01531,0
TXN004325,ACC100783,2026-07-22 08:25:00,300.18,N$,bill_payment,CP02893,0
TXN004326,ACC100428,2026-07-12 02:40:00,549.36,N$,p2p_transfer,CP03868,0
TXN004327,ACC100231,2026-06-27 07:23:00,693.53,N$,p2p_transfer,CP02189,0
TXN004328,ACC100025,2026-07-09 22:23:00,283.74,N$,merchant_payment,CP03598,0
TXN004329,ACC100226,2026-06-28 19:46:00,341.43,N$,p2p_transfer,CP02374,0
TXN004330,ACC100599,2026-06-04 17:42:00,950.53,N$,bill_payment,CP02188,0
TXN004331,ACC100109,2026-07-08 17:01:00,519.99,N$,merchant_payment,CP00744,0
TXN004332,ACC100389,2026-07-22 03:59:00,282.85,N$,p2p_transfer,CP03290,0
TXN004333,ACC100671,2026-07-13 03:26:00,265.63,N$,merchant_payment,CP02151,0
TXN004334,ACC100490,2026-07-24 23:14:00,660.74,N$,p2p_transfer,CP02289,0
TXN004335,ACC100358,2026-07-08 03:31:00,327.88,N$,merchant_payment,CP01957,0
TXN004336,ACC100435,2026-06-06 17:18:00,89.36,N$,merchant_payment,CP03186,0
TXN004337,ACC100247,2026-06-03 20:17:00,1582.84,N$,p2p_transfer,CP00576,0
TXN004338,ACC100057,2026-06-20 02:49:00,633.96,N$,cash_out,CP01572,0
TXN004339,ACC100667,2026-06-11 04:53:00,503.21,N$,p2p_transfer,CP03267,0
TXN004340,ACC100497,2026-06-05 08:18:00,875.73,N$,cash_out,CP00294,0
TXN004341,ACC100135,2026-06-21 10:03:00,264.71,N$,merchant_payment,CP02427,0
TXN004342,ACC100382,2026-06-24 04:01:00,272.09,N$,merchant_payment,CP01963,0
TXN004343,ACC100381,2026-06-17 10:52:00,1103.47,N$,merchant_payment,CP02893,0
TXN004344,ACC100607,2026-06-28 10:03:00,1238.6,N$,p2p_transfer,CP00944,0
TXN004345,ACC100053,2026-06-17 06:44:00,361.71,N$,merchant_payment,CP03852,0
TXN004346,ACC100654,2026-07-15 16:29:00,719.92,N$,bill_payment,CP01084,0
TXN004347,ACC100629,2026-07-14 15:39:00,1931.28,N$,merchant_payment,CP02681,0
TXN004348,ACC100143,2026-07-27 04:16:00,221.76,N$,cash_out,CP01427,0
TXN004349,ACC100594,2026-07-23 23:48:00,370.15,N$,p2p_transfer,CP01082,0
TXN004350,ACC100675,2026-07-07 14:33:00,245.23,N$,cash_out,CP01212,0
TXN004351,ACC100363,2026-06-11 21:24:00,1768.39,N$,cash_out,CP03105,0
TXN004352,ACC100618,2026-06-19 10:37:00,835.47,N$,bill_payment,CP02508,0
TXN004353,ACC100479,2026-06-10 03:53:00,103.62,N$,merchant_payment,CP03498,0
TXN004354,ACC100763,2026-07-14 22:25:00,362.95,N$,p2p_transfer,CP01476,0
TXN004355,ACC100568,2026-07-27 23:14:00,428.2,N$,merchant_payment,CP03407,0
TXN004356,ACC100372,2026-06-21 08:02:00,1831.82,N$,cash_out,CP00516,0
TXN004357,ACC100229,2026-07-21 12:16:00,249.5,N$,p2p_transfer,CP01004,0
TXN004358,ACC100325,2026-06-21 17:52:00,82.68,N$,cash_out,CP00471,0
TXN004359,ACC100142,2026-06-01 08:02:00,138.7,N$,merchant_payment,CP01978,0
TXN004360,ACC100622,2026-07-03 12:45:00,407.26,N$,merchant_payment,CP01886,0
TXN004361,ACC100331,2026-06-22 04:03:00,832.96,N$,p2p_transfer,CP00371,0
TXN004362,ACC100657,2026-07-11 18:12:00,493.01,N$,cash_out,CP00179,0
TXN004363,ACC100466,2026-06-12 15:20:00,398.92,N$,bill_payment,CP03454,0
TXN004364,ACC100653,2026-07-03 23:50:00,1353.16,N$,cash_out,CP02129,0
TXN004365,ACC100476,2026-06-30 20:31:00,388.98,N$,cash_out,CP02649,0
TXN004366,ACC100413,2026-06-13 01:06:00,241.72,N$,bill_payment,CP03666,0
TXN004367,ACC100327,2026-06-01 00:31:00,2168.17,N$,merchant_payment,CP01941,0
TXN004368,ACC100458,2026-06-10 07:12:00,494.58,N$,cash_out,CP00659,0
TXN004369,ACC100259,2026-06-29 14:34:00,108.42,N$,cash_out,CP01540,0
TXN004370,ACC100202,2026-07-02 18:43:00,599.47,N$,merchant_payment,CP01284,0
TXN004371,ACC100635,2026-06-17 06:19:00,805.85,N$,merchant_payment,CP00678,0
TXN004372,ACC100661,2026-06-23 10:00:00,1537.12,N$,p2p_transfer,CP01230,0
TXN004373,ACC100721,2026-07-29 15:19:00,988.6,N$,p2p_transfer,CP02253,0
TXN004374,ACC100780,2026-06-17 06:09:00,98.62,N$,bill_payment,CP00876,0
TXN004375,ACC100143,2026-06-14 23:23:00,225.8,N$,p2p_transfer,CP03792,0
TXN004376,ACC100104,2026-06-03 23:44:00,125.22,N$,cash_out,CP01809,0
TXN004377,ACC100111,2026-07-22 18:38:00,1005.99,N$,p2p_transfer,CP02592,0
TXN004378,ACC100010,2026-06-04 10:08:00,476.22,N$,merchant_payment,CP02637,0
TXN004379,ACC100212,2026-06-04 03:29:00,448.2,N$,cash_out,CP02015,0
TXN004380,ACC100282,2026-06-05 13:40:00,904.88,N$,merchant_payment,CP00180,0
TXN004381,ACC100352,2026-07-18 09:38:00,247.29,N$,merchant_payment,CP00771,0
TXN004382,ACC100091,2026-06-20 16:15:00,460.51,N$,p2p_transfer,CP00306,0
TXN004383,ACC100204,2026-06-12 17:44:00,1325.52,N$,merchant_payment,CP01233,0
TXN004384,ACC100779,2026-07-05 20:28:00,178.88,N$,merchant_payment,CP00214,0
TXN004385,ACC100480,2026-07-08 05:30:00,114.79,N$,p2p_transfer,CP03518,0
TXN004386,ACC100347,2026-06-03 18:24:00,382.15,N$,merchant_payment,CP02726,0
TXN004387,ACC100406,2026-07-23 14:02:00,887.95,N$,merchant_payment,CP02142,0
TXN004388,ACC100360,2026-07-07 22:09:00,13790.39,N$,cash_out,CP00719,1
TXN004389,ACC100731,2026-07-24 19:08:00,1160.05,N$,cash_out,CP02127,0
TXN004390,ACC100175,2026-07-15 14:11:00,2150.93,N$,merchant_payment,CP00421,0
TXN004391,ACC100058,2026-06-11 03:35:00,358.23,N$,p2p_transfer,CP01476,0
TXN004392,ACC100653,2026-07-25 12:43:00,296.12,N$,merchant_payment,CP03899,0
TXN004393,ACC100169,2026-07-09 21:55:00,753.67,N$,p2p_transfer,CP00580,0
TXN004394,ACC100415,2026-06-02 13:40:00,969.25,N$,p2p_transfer,CP01609,0
TXN004395,ACC100160,2026-07-07 11:53:00,170.88,N$,merchant_payment,CP01167,0
TXN004396,ACC100262,2026-06-24 12:20:00,321.78,N$,merchant_payment,CP01724,0
TXN004397,ACC100716,2026-07-12 14:32:00,429.94,N$,cash_out,CP01741,0
TXN004398,ACC100595,2026-06-09 05:16:00,982.21,N$,cash_out,CP01762,0
TXN004399,ACC100026,2026-07-14 18:19:00,458.32,N$,p2p_transfer,CP00170,0
TXN004400,ACC100356,2026-07-19 02:45:00,335.88,N$,merchant_payment,CP02241,0
TXN004401,ACC100182,2026-06-27 21:19:00,611.16,N$,p2p_transfer,CP02273,0
TXN004402,ACC100123,2026-06-29 06:07:00,837.66,N$,cash_out,CP02895,0
TXN004403,ACC100590,2026-06-07 03:33:00,181.92,N$,p2p_transfer,CP00196,0
TXN004404,ACC100705,2026-06-03 12:16:00,1237.9,N$,p2p_transfer,CP02892,0
TXN004405,ACC100702,2026-06-28 15:30:00,480.05,N$,p2p_transfer,CP01844,0
TXN004406,ACC100790,2026-07-04 08:48:00,423.48,N$,p2p_transfer,CP00419,0
TXN004407,ACC100609,2026-07-21 17:00:00,491.12,N$,p2p_transfer,CP03017,0
TXN004408,ACC100316,2026-07-29 13:16:00,493.73,N$,bill_payment,CP01683,0
TXN004409,ACC100788,2026-07-02 01:35:00,411.22,N$,cash_out,CP01846,0
TXN004410,ACC100233,2026-07-01 12:20:00,1342.23,N$,p2p_transfer,CP02576,0
TXN004411,ACC100761,2026-06-29 13:42:00,507.72,N$,merchant_payment,CP02368,0
TXN004412,ACC100424,2026-07-08 04:00:00,14274.98,N$,cash_out,CP01433,1
TXN004413,ACC100056,2026-07-12 12:53:00,904.61,N$,merchant_payment,CP02980,0
TXN004414,ACC100782,2026-07-05 12:38:00,98.3,N$,p2p_transfer,CP03745,0
TXN004415,ACC100526,2026-07-14 09:30:00,613.42,N$,p2p_transfer,CP00755,0
TXN004416,ACC100544,2026-07-19 10:21:00,318.17,N$,p2p_transfer,CP00396,0
TXN004417,ACC100151,2026-07-07 12:49:00,162.41,N$,p2p_transfer,CP00609,0
TXN004418,ACC100270,2026-07-05 02:23:00,1331.15,N$,p2p_transfer,CP02371,1
TXN004419,ACC100034,2026-06-04 15:34:00,282.48,N$,p2p_transfer,CP00792,0
TXN004420,ACC100637,2026-06-10 16:32:00,1263.8,N$,merchant_payment,CP02946,0
TXN004421,ACC100268,2026-06-17 00:50:00,742.13,N$,p2p_transfer,CP02944,0
TXN004422,ACC100143,2026-07-09 19:17:00,135.62,N$,merchant_payment,CP03706,0
TXN004423,ACC100734,2026-06-09 08:51:00,569.35,N$,cash_out,CP02674,0
TXN004424,ACC100510,2026-07-02 17:57:00,252.03,N$,merchant_payment,CP01436,0
TXN004425,ACC100259,2026-06-30 06:14:00,17412.96,N$,cash_out,CP02545,1
TXN004426,ACC100612,2026-06-04 20:31:00,153.69,N$,p2p_transfer,CP02519,0
TXN004427,ACC100629,2026-07-22 02:46:00,115.94,N$,p2p_transfer,CP01821,0
TXN004428,ACC100076,2026-06-24 11:20:00,1894.46,N$,p2p_transfer,CP02198,0
TXN004429,ACC100582,2026-06-05 03:39:00,616.93,N$,p2p_transfer,CP02760,0
TXN004430,ACC100016,2026-07-01 12:04:00,166.37,N$,p2p_transfer,CP02946,0
TXN004431,ACC100744,2026-06-13 18:06:00,224.83,N$,p2p_transfer,CP01359,0
TXN004432,ACC100254,2026-06-17 19:45:00,424.84,N$,p2p_transfer,CP00538,0
TXN004433,ACC100101,2026-06-28 08:52:00,63.16,N$,merchant_payment,CP00183,0
TXN004434,ACC100110,2026-07-09 13:07:00,230.11,N$,p2p_transfer,CP00023,0
TXN004435,ACC100282,2026-06-07 13:05:00,480.45,N$,cash_out,CP02934,0
TXN004436,ACC100015,2026-07-18 20:04:00,640.83,N$,cash_out,CP01598,0
TXN004437,ACC100469,2026-06-01 18:03:00,542.54,N$,p2p_transfer,CP01127,0
TXN004438,ACC100440,2026-07-13 10:30:00,595.84,N$,p2p_transfer,CP03625,0
TXN004439,ACC100649,2026-06-19 07:49:00,512.1,N$,p2p_transfer,CP02062,0
TXN004440,ACC100491,2026-06-07 08:16:00,363.36,N$,cash_out,CP01156,0
TXN004441,ACC100273,2026-06-08 17:24:00,973.97,N$,merchant_payment,CP01365,0
TXN004442,ACC100722,2026-07-23 03:46:00,326.29,N$,merchant_payment,CP01299,0
TXN004443,ACC100531,2026-07-04 10:31:00,644.89,N$,merchant_payment,CP02185,0
TXN004444,ACC100371,2026-07-17 21:51:00,221.82,N$,p2p_transfer,CP00414,0
TXN004445,ACC100674,2026-07-20 04:49:00,421.29,N$,p2p_transfer,CP02840,0
TXN004446,ACC100041,2026-06-11 19:15:00,227.7,N$,p2p_transfer,CP01980,0
TXN004447,ACC100260,2026-06-19 20:26:00,1835.11,N$,cash_out,CP02885,1
TXN004448,ACC100277,2026-06-26 10:11:00,212.57,N$,cash_out,CP01481,0
TXN004449,ACC100426,2026-07-10 15:16:00,2102.33,N$,p2p_transfer,CP02892,0
TXN004450,ACC100722,2026-07-06 17:28:00,447.18,N$,merchant_payment,CP01262,0
TXN004451,ACC100696,2026-06-23 04:53:00,303.29,N$,merchant_payment,CP00062,0
TXN004452,ACC100552,2026-06-04 13:26:00,110.89,N$,merchant_payment,CP00776,0
TXN004453,ACC100474,2026-07-01 12:46:00,297.97,N$,merchant_payment,CP01357,0
TXN004454,ACC100461,2026-07-27 06:30:00,567.59,N$,cash_out,CP02182,0
TXN004455,ACC100702,2026-07-16 22:28:00,395.33,N$,p2p_transfer,CP01460,0
TXN004456,ACC100212,2026-06-12 19:42:00,669.9,N$,merchant_payment,CP02243,0
TXN004457,ACC100570,2026-06-22 09:34:00,161.11,N$,merchant_payment,CP02450,0
TXN004458,ACC100557,2026-07-18 09:05:00,222.63,N$,p2p_transfer,CP01968,0
TXN004459,ACC100036,2026-07-06 20:42:00,89.36,N$,p2p_transfer,CP03851,0
TXN004460,ACC100308,2026-07-03 02:26:00,304.88,N$,p2p_transfer,CP03213,0
TXN004461,ACC100497,2026-06-18 19:22:00,526.41,N$,p2p_transfer,CP03510,0
TXN004462,ACC100376,2026-06-25 03:48:00,197.63,N$,p2p_transfer,CP00063,0
TXN004463,ACC100699,2026-06-03 06:36:00,1014.9,N$,merchant_payment,CP03894,0
TXN004464,ACC100221,2026-07-27 06:38:00,1127.88,N$,p2p_transfer,CP00845,0
TXN004465,ACC100123,2026-07-30 15:42:00,315.0,N$,merchant_payment,CP03253,0
TXN004466,ACC100229,2026-06-08 16:45:00,1128.1,N$,merchant_payment,CP01384,0
TXN004467,ACC100038,2026-07-17 11:36:00,798.2,N$,p2p_transfer,CP00664,0
TXN004468,ACC100428,2026-06-05 02:57:00,217.26,N$,merchant_payment,CP01308,0
TXN004469,ACC100279,2026-07-28 00:21:00,479.87,N$,p2p_transfer,CP02757,0
TXN004470,ACC100453,2026-07-02 01:21:00,265.52,N$,merchant_payment,CP02475,0
TXN004471,ACC100665,2026-06-20 00:08:00,1981.6,N$,cash_out,CP02326,0
TXN004472,ACC100025,2026-06-18 10:13:00,1028.02,N$,p2p_transfer,CP01448,0
TXN004473,ACC100578,2026-07-02 06:26:00,83.71,N$,merchant_payment,CP01632,0
TXN004474,ACC100112,2026-06-05 23:51:00,331.1,N$,merchant_payment,CP02135,0
TXN004475,ACC100493,2026-07-22 12:25:00,514.09,N$,merchant_payment,CP03463,0
TXN004476,ACC100208,2026-06-14 11:35:00,220.52,N$,merchant_payment,CP02015,0
TXN004477,ACC100242,2026-06-13 14:54:00,364.34,N$,merchant_payment,CP00269,0
TXN004478,ACC100724,2026-07-11 06:54:00,166.78,N$,p2p_transfer,CP03438,0
TXN004479,ACC100797,2026-07-05 15:38:00,261.13,N$,p2p_transfer,CP00211,0
TXN004480,ACC100713,2026-07-29 01:15:00,1086.77,N$,merchant_payment,CP00164,0
TXN004481,ACC100663,2026-07-30 06:28:00,544.19,N$,cash_out,CP01460,0
TXN004482,ACC100057,2026-06-24 06:13:00,1405.35,N$,merchant_payment,CP00161,0
TXN004483,ACC100184,2026-06-25 16:20:00,638.9,N$,p2p_transfer,CP03705,0
TXN004484,ACC100174,2026-07-11 15:52:00,267.81,N$,p2p_transfer,CP00492,0
TXN004485,ACC100753,2026-07-07 01:02:00,80.25,N$,merchant_payment,CP02681,0
TXN004486,ACC100025,2026-06-29 05:30:00,220.46,N$,cash_out,CP03881,0
TXN004487,ACC100694,2026-07-25 22:49:00,438.1,N$,cash_out,CP01282,0
TXN004488,ACC100134,2026-07-30 08:27:00,344.88,N$,p2p_transfer,CP03491,0
TXN004489,ACC100512,2026-06-28 06:49:00,177.19,N$,p2p_transfer,CP00055,0
TXN004490,ACC100027,2026-06-28 23:51:00,976.24,N$,p2p_transfer,CP03828,0
TXN004491,ACC100404,2026-06-11 10:50:00,141.49,N$,cash_out,CP02378,0
TXN004492,ACC100064,2026-06-05 22:56:00,175.21,N$,bill_payment,CP00970,0
TXN004493,ACC100708,2026-07-18 04:31:00,586.18,N$,merchant_payment,CP01063,0
TXN004494,ACC100250,2026-07-29 20:01:00,387.38,N$,p2p_transfer,CP00482,0
TXN004495,ACC100596,2026-06-24 10:48:00,505.18,N$,p2p_transfer,CP02830,0
TXN004496,ACC100155,2026-06-15 18:10:00,489.94,N$,merchant_payment,CP03843,0
TXN004497,ACC100004,2026-06-11 21:21:00,437.29,N$,p2p_transfer,CP00832,0
TXN004498,ACC100533,2026-06-15 15:49:00,281.91,N$,p2p_transfer,CP00557,0
TXN004499,ACC100674,2026-07-17 01:20:00,4739.42,N$,p2p_transfer,CP02696,0
TXN004500,ACC100262,2026-07-14 14:12:00,1568.74,N$,p2p_transfer,CP00522,0
TXN004501,ACC100407,2026-07-30 01:31:00,1127.27,N$,merchant_payment,CP00573,0
TXN004502,ACC100438,2026-07-25 06:57:00,228.83,N$,p2p_transfer,CP01105,0
TXN004503,ACC100685,2026-07-18 06:47:00,329.41,N$,merchant_payment,CP03719,0
TXN004504,ACC100631,2026-06-12 06:41:00,154.12,N$,p2p_transfer,CP00973,0
TXN004505,ACC100384,2026-07-14 09:22:00,307.73,N$,merchant_payment,CP00328,0
TXN004506,ACC100742,2026-07-12 02:32:00,1029.38,N$,merchant_payment,CP03649,0
TXN004507,ACC100021,2026-06-06 06:42:00,191.68,N$,cash_out,CP00163,0
TXN004508,ACC100243,2026-06-08 07:29:00,260.36,N$,p2p_transfer,CP01872,0
TXN004509,ACC100064,2026-06-12 18:07:00,194.35,N$,p2p_transfer,CP00506,0
TXN004510,ACC100345,2026-06-27 01:10:00,631.8,N$,merchant_payment,CP03576,0
TXN004511,ACC100278,2026-07-04 16:51:00,348.83,N$,cash_out,CP02735,0
TXN004512,ACC100320,2026-06-28 00:06:00,313.04,N$,merchant_payment,CP00710,0
TXN004513,ACC100252,2026-06-06 01:00:00,438.78,N$,cash_out,CP00003,0
TXN004514,ACC100557,2026-07-19 15:38:00,573.52,N$,p2p_transfer,CP01352,0
TXN004515,ACC100619,2026-06-13 12:24:00,181.88,N$,p2p_transfer,CP03548,0
TXN004516,ACC100357,2026-07-10 02:55:00,448.36,N$,p2p_transfer,CP01716,0
TXN004517,ACC100307,2026-06-28 11:35:00,477.54,N$,p2p_transfer,CP01347,0
TXN004518,ACC100343,2026-06-04 02:38:00,154.87,N$,cash_out,CP00440,0
TXN004519,ACC100712,2026-06-27 21:59:00,335.21,N$,cash_out,CP02125,0
TXN004520,ACC100724,2026-07-16 11:51:00,80.39,N$,p2p_transfer,CP02121,0
TXN004521,ACC100432,2026-07-10 03:32:00,153.18,N$,merchant_payment,CP01931,0
TXN004522,ACC100509,2026-06-11 14:30:00,992.04,N$,bill_payment,CP02050,0
TXN004523,ACC100558,2026-07-08 12:00:00,125.32,N$,merchant_payment,CP02131,0
TXN004524,ACC100151,2026-06-29 05:26:00,77.89,N$,bill_payment,CP00337,0
TXN004525,ACC100437,2026-07-30 21:11:00,352.94,N$,merchant_payment,CP01485,0
TXN004526,ACC100011,2026-07-19 04:18:00,422.58,N$,merchant_payment,CP01546,0
TXN004527,ACC100234,2026-07-26 03:08:00,5760.93,N$,cash_out,CP00281,1
TXN004528,ACC100490,2026-07-17 13:34:00,339.24,N$,cash_out,CP01255,0
TXN004529,ACC100212,2026-06-25 09:53:00,184.97,N$,p2p_transfer,CP01251,0
TXN004530,ACC100593,2026-06-11 11:08:00,374.35,N$,p2p_transfer,CP00735,0
TXN004531,ACC100260,2026-07-21 16:06:00,824.75,N$,merchant_payment,CP01506,0
TXN004532,ACC100670,2026-06-06 07:18:00,995.07,N$,p2p_transfer,CP00634,0
TXN004533,ACC100535,2026-07-29 22:59:00,252.01,N$,merchant_payment,CP00753,0
TXN004534,ACC100133,2026-06-20 12:38:00,162.52,N$,p2p_transfer,CP02574,0
TXN004535,ACC100574,2026-07-21 09:24:00,1777.63,N$,cash_out,CP03872,0
TXN004536,ACC100001,2026-06-27 07:08:00,1130.43,N$,bill_payment,CP00400,0
TXN004537,ACC100006,2026-06-12 19:22:00,728.63,N$,p2p_transfer,CP02027,0
TXN004538,ACC100643,2026-07-12 01:00:00,282.16,N$,bill_payment,CP02504,0
TXN004539,ACC100783,2026-07-11 15:03:00,139.68,N$,p2p_transfer,CP00187,0
TXN004540,ACC100661,2026-07-22 18:38:00,714.6,N$,cash_out,CP02883,0
TXN004541,ACC100275,2026-06-15 00:01:00,569.93,N$,p2p_transfer,CP03237,0
TXN004542,ACC100110,2026-07-14 12:33:00,354.33,N$,p2p_transfer,CP01712,0
TXN004543,ACC100272,2026-07-24 00:15:00,848.75,N$,merchant_payment,CP02168,0
TXN004544,ACC100779,2026-06-28 06:02:00,1425.1,N$,merchant_payment,CP00702,0
TXN004545,ACC100254,2026-06-28 11:48:00,250.19,N$,merchant_payment,CP03505,0
TXN004546,ACC100506,2026-07-18 02:57:00,323.97,N$,merchant_payment,CP02011,0
TXN004547,ACC100668,2026-06-17 00:21:00,90.81,N$,p2p_transfer,CP02748,0
TXN004548,ACC100410,2026-06-26 10:07:00,43.6,N$,cash_out,CP01243,0
TXN004549,ACC100687,2026-06-05 16:21:00,432.2,N$,merchant_payment,CP00800,0
TXN004550,ACC100529,2026-06-12 10:51:00,595.85,N$,p2p_transfer,CP03039,0
TXN004551,ACC100496,2026-07-27 22:21:00,420.94,N$,p2p_transfer,CP03965,0
TXN004552,ACC100508,2026-06-22 06:10:00,436.48,N$,p2p_transfer,CP00369,0
TXN004553,ACC100167,2026-07-12 12:52:00,1173.49,N$,cash_out,CP02235,0
TXN004554,ACC100256,2026-07-12 01:15:00,346.96,N$,merchant_payment,CP03494,0
TXN004555,ACC100384,2026-06-17 05:21:00,2035.16,N$,merchant_payment,CP03884,0
TXN004556,ACC100144,2026-06-21 14:03:00,259.87,N$,p2p_transfer,CP03962,0
TXN004557,ACC100430,2026-06-16 02:09:00,3788.26,N$,cash_out,CP02561,1
TXN004558,ACC100071,2026-07-08 01:34:00,120.71,N$,p2p_transfer,CP03424,0
TXN004559,ACC100070,2026-06-20 23:52:00,451.43,N$,merchant_payment,CP01767,0
TXN004560,ACC100778,2026-06-28 01:07:00,711.55,N$,p2p_transfer,CP01625,0
TXN004561,ACC100518,2026-06-01 15:23:00,354.6,N$,merchant_payment,CP03659,0
TXN004562,ACC100109,2026-06-28 15:54:00,678.72,N$,p2p_transfer,CP00450,0
TXN004563,ACC100117,2026-07-07 22:06:00,1210.71,N$,bill_payment,CP03447,0
TXN004564,ACC100277,2026-06-28 02:24:00,174.0,N$,bill_payment,CP02437,0
TXN004565,ACC100343,2026-07-22 09:43:00,594.26,N$,p2p_transfer,CP00778,0
TXN004566,ACC100642,2026-06-19 04:31:00,471.46,N$,p2p_transfer,CP02628,0
TXN004567,ACC100185,2026-06-14 19:41:00,573.6,N$,p2p_transfer,CP02592,0
TXN004568,ACC100003,2026-06-07 09:03:00,1638.92,N$,merchant_payment,CP03912,0
TXN004569,ACC100165,2026-07-26 14:06:00,370.89,N$,p2p_transfer,CP02094,0
TXN004570,ACC100629,2026-07-11 21:02:00,303.28,N$,bill_payment,CP00628,0
TXN004571,ACC100179,2026-06-03 14:57:00,301.53,N$,p2p_transfer,CP01002,0
TXN004572,ACC100406,2026-07-20 00:40:00,54.51,N$,bill_payment,CP01082,0
TXN004573,ACC100653,2026-06-06 07:10:00,187.93,N$,merchant_payment,CP02484,0
TXN004574,ACC100799,2026-07-30 23:37:00,248.9,N$,p2p_transfer,CP00647,0
TXN004575,ACC100137,2026-06-05 06:40:00,145.35,N$,p2p_transfer,CP00259,0
TXN004576,ACC100797,2026-06-28 14:17:00,679.19,N$,merchant_payment,CP01862,0
TXN004577,ACC100475,2026-06-02 23:56:00,886.54,N$,p2p_transfer,CP00030,0
TXN004578,ACC100207,2026-07-11 03:14:00,318.41,N$,merchant_payment,CP01741,0
TXN004579,ACC100289,2026-07-06 07:55:00,545.68,N$,p2p_transfer,CP01112,0
TXN004580,ACC100369,2026-06-01 02:43:00,286.14,N$,merchant_payment,CP00958,0
TXN004581,ACC100497,2026-06-28 09:24:00,116.87,N$,p2p_transfer,CP03292,0
TXN004582,ACC100780,2026-06-25 20:44:00,738.88,N$,cash_out,CP00871,0
TXN004583,ACC100107,2026-06-21 07:23:00,268.46,N$,p2p_transfer,CP01586,0
TXN004584,ACC100228,2026-07-22 00:13:00,227.33,N$,p2p_transfer,CP02296,0
TXN004585,ACC100131,2026-07-13 08:15:00,341.42,N$,merchant_payment,CP00595,0
TXN004586,ACC100596,2026-06-15 20:45:00,82.97,N$,cash_out,CP00992,0
TXN004587,ACC100427,2026-06-05 13:43:00,747.43,N$,p2p_transfer,CP00934,0
TXN004588,ACC100127,2026-07-26 00:09:00,49.25,N$,cash_out,CP01500,0
TXN004589,ACC100012,2026-06-13 14:46:00,2261.23,N$,p2p_transfer,CP01017,0
TXN004590,ACC100139,2026-07-26 08:54:00,665.21,N$,cash_out,CP01313,0
TXN004591,ACC100710,2026-07-27 11:29:00,767.49,N$,p2p_transfer,CP03645,0
TXN004592,ACC100325,2026-06-25 08:51:00,147.73,N$,p2p_transfer,CP03193,0
TXN004593,ACC100250,2026-06-10 10:01:00,1332.6,N$,merchant_payment,CP00070,0
TXN004594,ACC100651,2026-06-07 01:13:00,147.36,N$,merchant_payment,CP03208,0
TXN004595,ACC100787,2026-06-13 16:28:00,443.04,N$,merchant_payment,CP00377,0
TXN004596,ACC100368,2026-07-10 22:43:00,178.12,N$,p2p_transfer,CP03756,0
TXN004597,ACC100428,2026-07-03 12:19:00,2197.37,N$,p2p_transfer,CP01426,0
TXN004598,ACC100006,2026-07-24 16:15:00,766.5,N$,merchant_payment,CP00787,0
TXN004599,ACC100620,2026-07-29 23:38:00,1071.61,N$,cash_out,CP03769,0
TXN004600,ACC100397,2026-07-22 02:30:00,489.29,N$,cash_out,CP01655,0
TXN004601,ACC100753,2026-07-26 22:14:00,261.83,N$,merchant_payment,CP01212,0
TXN004602,ACC100085,2026-07-18 00:11:00,314.5,N$,merchant_payment,CP01078,0
TXN004603,ACC100732,2026-06-13 15:37:00,507.58,N$,bill_payment,CP00987,0
TXN004604,ACC100593,2026-06-02 17:34:00,103.06,N$,merchant_payment,CP01834,0
TXN004605,ACC100644,2026-07-30 04:14:00,721.82,N$,merchant_payment,CP03339,0
TXN004606,ACC100411,2026-06-05 11:58:00,1620.39,N$,p2p_transfer,CP01197,0
TXN004607,ACC100017,2026-07-15 08:50:00,113.79,N$,p2p_transfer,CP02264,0
TXN004608,ACC100211,2026-06-25 00:31:00,619.38,N$,p2p_transfer,CP01141,0
TXN004609,ACC100555,2026-06-07 23:19:00,374.11,N$,p2p_transfer,CP03813,0
TXN004610,ACC100177,2026-06-14 18:44:00,566.02,N$,bill_payment,CP03947,0
TXN004611,ACC100535,2026-06-14 07:44:00,241.87,N$,p2p_transfer,CP02976,0
TXN004612,ACC100024,2026-07-12 15:35:00,233.4,N$,merchant_payment,CP00899,0
TXN004613,ACC100070,2026-07-02 09:45:00,63.83,N$,bill_payment,CP03301,0
TXN004614,ACC100549,2026-06-08 01:36:00,231.43,N$,p2p_transfer,CP02621,0
TXN004615,ACC100715,2026-06-18 07:39:00,182.24,N$,bill_payment,CP01172,0
TXN004616,ACC100767,2026-06-06 11:25:00,214.96,N$,p2p_transfer,CP00979,0
TXN004617,ACC100340,2026-06-12 20:11:00,1245.5,N$,cash_out,CP01798,0
TXN004618,ACC100050,2026-07-14 16:21:00,225.78,N$,bill_payment,CP03989,0
TXN004619,ACC100292,2026-06-06 04:49:00,634.76,N$,merchant_payment,CP02574,0
TXN004620,ACC100790,2026-07-02 11:07:00,596.97,N$,merchant_payment,CP03593,0
TXN004621,ACC100583,2026-07-22 11:04:00,655.17,N$,p2p_transfer,CP01270,0
TXN004622,ACC100411,2026-07-12 12:08:00,229.35,N$,merchant_payment,CP03820,0
TXN004623,ACC100332,2026-06-24 22:19:00,335.34,N$,bill_payment,CP03581,0
TXN004624,ACC100117,2026-06-05 11:03:00,504.05,N$,merchant_payment,CP00947,0
TXN004625,ACC100740,2026-07-30 23:44:00,875.87,N$,bill_payment,CP03435,0
TXN004626,ACC100368,2026-07-20 03:24:00,390.27,N$,p2p_transfer,CP00851,0
TXN004627,ACC100148,2026-07-22 16:40:00,694.27,N$,merchant_payment,CP03294,0
TXN004628,ACC100698,2026-06-25 17:02:00,285.02,N$,bill_payment,CP02389,0
TXN004629,ACC100735,2026-06-22 18:18:00,204.27,N$,p2p_transfer,CP02822,0
TXN004630,ACC100404,2026-07-26 15:48:00,119.01,N$,merchant_payment,CP02183,0
TXN004631,ACC100740,2026-06-05 14:20:00,149.86,N$,cash_out,CP02708,0
TXN004632,ACC100391,2026-06-30 13:37:00,461.64,N$,merchant_payment,CP00763,0
TXN004633,ACC100680,2026-07-15 06:44:00,324.65,N$,merchant_payment,CP03116,0
TXN004634,ACC100128,2026-07-25 14:06:00,977.58,N$,merchant_payment,CP03328,0
TXN004635,ACC100589,2026-06-17 00:53:00,154.87,N$,p2p_transfer,CP00967,0
TXN004636,ACC100603,2026-06-30 19:20:00,334.23,N$,p2p_transfer,CP01903,0
TXN004637,ACC100439,2026-07-22 09:25:00,726.04,N$,p2p_transfer,CP00818,0
TXN004638,ACC100103,2026-06-04 08:38:00,5914.64,N$,p2p_transfer,CP02945,1
TXN004639,ACC100706,2026-07-09 04:54:00,258.13,N$,merchant_payment,CP00224,0
TXN004640,ACC100244,2026-07-16 19:43:00,262.45,N$,merchant_payment,CP00250,0
TXN004641,ACC100534,2026-06-10 17:18:00,1081.51,N$,merchant_payment,CP03157,0
TXN004642,ACC100575,2026-06-22 06:16:00,194.36,N$,p2p_transfer,CP03908,0
TXN004643,ACC100404,2026-06-28 14:06:00,391.06,N$,merchant_payment,CP00671,0
TXN004644,ACC100740,2026-06-17 22:45:00,122.49,N$,p2p_transfer,CP03559,0
TXN004645,ACC100210,2026-06-09 00:44:00,210.33,N$,p2p_transfer,CP00930,0
TXN004646,ACC100267,2026-07-11 10:13:00,295.11,N$,merchant_payment,CP00570,0
TXN004647,ACC100431,2026-07-21 09:01:00,350.61,N$,cash_out,CP02414,0
TXN004648,ACC100729,2026-06-02 07:23:00,641.88,N$,p2p_transfer,CP03889,0
TXN004649,ACC100593,2026-07-04 01:55:00,1073.61,N$,p2p_transfer,CP03002,0
TXN004650,ACC100515,2026-06-06 21:03:00,234.08,N$,p2p_transfer,CP03723,0
TXN004651,ACC100488,2026-07-29 23:41:00,430.35,N$,p2p_transfer,CP03542,0
TXN004652,ACC100796,2026-06-07 16:48:00,568.91,N$,merchant_payment,CP02609,0
TXN004653,ACC100058,2026-07-21 10:07:00,2109.23,N$,p2p_transfer,CP01643,0
TXN004654,ACC100743,2026-07-01 08:33:00,746.43,N$,bill_payment,CP01655,0
TXN004655,ACC100306,2026-06-30 00:45:00,508.6,N$,merchant_payment,CP03294,0
TXN004656,ACC100041,2026-07-15 03:23:00,1141.7,N$,cash_out,CP00517,0
TXN004657,ACC100520,2026-07-24 19:51:00,425.78,N$,merchant_payment,CP02494,0
TXN004658,ACC100157,2026-06-18 17:32:00,558.17,N$,bill_payment,CP02933,0
TXN004659,ACC100127,2026-07-28 10:20:00,223.04,N$,p2p_transfer,CP03765,0
TXN004660,ACC100048,2026-07-14 06:40:00,344.99,N$,merchant_payment,CP03124,0
TXN004661,ACC100690,2026-07-07 10:20:00,341.73,N$,cash_out,CP02579,0
TXN004662,ACC100445,2026-06-28 06:53:00,300.31,N$,p2p_transfer,CP00916,0
TXN004663,ACC100286,2026-07-29 11:47:00,401.23,N$,merchant_payment,CP00876,0
TXN004664,ACC100487,2026-06-06 03:31:00,757.59,N$,cash_out,CP00958,0
TXN004665,ACC100744,2026-06-19 13:56:00,998.65,N$,p2p_transfer,CP01246,0
TXN004666,ACC100662,2026-07-10 01:24:00,554.67,N$,cash_out,CP03191,0
TXN004667,ACC100243,2026-07-08 15:10:00,3678.98,N$,merchant_payment,CP00583,0
TXN004668,ACC100644,2026-07-06 14:29:00,350.14,N$,p2p_transfer,CP03914,0
TXN004669,ACC100779,2026-06-28 01:02:00,405.51,N$,merchant_payment,CP02826,0
TXN004670,ACC100473,2026-07-14 06:09:00,662.89,N$,p2p_transfer,CP01046,0
TXN004671,ACC100400,2026-06-10 22:11:00,126.91,N$,p2p_transfer,CP00806,0
TXN004672,ACC100185,2026-07-10 01:09:00,379.06,N$,cash_out,CP00763,0
TXN004673,ACC100050,2026-06-10 11:23:00,780.07,N$,merchant_payment,CP02918,0
TXN004674,ACC100531,2026-06-23 05:57:00,331.26,N$,cash_out,CP01564,0
TXN004675,ACC100338,2026-07-12 07:57:00,809.07,N$,p2p_transfer,CP02425,0
TXN004676,ACC100157,2026-07-16 06:26:00,190.43,N$,p2p_transfer,CP02828,0
TXN004677,ACC100451,2026-06-11 16:46:00,312.51,N$,merchant_payment,CP02050,0
TXN004678,ACC100158,2026-07-02 11:55:00,841.5,N$,p2p_transfer,CP03193,0
TXN004679,ACC100540,2026-06-01 16:30:00,196.16,N$,cash_out,CP01019,0
TXN004680,ACC100129,2026-07-13 09:14:00,439.69,N$,p2p_transfer,CP02257,0
TXN004681,ACC100668,2026-06-04 15:52:00,394.85,N$,cash_out,CP01906,0
TXN004682,ACC100722,2026-07-22 06:00:00,202.33,N$,p2p_transfer,CP03025,0
TXN004683,ACC100368,2026-06-12 17:32:00,252.56,N$,merchant_payment,CP01961,0
TXN004684,ACC100425,2026-07-10 19:09:00,213.03,N$,p2p_transfer,CP01935,0
TXN004685,ACC100501,2026-07-14 21:42:00,842.09,N$,merchant_payment,CP01363,0
TXN004686,ACC100670,2026-07-01 12:13:00,1091.58,N$,p2p_transfer,CP01632,0
TXN004687,ACC100146,2026-07-17 08:05:00,303.73,N$,merchant_payment,CP01310,0
TXN004688,ACC100441,2026-06-03 17:14:00,594.19,N$,merchant_payment,CP00998,0
TXN004689,ACC100574,2026-06-01 18:08:00,1020.67,N$,bill_payment,CP00832,0
TXN004690,ACC100419,2026-07-21 10:26:00,699.6,N$,bill_payment,CP02686,0
TXN004691,ACC100225,2026-06-10 08:34:00,466.91,N$,merchant_payment,CP02321,0
TXN004692,ACC100780,2026-06-01 18:24:00,433.9,N$,merchant_payment,CP03162,0
TXN004693,ACC100575,2026-07-13 17:41:00,655.22,N$,merchant_payment,CP03847,0
TXN004694,ACC100424,2026-07-17 16:17:00,678.57,N$,bill_payment,CP03977,0
TXN004695,ACC100476,2026-07-17 15:28:00,735.33,N$,merchant_payment,CP01665,0
TXN004696,ACC100103,2026-07-04 22:18:00,792.19,N$,p2p_transfer,CP01999,0
TXN004697,ACC100239,2026-06-08 21:35:00,232.99,N$,merchant_payment,CP02586,0
TXN004698,ACC100175,2026-07-09 11:46:00,1200.02,N$,p2p_transfer,CP01744,0
TXN004699,ACC100333,2026-07-09 12:10:00,295.58,N$,merchant_payment,CP02166,0
TXN004700,ACC100363,2026-06-01 22:09:00,199.68,N$,p2p_transfer,CP01282,0
TXN004701,ACC100272,2026-07-24 01:57:00,1158.44,N$,merchant_payment,CP00122,0
TXN004702,ACC100047,2026-07-19 12:08:00,308.22,N$,p2p_transfer,CP00506,0
TXN004703,ACC100097,2026-06-26 04:06:00,380.14,N$,merchant_payment,CP02453,0
TXN004704,ACC100240,2026-06-03 02:20:00,260.61,N$,p2p_transfer,CP00969,0
TXN004705,ACC100684,2026-06-29 18:07:00,451.01,N$,p2p_transfer,CP01733,0
TXN004706,ACC100194,2026-07-30 17:44:00,179.89,N$,merchant_payment,CP03701,0
TXN004707,ACC100768,2026-06-18 06:49:00,317.87,N$,p2p_transfer,CP03993,0
TXN004708,ACC100216,2026-06-28 19:51:00,795.51,N$,merchant_payment,CP03155,0
TXN004709,ACC100642,2026-06-12 07:14:00,92.37,N$,merchant_payment,CP02929,0
TXN004710,ACC100127,2026-06-04 04:27:00,807.96,N$,p2p_transfer,CP01996,0
TXN004711,ACC100386,2026-07-16 12:20:00,290.61,N$,merchant_payment,CP01002,0
TXN004712,ACC100180,2026-07-11 05:21:00,2201.83,N$,merchant_payment,CP03629,0
TXN004713,ACC100110,2026-06-17 17:23:00,596.56,N$,bill_payment,CP00582,0
TXN004714,ACC100335,2026-06-01 05:52:00,531.12,N$,cash_out,CP02287,0
TXN004715,ACC100111,2026-07-17 20:06:00,303.85,N$,merchant_payment,CP02249,0
TXN004716,ACC100244,2026-07-12 13:58:00,322.63,N$,p2p_transfer,CP02761,0
TXN004717,ACC100123,2026-07-18 14:46:00,505.34,N$,cash_out,CP03199,0
TXN004718,ACC100755,2026-06-10 22:41:00,550.59,N$,p2p_transfer,CP02928,0
TXN004719,ACC100047,2026-06-15 16:48:00,172.94,N$,p2p_transfer,CP03396,0
TXN004720,ACC100244,2026-07-27 08:53:00,285.02,N$,p2p_transfer,CP02460,0
TXN004721,ACC100501,2026-06-23 02:58:00,261.74,N$,bill_payment,CP02429,0
TXN004722,ACC100750,2026-07-16 03:45:00,441.72,N$,merchant_payment,CP01932,0
TXN004723,ACC100094,2026-06-07 17:36:00,1030.56,N$,p2p_transfer,CP01928,0
TXN004724,ACC100744,2026-06-13 21:51:00,73.45,N$,merchant_payment,CP01550,0
TXN004725,ACC100558,2026-07-16 10:42:00,322.94,N$,p2p_transfer,CP02941,0
TXN004726,ACC100648,2026-07-01 11:19:00,327.22,N$,merchant_payment,CP00358,0
TXN004727,ACC100335,2026-06-28 01:38:00,2517.56,N$,merchant_payment,CP02879,0
TXN004728,ACC100170,2026-06-06 11:36:00,832.6,N$,merchant_payment,CP02415,0
TXN004729,ACC100423,2026-06-04 11:01:00,435.38,N$,p2p_transfer,CP01176,0
TXN004730,ACC100135,2026-06-09 05:25:00,169.24,N$,p2p_transfer,CP01332,0
TXN004731,ACC100679,2026-06-30 09:59:00,282.33,N$,merchant_payment,CP01754,0
TXN004732,ACC100111,2026-07-03 05:47:00,330.21,N$,cash_out,CP01657,0
TXN004733,ACC100764,2026-06-22 18:53:00,573.08,N$,merchant_payment,CP03157,0
TXN004734,ACC100747,2026-07-15 16:50:00,202.44,N$,merchant_payment,CP03393,0
TXN004735,ACC100116,2026-06-07 12:31:00,282.47,N$,bill_payment,CP01359,0
TXN004736,ACC100629,2026-06-13 14:48:00,461.59,N$,merchant_payment,CP00445,0
TXN004737,ACC100512,2026-06-30 10:03:00,226.07,N$,merchant_payment,CP00079,0
TXN004738,ACC100330,2026-06-02 04:51:00,386.88,N$,p2p_transfer,CP01687,0
TXN004739,ACC100685,2026-07-05 22:06:00,567.65,N$,merchant_payment,CP02167,0
TXN004740,ACC100102,2026-07-21 20:01:00,248.02,N$,merchant_payment,CP00256,0
TXN004741,ACC100179,2026-06-01 02:47:00,175.55,N$,p2p_transfer,CP00743,0
TXN004742,ACC100774,2026-06-03 06:47:00,496.06,N$,cash_out,CP00528,0
TXN004743,ACC100433,2026-07-25 15:08:00,730.0,N$,merchant_payment,CP02941,0
TXN004744,ACC100711,2026-06-08 21:24:00,114.06,N$,p2p_transfer,CP02808,0
TXN004745,ACC100273,2026-07-30 21:00:00,406.84,N$,cash_out,CP01077,0
TXN004746,ACC100624,2026-06-13 19:56:00,683.5,N$,merchant_payment,CP00680,0
TXN004747,ACC100447,2026-06-09 04:33:00,658.39,N$,bill_payment,CP01277,0
TXN004748,ACC100529,2026-06-23 03:15:00,31.21,N$,merchant_payment,CP00440,0
TXN004749,ACC100288,2026-07-29 17:26:00,268.5,N$,merchant_payment,CP01553,0
TXN004750,ACC100247,2026-07-28 19:47:00,1624.27,N$,merchant_payment,CP01151,0
TXN004751,ACC100384,2026-07-17 19:09:00,534.04,N$,merchant_payment,CP00486,0
TXN004752,ACC100125,2026-06-10 03:22:00,31.44,N$,merchant_payment,CP03110,0
TXN004753,ACC100777,2026-07-17 21:14:00,506.96,N$,cash_out,CP00556,0
TXN004754,ACC100184,2026-07-13 05:19:00,716.6,N$,p2p_transfer,CP03346,0
TXN004755,ACC100287,2026-07-15 16:06:00,1346.97,N$,merchant_payment,CP03843,0
TXN004756,ACC100586,2026-07-05 09:18:00,276.34,N$,p2p_transfer,CP00971,0
TXN004757,ACC100089,2026-07-29 02:44:00,860.22,N$,cash_out,CP03824,0
TXN004758,ACC100593,2026-07-14 21:27:00,284.86,N$,p2p_transfer,CP00005,0
TXN004759,ACC100004,2026-07-16 20:23:00,224.6,N$,cash_out,CP01129,0
TXN004760,ACC100150,2026-06-11 23:26:00,73.15,N$,merchant_payment,CP01571,0
TXN004761,ACC100298,2026-06-26 01:22:00,1049.95,N$,cash_out,CP03866,0
TXN004762,ACC100029,2026-07-19 04:02:00,558.06,N$,bill_payment,CP02718,0
TXN004763,ACC100112,2026-06-11 06:30:00,117.5,N$,p2p_transfer,CP02217,0
TXN004764,ACC100069,2026-06-27 04:11:00,936.64,N$,p2p_transfer,CP01739,0
TXN004765,ACC100797,2026-06-30 11:20:00,505.16,N$,p2p_transfer,CP02464,0
TXN004766,ACC100050,2026-07-28 22:36:00,558.96,N$,merchant_payment,CP00433,0
TXN004767,ACC100365,2026-06-28 17:32:00,314.39,N$,merchant_payment,CP02391,0
TXN004768,ACC100586,2026-06-11 11:46:00,652.49,N$,merchant_payment,CP00894,0
TXN004769,ACC100498,2026-06-09 20:41:00,450.82,N$,merchant_payment,CP01631,0
TXN004770,ACC100216,2026-07-30 07:29:00,571.99,N$,cash_out,CP00790,0
TXN004771,ACC100119,2026-07-05 23:52:00,419.41,N$,cash_out,CP02511,0
TXN004772,ACC100635,2026-07-25 04:41:00,248.12,N$,cash_out,CP02062,0
TXN004773,ACC100283,2026-07-03 17:20:00,220.27,N$,p2p_transfer,CP00388,0
TXN004774,ACC100102,2026-07-18 13:38:00,395.92,N$,merchant_payment,CP00423,0
TXN004775,ACC100508,2026-06-20 01:09:00,793.27,N$,cash_out,CP01543,0
TXN004776,ACC100714,2026-06-25 05:29:00,115.76,N$,p2p_transfer,CP00860,0
TXN004777,ACC100216,2026-06-27 02:24:00,604.65,N$,bill_payment,CP00293,0
TXN004778,ACC100787,2026-07-15 11:27:00,812.76,N$,p2p_transfer,CP03186,0
TXN004779,ACC100798,2026-06-09 10:34:00,698.35,N$,p2p_transfer,CP00419,0
TXN004780,ACC100107,2026-07-29 21:38:00,335.71,N$,cash_out,CP01478,0
TXN004781,ACC100702,2026-07-30 11:32:00,859.54,N$,merchant_payment,CP02744,0
TXN004782,ACC100485,2026-07-22 00:37:00,362.62,N$,merchant_payment,CP02336,0
TXN004783,ACC100206,2026-07-16 16:36:00,188.42,N$,merchant_payment,CP02568,0
TXN004784,ACC100746,2026-06-25 13:16:00,936.42,N$,merchant_payment,CP02928,0
TXN004785,ACC100770,2026-06-09 02:37:00,203.23,N$,merchant_payment,CP01892,0
TXN004786,ACC100353,2026-06-05 03:45:00,135.31,N$,merchant_payment,CP01608,0
TXN004787,ACC100117,2026-07-23 23:13:00,324.79,N$,bill_payment,CP02094,0
TXN004788,ACC100285,2026-06-14 01:11:00,2710.17,N$,cash_out,CP00040,0
TXN004789,ACC100578,2026-07-16 09:02:00,422.93,N$,p2p_transfer,CP03062,0
TXN004790,ACC100417,2026-07-03 12:14:00,1823.91,N$,p2p_transfer,CP03762,0
TXN004791,ACC100287,2026-06-22 00:35:00,745.75,N$,p2p_transfer,CP01586,0
TXN004792,ACC100671,2026-06-04 16:48:00,380.14,N$,merchant_payment,CP03709,0
TXN004793,ACC100438,2026-07-13 11:09:00,236.59,N$,p2p_transfer,CP03074,0
TXN004794,ACC100393,2026-07-02 20:54:00,949.14,N$,p2p_transfer,CP03643,0
TXN004795,ACC100081,2026-07-12 03:25:00,218.08,N$,p2p_transfer,CP01125,0
TXN004796,ACC100138,2026-07-06 14:17:00,272.87,N$,p2p_transfer,CP00309,0
TXN004797,ACC100525,2026-07-10 19:11:00,185.14,N$,p2p_transfer,CP03451,0
TXN004798,ACC100194,2026-06-30 14:53:00,1798.78,N$,cash_out,CP01607,0
TXN004799,ACC100125,2026-06-18 13:15:00,419.66,N$,merchant_payment,CP03919,0
TXN004800,ACC100376,2026-06-21 21:40:00,527.68,N$,merchant_payment,CP02927,0
TXN004801,ACC100336,2026-06-06 10:14:00,179.65,N$,merchant_payment,CP03586,0
TXN004802,ACC100422,2026-06-18 18:03:00,477.28,N$,p2p_transfer,CP00163,0
TXN004803,ACC100793,2026-06-02 21:35:00,753.83,N$,p2p_transfer,CP03753,0
TXN004804,ACC100265,2026-07-01 07:27:00,7869.68,N$,cash_out,CP01463,1
TXN004805,ACC100026,2026-06-27 07:01:00,280.55,N$,cash_out,CP01284,0
TXN004806,ACC100634,2026-06-19 01:40:00,491.09,N$,merchant_payment,CP02728,0
TXN004807,ACC100612,2026-07-03 16:55:00,209.64,N$,p2p_transfer,CP03269,0
TXN004808,ACC100617,2026-06-06 06:56:00,534.25,N$,bill_payment,CP03375,0
TXN004809,ACC100040,2026-06-25 09:09:00,392.92,N$,merchant_payment,CP01009,0
TXN004810,ACC100039,2026-06-11 20:28:00,346.55,N$,merchant_payment,CP03389,0
TXN004811,ACC100060,2026-06-16 06:05:00,165.03,N$,bill_payment,CP03787,0
TXN004812,ACC100378,2026-06-30 15:49:00,1440.9,N$,cash_out,CP03929,0
TXN004813,ACC100086,2026-07-06 13:33:00,744.34,N$,merchant_payment,CP02029,0
TXN004814,ACC100141,2026-06-26 02:31:00,1323.28,N$,bill_payment,CP01579,0
TXN004815,ACC100384,2026-07-14 12:35:00,72.89,N$,p2p_transfer,CP02629,0
TXN004816,ACC100542,2026-07-17 22:16:00,872.92,N$,p2p_transfer,CP03520,0
TXN004817,ACC100479,2026-07-27 04:53:00,179.24,N$,p2p_transfer,CP00718,0
TXN004818,ACC100016,2026-06-04 17:14:00,94.63,N$,p2p_transfer,CP00391,0
TXN004819,ACC100743,2026-07-29 13:37:00,422.71,N$,p2p_transfer,CP03349,0
TXN004820,ACC100127,2026-07-19 11:15:00,947.56,N$,cash_out,CP01318,0
TXN004821,ACC100064,2026-07-03 14:51:00,934.35,N$,p2p_transfer,CP01906,0
TXN004822,ACC100320,2026-07-24 01:00:00,180.97,N$,cash_out,CP02642,0
TXN004823,ACC100080,2026-06-16 22:16:00,223.79,N$,p2p_transfer,CP03801,0
TXN004824,ACC100322,2026-06-22 09:25:00,345.87,N$,p2p_transfer,CP00654,0
TXN004825,ACC100632,2026-07-20 16:31:00,454.56,N$,merchant_payment,CP02080,0
TXN004826,ACC100568,2026-06-13 13:17:00,1430.5,N$,merchant_payment,CP02869,0
TXN004827,ACC100380,2026-06-21 03:37:00,440.2,N$,p2p_transfer,CP00456,0
TXN004828,ACC100243,2026-07-24 00:16:00,869.59,N$,merchant_payment,CP00682,0
TXN004829,ACC100410,2026-06-29 08:27:00,374.88,N$,p2p_transfer,CP03354,0
TXN004830,ACC100270,2026-06-17 05:19:00,319.13,N$,bill_payment,CP01267,0
TXN004831,ACC100795,2026-07-28 23:00:00,148.24,N$,p2p_transfer,CP00449,0
TXN004832,ACC100061,2026-07-03 19:14:00,1352.59,N$,merchant_payment,CP01475,0
TXN004833,ACC100534,2026-06-08 04:43:00,588.6,N$,cash_out,CP02895,0
TXN004834,ACC100692,2026-06-03 01:06:00,967.27,N$,merchant_payment,CP00734,0
TXN004835,ACC100359,2026-07-11 12:20:00,248.64,N$,cash_out,CP01952,0
TXN004836,ACC100028,2026-07-15 02:57:00,3005.42,N$,cash_out,CP00685,1
TXN004837,ACC100461,2026-07-20 01:36:00,1226.28,N$,p2p_transfer,CP01815,0
TXN004838,ACC100632,2026-07-19 18:28:00,238.17,N$,p2p_transfer,CP03823,0
TXN004839,ACC100166,2026-06-16 18:54:00,340.23,N$,p2p_transfer,CP02671,0
TXN004840,ACC100405,2026-06-06 03:16:00,150.2,N$,bill_payment,CP03526,0
TXN004841,ACC100442,2026-06-18 20:29:00,252.68,N$,cash_out,CP03416,0
TXN004842,ACC100743,2026-07-01 03:57:00,256.75,N$,cash_out,CP01536,0
TXN004843,ACC100120,2026-07-04 03:53:00,796.3,N$,p2p_transfer,CP01257,0
TXN004844,ACC100209,2026-06-15 01:17:00,1477.42,N$,p2p_transfer,CP03766,0
TXN004845,ACC100695,2026-06-23 08:58:00,828.2,N$,p2p_transfer,CP02459,0
TXN004846,ACC100099,2026-06-20 15:00:00,1193.08,N$,p2p_transfer,CP02269,0
TXN004847,ACC100144,2026-07-17 21:52:00,227.55,N$,p2p_transfer,CP01401,0
TXN004848,ACC100245,2026-07-04 08:19:00,103.2,N$,p2p_transfer,CP02471,0
TXN004849,ACC100308,2026-07-08 21:55:00,2541.19,N$,merchant_payment,CP01704,0
TXN004850,ACC100208,2026-07-04 01:08:00,677.44,N$,p2p_transfer,CP03672,0
TXN004851,ACC100631,2026-07-06 14:46:00,855.87,N$,merchant_payment,CP02064,0
TXN004852,ACC100702,2026-07-17 21:28:00,330.11,N$,merchant_payment,CP01170,0
TXN004853,ACC100082,2026-07-19 21:06:00,1415.49,N$,p2p_transfer,CP03425,0
TXN004854,ACC100254,2026-07-04 14:55:00,107.82,N$,cash_out,CP00873,0
TXN004855,ACC100455,2026-07-27 14:13:00,112.33,N$,bill_payment,CP02715,0
TXN004856,ACC100232,2026-07-04 17:38:00,755.31,N$,p2p_transfer,CP02301,0
TXN004857,ACC100043,2026-06-12 23:31:00,1432.96,N$,cash_out,CP01288,0
TXN004858,ACC100557,2026-07-06 02:43:00,161.63,N$,merchant_payment,CP01638,0
TXN004859,ACC100169,2026-07-11 11:22:00,1095.24,N$,cash_out,CP01588,0
TXN004860,ACC100133,2026-06-07 06:31:00,66.99,N$,merchant_payment,CP03126,0
TXN004861,ACC100515,2026-07-07 08:05:00,240.74,N$,cash_out,CP01982,0
TXN004862,ACC100337,2026-07-08 06:54:00,1237.4,N$,p2p_transfer,CP02387,0
TXN004863,ACC100746,2026-07-02 14:20:00,687.31,N$,bill_payment,CP01344,0
TXN004864,ACC100464,2026-07-09 14:31:00,418.54,N$,p2p_transfer,CP00041,0
TXN004865,ACC100081,2026-07-20 21:22:00,2272.98,N$,p2p_transfer,CP00849,1
TXN004866,ACC100422,2026-06-20 20:20:00,155.42,N$,cash_out,CP02867,0
TXN004867,ACC100458,2026-07-20 18:17:00,606.29,N$,merchant_payment,CP02460,0
TXN004868,ACC100016,2026-06-12 08:35:00,1029.81,N$,bill_payment,CP02435,0
TXN004869,ACC100239,2026-07-27 08:02:00,764.05,N$,merchant_payment,CP01683,0
TXN004870,ACC100671,2026-07-19 19:25:00,468.12,N$,p2p_transfer,CP01298,0
TXN004871,ACC100430,2026-07-21 06:37:00,173.96,N$,p2p_transfer,CP02423,0
TXN004872,ACC100144,2026-07-22 11:40:00,181.33,N$,merchant_payment,CP03353,0
TXN004873,ACC100704,2026-06-08 18:18:00,246.1,N$,p2p_transfer,CP00173,0
TXN004874,ACC100781,2026-07-17 04:59:00,920.81,N$,merchant_payment,CP03630,0
TXN004875,ACC100154,2026-07-07 11:21:00,418.62,N$,merchant_payment,CP03203,0
TXN004876,ACC100689,2026-07-06 04:31:00,827.45,N$,p2p_transfer,CP01189,0
TXN004877,ACC100375,2026-06-12 19:12:00,500.17,N$,merchant_payment,CP02856,0
TXN004878,ACC100564,2026-06-01 19:27:00,233.44,N$,p2p_transfer,CP03979,0
TXN004879,ACC100427,2026-07-29 20:23:00,835.42,N$,bill_payment,CP02543,0
TXN004880,ACC100223,2026-07-29 21:46:00,452.62,N$,p2p_transfer,CP01448,0
TXN004881,ACC100573,2026-07-26 16:32:00,1194.99,N$,p2p_transfer,CP00922,0
TXN004882,ACC100756,2026-06-22 23:59:00,282.77,N$,p2p_transfer,CP00968,0
TXN004883,ACC100270,2026-06-29 03:46:00,1584.07,N$,merchant_payment,CP00879,0
TXN004884,ACC100552,2026-07-17 17:44:00,328.71,N$,p2p_transfer,CP01428,0
TXN004885,ACC100544,2026-06-10 03:46:00,3072.37,N$,p2p_transfer,CP00113,0
TXN004886,ACC100186,2026-06-19 17:57:00,686.74,N$,merchant_payment,CP02419,0
TXN004887,ACC100124,2026-07-28 17:03:00,158.09,N$,p2p_transfer,CP03516,0
TXN004888,ACC100240,2026-06-12 21:09:00,2078.13,N$,cash_out,CP00186,0
TXN004889,ACC100540,2026-06-03 00:04:00,285.14,N$,p2p_transfer,CP03447,0
TXN004890,ACC100661,2026-06-10 23:32:00,94.65,N$,bill_payment,CP01420,0
TXN004891,ACC100212,2026-07-04 19:14:00,130.74,N$,cash_out,CP01731,0
TXN004892,ACC100538,2026-07-16 05:30:00,324.84,N$,merchant_payment,CP00227,0
TXN004893,ACC100728,2026-07-26 00:09:00,2055.87,N$,merchant_payment,CP01697,0
TXN004894,ACC100658,2026-07-30 12:31:00,988.98,N$,p2p_transfer,CP01851,0
TXN004895,ACC100254,2026-06-13 09:56:00,449.05,N$,p2p_transfer,CP00191,0
TXN004896,ACC100439,2026-07-25 14:02:00,134.84,N$,p2p_transfer,CP01080,0
TXN004897,ACC100290,2026-07-06 17:38:00,1677.78,N$,cash_out,CP03059,1
TXN004898,ACC100540,2026-07-23 02:32:00,53.7,N$,p2p_transfer,CP03593,0
TXN004899,ACC100297,2026-06-24 07:06:00,174.51,N$,cash_out,CP00873,0
TXN004900,ACC100780,2026-07-24 06:19:00,718.02,N$,p2p_transfer,CP00425,0
TXN004901,ACC100287,2026-07-18 09:37:00,633.19,N$,merchant_payment,CP03225,0
TXN004902,ACC100174,2026-06-30 03:04:00,196.17,N$,cash_out,CP03494,0
TXN004903,ACC100414,2026-07-03 11:19:00,51.07,N$,p2p_transfer,CP03685,0
TXN004904,ACC100697,2026-06-30 23:38:00,260.16,N$,p2p_transfer,CP00543,0
TXN004905,ACC100112,2026-06-16 05:07:00,1125.42,N$,merchant_payment,CP03423,0
TXN004906,ACC100466,2026-07-03 19:54:00,346.99,N$,p2p_transfer,CP02230,0
TXN004907,ACC100613,2026-06-02 21:13:00,269.52,N$,cash_out,CP03194,0
TXN004908,ACC100173,2026-06-18 02:18:00,730.43,N$,p2p_transfer,CP03349,0
TXN004909,ACC100117,2026-06-07 11:51:00,67.95,N$,p2p_transfer,CP03419,0
TXN004910,ACC100476,2026-07-02 14:42:00,1079.85,N$,p2p_transfer,CP03507,0
TXN004911,ACC100544,2026-07-30 18:37:00,103.92,N$,merchant_payment,CP03934,0
TXN004912,ACC100594,2026-06-06 20:56:00,59.38,N$,p2p_transfer,CP00904,0
TXN004913,ACC100041,2026-06-19 11:50:00,3406.4,N$,merchant_payment,CP01533,0
TXN004914,ACC100114,2026-07-01 10:18:00,565.04,N$,merchant_payment,CP02454,0
TXN004915,ACC100472,2026-07-14 03:48:00,463.32,N$,merchant_payment,CP01626,0
TXN004916,ACC100348,2026-07-01 15:03:00,823.61,N$,p2p_transfer,CP01129,0
TXN004917,ACC100069,2026-06-09 12:32:00,1163.07,N$,merchant_payment,CP03812,0
TXN004918,ACC100276,2026-07-26 01:23:00,598.82,N$,cash_out,CP00542,0
TXN004919,ACC100660,2026-06-24 12:48:00,3334.03,N$,cash_out,CP03564,1
TXN004920,ACC100661,2026-07-14 22:04:00,289.83,N$,cash_out,CP03587,0
TXN004921,ACC100623,2026-06-20 23:17:00,1587.91,N$,merchant_payment,CP00174,0
TXN004922,ACC100215,2026-06-23 10:09:00,1010.87,N$,merchant_payment,CP02993,0
TXN004923,ACC100693,2026-06-29 09:15:00,254.71,N$,p2p_transfer,CP02977,0
TXN004924,ACC100351,2026-06-23 17:57:00,698.38,N$,merchant_payment,CP00341,0
TXN004925,ACC100698,2026-06-10 11:41:00,473.04,N$,merchant_payment,CP03317,0
TXN004926,ACC100772,2026-07-07 08:41:00,409.52,N$,p2p_transfer,CP02056,0
TXN004927,ACC100743,2026-06-30 04:11:00,344.92,N$,p2p_transfer,CP01810,0
TXN004928,ACC100799,2026-06-24 20:26:00,245.01,N$,cash_out,CP00786,0
TXN004929,ACC100251,2026-06-19 05:03:00,267.62,N$,p2p_transfer,CP03950,0
TXN004930,ACC100276,2026-07-08 20:18:00,2621.99,N$,p2p_transfer,CP00241,0
TXN004931,ACC100250,2026-07-22 10:13:00,238.37,N$,cash_out,CP00908,0
TXN004932,ACC100031,2026-07-19 20:18:00,568.45,N$,p2p_transfer,CP03180,0
TXN004933,ACC100156,2026-07-14 20:35:00,708.39,N$,merchant_payment,CP01387,0
TXN004934,ACC100042,2026-07-29 09:12:00,1417.89,N$,merchant_payment,CP02882,0
TXN004935,ACC100379,2026-06-11 04:07:00,286.09,N$,cash_out,CP03253,0
TXN004936,ACC100514,2026-07-19 08:22:00,357.25,N$,p2p_transfer,CP02306,0
TXN004937,ACC100371,2026-06-23 08:02:00,757.04,N$,cash_out,CP01842,0
TXN004938,ACC100375,2026-07-13 19:45:00,1143.17,N$,bill_payment,CP00350,0
TXN004939,ACC100299,2026-06-14 12:58:00,3691.86,N$,merchant_payment,CP00610,0
TXN004940,ACC100390,2026-07-19 23:23:00,412.1,N$,merchant_payment,CP02402,0
TXN004941,ACC100156,2026-06-05 18:12:00,299.04,N$,p2p_transfer,CP01310,0
TXN004942,ACC100460,2026-07-08 09:57:00,723.61,N$,merchant_payment,CP01795,0
TXN004943,ACC100328,2026-07-06 11:03:00,450.77,N$,merchant_payment,CP01099,0
TXN004944,ACC100030,2026-06-04 12:22:00,255.72,N$,merchant_payment,CP02925,0
TXN004945,ACC100416,2026-07-14 23:10:00,1248.56,N$,p2p_transfer,CP01313,0
TXN004946,ACC100261,2026-07-13 12:00:00,981.84,N$,bill_payment,CP01439,0
TXN004947,ACC100467,2026-06-07 11:52:00,1247.78,N$,p2p_transfer,CP02806,0
TXN004948,ACC100235,2026-07-19 11:21:00,595.64,N$,merchant_payment,CP00464,0
TXN004949,ACC100736,2026-06-02 09:48:00,870.6,N$,merchant_payment,CP02883,0
TXN004950,ACC100260,2026-07-23 11:50:00,11374.94,N$,p2p_transfer,CP02133,1
TXN004951,ACC100470,2026-07-04 15:57:00,593.92,N$,bill_payment,CP02814,0
TXN004952,ACC100087,2026-07-25 07:17:00,491.5,N$,merchant_payment,CP02910,0
TXN004953,ACC100068,2026-06-15 21:06:00,363.84,N$,p2p_transfer,CP03431,0
TXN004954,ACC100733,2026-06-14 23:18:00,266.38,N$,p2p_transfer,CP01077,0
TXN004955,ACC100006,2026-06-01 19:19:00,353.22,N$,merchant_payment,CP01295,0
TXN004956,ACC100218,2026-06-08 05:31:00,857.0,N$,p2p_transfer,CP00925,0
TXN004957,ACC100474,2026-06-30 14:54:00,319.62,N$,p2p_transfer,CP00660,0
TXN004958,ACC100702,2026-06-19 23:16:00,248.1,N$,cash_out,CP01254,0
TXN004959,ACC100202,2026-07-08 00:59:00,309.31,N$,p2p_transfer,CP01293,0
TXN004960,ACC100359,2026-06-08 21:38:00,309.15,N$,merchant_payment,CP03832,0
TXN004961,ACC100041,2026-06-07 08:37:00,384.92,N$,p2p_transfer,CP01384,0
TXN004962,ACC100056,2026-07-18 07:00:00,936.55,N$,cash_out,CP00101,0
TXN004963,ACC100483,2026-06-18 14:02:00,2728.92,N$,p2p_transfer,CP00808,0
TXN004964,ACC100577,2026-06-27 10:17:00,368.24,N$,merchant_payment,CP00693,0
TXN004965,ACC100625,2026-06-26 08:12:00,1006.42,N$,p2p_transfer,CP00291,0
TXN004966,ACC100283,2026-07-14 10:08:00,158.42,N$,cash_out,CP03320,0
TXN004967,ACC100054,2026-07-27 22:44:00,227.36,N$,cash_out,CP02232,0
TXN004968,ACC100269,2026-06-17 00:44:00,787.93,N$,p2p_transfer,CP03097,0
TXN004969,ACC100707,2026-07-01 16:44:00,420.72,N$,merchant_payment,CP02776,0
TXN004970,ACC100116,2026-07-09 23:16:00,214.32,N$,merchant_payment,CP03349,0
TXN004971,ACC100189,2026-07-15 19:43:00,991.37,N$,p2p_transfer,CP03515,0
TXN004972,ACC100057,2026-07-26 11:44:00,1361.98,N$,p2p_transfer,CP01522,0
TXN004973,ACC100475,2026-07-14 23:17:00,81.07,N$,merchant_payment,CP03563,0
TXN004974,ACC100315,2026-07-24 07:29:00,307.3,N$,cash_out,CP01078,0
TXN004975,ACC100445,2026-06-13 09:52:00,199.47,N$,merchant_payment,CP00560,0
TXN004976,ACC100316,2026-06-20 14:26:00,214.29,N$,cash_out,CP02008,0
TXN004977,ACC100257,2026-07-07 03:25:00,550.77,N$,p2p_transfer,CP01018,0
TXN004978,ACC100612,2026-06-29 21:12:00,209.33,N$,merchant_payment,CP03169,0
TXN004979,ACC100130,2026-07-08 00:57:00,120.19,N$,p2p_transfer,CP02753,0
TXN004980,ACC100726,2026-06-24 10:01:00,143.57,N$,cash_out,CP03239,0
TXN004981,ACC100728,2026-06-21 11:39:00,480.19,N$,merchant_payment,CP00190,0
TXN004982,ACC100131,2026-07-22 00:36:00,715.12,N$,merchant_payment,CP02471,0
TXN004983,ACC100075,2026-07-30 14:15:00,187.9,N$,p2p_transfer,CP00652,0
TXN004984,ACC100728,2026-06-05 13:44:00,304.13,N$,merchant_payment,CP02004,0
TXN004985,ACC100543,2026-07-20 14:55:00,300.55,N$,merchant_payment,CP01782,0
TXN004986,ACC100217,2026-06-01 05:42:00,220.74,N$,bill_payment,CP01069,0
TXN004987,ACC100553,2026-07-10 13:00:00,3151.64,N$,p2p_transfer,CP03898,0
TXN004988,ACC100101,2026-06-16 13:34:00,152.82,N$,merchant_payment,CP03490,0
TXN004989,ACC100385,2026-06-09 16:37:00,283.96,N$,p2p_transfer,CP03788,0
TXN004990,ACC100651,2026-06-19 13:30:00,857.38,N$,bill_payment,CP01270,0
TXN004991,ACC100008,2026-07-27 17:09:00,263.4,N$,p2p_transfer,CP00621,0
TXN004992,ACC100559,2026-06-12 23:19:00,322.17,N$,merchant_payment,CP02566,0
TXN004993,ACC100594,2026-06-28 00:28:00,562.47,N$,p2p_transfer,CP01382,0
TXN004994,ACC100310,2026-06-28 16:12:00,243.61,N$,cash_out,CP01425,0
TXN004995,ACC100441,2026-07-14 12:46:00,1282.35,N$,cash_out,CP02553,0
TXN004996,ACC100561,2026-07-12 01:14:00,716.31,N$,cash_out,CP01008,0
TXN004997,ACC100706,2026-06-12 01:16:00,538.53,N$,p2p_transfer,CP00420,0
TXN004998,ACC100686,2026-06-30 22:09:00,269.79,N$,p2p_transfer,CP00671,0
TXN004999,ACC100045,2026-07-01 06:52:00,334.07,N$,p2p_transfer,CP02398,0
TXN005000,ACC100228,2026-06-13 11:28:00,375.18,N$,cash_out,CP01414,0
TXN005001,ACC100152,2026-07-25 15:40:00,1126.77,N$,cash_out,CP01419,0
TXN005002,ACC100257,2026-07-20 07:40:00,365.57,N$,merchant_payment,CP01239,0
TXN005003,ACC100069,2026-07-19 02:36:00,161.52,N$,p2p_transfer,CP03428,0
TXN005004,ACC100315,2026-06-19 01:31:00,423.65,N$,p2p_transfer,CP00480,0
TXN005005,ACC100137,2026-06-23 13:39:00,3351.63,N$,merchant_payment,CP01654,0
TXN005006,ACC100076,2026-06-10 01:39:00,507.61,N$,merchant_payment,CP01599,0
TXN005007,ACC100454,2026-06-08 23:07:00,606.62,N$,merchant_payment,CP03106,0
TXN005008,ACC100514,2026-06-03 17:46:00,317.13,N$,p2p_transfer,CP01890,0
TXN005009,ACC100075,2026-07-11 09:10:00,437.09,N$,cash_out,CP01465,0
TXN005010,ACC100181,2026-07-22 09:05:00,199.96,N$,p2p_transfer,CP00517,0
TXN005011,ACC100753,2026-06-15 04:35:00,215.64,N$,bill_payment,CP01972,0
TXN005012,ACC100011,2026-06-07 17:53:00,233.12,N$,merchant_payment,CP02464,0
TXN005013,ACC100318,2026-06-04 07:46:00,1313.05,N$,p2p_transfer,CP01149,0
TXN005014,ACC100763,2026-06-27 06:24:00,2703.18,N$,merchant_payment,CP01104,0
TXN005015,ACC100139,2026-06-05 11:02:00,1467.75,N$,p2p_transfer,CP00283,0
TXN005016,ACC100398,2026-07-07 19:23:00,1062.91,N$,cash_out,CP00055,0
TXN005017,ACC100418,2026-07-25 00:43:00,175.82,N$,p2p_transfer,CP02097,0
TXN005018,ACC100650,2026-06-08 00:48:00,610.6,N$,p2p_transfer,CP03791,0
TXN005019,ACC100468,2026-07-21 05:19:00,177.11,N$,merchant_payment,CP02375,0
TXN005020,ACC100149,2026-06-12 12:02:00,689.79,N$,p2p_transfer,CP01936,0
TXN005021,ACC100520,2026-06-24 03:13:00,359.44,N$,p2p_transfer,CP00103,0
TXN005022,ACC100748,2026-06-28 07:27:00,274.62,N$,p2p_transfer,CP00368,0
TXN005023,ACC100329,2026-06-13 12:09:00,201.97,N$,merchant_payment,CP03725,0
TXN005024,ACC100648,2026-07-01 16:28:00,798.64,N$,cash_out,CP03555,0
TXN005025,ACC100452,2026-06-13 01:32:00,405.91,N$,merchant_payment,CP01786,0
TXN005026,ACC100541,2026-06-16 11:13:00,2299.05,N$,cash_out,CP02440,1
TXN005027,ACC100611,2026-06-18 23:30:00,1377.01,N$,p2p_transfer,CP02712,0
TXN005028,ACC100170,2026-06-08 12:52:00,262.81,N$,bill_payment,CP00406,0
TXN005029,ACC100513,2026-06-09 07:07:00,216.08,N$,merchant_payment,CP01003,0
TXN005030,ACC100772,2026-07-29 20:46:00,296.46,N$,p2p_transfer,CP03912,0
TXN005031,ACC100113,2026-06-28 20:26:00,229.02,N$,merchant_payment,CP01878,0
TXN005032,ACC100739,2026-06-14 06:48:00,748.19,N$,cash_out,CP01568,0
TXN005033,ACC100095,2026-07-14 13:52:00,707.57,N$,p2p_transfer,CP00262,0
TXN005034,ACC100180,2026-07-28 12:53:00,156.32,N$,p2p_transfer,CP01460,0
TXN005035,ACC100256,2026-06-23 21:55:00,306.66,N$,p2p_transfer,CP01695,0
TXN005036,ACC100310,2026-07-08 01:13:00,335.55,N$,p2p_transfer,CP00039,0
TXN005037,ACC100620,2026-07-18 04:59:00,334.03,N$,p2p_transfer,CP00847,0
TXN005038,ACC100171,2026-07-30 05:02:00,4161.6,N$,cash_out,CP00236,1
TXN005039,ACC100721,2026-06-02 12:07:00,320.75,N$,p2p_transfer,CP01530,0
TXN005040,ACC100760,2026-06-05 15:41:00,224.45,N$,merchant_payment,CP01805,0
TXN005041,ACC100611,2026-06-03 13:09:00,172.79,N$,merchant_payment,CP03964,0
TXN005042,ACC100354,2026-06-05 19:08:00,482.24,N$,p2p_transfer,CP03566,0
TXN005043,ACC100633,2026-07-06 10:51:00,184.54,N$,p2p_transfer,CP01278,0
TXN005044,ACC100301,2026-07-20 14:44:00,1575.92,N$,merchant_payment,CP02557,0
TXN005045,ACC100080,2026-06-09 13:43:00,111.31,N$,merchant_payment,CP01191,0
TXN005046,ACC100022,2026-06-24 07:07:00,432.58,N$,p2p_transfer,CP02140,0
TXN005047,ACC100636,2026-06-02 10:35:00,297.06,N$,p2p_transfer,CP01469,0
TXN005048,ACC100143,2026-06-29 12:35:00,1897.48,N$,merchant_payment,CP01414,0
TXN005049,ACC100496,2026-06-14 17:30:00,78.23,N$,p2p_transfer,CP02637,0
TXN005050,ACC100575,2026-07-03 00:06:00,926.12,N$,merchant_payment,CP01465,0
TXN005051,ACC100347,2026-06-13 17:43:00,384.18,N$,cash_out,CP02619,0
TXN005052,ACC100418,2026-06-05 02:44:00,565.88,N$,p2p_transfer,CP00073,0
TXN005053,ACC100445,2026-06-22 20:47:00,328.43,N$,bill_payment,CP03876,0
TXN005054,ACC100547,2026-06-16 06:15:00,141.75,N$,p2p_transfer,CP01968,0
TXN005055,ACC100715,2026-06-15 11:06:00,805.3,N$,bill_payment,CP01098,0
TXN005056,ACC100395,2026-07-19 16:45:00,986.27,N$,bill_payment,CP00071,0
TXN005057,ACC100783,2026-06-15 19:19:00,371.53,N$,merchant_payment,CP01234,0
TXN005058,ACC100473,2026-06-13 19:48:00,491.38,N$,p2p_transfer,CP02673,0
TXN005059,ACC100703,2026-07-15 09:17:00,139.39,N$,cash_out,CP02766,0
TXN005060,ACC100003,2026-06-06 23:13:00,394.24,N$,p2p_transfer,CP00147,0
TXN005061,ACC100731,2026-06-16 11:43:00,1078.94,N$,merchant_payment,CP02634,0
TXN005062,ACC100135,2026-06-14 20:25:00,1845.73,N$,merchant_payment,CP01570,0
TXN005063,ACC100225,2026-06-28 04:55:00,483.82,N$,merchant_payment,CP00120,0
TXN005064,ACC100307,2026-06-12 11:37:00,86.38,N$,merchant_payment,CP01639,0
TXN005065,ACC100264,2026-06-19 17:58:00,11410.37,N$,cash_out,CP00603,1
TXN005066,ACC100586,2026-06-17 18:18:00,477.7,N$,p2p_transfer,CP03694,0
TXN005067,ACC100023,2026-06-21 11:35:00,194.72,N$,merchant_payment,CP03903,0
TXN005068,ACC100124,2026-06-27 16:12:00,276.96,N$,merchant_payment,CP03479,0
TXN005069,ACC100546,2026-06-29 16:12:00,147.66,N$,p2p_transfer,CP03318,0
TXN005070,ACC100446,2026-06-05 19:11:00,511.63,N$,p2p_transfer,CP03525,0
TXN005071,ACC100523,2026-06-13 21:40:00,193.65,N$,p2p_transfer,CP01928,0
TXN005072,ACC100410,2026-07-22 01:39:00,241.54,N$,cash_out,CP03379,0
TXN005073,ACC100584,2026-07-16 16:09:00,282.6,N$,p2p_transfer,CP00401,0
TXN005074,ACC100452,2026-07-19 22:04:00,309.62,N$,cash_out,CP00614,0
TXN005075,ACC100665,2026-07-08 05:59:00,739.23,N$,cash_out,CP00287,0
TXN005076,ACC100026,2026-07-01 13:48:00,149.2,N$,cash_out,CP01965,0
TXN005077,ACC100383,2026-07-11 21:36:00,247.21,N$,p2p_transfer,CP03716,0
TXN005078,ACC100108,2026-06-19 23:13:00,1041.76,N$,p2p_transfer,CP02294,0
TXN005079,ACC100298,2026-06-24 11:38:00,86.27,N$,merchant_payment,CP03170,0
TXN005080,ACC100649,2026-07-19 19:30:00,580.52,N$,p2p_transfer,CP03067,0
TXN005081,ACC100245,2026-07-12 20:23:00,50.55,N$,merchant_payment,CP02019,0
TXN005082,ACC100138,2026-06-26 00:42:00,188.87,N$,merchant_payment,CP02055,0
TXN005083,ACC100449,2026-06-13 22:47:00,1567.15,N$,bill_payment,CP00226,0
TXN005084,ACC100300,2026-06-08 15:22:00,269.99,N$,merchant_payment,CP00764,0
TXN005085,ACC100680,2026-07-04 14:47:00,193.81,N$,p2p_transfer,CP00935,0
TXN005086,ACC100303,2026-07-26 00:01:00,2444.48,N$,p2p_transfer,CP02635,0
TXN005087,ACC100644,2026-06-28 09:18:00,217.12,N$,p2p_transfer,CP00877,0
TXN005088,ACC100421,2026-06-03 23:32:00,480.38,N$,cash_out,CP01586,0
TXN005089,ACC100406,2026-07-25 10:09:00,449.91,N$,merchant_payment,CP01859,0
TXN005090,ACC100725,2026-06-20 09:33:00,748.95,N$,merchant_payment,CP03405,0
TXN005091,ACC100102,2026-06-06 22:31:00,1741.86,N$,merchant_payment,CP02779,0
TXN005092,ACC100627,2026-07-08 13:08:00,3629.16,N$,p2p_transfer,CP00034,0
TXN005093,ACC100064,2026-06-23 04:25:00,624.93,N$,merchant_payment,CP02640,0
TXN005094,ACC100577,2026-06-28 00:41:00,1006.95,N$,p2p_transfer,CP03642,0
TXN005095,ACC100257,2026-06-09 08:42:00,428.33,N$,cash_out,CP01114,0
TXN005096,ACC100634,2026-06-07 19:00:00,229.77,N$,p2p_transfer,CP00765,0
TXN005097,ACC100583,2026-06-25 00:32:00,750.3,N$,merchant_payment,CP01419,0
TXN005098,ACC100512,2026-06-06 13:16:00,297.69,N$,merchant_payment,CP01889,0
TXN005099,ACC100178,2026-07-13 10:56:00,429.59,N$,bill_payment,CP00146,0
TXN005100,ACC100468,2026-06-25 12:57:00,579.16,N$,merchant_payment,CP02694,0
TXN005101,ACC100525,2026-06-30 17:38:00,406.12,N$,merchant_payment,CP01005,0
TXN005102,ACC100524,2026-07-07 00:04:00,215.67,N$,p2p_transfer,CP01870,0
TXN005103,ACC100437,2026-07-13 02:56:00,495.78,N$,merchant_payment,CP00645,0
TXN005104,ACC100359,2026-07-27 11:26:00,62.61,N$,p2p_transfer,CP03626,0
TXN005105,ACC100402,2026-07-30 05:23:00,905.81,N$,p2p_transfer,CP00153,0
TXN005106,ACC100553,2026-06-15 19:36:00,245.26,N$,p2p_transfer,CP03223,0
TXN005107,ACC100506,2026-07-12 21:31:00,1766.0,N$,cash_out,CP01653,0
TXN005108,ACC100663,2026-07-03 12:55:00,741.61,N$,merchant_payment,CP03625,0
TXN005109,ACC100286,2026-07-27 09:22:00,544.49,N$,p2p_transfer,CP02438,0
TXN005110,ACC100101,2026-06-07 17:18:00,472.87,N$,merchant_payment,CP01237,0
TXN005111,ACC100147,2026-06-17 23:21:00,499.99,N$,p2p_transfer,CP02050,0
TXN005112,ACC100218,2026-07-25 14:46:00,887.91,N$,merchant_payment,CP00292,0
TXN005113,ACC100090,2026-06-04 18:10:00,985.51,N$,merchant_payment,CP00390,0
TXN005114,ACC100539,2026-07-24 22:49:00,2616.07,N$,p2p_transfer,CP01398,0
TXN005115,ACC100708,2026-06-14 12:41:00,347.89,N$,p2p_transfer,CP01323,0
TXN005116,ACC100663,2026-06-26 15:57:00,562.57,N$,merchant_payment,CP02358,0
TXN005117,ACC100292,2026-06-14 16:08:00,376.83,N$,merchant_payment,CP01022,0
TXN005118,ACC100312,2026-06-15 19:58:00,224.27,N$,merchant_payment,CP02540,0
TXN005119,ACC100741,2026-07-23 19:37:00,245.63,N$,merchant_payment,CP00942,0
TXN005120,ACC100574,2026-06-09 01:41:00,518.13,N$,p2p_transfer,CP00085,0
TXN005121,ACC100261,2026-06-22 09:38:00,82.36,N$,merchant_payment,CP03163,0
TXN005122,ACC100467,2026-06-05 21:03:00,403.36,N$,merchant_payment,CP01306,0
TXN005123,ACC100099,2026-06-03 10:09:00,157.73,N$,merchant_payment,CP02155,0
TXN005124,ACC100181,2026-06-16 02:28:00,198.48,N$,p2p_transfer,CP00001,0
TXN005125,ACC100796,2026-07-09 06:23:00,343.97,N$,merchant_payment,CP03720,0
TXN005126,ACC100374,2026-06-11 07:14:00,267.03,N$,merchant_payment,CP00975,0
TXN005127,ACC100342,2026-06-03 19:11:00,694.51,N$,p2p_transfer,CP02231,0
TXN005128,ACC100474,2026-06-09 01:59:00,302.06,N$,p2p_transfer,CP02258,0
TXN005129,ACC100344,2026-06-07 22:10:00,332.51,N$,p2p_transfer,CP02972,0
TXN005130,ACC100686,2026-07-30 12:58:00,302.88,N$,bill_payment,CP00088,0
TXN005131,ACC100434,2026-07-12 12:55:00,161.37,N$,merchant_payment,CP00033,0
TXN005132,ACC100398,2026-06-03 14:57:00,520.73,N$,p2p_transfer,CP02378,0
TXN005133,ACC100380,2026-07-17 15:38:00,1996.25,N$,merchant_payment,CP02146,0
TXN005134,ACC100359,2026-06-07 17:28:00,430.49,N$,p2p_transfer,CP03916,0
TXN005135,ACC100341,2026-07-06 23:19:00,2804.6,N$,cash_out,CP03550,1
TXN005136,ACC100417,2026-07-28 02:53:00,367.49,N$,merchant_payment,CP02340,0
TXN005137,ACC100505,2026-06-11 15:56:00,109.5,N$,p2p_transfer,CP03727,0
TXN005138,ACC100256,2026-06-28 14:06:00,396.32,N$,p2p_transfer,CP01125,0
TXN005139,ACC100747,2026-07-24 00:17:00,317.57,N$,cash_out,CP02431,0
TXN005140,ACC100620,2026-07-06 22:12:00,81.78,N$,p2p_transfer,CP03828,0
TXN005141,ACC100655,2026-07-13 16:37:00,400.25,N$,p2p_transfer,CP02555,0
TXN005142,ACC100687,2026-06-17 20:51:00,348.64,N$,p2p_transfer,CP03676,0
TXN005143,ACC100462,2026-07-09 00:33:00,158.21,N$,p2p_transfer,CP03592,0
TXN005144,ACC100120,2026-06-01 15:33:00,171.18,N$,p2p_transfer,CP02871,0
TXN005145,ACC100546,2026-06-05 10:24:00,557.84,N$,merchant_payment,CP02333,0
TXN005146,ACC100742,2026-06-17 20:00:00,295.75,N$,cash_out,CP02319,0
TXN005147,ACC100465,2026-06-06 05:04:00,311.0,N$,p2p_transfer,CP03983,0
TXN005148,ACC100776,2026-06-03 15:17:00,1609.17,N$,merchant_payment,CP02812,0
TXN005149,ACC100675,2026-07-16 21:51:00,270.42,N$,merchant_payment,CP02503,0
TXN005150,ACC100213,2026-07-18 06:11:00,527.44,N$,merchant_payment,CP02157,0
TXN005151,ACC100544,2026-07-27 14:35:00,913.58,N$,p2p_transfer,CP00360,0
TXN005152,ACC100714,2026-07-26 07:18:00,533.46,N$,p2p_transfer,CP02856,0
TXN005153,ACC100203,2026-07-04 15:37:00,661.14,N$,merchant_payment,CP01730,0
TXN005154,ACC100271,2026-07-20 17:01:00,113.84,N$,merchant_payment,CP02751,0
TXN005155,ACC100028,2026-06-19 06:05:00,1274.13,N$,cash_out,CP02887,0
TXN005156,ACC100109,2026-06-10 22:00:00,445.66,N$,p2p_transfer,CP03838,0
TXN005157,ACC100541,2026-07-15 14:33:00,5309.56,N$,p2p_transfer,CP01234,1
TXN005158,ACC100677,2026-06-15 01:56:00,1164.19,N$,merchant_payment,CP03154,0
TXN005159,ACC100009,2026-07-29 14:10:00,2818.93,N$,merchant_payment,CP02296,0
TXN005160,ACC100225,2026-07-28 01:44:00,1102.38,N$,bill_payment,CP02233,0
TXN005161,ACC100322,2026-06-04 21:17:00,1458.62,N$,cash_out,CP00574,1
TXN005162,ACC100549,2026-07-19 19:22:00,415.32,N$,cash_out,CP00151,0
TXN005163,ACC100678,2026-07-14 12:21:00,90.45,N$,merchant_payment,CP02599,0
TXN005164,ACC100715,2026-07-28 21:57:00,383.39,N$,p2p_transfer,CP03759,0
TXN005165,ACC100019,2026-07-21 15:26:00,362.04,N$,merchant_payment,CP02340,0
TXN005166,ACC100416,2026-07-27 22:50:00,299.97,N$,p2p_transfer,CP02887,0
TXN005167,ACC100084,2026-06-20 01:31:00,3993.09,N$,cash_out,CP00645,1
TXN005168,ACC100264,2026-07-08 18:25:00,6103.18,N$,p2p_transfer,CP03654,1
TXN005169,ACC100568,2026-06-01 10:55:00,593.33,N$,p2p_transfer,CP01930,0
TXN005170,ACC100271,2026-06-26 02:49:00,93.14,N$,p2p_transfer,CP03966,0
TXN005171,ACC100748,2026-06-17 12:50:00,120.67,N$,merchant_payment,CP02704,0
TXN005172,ACC100383,2026-06-10 13:56:00,341.12,N$,p2p_transfer,CP00590,0
TXN005173,ACC100075,2026-06-19 04:38:00,205.02,N$,p2p_transfer,CP01141,0
TXN005174,ACC100399,2026-07-05 13:16:00,138.1,N$,p2p_transfer,CP00822,0
TXN005175,ACC100395,2026-07-03 02:19:00,122.42,N$,p2p_transfer,CP00747,0
TXN005176,ACC100533,2026-07-04 22:21:00,2210.26,N$,p2p_transfer,CP03168,0
TXN005177,ACC100699,2026-06-10 06:49:00,446.24,N$,merchant_payment,CP03448,0
TXN005178,ACC100113,2026-06-23 22:30:00,251.46,N$,merchant_payment,CP03836,0
TXN005179,ACC100148,2026-06-14 08:38:00,175.29,N$,p2p_transfer,CP02657,0
TXN005180,ACC100013,2026-07-06 03:59:00,927.33,N$,merchant_payment,CP00645,0
TXN005181,ACC100189,2026-06-07 10:07:00,209.0,N$,merchant_payment,CP02918,0
TXN005182,ACC100488,2026-06-01 13:56:00,1549.93,N$,p2p_transfer,CP00968,0
TXN005183,ACC100442,2026-07-22 19:16:00,306.88,N$,cash_out,CP03505,0
TXN005184,ACC100490,2026-06-15 04:22:00,229.23,N$,bill_payment,CP02086,0
TXN005185,ACC100703,2026-06-04 10:35:00,844.82,N$,merchant_payment,CP00591,0
TXN005186,ACC100482,2026-06-21 14:03:00,60.45,N$,cash_out,CP03440,0
TXN005187,ACC100710,2026-06-06 07:36:00,1603.42,N$,cash_out,CP01772,0
TXN005188,ACC100242,2026-07-14 04:06:00,1537.03,N$,p2p_transfer,CP00157,1
TXN005189,ACC100242,2026-07-12 05:52:00,241.26,N$,merchant_payment,CP00240,0
TXN005190,ACC100044,2026-07-23 23:41:00,343.5,N$,cash_out,CP00339,0
TXN005191,ACC100750,2026-07-09 23:59:00,519.85,N$,p2p_transfer,CP03517,0
TXN005192,ACC100023,2026-07-04 20:22:00,592.05,N$,p2p_transfer,CP01130,0
TXN005193,ACC100262,2026-07-04 07:23:00,736.12,N$,merchant_payment,CP01731,0
TXN005194,ACC100697,2026-07-16 11:16:00,337.6,N$,bill_payment,CP02389,0
TXN005195,ACC100378,2026-07-02 18:01:00,917.27,N$,merchant_payment,CP00841,0
TXN005196,ACC100064,2026-06-26 10:07:00,213.84,N$,cash_out,CP02708,0
TXN005197,ACC100218,2026-06-06 19:24:00,283.3,N$,cash_out,CP00418,0
TXN005198,ACC100366,2026-07-02 07:33:00,583.19,N$,p2p_transfer,CP00906,0
TXN005199,ACC100310,2026-07-21 07:43:00,488.38,N$,merchant_payment,CP01757,0
TXN005200,ACC100282,2026-06-04 04:47:00,1167.51,N$,p2p_transfer,CP02980,0
TXN005201,ACC100191,2026-07-27 06:11:00,1125.3,N$,p2p_transfer,CP02946,0
TXN005202,ACC100386,2026-07-15 19:13:00,188.35,N$,bill_payment,CP01923,0
TXN005203,ACC100639,2026-06-03 02:44:00,844.69,N$,bill_payment,CP02372,0
TXN005204,ACC100550,2026-06-23 18:55:00,408.56,N$,merchant_payment,CP02732,0
TXN005205,ACC100582,2026-07-22 12:03:00,179.99,N$,merchant_payment,CP03105,0
TXN005206,ACC100781,2026-07-13 02:19:00,516.07,N$,bill_payment,CP03701,0
TXN005207,ACC100563,2026-06-29 10:45:00,3030.06,N$,p2p_transfer,CP02791,1
TXN005208,ACC100543,2026-07-10 14:52:00,978.54,N$,p2p_transfer,CP01712,0
TXN005209,ACC100676,2026-06-24 04:10:00,1276.43,N$,p2p_transfer,CP01821,0
TXN005210,ACC100628,2026-06-17 00:29:00,808.75,N$,merchant_payment,CP02196,0
TXN005211,ACC100339,2026-06-23 00:17:00,82.2,N$,p2p_transfer,CP00164,0
TXN005212,ACC100224,2026-06-24 13:51:00,245.4,N$,bill_payment,CP02612,0
TXN005213,ACC100055,2026-06-04 05:11:00,286.56,N$,merchant_payment,CP03129,0
TXN005214,ACC100167,2026-06-10 02:55:00,219.32,N$,merchant_payment,CP02765,0
TXN005215,ACC100406,2026-07-08 03:54:00,525.79,N$,cash_out,CP03630,0
TXN005216,ACC100703,2026-07-29 03:56:00,597.13,N$,p2p_transfer,CP00301,0
TXN005217,ACC100795,2026-07-13 14:29:00,412.04,N$,p2p_transfer,CP01652,0
TXN005218,ACC100362,2026-06-14 01:09:00,2827.76,N$,p2p_transfer,CP02146,1
TXN005219,ACC100511,2026-06-24 00:18:00,818.53,N$,cash_out,CP02400,0
TXN005220,ACC100237,2026-06-09 13:01:00,131.41,N$,merchant_payment,CP01031,0
TXN005221,ACC100045,2026-06-13 11:23:00,183.69,N$,cash_out,CP02686,0
TXN005222,ACC100017,2026-07-02 22:25:00,1510.2,N$,merchant_payment,CP00507,0
TXN005223,ACC100296,2026-06-26 09:20:00,465.33,N$,merchant_payment,CP02230,0
TXN005224,ACC100173,2026-06-20 10:46:00,653.11,N$,cash_out,CP02293,0
TXN005225,ACC100146,2026-06-12 02:32:00,294.08,N$,p2p_transfer,CP02658,0
TXN005226,ACC100775,2026-07-24 13:30:00,623.34,N$,merchant_payment,CP03677,0
TXN005227,ACC100709,2026-07-17 18:35:00,906.67,N$,p2p_transfer,CP00717,0
TXN005228,ACC100486,2026-06-11 03:14:00,242.01,N$,merchant_payment,CP02917,0
TXN005229,ACC100216,2026-06-10 05:43:00,70.52,N$,cash_out,CP03905,0
TXN005230,ACC100211,2026-06-29 20:35:00,185.89,N$,bill_payment,CP03122,0
TXN005231,ACC100137,2026-06-18 23:33:00,426.29,N$,merchant_payment,CP01563,0
TXN005232,ACC100164,2026-07-19 01:05:00,1426.45,N$,p2p_transfer,CP00839,0
TXN005233,ACC100056,2026-06-02 23:21:00,1093.29,N$,p2p_transfer,CP00797,0
TXN005234,ACC100134,2026-07-06 11:11:00,257.33,N$,merchant_payment,CP00484,0
TXN005235,ACC100188,2026-06-07 01:26:00,114.77,N$,merchant_payment,CP03284,0
TXN005236,ACC100086,2026-06-07 14:55:00,1874.97,N$,cash_out,CP00032,0
TXN005237,ACC100598,2026-07-04 09:50:00,6299.08,N$,p2p_transfer,CP00235,1
TXN005238,ACC100468,2026-07-12 14:18:00,505.37,N$,p2p_transfer,CP02687,0
TXN005239,ACC100765,2026-06-16 05:05:00,157.61,N$,bill_payment,CP00282,0
TXN005240,ACC100586,2026-07-03 19:10:00,687.68,N$,p2p_transfer,CP03133,0
TXN005241,ACC100409,2026-07-15 12:05:00,378.48,N$,merchant_payment,CP03813,0
TXN005242,ACC100788,2026-06-19 21:00:00,739.48,N$,p2p_transfer,CP01943,0
TXN005243,ACC100709,2026-06-08 19:54:00,255.16,N$,p2p_transfer,CP00062,0
TXN005244,ACC100594,2026-06-29 17:27:00,860.56,N$,p2p_transfer,CP03324,0
TXN005245,ACC100027,2026-06-11 22:56:00,1599.59,N$,p2p_transfer,CP01625,0
TXN005246,ACC100699,2026-07-24 22:00:00,286.6,N$,p2p_transfer,CP00614,0
TXN005247,ACC100291,2026-07-26 06:02:00,355.83,N$,merchant_payment,CP01705,0
TXN005248,ACC100123,2026-07-13 23:06:00,684.97,N$,cash_out,CP00514,0
TXN005249,ACC100445,2026-07-29 20:49:00,873.57,N$,bill_payment,CP01099,0
TXN005250,ACC100174,2026-06-26 18:15:00,448.41,N$,cash_out,CP00636,0
TXN005251,ACC100057,2026-06-02 14:47:00,379.57,N$,bill_payment,CP02924,0
TXN005252,ACC100390,2026-07-04 14:08:00,259.77,N$,merchant_payment,CP03657,0
TXN005253,ACC100408,2026-07-28 11:12:00,444.4,N$,p2p_transfer,CP00462,0
TXN005254,ACC100211,2026-07-12 02:33:00,1172.98,N$,p2p_transfer,CP02993,0
TXN005255,ACC100545,2026-07-27 13:10:00,1171.67,N$,bill_payment,CP02261,0
TXN005256,ACC100324,2026-07-24 10:54:00,598.16,N$,merchant_payment,CP02095,0
TXN005257,ACC100601,2026-07-28 03:42:00,411.72,N$,bill_payment,CP00288,0
TXN005258,ACC100179,2026-07-14 06:05:00,513.22,N$,cash_out,CP00955,0
TXN005259,ACC100383,2026-06-24 12:53:00,327.05,N$,p2p_transfer,CP00242,0
TXN005260,ACC100476,2026-07-16 10:38:00,257.02,N$,merchant_payment,CP03542,0
TXN005261,ACC100690,2026-06-19 14:35:00,156.25,N$,p2p_transfer,CP02965,0
TXN005262,ACC100057,2026-07-07 11:04:00,581.69,N$,cash_out,CP01326,0
TXN005263,ACC100561,2026-06-15 22:44:00,518.2,N$,merchant_payment,CP01830,0
TXN005264,ACC100522,2026-07-14 15:31:00,8031.21,N$,cash_out,CP03839,1
TXN005265,ACC100487,2026-07-14 17:15:00,302.47,N$,merchant_payment,CP00430,0
TXN005266,ACC100633,2026-06-19 12:00:00,530.51,N$,bill_payment,CP02042,0
TXN005267,ACC100224,2026-07-01 19:15:00,125.17,N$,merchant_payment,CP02191,0
TXN005268,ACC100467,2026-06-20 17:50:00,382.4,N$,bill_payment,CP03418,0
TXN005269,ACC100429,2026-06-14 14:09:00,1061.17,N$,merchant_payment,CP01951,0
TXN005270,ACC100003,2026-07-16 10:03:00,1460.76,N$,p2p_transfer,CP01808,0
TXN005271,ACC100186,2026-06-08 16:31:00,268.46,N$,merchant_payment,CP01327,0
TXN005272,ACC100088,2026-07-04 06:52:00,215.85,N$,merchant_payment,CP01609,0
TXN005273,ACC100450,2026-07-15 06:14:00,590.33,N$,p2p_transfer,CP01474,0
TXN005274,ACC100229,2026-07-20 11:22:00,1218.72,N$,merchant_payment,CP00702,0
TXN005275,ACC100515,2026-06-30 07:45:00,662.98,N$,bill_payment,CP01755,0
TXN005276,ACC100284,2026-06-28 22:17:00,135.85,N$,merchant_payment,CP02183,0
TXN005277,ACC100030,2026-06-11 11:15:00,262.45,N$,p2p_transfer,CP02015,0
TXN005278,ACC100291,2026-07-24 01:01:00,122.53,N$,merchant_payment,CP01795,0
TXN005279,ACC100025,2026-07-30 00:27:00,325.07,N$,p2p_transfer,CP03767,0
TXN005280,ACC100208,2026-07-16 06:41:00,1310.07,N$,p2p_transfer,CP03445,0
TXN005281,ACC100641,2026-07-18 22:58:00,112.93,N$,merchant_payment,CP01175,0
TXN005282,ACC100349,2026-07-15 03:10:00,307.86,N$,p2p_transfer,CP03009,0
TXN005283,ACC100290,2026-07-08 14:02:00,473.31,N$,merchant_payment,CP02711,0
TXN005284,ACC100224,2026-07-07 05:57:00,455.66,N$,p2p_transfer,CP00160,0
TXN005285,ACC100764,2026-07-27 00:46:00,748.75,N$,cash_out,CP00494,0
TXN005286,ACC100437,2026-06-30 18:13:00,478.53,N$,p2p_transfer,CP01414,0
TXN005287,ACC100466,2026-06-29 14:34:00,328.22,N$,p2p_transfer,CP02825,0
TXN005288,ACC100642,2026-07-21 15:32:00,831.79,N$,p2p_transfer,CP01744,0
TXN005289,ACC100055,2026-06-07 19:01:00,511.89,N$,bill_payment,CP01269,0
TXN005290,ACC100256,2026-06-13 06:15:00,339.64,N$,p2p_transfer,CP03662,0
TXN005291,ACC100745,2026-06-12 14:43:00,301.34,N$,p2p_transfer,CP02617,0
TXN005292,ACC100307,2026-06-06 20:58:00,371.79,N$,p2p_transfer,CP03137,0
TXN005293,ACC100318,2026-07-30 20:26:00,433.31,N$,p2p_transfer,CP02388,0
TXN005294,ACC100599,2026-06-24 03:29:00,413.05,N$,merchant_payment,CP01324,0
TXN005295,ACC100427,2026-06-09 00:57:00,545.87,N$,merchant_payment,CP00420,0
TXN005296,ACC100358,2026-07-06 16:38:00,927.56,N$,merchant_payment,CP03062,0
TXN005297,ACC100610,2026-07-02 22:22:00,545.0,N$,merchant_payment,CP00006,0
TXN005298,ACC100208,2026-07-23 01:32:00,1049.6,N$,cash_out,CP02478,0
TXN005299,ACC100019,2026-06-12 17:34:00,404.99,N$,p2p_transfer,CP02487,0
TXN005300,ACC100245,2026-06-13 17:45:00,106.13,N$,bill_payment,CP00689,0
TXN005301,ACC100597,2026-06-22 19:59:00,623.6,N$,p2p_transfer,CP00474,0
TXN005302,ACC100463,2026-07-16 19:45:00,142.63,N$,p2p_transfer,CP01126,0
TXN005303,ACC100050,2026-06-20 14:12:00,130.99,N$,merchant_payment,CP02944,0
TXN005304,ACC100571,2026-06-07 11:39:00,335.3,N$,merchant_payment,CP01264,0
TXN005305,ACC100006,2026-07-21 16:27:00,835.27,N$,merchant_payment,CP00622,0
TXN005306,ACC100564,2026-06-18 18:24:00,616.08,N$,bill_payment,CP01344,0
TXN005307,ACC100010,2026-07-04 19:24:00,292.55,N$,merchant_payment,CP01123,0
TXN005308,ACC100341,2026-07-15 06:26:00,432.54,N$,merchant_payment,CP02714,0
TXN005309,ACC100629,2026-06-10 05:46:00,1039.78,N$,merchant_payment,CP00880,0
TXN005310,ACC100376,2026-07-14 17:56:00,309.24,N$,merchant_payment,CP03905,0
TXN005311,ACC100160,2026-06-17 03:29:00,579.67,N$,merchant_payment,CP03217,0
TXN005312,ACC100589,2026-06-15 09:54:00,356.3,N$,merchant_payment,CP00112,0
TXN005313,ACC100449,2026-06-15 13:58:00,1111.17,N$,merchant_payment,CP02479,0
TXN005314,ACC100717,2026-06-13 13:15:00,737.35,N$,merchant_payment,CP02728,0
TXN005315,ACC100001,2026-06-04 08:16:00,164.55,N$,cash_out,CP01723,0
TXN005316,ACC100009,2026-06-11 21:51:00,428.38,N$,p2p_transfer,CP02398,0
TXN005317,ACC100494,2026-06-04 04:24:00,681.58,N$,p2p_transfer,CP00287,0
TXN005318,ACC100685,2026-07-30 11:51:00,363.19,N$,bill_payment,CP01825,0
TXN005319,ACC100761,2026-06-27 01:30:00,659.39,N$,merchant_payment,CP02391,0
TXN005320,ACC100460,2026-06-09 10:49:00,299.33,N$,p2p_transfer,CP00955,0
TXN005321,ACC100220,2026-06-23 21:27:00,168.03,N$,cash_out,CP02515,0
TXN005322,ACC100502,2026-06-02 12:36:00,2029.52,N$,merchant_payment,CP03047,0
TXN005323,ACC100286,2026-06-02 01:04:00,2223.49,N$,p2p_transfer,CP01100,0
TXN005324,ACC100514,2026-06-20 08:41:00,135.48,N$,merchant_payment,CP02774,0
TXN005325,ACC100306,2026-07-24 06:08:00,2179.74,N$,merchant_payment,CP00522,0
TXN005326,ACC100342,2026-06-11 12:49:00,524.63,N$,p2p_transfer,CP02097,0
TXN005327,ACC100773,2026-06-04 19:54:00,827.45,N$,p2p_transfer,CP03971,0
TXN005328,ACC100557,2026-06-04 21:59:00,948.34,N$,cash_out,CP03861,0
TXN005329,ACC100324,2026-06-04 15:24:00,463.14,N$,p2p_transfer,CP01970,0
TXN005330,ACC100774,2026-07-19 08:40:00,215.06,N$,p2p_transfer,CP02364,0
TXN005331,ACC100391,2026-07-17 05:48:00,669.16,N$,p2p_transfer,CP03946,0
TXN005332,ACC100421,2026-07-07 07:25:00,301.52,N$,cash_out,CP01796,0
TXN005333,ACC100298,2026-06-01 19:06:00,297.01,N$,p2p_transfer,CP01280,0
TXN005334,ACC100447,2026-06-05 03:59:00,2780.99,N$,p2p_transfer,CP02870,0
TXN005335,ACC100646,2026-07-06 14:39:00,659.32,N$,merchant_payment,CP03418,0
TXN005336,ACC100782,2026-07-09 14:45:00,731.16,N$,merchant_payment,CP02883,0
TXN005337,ACC100676,2026-07-24 14:36:00,750.7,N$,p2p_transfer,CP02182,0
TXN005338,ACC100339,2026-06-10 05:56:00,216.83,N$,p2p_transfer,CP02541,0
TXN005339,ACC100366,2026-06-10 00:14:00,114.67,N$,p2p_transfer,CP02498,0
TXN005340,ACC100289,2026-07-18 11:28:00,362.71,N$,bill_payment,CP03095,0
TXN005341,ACC100189,2026-07-25 16:04:00,57.65,N$,bill_payment,CP03624,0
TXN005342,ACC100491,2026-07-15 15:12:00,704.82,N$,bill_payment,CP02981,0
TXN005343,ACC100090,2026-07-15 15:27:00,667.17,N$,p2p_transfer,CP02465,0
TXN005344,ACC100289,2026-06-23 14:22:00,1375.97,N$,bill_payment,CP00821,0
TXN005345,ACC100073,2026-07-10 19:01:00,1198.81,N$,p2p_transfer,CP02823,0
TXN005346,ACC100773,2026-07-16 21:05:00,421.75,N$,p2p_transfer,CP00829,0
TXN005347,ACC100354,2026-06-10 14:04:00,298.42,N$,p2p_transfer,CP03719,0
TXN005348,ACC100421,2026-07-20 04:58:00,174.87,N$,p2p_transfer,CP02175,0
TXN005349,ACC100005,2026-07-02 09:15:00,122.19,N$,cash_out,CP01656,0
TXN005350,ACC100694,2026-06-04 11:46:00,266.11,N$,p2p_transfer,CP01287,0
TXN005351,ACC100017,2026-06-27 00:57:00,565.42,N$,merchant_payment,CP00549,0
TXN005352,ACC100268,2026-06-02 09:16:00,350.16,N$,cash_out,CP00160,0
TXN005353,ACC100070,2026-07-26 04:09:00,166.76,N$,p2p_transfer,CP00880,0
TXN005354,ACC100098,2026-06-10 11:40:00,1096.92,N$,merchant_payment,CP00175,0
TXN005355,ACC100283,2026-07-21 11:30:00,148.6,N$,merchant_payment,CP01010,0
TXN005356,ACC100672,2026-06-28 03:46:00,490.29,N$,p2p_transfer,CP01114,0
TXN005357,ACC100013,2026-06-06 08:03:00,195.5,N$,p2p_transfer,CP00227,0
TXN005358,ACC100636,2026-06-16 18:22:00,323.87,N$,p2p_transfer,CP03777,0
TXN005359,ACC100269,2026-06-11 20:37:00,651.25,N$,bill_payment,CP00240,0
TXN005360,ACC100002,2026-07-24 12:53:00,157.51,N$,merchant_payment,CP02110,0
TXN005361,ACC100359,2026-07-16 12:41:00,294.04,N$,p2p_transfer,CP00911,0
TXN005362,ACC100422,2026-07-07 00:33:00,134.87,N$,p2p_transfer,CP03144,0
TXN005363,ACC100196,2026-07-25 18:10:00,437.01,N$,cash_out,CP01598,0
TXN005364,ACC100792,2026-06-02 15:27:00,685.41,N$,merchant_payment,CP01012,0
TXN005365,ACC100536,2026-06-02 11:28:00,298.59,N$,p2p_transfer,CP03421,0
TXN005366,ACC100347,2026-07-06 21:00:00,278.53,N$,merchant_payment,CP02053,0
TXN005367,ACC100411,2026-06-14 22:41:00,1349.93,N$,p2p_transfer,CP01609,0
TXN005368,ACC100612,2026-07-22 02:39:00,472.06,N$,cash_out,CP03248,0
TXN005369,ACC100556,2026-06-16 17:04:00,311.88,N$,p2p_transfer,CP01058,0
TXN005370,ACC100467,2026-07-16 04:43:00,1318.31,N$,p2p_transfer,CP03261,0
TXN005371,ACC100525,2026-06-02 05:03:00,259.9,N$,p2p_transfer,CP00184,0
TXN005372,ACC100681,2026-06-10 10:30:00,437.27,N$,p2p_transfer,CP01457,0
TXN005373,ACC100639,2026-06-30 04:20:00,288.72,N$,bill_payment,CP03655,0
TXN005374,ACC100376,2026-06-01 06:01:00,335.43,N$,merchant_payment,CP02681,0
TXN005375,ACC100008,2026-06-30 12:46:00,99.84,N$,cash_out,CP02382,0
TXN005376,ACC100095,2026-07-27 01:06:00,463.48,N$,merchant_payment,CP00302,0
TXN005377,ACC100396,2026-07-11 13:46:00,295.06,N$,p2p_transfer,CP02206,0
TXN005378,ACC100292,2026-07-30 11:54:00,688.75,N$,merchant_payment,CP00149,0
TXN005379,ACC100529,2026-06-14 10:23:00,1933.79,N$,cash_out,CP00893,0
TXN005380,ACC100153,2026-06-22 12:52:00,829.51,N$,p2p_transfer,CP03899,0
TXN005381,ACC100110,2026-06-15 12:53:00,472.33,N$,merchant_payment,CP01121,0
TXN005382,ACC100230,2026-07-09 15:42:00,304.76,N$,p2p_transfer,CP00053,0
TXN005383,ACC100708,2026-06-05 22:53:00,547.38,N$,merchant_payment,CP03416,0
TXN005384,ACC100753,2026-07-25 05:31:00,148.02,N$,cash_out,CP03084,0
TXN005385,ACC100646,2026-07-16 07:52:00,1063.66,N$,merchant_payment,CP01286,0
TXN005386,ACC100286,2026-06-06 17:21:00,843.44,N$,p2p_transfer,CP00818,0
TXN005387,ACC100792,2026-06-29 01:20:00,876.1,N$,cash_out,CP01978,0
TXN005388,ACC100598,2026-06-07 23:09:00,506.02,N$,merchant_payment,CP01715,0
TXN005389,ACC100509,2026-06-21 16:23:00,609.38,N$,cash_out,CP02034,0
TXN005390,ACC100769,2026-07-25 19:14:00,654.36,N$,merchant_payment,CP03802,0
TXN005391,ACC100654,2026-06-14 09:12:00,405.26,N$,p2p_transfer,CP00778,0
TXN005392,ACC100291,2026-06-22 03:52:00,2323.24,N$,merchant_payment,CP03924,0
TXN005393,ACC100341,2026-07-16 11:25:00,168.99,N$,p2p_transfer,CP01863,0
TXN005394,ACC100019,2026-07-28 13:23:00,1130.55,N$,p2p_transfer,CP01711,0
TXN005395,ACC100226,2026-06-07 00:59:00,563.59,N$,merchant_payment,CP03002,0
TXN005396,ACC100788,2026-06-08 20:30:00,1084.37,N$,merchant_payment,CP03617,0
TXN005397,ACC100765,2026-06-04 04:43:00,442.38,N$,cash_out,CP00950,0
TXN005398,ACC100140,2026-07-08 10:02:00,428.86,N$,p2p_transfer,CP01559,0
TXN005399,ACC100679,2026-06-17 17:37:00,504.0,N$,cash_out,CP03561,0
TXN005400,ACC100712,2026-07-24 00:16:00,1289.63,N$,p2p_transfer,CP03693,0
TXN005401,ACC100645,2026-06-10 20:31:00,331.5,N$,merchant_payment,CP03926,0
TXN005402,ACC100737,2026-07-11 15:34:00,182.08,N$,merchant_payment,CP00772,0
TXN005403,ACC100008,2026-07-17 11:55:00,308.41,N$,cash_out,CP02268,0
TXN005404,ACC100674,2026-07-03 17:58:00,236.29,N$,p2p_transfer,CP02180,0
TXN005405,ACC100598,2026-07-18 11:55:00,4178.03,N$,cash_out,CP02711,1
TXN005406,ACC100539,2026-06-01 14:39:00,334.66,N$,merchant_payment,CP00848,0
TXN005407,ACC100218,2026-07-15 02:16:00,601.8,N$,bill_payment,CP03528,0
TXN005408,ACC100485,2026-06-14 10:21:00,365.97,N$,merchant_payment,CP02686,0
TXN005409,ACC100561,2026-07-12 19:46:00,805.08,N$,cash_out,CP01096,0
TXN005410,ACC100194,2026-07-30 16:51:00,549.21,N$,cash_out,CP03656,0
TXN005411,ACC100439,2026-06-29 00:53:00,97.44,N$,merchant_payment,CP03193,0
TXN005412,ACC100638,2026-06-30 11:00:00,757.15,N$,p2p_transfer,CP01118,0
TXN005413,ACC100185,2026-07-23 01:49:00,531.76,N$,merchant_payment,CP03337,0
TXN005414,ACC100178,2026-06-11 09:44:00,261.49,N$,p2p_transfer,CP03109,0
TXN005415,ACC100241,2026-06-07 20:58:00,546.82,N$,merchant_payment,CP01575,0
TXN005416,ACC100537,2026-07-06 22:18:00,632.67,N$,merchant_payment,CP02303,0
TXN005417,ACC100415,2026-07-25 09:16:00,596.21,N$,p2p_transfer,CP02418,0
TXN005418,ACC100649,2026-07-10 08:16:00,365.78,N$,p2p_transfer,CP01814,0
TXN005419,ACC100751,2026-07-25 15:50:00,149.58,N$,merchant_payment,CP00903,0
TXN005420,ACC100203,2026-07-05 13:30:00,89.89,N$,merchant_payment,CP03975,0
TXN005421,ACC100560,2026-06-30 06:58:00,229.07,N$,cash_out,CP01215,0
TXN005422,ACC100495,2026-07-22 12:58:00,173.59,N$,p2p_transfer,CP03147,0
TXN005423,ACC100471,2026-06-26 04:51:00,370.04,N$,p2p_transfer,CP01877,0
TXN005424,ACC100119,2026-07-08 11:40:00,114.11,N$,p2p_transfer,CP01540,0
TXN005425,ACC100143,2026-07-26 03:23:00,787.19,N$,bill_payment,CP01032,0
TXN005426,ACC100512,2026-07-24 23:07:00,416.7,N$,merchant_payment,CP01393,0
TXN005427,ACC100052,2026-07-05 13:48:00,1526.19,N$,p2p_transfer,CP03241,0
TXN005428,ACC100311,2026-07-26 06:31:00,217.81,N$,p2p_transfer,CP03567,0
TXN005429,ACC100057,2026-06-24 17:44:00,421.51,N$,merchant_payment,CP03374,0
TXN005430,ACC100259,2026-06-05 16:49:00,2786.31,N$,cash_out,CP02211,1
TXN005431,ACC100561,2026-06-24 13:00:00,386.29,N$,bill_payment,CP03691,0
TXN005432,ACC100357,2026-06-06 20:10:00,516.59,N$,p2p_transfer,CP02739,0
TXN005433,ACC100435,2026-07-14 07:40:00,427.24,N$,cash_out,CP01318,0
TXN005434,ACC100205,2026-06-27 07:20:00,824.32,N$,cash_out,CP03481,0
TXN005435,ACC100568,2026-07-15 14:10:00,725.9,N$,merchant_payment,CP00204,0
TXN005436,ACC100134,2026-06-26 19:58:00,263.57,N$,bill_payment,CP03185,0
TXN005437,ACC100391,2026-06-02 00:47:00,380.59,N$,merchant_payment,CP01124,0
TXN005438,ACC100275,2026-06-17 08:00:00,751.79,N$,p2p_transfer,CP02425,0
TXN005439,ACC100528,2026-06-25 12:06:00,213.08,N$,merchant_payment,CP03221,0
TXN005440,ACC100692,2026-07-16 23:20:00,158.2,N$,bill_payment,CP00704,0
TXN005441,ACC100647,2026-07-05 14:54:00,731.86,N$,merchant_payment,CP02934,0
TXN005442,ACC100606,2026-07-15 18:30:00,577.54,N$,cash_out,CP00526,0
TXN005443,ACC100109,2026-07-21 04:56:00,196.54,N$,bill_payment,CP03079,0
TXN005444,ACC100652,2026-07-09 09:29:00,179.31,N$,cash_out,CP01550,0
TXN005445,ACC100279,2026-07-26 23:44:00,3255.71,N$,bill_payment,CP02427,0
TXN005446,ACC100001,2026-06-21 16:35:00,90.66,N$,p2p_transfer,CP01620,0
TXN005447,ACC100078,2026-06-04 14:51:00,215.43,N$,bill_payment,CP00149,0
TXN005448,ACC100199,2026-06-06 04:45:00,94.77,N$,merchant_payment,CP00058,0
TXN005449,ACC100060,2026-07-01 05:08:00,200.88,N$,p2p_transfer,CP01259,0
TXN005450,ACC100725,2026-06-06 09:11:00,534.45,N$,p2p_transfer,CP00805,0
TXN005451,ACC100069,2026-06-20 18:08:00,175.26,N$,p2p_transfer,CP02926,0
TXN005452,ACC100508,2026-07-06 07:21:00,222.65,N$,merchant_payment,CP00160,0
TXN005453,ACC100330,2026-07-04 06:34:00,1648.5,N$,p2p_transfer,CP02471,0
TXN005454,ACC100016,2026-07-22 19:36:00,632.46,N$,bill_payment,CP03109,0
TXN005455,ACC100211,2026-06-22 21:40:00,194.21,N$,p2p_transfer,CP00401,0
TXN005456,ACC100611,2026-06-29 19:48:00,456.05,N$,p2p_transfer,CP01728,0
TXN005457,ACC100252,2026-06-19 15:55:00,248.49,N$,p2p_transfer,CP03454,0
TXN005458,ACC100069,2026-06-03 15:01:00,1312.13,N$,bill_payment,CP00685,0
TXN005459,ACC100010,2026-06-03 17:02:00,749.68,N$,merchant_payment,CP01542,0
TXN005460,ACC100423,2026-06-11 12:45:00,686.94,N$,bill_payment,CP03550,0
TXN005461,ACC100758,2026-07-16 05:41:00,567.01,N$,merchant_payment,CP02165,0
TXN005462,ACC100370,2026-07-21 15:12:00,212.38,N$,p2p_transfer,CP00161,0
TXN005463,ACC100569,2026-06-22 02:02:00,1790.53,N$,bill_payment,CP03424,0
TXN005464,ACC100636,2026-07-16 08:00:00,428.6,N$,p2p_transfer,CP02641,0
TXN005465,ACC100144,2026-07-29 02:53:00,905.97,N$,cash_out,CP02839,0
TXN005466,ACC100754,2026-07-21 03:02:00,231.58,N$,merchant_payment,CP02137,0
TXN005467,ACC100645,2026-06-11 10:14:00,1157.94,N$,p2p_transfer,CP03157,0
TXN005468,ACC100345,2026-06-22 08:42:00,371.95,N$,bill_payment,CP00378,0
TXN005469,ACC100215,2026-06-17 13:53:00,159.87,N$,merchant_payment,CP02273,0
TXN005470,ACC100066,2026-06-27 08:53:00,147.97,N$,p2p_transfer,CP01097,0
TXN005471,ACC100493,2026-06-11 22:50:00,281.46,N$,p2p_transfer,CP01659,0
TXN005472,ACC100121,2026-06-24 17:40:00,1268.36,N$,merchant_payment,CP03975,0
TXN005473,ACC100788,2026-06-23 15:34:00,35.32,N$,bill_payment,CP01969,0
TXN005474,ACC100325,2026-07-22 15:06:00,1426.93,N$,bill_payment,CP01161,0
TXN005475,ACC100421,2026-06-30 23:25:00,239.86,N$,cash_out,CP00307,0
TXN005476,ACC100088,2026-07-17 02:03:00,168.14,N$,bill_payment,CP03973,0
TXN005477,ACC100066,2026-06-25 08:16:00,565.01,N$,bill_payment,CP02157,0
TXN005478,ACC100690,2026-06-05 19:50:00,114.46,N$,p2p_transfer,CP00743,0
TXN005479,ACC100432,2026-07-27 10:57:00,643.26,N$,merchant_payment,CP02065,0
TXN005480,ACC100548,2026-06-06 17:29:00,468.41,N$,p2p_transfer,CP01165,0
TXN005481,ACC100084,2026-07-09 05:12:00,1630.22,N$,merchant_payment,CP01517,0
TXN005482,ACC100611,2026-07-11 02:02:00,346.2,N$,p2p_transfer,CP02454,0
TXN005483,ACC100272,2026-07-20 07:06:00,538.39,N$,merchant_payment,CP01647,0
TXN005484,ACC100363,2026-07-11 14:42:00,326.7,N$,merchant_payment,CP03267,0
TXN005485,ACC100390,2026-06-02 15:01:00,252.02,N$,merchant_payment,CP00095,0
TXN005486,ACC100745,2026-07-20 20:57:00,114.11,N$,merchant_payment,CP02595,0
TXN005487,ACC100633,2026-06-10 07:09:00,486.72,N$,merchant_payment,CP03911,0
TXN005488,ACC100786,2026-07-21 01:34:00,827.71,N$,cash_out,CP02069,0
TXN005489,ACC100328,2026-07-30 10:23:00,298.69,N$,merchant_payment,CP02044,0
TXN005490,ACC100471,2026-06-09 20:27:00,992.5,N$,p2p_transfer,CP01745,0
TXN005491,ACC100301,2026-06-24 23:51:00,2138.68,N$,bill_payment,CP00835,0
TXN005492,ACC100391,2026-06-06 08:46:00,1267.28,N$,p2p_transfer,CP01033,0
TXN005493,ACC100798,2026-06-16 13:03:00,414.55,N$,p2p_transfer,CP03092,0
TXN005494,ACC100375,2026-06-14 21:58:00,738.59,N$,p2p_transfer,CP03896,0
TXN005495,ACC100742,2026-07-19 20:34:00,382.52,N$,cash_out,CP03462,0
TXN005496,ACC100083,2026-07-22 16:57:00,371.65,N$,bill_payment,CP02560,0
TXN005497,ACC100216,2026-07-22 17:41:00,95.6,N$,bill_payment,CP02380,0
TXN005498,ACC100443,2026-07-25 12:35:00,1392.57,N$,p2p_transfer,CP00951,0
TXN005499,ACC100087,2026-06-12 14:39:00,418.03,N$,merchant_payment,CP01093,0
TXN005500,ACC100740,2026-06-04 05:26:00,308.78,N$,cash_out,CP03017,0
TXN005501,ACC100272,2026-07-07 23:11:00,382.86,N$,merchant_payment,CP01188,0
TXN005502,ACC100066,2026-06-22 10:55:00,1640.42,N$,bill_payment,CP00017,0
TXN005503,ACC100464,2026-07-20 18:34:00,262.8,N$,p2p_transfer,CP01925,0
TXN005504,ACC100460,2026-07-19 06:09:00,739.3,N$,p2p_transfer,CP01153,0
TXN005505,ACC100116,2026-06-19 10:51:00,303.01,N$,merchant_payment,CP01974,0
TXN005506,ACC100135,2026-06-18 07:48:00,3214.37,N$,merchant_payment,CP02193,0
TXN005507,ACC100025,2026-06-24 00:53:00,477.79,N$,p2p_transfer,CP02911,0
TXN005508,ACC100434,2026-06-06 13:32:00,1679.34,N$,cash_out,CP02431,1
TXN005509,ACC100633,2026-06-01 21:06:00,1311.12,N$,p2p_transfer,CP01473,0
TXN005510,ACC100622,2026-06-10 06:55:00,140.82,N$,p2p_transfer,CP01836,0
TXN005511,ACC100312,2026-06-21 02:53:00,385.29,N$,merchant_payment,CP03997,0
TXN005512,ACC100350,2026-07-20 08:35:00,164.89,N$,cash_out,CP01178,0
TXN005513,ACC100359,2026-07-28 20:24:00,270.31,N$,p2p_transfer,CP01346,0
TXN005514,ACC100111,2026-06-10 01:08:00,77.35,N$,p2p_transfer,CP03737,0
TXN005515,ACC100749,2026-06-06 15:23:00,963.47,N$,p2p_transfer,CP00260,0
TXN005516,ACC100337,2026-06-08 08:50:00,645.35,N$,merchant_payment,CP03460,0
TXN005517,ACC100234,2026-06-04 02:52:00,255.69,N$,merchant_payment,CP03303,0
TXN005518,ACC100564,2026-06-28 04:26:00,1684.87,N$,p2p_transfer,CP02492,0
TXN005519,ACC100030,2026-06-25 14:04:00,375.94,N$,merchant_payment,CP03130,0
TXN005520,ACC100408,2026-06-14 13:02:00,179.62,N$,merchant_payment,CP00772,0
TXN005521,ACC100200,2026-07-30 04:13:00,1116.37,N$,cash_out,CP02044,0
TXN005522,ACC100482,2026-07-15 22:20:00,426.32,N$,bill_payment,CP03521,0
TXN005523,ACC100402,2026-07-19 11:04:00,448.97,N$,p2p_transfer,CP01626,0
TXN005524,ACC100058,2026-06-06 22:45:00,527.21,N$,bill_payment,CP00861,0
TXN005525,ACC100227,2026-07-29 07:59:00,525.74,N$,merchant_payment,CP03480,0
TXN005526,ACC100127,2026-06-21 11:12:00,871.25,N$,merchant_payment,CP03355,0
TXN005527,ACC100778,2026-06-04 02:44:00,800.89,N$,p2p_transfer,CP01344,0
TXN005528,ACC100593,2026-07-23 13:37:00,1168.92,N$,p2p_transfer,CP02943,0
TXN005529,ACC100107,2026-07-22 02:27:00,578.14,N$,bill_payment,CP02976,0
TXN005530,ACC100306,2026-07-02 16:35:00,200.57,N$,p2p_transfer,CP02099,0
TXN005531,ACC100090,2026-07-01 10:59:00,219.75,N$,merchant_payment,CP01726,0
TXN005532,ACC100469,2026-06-25 00:30:00,829.81,N$,p2p_transfer,CP00913,0
TXN005533,ACC100105,2026-06-20 23:46:00,830.54,N$,p2p_transfer,CP00941,0
TXN005534,ACC100147,2026-06-11 07:00:00,139.94,N$,p2p_transfer,CP00067,0
TXN005535,ACC100452,2026-07-11 14:19:00,713.47,N$,merchant_payment,CP02963,0
TXN005536,ACC100088,2026-07-20 21:22:00,579.59,N$,merchant_payment,CP01071,0
TXN005537,ACC100159,2026-06-10 19:57:00,7518.14,N$,p2p_transfer,CP03723,0
TXN005538,ACC100237,2026-07-18 16:23:00,348.66,N$,merchant_payment,CP00011,0
TXN005539,ACC100051,2026-07-17 03:19:00,430.09,N$,merchant_payment,CP00123,0
TXN005540,ACC100255,2026-06-14 13:36:00,176.26,N$,cash_out,CP00616,0
TXN005541,ACC100341,2026-06-29 12:11:00,11399.08,N$,cash_out,CP00101,1
TXN005542,ACC100040,2026-06-04 10:24:00,423.26,N$,cash_out,CP02311,0
TXN005543,ACC100652,2026-07-29 16:28:00,300.84,N$,merchant_payment,CP02695,0
TXN005544,ACC100418,2026-06-09 06:30:00,451.94,N$,merchant_payment,CP01920,0
TXN005545,ACC100356,2026-06-20 18:50:00,1045.74,N$,p2p_transfer,CP03073,0
TXN005546,ACC100400,2026-06-21 07:04:00,2634.31,N$,bill_payment,CP02921,0
TXN005547,ACC100025,2026-07-21 16:36:00,1309.13,N$,cash_out,CP02192,0
TXN005548,ACC100710,2026-07-26 13:12:00,1190.46,N$,cash_out,CP02825,0
TXN005549,ACC100199,2026-07-12 02:47:00,619.05,N$,cash_out,CP02395,0
TXN005550,ACC100691,2026-07-29 19:44:00,312.94,N$,p2p_transfer,CP01718,0
TXN005551,ACC100794,2026-06-20 23:08:00,91.98,N$,cash_out,CP00511,0
TXN005552,ACC100374,2026-06-09 06:03:00,658.52,N$,cash_out,CP03115,0
TXN005553,ACC100038,2026-06-15 23:52:00,1476.71,N$,merchant_payment,CP02877,0
TXN005554,ACC100060,2026-07-09 08:39:00,265.06,N$,p2p_transfer,CP03323,0
TXN005555,ACC100231,2026-06-08 12:55:00,197.65,N$,cash_out,CP00787,0
TXN005556,ACC100719,2026-06-01 11:16:00,600.85,N$,merchant_payment,CP03233,0
TXN005557,ACC100075,2026-06-10 04:44:00,307.31,N$,merchant_payment,CP01862,0
TXN005558,ACC100712,2026-06-08 20:13:00,933.09,N$,merchant_payment,CP00598,0
TXN005559,ACC100473,2026-07-06 14:06:00,260.21,N$,merchant_payment,CP03745,0
TXN005560,ACC100307,2026-07-09 09:23:00,245.43,N$,cash_out,CP01095,0
TXN005561,ACC100033,2026-06-10 06:25:00,1780.41,N$,p2p_transfer,CP01596,0
TXN005562,ACC100265,2026-07-23 05:48:00,4932.84,N$,cash_out,CP03410,1
TXN005563,ACC100253,2026-07-25 01:55:00,43.98,N$,p2p_transfer,CP00214,0
TXN005564,ACC100261,2026-06-03 02:53:00,701.92,N$,cash_out,CP02107,0
TXN005565,ACC100000,2026-07-05 12:48:00,575.29,N$,merchant_payment,CP02837,0
TXN005566,ACC100264,2026-06-21 08:37:00,405.82,N$,bill_payment,CP02866,0
TXN005567,ACC100721,2026-06-22 11:04:00,89.44,N$,merchant_payment,CP00171,0
TXN005568,ACC100432,2026-06-16 17:42:00,1296.78,N$,merchant_payment,CP00502,0
TXN005569,ACC100198,2026-07-07 19:07:00,244.38,N$,p2p_transfer,CP01024,0
TXN005570,ACC100259,2026-07-04 08:33:00,3095.74,N$,p2p_transfer,CP02945,1
TXN005571,ACC100227,2026-07-30 02:20:00,1035.22,N$,p2p_transfer,CP01296,0
TXN005572,ACC100246,2026-07-09 06:59:00,232.1,N$,p2p_transfer,CP01817,0
TXN005573,ACC100258,2026-07-07 00:31:00,394.64,N$,merchant_payment,CP01583,0
TXN005574,ACC100188,2026-06-12 09:55:00,1244.94,N$,merchant_payment,CP02766,0
TXN005575,ACC100492,2026-06-27 21:19:00,894.08,N$,merchant_payment,CP01543,0
TXN005576,ACC100165,2026-07-12 15:16:00,521.53,N$,merchant_payment,CP01173,0
TXN005577,ACC100586,2026-07-30 20:34:00,372.62,N$,p2p_transfer,CP00052,0
TXN005578,ACC100697,2026-06-18 04:06:00,852.37,N$,cash_out,CP03604,0
TXN005579,ACC100334,2026-07-09 14:04:00,514.05,N$,p2p_transfer,CP01861,0
TXN005580,ACC100421,2026-07-13 03:18:00,475.71,N$,cash_out,CP02234,0
TXN005581,ACC100513,2026-06-11 03:29:00,411.11,N$,p2p_transfer,CP01160,0
TXN005582,ACC100686,2026-06-30 06:06:00,536.64,N$,merchant_payment,CP03549,0
TXN005583,ACC100121,2026-06-03 10:46:00,105.56,N$,cash_out,CP01344,0
TXN005584,ACC100407,2026-06-11 06:37:00,984.85,N$,p2p_transfer,CP01389,0
TXN005585,ACC100749,2026-07-13 10:02:00,1219.32,N$,p2p_transfer,CP00666,0
TXN005586,ACC100123,2026-07-28 21:23:00,961.4,N$,bill_payment,CP01580,0
TXN005587,ACC100683,2026-07-19 20:21:00,171.14,N$,merchant_payment,CP03436,0
TXN005588,ACC100330,2026-06-17 02:01:00,525.93,N$,cash_out,CP03691,0
TXN005589,ACC100034,2026-06-30 02:22:00,163.54,N$,cash_out,CP01374,0
TXN005590,ACC100061,2026-07-21 18:55:00,259.16,N$,p2p_transfer,CP03857,0
TXN005591,ACC100416,2026-06-30 14:09:00,1110.41,N$,p2p_transfer,CP02384,0
TXN005592,ACC100174,2026-06-13 07:48:00,559.19,N$,p2p_transfer,CP02793,0
TXN005593,ACC100529,2026-06-25 14:25:00,658.84,N$,bill_payment,CP03547,0
TXN005594,ACC100002,2026-06-10 15:35:00,885.45,N$,merchant_payment,CP01690,0
TXN005595,ACC100185,2026-07-30 10:23:00,396.69,N$,merchant_payment,CP02755,0
TXN005596,ACC100708,2026-06-18 19:09:00,363.98,N$,p2p_transfer,CP02591,0
TXN005597,ACC100596,2026-06-08 04:21:00,553.03,N$,p2p_transfer,CP03414,0
TXN005598,ACC100794,2026-06-07 10:27:00,584.53,N$,p2p_transfer,CP02194,0
TXN005599,ACC100336,2026-06-23 05:36:00,774.6,N$,merchant_payment,CP02557,0
TXN005600,ACC100785,2026-06-28 21:44:00,128.41,N$,p2p_transfer,CP01924,0
TXN005601,ACC100382,2026-06-06 12:48:00,268.11,N$,cash_out,CP00240,0
TXN005602,ACC100046,2026-07-24 05:20:00,1273.75,N$,merchant_payment,CP03860,0
TXN005603,ACC100060,2026-07-13 16:22:00,224.61,N$,merchant_payment,CP02267,0
TXN005604,ACC100008,2026-06-05 08:38:00,416.69,N$,p2p_transfer,CP02022,0
TXN005605,ACC100277,2026-07-24 22:53:00,818.66,N$,cash_out,CP02676,0
TXN005606,ACC100344,2026-06-11 16:02:00,537.08,N$,bill_payment,CP03760,0
TXN005607,ACC100107,2026-07-20 21:54:00,2090.1,N$,cash_out,CP03595,0
TXN005608,ACC100590,2026-06-13 06:07:00,699.35,N$,cash_out,CP03370,0
TXN005609,ACC100389,2026-07-03 06:07:00,368.49,N$,p2p_transfer,CP00911,0
TXN005610,ACC100732,2026-07-06 18:17:00,495.15,N$,cash_out,CP02551,0
TXN005611,ACC100646,2026-06-27 09:01:00,163.32,N$,p2p_transfer,CP01930,0
TXN005612,ACC100336,2026-06-17 16:56:00,648.5,N$,merchant_payment,CP00485,0
TXN005613,ACC100208,2026-06-26 06:06:00,206.82,N$,p2p_transfer,CP01496,0
TXN005614,ACC100756,2026-07-10 02:25:00,120.59,N$,bill_payment,CP02425,0
TXN005615,ACC100005,2026-06-17 11:26:00,230.13,N$,p2p_transfer,CP01812,0
TXN005616,ACC100375,2026-07-02 15:54:00,133.09,N$,merchant_payment,CP02716,0
TXN005617,ACC100244,2026-07-02 09:06:00,355.41,N$,bill_payment,CP03676,0
TXN005618,ACC100718,2026-07-03 13:29:00,911.8,N$,merchant_payment,CP03428,0
TXN005619,ACC100267,2026-07-07 15:30:00,185.23,N$,merchant_payment,CP00768,0
TXN005620,ACC100178,2026-06-25 04:51:00,326.1,N$,p2p_transfer,CP00163,0
TXN005621,ACC100294,2026-06-18 20:06:00,142.85,N$,merchant_payment,CP00659,0
TXN005622,ACC100557,2026-06-08 14:19:00,416.65,N$,p2p_transfer,CP02992,0
TXN005623,ACC100661,2026-06-19 07:17:00,896.33,N$,cash_out,CP01124,0
TXN005624,ACC100401,2026-07-01 23:47:00,236.85,N$,bill_payment,CP02859,0
TXN005625,ACC100292,2026-06-16 20:59:00,596.06,N$,cash_out,CP03929,0
TXN005626,ACC100018,2026-07-23 07:05:00,1534.85,N$,merchant_payment,CP03743,0
TXN005627,ACC100147,2026-07-12 05:38:00,1178.74,N$,merchant_payment,CP01173,0
TXN005628,ACC100768,2026-07-23 20:38:00,1582.66,N$,bill_payment,CP03255,0
TXN005629,ACC100702,2026-07-05 17:46:00,591.27,N$,cash_out,CP02791,0
TXN005630,ACC100122,2026-07-19 22:30:00,613.08,N$,cash_out,CP01798,0
TXN005631,ACC100088,2026-06-25 00:33:00,1151.77,N$,merchant_payment,CP02973,0
TXN005632,ACC100260,2026-07-09 02:39:00,3482.6,N$,cash_out,CP02171,1
TXN005633,ACC100152,2026-07-24 17:55:00,572.06,N$,p2p_transfer,CP02489,0
TXN005634,ACC100114,2026-06-25 05:25:00,594.94,N$,cash_out,CP01206,0
TXN005635,ACC100733,2026-06-07 20:50:00,765.8,N$,merchant_payment,CP03828,0
TXN005636,ACC100422,2026-06-18 16:12:00,1108.28,N$,p2p_transfer,CP03130,0
TXN005637,ACC100308,2026-07-09 17:33:00,127.3,N$,p2p_transfer,CP01277,0
TXN005638,ACC100225,2026-06-07 03:29:00,938.14,N$,p2p_transfer,CP00838,0
TXN005639,ACC100212,2026-07-08 12:36:00,261.5,N$,p2p_transfer,CP02068,0
TXN005640,ACC100604,2026-07-19 10:46:00,614.69,N$,p2p_transfer,CP01458,0
TXN005641,ACC100692,2026-06-06 01:56:00,271.74,N$,merchant_payment,CP02634,0
TXN005642,ACC100484,2026-07-27 19:30:00,660.14,N$,p2p_transfer,CP03357,1
TXN005643,ACC100682,2026-07-13 21:30:00,416.95,N$,p2p_transfer,CP00603,0
TXN005644,ACC100498,2026-07-30 17:07:00,577.99,N$,merchant_payment,CP02167,0
TXN005645,ACC100682,2026-07-16 17:58:00,253.85,N$,p2p_transfer,CP02292,0
TXN005646,ACC100360,2026-07-04 22:20:00,1106.8,N$,p2p_transfer,CP02611,0
TXN005647,ACC100670,2026-07-29 22:21:00,208.79,N$,bill_payment,CP01986,0
TXN005648,ACC100181,2026-07-16 19:04:00,352.91,N$,p2p_transfer,CP00232,0
TXN005649,ACC100080,2026-07-11 05:43:00,254.85,N$,merchant_payment,CP03258,0
TXN005650,ACC100109,2026-06-13 02:47:00,133.21,N$,p2p_transfer,CP01262,0
TXN005651,ACC100496,2026-07-14 05:41:00,586.03,N$,cash_out,CP01088,0
TXN005652,ACC100123,2026-07-10 19:56:00,615.86,N$,merchant_payment,CP01939,0
TXN005653,ACC100366,2026-07-21 03:56:00,778.66,N$,cash_out,CP03205,0
TXN005654,ACC100295,2026-07-19 15:39:00,4899.98,N$,cash_out,CP02481,1
TXN005655,ACC100324,2026-06-06 16:34:00,325.58,N$,cash_out,CP02366,0
TXN005656,ACC100083,2026-06-29 13:04:00,275.7,N$,p2p_transfer,CP03536,0
TXN005657,ACC100017,2026-06-27 03:41:00,430.55,N$,p2p_transfer,CP02466,0
TXN005658,ACC100433,2026-06-09 00:54:00,321.43,N$,bill_payment,CP01871,0
TXN005659,ACC100486,2026-06-08 16:15:00,332.88,N$,cash_out,CP03582,0
TXN005660,ACC100233,2026-07-26 10:45:00,223.64,N$,cash_out,CP00395,0
TXN005661,ACC100261,2026-07-14 16:47:00,652.85,N$,cash_out,CP02819,0
TXN005662,ACC100659,2026-06-04 21:30:00,991.57,N$,p2p_transfer,CP02915,0
TXN005663,ACC100669,2026-06-30 19:43:00,317.96,N$,merchant_payment,CP00504,0
TXN005664,ACC100314,2026-07-23 14:18:00,491.82,N$,merchant_payment,CP01710,0
TXN005665,ACC100363,2026-07-17 07:17:00,1008.76,N$,merchant_payment,CP00829,0
TXN005666,ACC100320,2026-06-14 11:59:00,534.25,N$,p2p_transfer,CP03280,0
TXN005667,ACC100764,2026-06-10 08:53:00,416.68,N$,cash_out,CP01049,0
TXN005668,ACC100331,2026-07-28 02:08:00,371.45,N$,merchant_payment,CP02603,0
TXN005669,ACC100526,2026-07-09 16:48:00,467.83,N$,p2p_transfer,CP01779,0
TXN005670,ACC100632,2026-07-28 16:53:00,440.52,N$,p2p_transfer,CP02286,0
TXN005671,ACC100434,2026-07-04 14:34:00,422.39,N$,merchant_payment,CP01453,0
TXN005672,ACC100151,2026-07-19 19:49:00,478.01,N$,p2p_transfer,CP00693,0
TXN005673,ACC100577,2026-06-12 16:00:00,276.34,N$,bill_payment,CP02473,0
TXN005674,ACC100077,2026-06-20 23:44:00,262.01,N$,p2p_transfer,CP03198,0
TXN005675,ACC100338,2026-06-17 14:08:00,1033.34,N$,p2p_transfer,CP03764,0
TXN005676,ACC100026,2026-07-13 00:15:00,368.81,N$,merchant_payment,CP00787,0
TXN005677,ACC100619,2026-06-06 03:47:00,616.44,N$,merchant_payment,CP01519,0
TXN005678,ACC100101,2026-07-20 11:55:00,97.88,N$,p2p_transfer,CP02103,0
TXN005679,ACC100069,2026-06-01 06:26:00,368.27,N$,merchant_payment,CP02798,0
TXN005680,ACC100767,2026-07-30 14:45:00,345.75,N$,p2p_transfer,CP03077,0
TXN005681,ACC100732,2026-06-24 18:12:00,368.61,N$,p2p_transfer,CP01991,0
TXN005682,ACC100539,2026-06-18 16:53:00,397.48,N$,merchant_payment,CP00826,0
TXN005683,ACC100243,2026-07-15 22:15:00,252.3,N$,merchant_payment,CP01777,0
TXN005684,ACC100784,2026-07-02 10:07:00,716.73,N$,p2p_transfer,CP01594,0
TXN005685,ACC100611,2026-06-22 08:22:00,114.97,N$,merchant_payment,CP01932,0
TXN005686,ACC100348,2026-07-25 04:06:00,139.95,N$,p2p_transfer,CP02816,0
TXN005687,ACC100650,2026-07-14 01:46:00,767.15,N$,p2p_transfer,CP02150,0
TXN005688,ACC100549,2026-07-23 17:59:00,721.49,N$,p2p_transfer,CP03766,0
TXN005689,ACC100150,2026-06-19 15:27:00,1134.38,N$,cash_out,CP02328,0
TXN005690,ACC100355,2026-06-01 12:24:00,487.42,N$,merchant_payment,CP00073,0
TXN005691,ACC100154,2026-06-14 10:04:00,268.52,N$,merchant_payment,CP01234,0
TXN005692,ACC100171,2026-06-29 02:10:00,495.9,N$,merchant_payment,CP02712,0
TXN005693,ACC100328,2026-06-18 15:12:00,1106.91,N$,cash_out,CP03025,0
TXN005694,ACC100492,2026-07-12 01:44:00,786.75,N$,bill_payment,CP01653,0
TXN005695,ACC100278,2026-07-06 15:27:00,1038.88,N$,merchant_payment,CP00727,0
TXN005696,ACC100457,2026-07-11 02:16:00,1751.3,N$,merchant_payment,CP02640,0
TXN005697,ACC100204,2026-06-11 08:41:00,1800.28,N$,p2p_transfer,CP00871,0
TXN005698,ACC100292,2026-06-05 10:58:00,250.58,N$,p2p_transfer,CP01416,0
TXN005699,ACC100109,2026-06-13 23:29:00,228.62,N$,p2p_transfer,CP00981,0
TXN005700,ACC100684,2026-06-16 14:14:00,830.91,N$,bill_payment,CP02861,0
TXN005701,ACC100762,2026-07-07 18:08:00,165.55,N$,bill_payment,CP03661,0
TXN005702,ACC100793,2026-06-24 01:00:00,394.85,N$,p2p_transfer,CP02180,0
TXN005703,ACC100367,2026-07-30 02:23:00,331.48,N$,p2p_transfer,CP02249,0
TXN005704,ACC100177,2026-07-17 03:02:00,446.37,N$,bill_payment,CP01949,0
TXN005705,ACC100120,2026-07-06 22:10:00,360.72,N$,merchant_payment,CP01261,0
TXN005706,ACC100302,2026-06-09 04:42:00,723.9,N$,p2p_transfer,CP00511,0
TXN005707,ACC100217,2026-06-15 01:42:00,623.77,N$,merchant_payment,CP01720,0
TXN005708,ACC100739,2026-07-21 17:19:00,542.79,N$,merchant_payment,CP01759,0
TXN005709,ACC100395,2026-07-23 08:51:00,525.05,N$,p2p_transfer,CP00434,0
TXN005710,ACC100768,2026-07-07 18:19:00,244.03,N$,merchant_payment,CP03027,0
TXN005711,ACC100125,2026-06-09 03:59:00,820.22,N$,cash_out,CP00980,0
TXN005712,ACC100028,2026-07-28 15:53:00,2199.54,N$,cash_out,CP00723,1
TXN005713,ACC100454,2026-07-06 04:46:00,475.42,N$,merchant_payment,CP03666,0
TXN005714,ACC100379,2026-07-30 10:15:00,832.27,N$,p2p_transfer,CP02404,0
TXN005715,ACC100682,2026-06-29 09:20:00,59.15,N$,bill_payment,CP02851,0
TXN005716,ACC100476,2026-07-13 10:45:00,739.58,N$,merchant_payment,CP02086,0
TXN005717,ACC100578,2026-06-30 23:37:00,691.49,N$,p2p_transfer,CP01229,0
TXN005718,ACC100572,2026-06-11 10:10:00,254.06,N$,cash_out,CP00442,0
TXN005719,ACC100324,2026-06-01 07:42:00,211.25,N$,p2p_transfer,CP03452,0
TXN005720,ACC100359,2026-07-02 22:32:00,801.61,N$,cash_out,CP00973,0
TXN005721,ACC100706,2026-06-07 18:29:00,299.0,N$,merchant_payment,CP01258,0
TXN005722,ACC100397,2026-07-04 06:19:00,597.33,N$,merchant_payment,CP00664,0
TXN005723,ACC100201,2026-07-09 21:32:00,484.78,N$,p2p_transfer,CP01595,0
TXN005724,ACC100475,2026-07-26 23:25:00,85.3,N$,p2p_transfer,CP03194,0
TXN005725,ACC100588,2026-07-17 17:11:00,500.56,N$,cash_out,CP03353,0
TXN005726,ACC100229,2026-06-19 06:10:00,324.95,N$,merchant_payment,CP02695,0
TXN005727,ACC100702,2026-06-20 07:47:00,1046.03,N$,bill_payment,CP02225,0
TXN005728,ACC100322,2026-06-05 04:17:00,8960.29,N$,p2p_transfer,CP02654,1
TXN005729,ACC100136,2026-07-11 04:59:00,291.58,N$,bill_payment,CP00084,0
TXN005730,ACC100382,2026-06-02 09:44:00,94.63,N$,merchant_payment,CP03328,0
TXN005731,ACC100700,2026-06-13 19:13:00,167.78,N$,p2p_transfer,CP01977,0
TXN005732,ACC100570,2026-07-15 18:58:00,1302.11,N$,p2p_transfer,CP02442,0
TXN005733,ACC100521,2026-07-20 07:14:00,71.94,N$,cash_out,CP01692,0
TXN005734,ACC100643,2026-07-25 05:16:00,271.18,N$,p2p_transfer,CP02261,0
TXN005735,ACC100706,2026-07-20 13:06:00,308.49,N$,merchant_payment,CP00286,0
TXN005736,ACC100205,2026-07-02 18:39:00,658.0,N$,cash_out,CP00486,0
TXN005737,ACC100315,2026-07-24 23:04:00,280.72,N$,p2p_transfer,CP01644,0
TXN005738,ACC100329,2026-07-30 09:17:00,311.01,N$,cash_out,CP00362,0
TXN005739,ACC100590,2026-07-25 21:55:00,106.92,N$,cash_out,CP01908,0
TXN005740,ACC100637,2026-06-07 07:08:00,365.89,N$,p2p_transfer,CP03776,0
TXN005741,ACC100429,2026-07-18 21:04:00,858.22,N$,bill_payment,CP02820,0
TXN005742,ACC100574,2026-07-02 19:29:00,65.77,N$,cash_out,CP01455,0
TXN005743,ACC100600,2026-07-07 20:22:00,128.7,N$,p2p_transfer,CP03135,0
TXN005744,ACC100501,2026-06-27 02:46:00,210.85,N$,cash_out,CP01165,0
TXN005745,ACC100675,2026-07-22 13:18:00,624.9,N$,cash_out,CP01567,0
TXN005746,ACC100756,2026-06-05 18:10:00,136.23,N$,merchant_payment,CP02349,0
TXN005747,ACC100058,2026-06-14 04:36:00,1008.49,N$,p2p_transfer,CP02303,0
TXN005748,ACC100410,2026-07-20 04:16:00,6397.06,N$,p2p_transfer,CP02098,1
TXN005749,ACC100607,2026-06-17 04:24:00,439.23,N$,merchant_payment,CP03583,0
TXN005750,ACC100483,2026-07-29 21:27:00,2230.96,N$,p2p_transfer,CP02628,0
TXN005751,ACC100605,2026-07-22 21:53:00,722.95,N$,p2p_transfer,CP01920,0
TXN005752,ACC100252,2026-07-27 21:09:00,469.35,N$,cash_out,CP01859,0
TXN005753,ACC100770,2026-07-18 06:12:00,56.19,N$,p2p_transfer,CP00107,0
TXN005754,ACC100708,2026-07-18 22:28:00,440.0,N$,cash_out,CP00072,0
TXN005755,ACC100168,2026-06-29 19:59:00,246.26,N$,cash_out,CP00105,0
TXN005756,ACC100649,2026-07-11 10:26:00,159.2,N$,p2p_transfer,CP03326,0
TXN005757,ACC100481,2026-06-15 03:51:00,351.16,N$,merchant_payment,CP02871,0
TXN005758,ACC100462,2026-06-27 13:08:00,1572.81,N$,p2p_transfer,CP03242,0
TXN005759,ACC100476,2026-07-12 22:23:00,768.9,N$,cash_out,CP02548,0
TXN005760,ACC100215,2026-07-29 11:44:00,388.09,N$,merchant_payment,CP02273,0
TXN005761,ACC100049,2026-07-07 11:17:00,308.93,N$,merchant_payment,CP01520,0
TXN005762,ACC100142,2026-07-19 09:04:00,1218.03,N$,p2p_transfer,CP02879,0
TXN005763,ACC100201,2026-06-17 22:00:00,1117.55,N$,p2p_transfer,CP01714,0
TXN005764,ACC100019,2026-07-07 14:38:00,985.79,N$,cash_out,CP02047,0
TXN005765,ACC100630,2026-06-08 01:08:00,304.97,N$,bill_payment,CP00421,0
TXN005766,ACC100369,2026-06-04 01:40:00,889.48,N$,merchant_payment,CP03032,0
TXN005767,ACC100199,2026-07-12 07:51:00,544.07,N$,p2p_transfer,CP00527,0
TXN005768,ACC100128,2026-06-20 06:45:00,408.96,N$,merchant_payment,CP02336,0
TXN005769,ACC100702,2026-07-10 07:59:00,882.31,N$,p2p_transfer,CP01950,0
TXN005770,ACC100529,2026-07-22 03:49:00,114.07,N$,p2p_transfer,CP03922,0
TXN005771,ACC100044,2026-06-07 16:26:00,282.74,N$,merchant_payment,CP00342,0
TXN005772,ACC100085,2026-07-29 00:01:00,234.8,N$,cash_out,CP02273,0
TXN005773,ACC100256,2026-07-30 03:59:00,481.33,N$,bill_payment,CP03820,0
TXN005774,ACC100568,2026-06-14 07:02:00,2729.43,N$,p2p_transfer,CP00524,0
TXN005775,ACC100779,2026-07-15 19:28:00,261.4,N$,p2p_transfer,CP02375,0
TXN005776,ACC100106,2026-07-04 21:06:00,725.37,N$,merchant_payment,CP00060,0
TXN005777,ACC100370,2026-07-27 13:33:00,3893.49,N$,bill_payment,CP01192,0
TXN005778,ACC100031,2026-07-19 22:50:00,399.59,N$,bill_payment,CP00962,0
TXN005779,ACC100677,2026-06-27 15:46:00,283.68,N$,p2p_transfer,CP01746,0
TXN005780,ACC100538,2026-07-12 18:54:00,1113.43,N$,p2p_transfer,CP02311,0
TXN005781,ACC100076,2026-06-04 04:04:00,297.26,N$,p2p_transfer,CP01338,0
TXN005782,ACC100483,2026-06-29 01:22:00,310.45,N$,cash_out,CP01183,0
TXN005783,ACC100334,2026-06-03 19:29:00,261.66,N$,merchant_payment,CP01370,0
TXN005784,ACC100532,2026-06-21 00:06:00,355.31,N$,merchant_payment,CP01489,0
TXN005785,ACC100484,2026-06-14 23:33:00,529.85,N$,merchant_payment,CP03423,0
TXN005786,ACC100554,2026-07-24 00:11:00,214.59,N$,p2p_transfer,CP02251,0
TXN005787,ACC100084,2026-06-11 07:42:00,61.07,N$,merchant_payment,CP00785,0
TXN005788,ACC100568,2026-07-17 03:57:00,1025.57,N$,merchant_payment,CP01243,0
TXN005789,ACC100206,2026-07-18 09:55:00,235.95,N$,bill_payment,CP03465,0
TXN005790,ACC100233,2026-07-12 23:33:00,744.31,N$,merchant_payment,CP03588,0
TXN005791,ACC100658,2026-07-05 07:31:00,1012.75,N$,merchant_payment,CP03809,0
TXN005792,ACC100625,2026-07-08 02:01:00,335.05,N$,p2p_transfer,CP03463,0
TXN005793,ACC100581,2026-06-08 04:27:00,334.65,N$,p2p_transfer,CP01021,0
TXN005794,ACC100000,2026-06-20 04:48:00,106.45,N$,merchant_payment,CP02429,0
TXN005795,ACC100606,2026-07-30 04:26:00,1090.34,N$,p2p_transfer,CP02681,0
TXN005796,ACC100632,2026-07-26 18:51:00,229.56,N$,merchant_payment,CP00476,0
TXN005797,ACC100232,2026-06-10 17:52:00,721.93,N$,merchant_payment,CP01550,0
TXN005798,ACC100733,2026-06-28 15:06:00,306.79,N$,p2p_transfer,CP01715,0
TXN005799,ACC100133,2026-07-09 12:27:00,430.61,N$,p2p_transfer,CP01475,0
TXN005800,ACC100735,2026-07-06 19:41:00,291.25,N$,merchant_payment,CP02472,0
TXN005801,ACC100009,2026-06-11 08:35:00,119.83,N$,cash_out,CP00200,0
TXN005802,ACC100316,2026-07-06 02:17:00,520.48,N$,merchant_payment,CP03462,0
TXN005803,ACC100561,2026-07-13 23:13:00,709.69,N$,p2p_transfer,CP02095,0
TXN005804,ACC100299,2026-06-12 02:29:00,316.54,N$,merchant_payment,CP02017,0
TXN005805,ACC100036,2026-06-16 02:24:00,1069.04,N$,p2p_transfer,CP02939,0
TXN005806,ACC100403,2026-06-07 06:02:00,302.19,N$,p2p_transfer,CP00064,0
TXN005807,ACC100152,2026-07-01 14:05:00,1667.11,N$,p2p_transfer,CP03635,0
TXN005808,ACC100442,2026-06-07 16:53:00,1335.36,N$,p2p_transfer,CP03463,0
TXN005809,ACC100231,2026-06-16 21:13:00,2533.62,N$,p2p_transfer,CP02635,0
TXN005810,ACC100605,2026-06-16 08:51:00,273.76,N$,cash_out,CP00586,0
TXN005811,ACC100370,2026-06-13 18:25:00,308.77,N$,p2p_transfer,CP03176,0
TXN005812,ACC100741,2026-06-05 10:08:00,725.93,N$,p2p_transfer,CP03289,0
TXN005813,ACC100085,2026-07-08 15:19:00,440.77,N$,p2p_transfer,CP02351,0
TXN005814,ACC100004,2026-06-09 04:59:00,216.65,N$,p2p_transfer,CP02039,0
TXN005815,ACC100371,2026-07-06 11:58:00,434.82,N$,p2p_transfer,CP03472,0
TXN005816,ACC100664,2026-07-17 02:59:00,336.08,N$,p2p_transfer,CP03502,0
TXN005817,ACC100299,2026-07-03 07:20:00,374.1,N$,cash_out,CP00528,0
TXN005818,ACC100613,2026-07-25 07:14:00,859.58,N$,cash_out,CP02589,0
TXN005819,ACC100620,2026-06-20 15:26:00,754.82,N$,p2p_transfer,CP00536,0
TXN005820,ACC100107,2026-06-20 14:37:00,82.87,N$,p2p_transfer,CP00275,0
TXN005821,ACC100425,2026-07-10 23:05:00,1772.95,N$,p2p_transfer,CP00664,0
TXN005822,ACC100211,2026-07-19 10:41:00,187.58,N$,p2p_transfer,CP00112,0
TXN005823,ACC100229,2026-06-19 00:34:00,1199.51,N$,cash_out,CP02663,0
TXN005824,ACC100188,2026-07-04 21:46:00,380.4,N$,merchant_payment,CP02571,0
TXN005825,ACC100774,2026-06-25 20:46:00,549.17,N$,bill_payment,CP02925,0
TXN005826,ACC100466,2026-07-17 02:46:00,239.88,N$,merchant_payment,CP03821,0
TXN005827,ACC100648,2026-06-27 14:55:00,206.59,N$,p2p_transfer,CP01027,0
TXN005828,ACC100044,2026-07-17 15:08:00,290.53,N$,p2p_transfer,CP01865,0
TXN005829,ACC100431,2026-06-24 14:46:00,346.82,N$,p2p_transfer,CP03717,0
TXN005830,ACC100151,2026-06-06 13:04:00,86.92,N$,p2p_transfer,CP03416,0
TXN005831,ACC100790,2026-06-06 13:13:00,875.19,N$,merchant_payment,CP01202,0
TXN005832,ACC100797,2026-06-29 04:05:00,267.83,N$,p2p_transfer,CP02074,0
TXN005833,ACC100038,2026-07-15 00:19:00,565.2,N$,p2p_transfer,CP03121,0
TXN005834,ACC100408,2026-06-04 16:27:00,417.8,N$,cash_out,CP02902,0
TXN005835,ACC100140,2026-07-05 09:03:00,1268.44,N$,p2p_transfer,CP03637,0
TXN005836,ACC100353,2026-07-08 03:56:00,65.82,N$,p2p_transfer,CP01152,0
TXN005837,ACC100157,2026-06-09 13:33:00,1382.58,N$,merchant_payment,CP02750,0
TXN005838,ACC100256,2026-06-06 06:32:00,455.34,N$,cash_out,CP02628,0
TXN005839,ACC100042,2026-07-07 18:55:00,401.83,N$,merchant_payment,CP00662,0
TXN005840,ACC100255,2026-07-03 01:21:00,388.12,N$,merchant_payment,CP02431,0
TXN005841,ACC100343,2026-07-12 22:04:00,740.58,N$,merchant_payment,CP01390,0
TXN005842,ACC100200,2026-07-28 06:03:00,291.14,N$,bill_payment,CP01574,0
TXN005843,ACC100166,2026-07-17 05:53:00,80.55,N$,merchant_payment,CP03789,0
TXN005844,ACC100155,2026-07-28 13:30:00,1390.78,N$,p2p_transfer,CP00490,0
TXN005845,ACC100796,2026-07-27 02:58:00,151.28,N$,merchant_payment,CP00388,0
TXN005846,ACC100735,2026-06-25 06:37:00,160.41,N$,merchant_payment,CP02159,0
TXN005847,ACC100644,2026-07-08 08:02:00,328.03,N$,merchant_payment,CP03449,0
TXN005848,ACC100515,2026-07-14 09:58:00,357.57,N$,merchant_payment,CP01683,0
TXN005849,ACC100295,2026-07-21 02:12:00,9730.82,N$,cash_out,CP00147,1
TXN005850,ACC100164,2026-07-03 14:21:00,73.95,N$,merchant_payment,CP00772,0
TXN005851,ACC100638,2026-07-16 03:19:00,133.4,N$,p2p_transfer,CP01274,0
TXN005852,ACC100381,2026-07-27 06:31:00,203.78,N$,p2p_transfer,CP02772,0
TXN005853,ACC100299,2026-06-23 01:59:00,78.85,N$,merchant_payment,CP00602,0
TXN005854,ACC100759,2026-06-24 08:56:00,87.22,N$,p2p_transfer,CP00651,0
TXN005855,ACC100535,2026-07-01 14:21:00,280.68,N$,p2p_transfer,CP02279,0
TXN005856,ACC100615,2026-06-23 21:18:00,416.64,N$,p2p_transfer,CP03998,0
TXN005857,ACC100021,2026-07-08 06:16:00,555.9,N$,p2p_transfer,CP03620,0
TXN005858,ACC100435,2026-07-04 10:59:00,999.95,N$,cash_out,CP02532,0
TXN005859,ACC100340,2026-07-02 22:02:00,203.15,N$,p2p_transfer,CP02889,0
TXN005860,ACC100426,2026-07-11 13:46:00,521.26,N$,merchant_payment,CP03876,0
TXN005861,ACC100326,2026-06-29 00:10:00,115.26,N$,p2p_transfer,CP01829,0
TXN005862,ACC100393,2026-07-22 22:37:00,919.62,N$,p2p_transfer,CP03441,0
TXN005863,ACC100555,2026-06-18 09:02:00,1355.65,N$,p2p_transfer,CP02067,0
TXN005864,ACC100784,2026-07-25 22:06:00,569.23,N$,merchant_payment,CP00275,0
TXN005865,ACC100534,2026-06-05 02:31:00,328.06,N$,merchant_payment,CP00757,0
TXN005866,ACC100571,2026-07-26 04:46:00,223.68,N$,merchant_payment,CP01550,0
TXN005867,ACC100688,2026-06-16 23:43:00,438.72,N$,cash_out,CP03481,0
TXN005868,ACC100081,2026-07-11 12:30:00,566.04,N$,merchant_payment,CP01672,0
TXN005869,ACC100766,2026-07-16 17:51:00,1043.61,N$,cash_out,CP01232,0
TXN005870,ACC100414,2026-06-02 02:03:00,1390.84,N$,p2p_transfer,CP01420,0
TXN005871,ACC100051,2026-07-16 03:05:00,429.85,N$,merchant_payment,CP00630,0
TXN005872,ACC100084,2026-06-17 22:06:00,19629.44,N$,cash_out,CP01305,1
TXN005873,ACC100514,2026-06-09 23:41:00,533.39,N$,merchant_payment,CP00665,0
TXN005874,ACC100244,2026-06-20 02:22:00,125.8,N$,cash_out,CP00798,0
TXN005875,ACC100720,2026-07-11 13:17:00,552.67,N$,p2p_transfer,CP03285,0
TXN005876,ACC100375,2026-06-06 07:18:00,652.62,N$,cash_out,CP02883,0
TXN005877,ACC100738,2026-07-29 04:08:00,610.99,N$,p2p_transfer,CP00068,0
TXN005878,ACC100148,2026-07-21 21:42:00,1259.17,N$,cash_out,CP03112,0
TXN005879,ACC100055,2026-06-22 22:39:00,360.09,N$,cash_out,CP03697,0
TXN005880,ACC100280,2026-07-28 08:37:00,125.13,N$,p2p_transfer,CP00245,0
TXN005881,ACC100483,2026-06-03 01:13:00,183.09,N$,cash_out,CP00360,0
TXN005882,ACC100570,2026-06-16 14:09:00,1471.24,N$,cash_out,CP03090,0
TXN005883,ACC100069,2026-07-25 22:29:00,92.75,N$,p2p_transfer,CP00556,0
TXN005884,ACC100282,2026-06-06 13:37:00,132.96,N$,p2p_transfer,CP02504,0
TXN005885,ACC100089,2026-06-07 22:18:00,781.76,N$,merchant_payment,CP00545,0
TXN005886,ACC100091,2026-07-08 00:42:00,70.67,N$,merchant_payment,CP03112,0
TXN005887,ACC100559,2026-06-20 10:19:00,518.97,N$,p2p_transfer,CP03184,0
TXN005888,ACC100253,2026-07-08 04:17:00,448.38,N$,merchant_payment,CP03026,0
TXN005889,ACC100273,2026-07-26 04:08:00,428.47,N$,merchant_payment,CP00481,0
TXN005890,ACC100393,2026-06-03 04:37:00,295.05,N$,p2p_transfer,CP03028,0
TXN005891,ACC100574,2026-07-07 16:13:00,297.65,N$,cash_out,CP02148,0
TXN005892,ACC100681,2026-06-15 10:31:00,477.23,N$,merchant_payment,CP02377,0
TXN005893,ACC100150,2026-06-07 14:22:00,261.97,N$,p2p_transfer,CP03321,0
TXN005894,ACC100347,2026-06-01 00:01:00,237.88,N$,p2p_transfer,CP03652,0
TXN005895,ACC100054,2026-06-26 09:36:00,296.0,N$,merchant_payment,CP03769,0
TXN005896,ACC100004,2026-06-02 23:13:00,482.84,N$,merchant_payment,CP02471,0
TXN005897,ACC100065,2026-07-06 08:01:00,538.7,N$,p2p_transfer,CP02303,0
TXN005898,ACC100475,2026-07-16 22:46:00,418.4,N$,merchant_payment,CP01216,0
TXN005899,ACC100119,2026-07-29 00:54:00,359.07,N$,bill_payment,CP02527,0
TXN005900,ACC100298,2026-07-11 10:27:00,178.59,N$,merchant_payment,CP02032,0
TXN005901,ACC100413,2026-07-25 08:01:00,1182.74,N$,merchant_payment,CP03050,0
TXN005902,ACC100644,2026-06-25 12:36:00,3803.39,N$,cash_out,CP02148,0
TXN005903,ACC100083,2026-06-22 15:13:00,3404.75,N$,cash_out,CP01057,0
TXN005904,ACC100510,2026-06-14 18:54:00,697.4,N$,cash_out,CP01791,0
TXN005905,ACC100633,2026-06-09 14:45:00,852.55,N$,p2p_transfer,CP03879,0
TXN005906,ACC100618,2026-07-17 11:55:00,1762.89,N$,p2p_transfer,CP00239,0
TXN005907,ACC100164,2026-06-08 17:18:00,155.37,N$,merchant_payment,CP01489,0
TXN005908,ACC100703,2026-07-08 02:42:00,314.16,N$,p2p_transfer,CP00388,0
TXN005909,ACC100609,2026-07-06 21:31:00,78.94,N$,merchant_payment,CP02016,0
TXN005910,ACC100142,2026-06-26 19:22:00,420.71,N$,merchant_payment,CP01306,0
TXN005911,ACC100120,2026-06-20 11:45:00,1246.53,N$,p2p_transfer,CP03323,0
TXN005912,ACC100017,2026-06-04 06:43:00,298.4,N$,p2p_transfer,CP00389,0
TXN005913,ACC100575,2026-06-10 08:40:00,872.01,N$,cash_out,CP03412,0
TXN005914,ACC100786,2026-07-07 20:03:00,307.75,N$,bill_payment,CP02123,0
TXN005915,ACC100217,2026-07-05 07:59:00,220.18,N$,cash_out,CP02072,0
TXN005916,ACC100372,2026-07-08 00:13:00,249.47,N$,p2p_transfer,CP00396,0
TXN005917,ACC100736,2026-06-05 09:22:00,380.74,N$,merchant_payment,CP02358,0
TXN005918,ACC100142,2026-06-03 11:32:00,572.38,N$,cash_out,CP03686,0
TXN005919,ACC100749,2026-07-06 16:37:00,171.93,N$,bill_payment,CP01711,0
TXN005920,ACC100009,2026-07-10 23:17:00,705.8,N$,merchant_payment,CP02361,0
TXN005921,ACC100695,2026-07-11 19:45:00,62.73,N$,p2p_transfer,CP03320,0
TXN005922,ACC100421,2026-06-25 12:14:00,68.11,N$,merchant_payment,CP03593,0
TXN005923,ACC100257,2026-07-17 21:16:00,1045.14,N$,merchant_payment,CP03672,0
TXN005924,ACC100332,2026-07-24 05:50:00,290.18,N$,p2p_transfer,CP03931,0
TXN005925,ACC100481,2026-07-06 02:01:00,54.02,N$,p2p_transfer,CP02437,0
TXN005926,ACC100495,2026-06-18 04:54:00,293.81,N$,bill_payment,CP03322,0
TXN005927,ACC100221,2026-07-21 22:36:00,274.54,N$,merchant_payment,CP03911,0
TXN005928,ACC100689,2026-06-21 22:04:00,2189.91,N$,p2p_transfer,CP01724,0
TXN005929,ACC100073,2026-06-25 04:43:00,1247.67,N$,p2p_transfer,CP01215,0
TXN005930,ACC100490,2026-06-02 21:49:00,434.29,N$,p2p_transfer,CP03518,0
TXN005931,ACC100234,2026-07-12 07:14:00,1783.78,N$,cash_out,CP01491,1
TXN005932,ACC100570,2026-07-08 16:56:00,545.23,N$,cash_out,CP03263,0
TXN005933,ACC100474,2026-06-16 15:37:00,404.37,N$,p2p_transfer,CP03747,0
TXN005934,ACC100134,2026-06-24 05:03:00,806.08,N$,p2p_transfer,CP03357,0
TXN005935,ACC100471,2026-06-05 16:38:00,87.43,N$,merchant_payment,CP03816,0
TXN005936,ACC100575,2026-06-27 09:24:00,472.52,N$,merchant_payment,CP01091,0
TXN005937,ACC100464,2026-06-15 10:06:00,171.57,N$,p2p_transfer,CP02202,0
TXN005938,ACC100290,2026-06-07 02:42:00,4807.65,N$,cash_out,CP00580,1
TXN005939,ACC100764,2026-06-14 06:23:00,259.49,N$,merchant_payment,CP02635,0
TXN005940,ACC100682,2026-07-22 02:19:00,148.41,N$,p2p_transfer,CP01750,0
TXN005941,ACC100064,2026-07-26 05:42:00,689.82,N$,merchant_payment,CP03524,0
TXN005942,ACC100149,2026-07-13 11:07:00,427.34,N$,p2p_transfer,CP02038,0
TXN005943,ACC100604,2026-06-13 18:33:00,7127.06,N$,cash_out,CP01866,1
TXN005944,ACC100758,2026-07-25 23:47:00,321.22,N$,bill_payment,CP02463,0
TXN005945,ACC100797,2026-06-27 20:43:00,362.81,N$,merchant_payment,CP02028,0
TXN005946,ACC100214,2026-06-26 16:44:00,790.33,N$,p2p_transfer,CP00843,0
TXN005947,ACC100325,2026-07-01 02:49:00,275.89,N$,bill_payment,CP02079,0
TXN005948,ACC100193,2026-06-04 23:21:00,309.17,N$,merchant_payment,CP00177,0
TXN005949,ACC100339,2026-07-08 05:36:00,1043.21,N$,p2p_transfer,CP02111,0
TXN005950,ACC100473,2026-06-20 19:14:00,870.44,N$,p2p_transfer,CP00100,0
TXN005951,ACC100297,2026-07-08 13:53:00,403.05,N$,cash_out,CP00382,0
TXN005952,ACC100001,2026-07-02 05:46:00,986.41,N$,cash_out,CP00321,0
TXN005953,ACC100506,2026-06-07 14:41:00,1057.19,N$,p2p_transfer,CP01380,0
TXN005954,ACC100055,2026-07-05 17:33:00,204.31,N$,cash_out,CP01749,0
TXN005955,ACC100172,2026-07-23 15:15:00,432.96,N$,p2p_transfer,CP02618,0
TXN005956,ACC100270,2026-06-02 19:08:00,5313.89,N$,cash_out,CP00307,1
TXN005957,ACC100584,2026-07-05 16:47:00,212.72,N$,p2p_transfer,CP02517,0
TXN005958,ACC100496,2026-06-07 18:25:00,1598.83,N$,merchant_payment,CP00626,0
TXN005959,ACC100374,2026-06-19 14:46:00,439.13,N$,p2p_transfer,CP01505,0
TXN005960,ACC100665,2026-06-28 05:56:00,814.22,N$,p2p_transfer,CP01668,0
TXN005961,ACC100488,2026-07-11 23:13:00,275.75,N$,p2p_transfer,CP00319,0
TXN005962,ACC100647,2026-07-27 14:10:00,95.53,N$,merchant_payment,CP01069,0
TXN005963,ACC100649,2026-06-25 18:36:00,2092.66,N$,merchant_payment,CP03266,0
TXN005964,ACC100439,2026-07-14 00:54:00,1498.89,N$,merchant_payment,CP02609,0
TXN005965,ACC100079,2026-07-06 11:18:00,333.57,N$,cash_out,CP01405,0
TXN005966,ACC100771,2026-07-28 13:32:00,144.67,N$,cash_out,CP01642,0
TXN005967,ACC100593,2026-07-03 21:26:00,493.55,N$,p2p_transfer,CP03572,0
TXN005968,ACC100313,2026-07-27 17:22:00,298.87,N$,p2p_transfer,CP02567,0
TXN005969,ACC100259,2026-07-02 06:03:00,294.9,N$,cash_out,CP03780,0
TXN005970,ACC100604,2026-06-03 12:52:00,1499.75,N$,p2p_transfer,CP03862,0
TXN005971,ACC100247,2026-07-01 21:16:00,145.27,N$,cash_out,CP00391,0
TXN005972,ACC100565,2026-06-20 06:08:00,335.93,N$,bill_payment,CP02053,0
TXN005973,ACC100141,2026-06-21 15:40:00,469.92,N$,merchant_payment,CP00388,0
TXN005974,ACC100787,2026-07-08 13:13:00,269.28,N$,p2p_transfer,CP02061,0
TXN005975,ACC100796,2026-07-30 23:05:00,473.68,N$,merchant_payment,CP02389,0
TXN005976,ACC100336,2026-07-29 17:58:00,432.47,N$,cash_out,CP01231,0
TXN005977,ACC100713,2026-06-28 08:52:00,684.29,N$,cash_out,CP03577,0
TXN005978,ACC100321,2026-07-02 03:16:00,683.69,N$,bill_payment,CP03310,0
TXN005979,ACC100185,2026-06-26 05:42:00,654.93,N$,p2p_transfer,CP01869,0
TXN005980,ACC100628,2026-07-02 10:30:00,579.93,N$,merchant_payment,CP03797,0
TXN005981,ACC100695,2026-06-24 01:15:00,383.42,N$,bill_payment,CP01773,0
TXN005982,ACC100174,2026-07-22 11:44:00,197.21,N$,bill_payment,CP03222,0
TXN005983,ACC100144,2026-06-28 07:42:00,993.15,N$,p2p_transfer,CP02966,0
TXN005984,ACC100387,2026-07-05 23:30:00,1017.95,N$,merchant_payment,CP00030,0
TXN005985,ACC100198,2026-06-11 11:37:00,353.14,N$,merchant_payment,CP00797,0
TXN005986,ACC100335,2026-06-25 10:49:00,596.26,N$,merchant_payment,CP00786,0
TXN005987,ACC100562,2026-06-23 18:08:00,259.42,N$,merchant_payment,CP02333,0
TXN005988,ACC100630,2026-06-20 09:18:00,85.78,N$,p2p_transfer,CP00651,0
TXN005989,ACC100550,2026-06-17 16:27:00,289.01,N$,p2p_transfer,CP00911,0
TXN005990,ACC100765,2026-07-11 11:31:00,1320.4,N$,merchant_payment,CP03512,0
TXN005991,ACC100471,2026-07-17 09:22:00,620.1,N$,p2p_transfer,CP00063,0
TXN005992,ACC100006,2026-07-25 08:34:00,180.06,N$,merchant_payment,CP03501,0
TXN005993,ACC100121,2026-07-26 18:10:00,630.02,N$,p2p_transfer,CP01115,0
TXN005994,ACC100492,2026-07-11 17:08:00,73.36,N$,bill_payment,CP00144,0
TXN005995,ACC100335,2026-07-20 06:41:00,130.8,N$,bill_payment,CP02438,0
TXN005996,ACC100049,2026-07-15 08:43:00,83.53,N$,bill_payment,CP00504,0
TXN005997,ACC100222,2026-07-19 01:24:00,344.1,N$,merchant_payment,CP01022,0
TXN005998,ACC100141,2026-06-22 23:59:00,259.24,N$,bill_payment,CP00029,0
TXN005999,ACC100122,2026-06-01 03:25:00,926.47,N$,merchant_payment,CP01322,0
TXN006000,ACC100689,2026-07-21 09:05:00,337.55,N$,p2p_transfer,CP03856,0
TXN006001,ACC100075,2026-06-03 03:20:00,253.08,N$,merchant_payment,CP02222,0
TXN006002,ACC100376,2026-06-18 14:13:00,326.37,N$,bill_payment,CP02250,0
TXN006003,ACC100526,2026-07-03 17:05:00,256.96,N$,bill_payment,CP01909,0
TXN006004,ACC100483,2026-06-25 10:33:00,142.0,N$,merchant_payment,CP01314,0
TXN006005,ACC100734,2026-07-14 13:27:00,235.14,N$,p2p_transfer,CP03532,0
TXN006006,ACC100400,2026-06-04 12:54:00,294.8,N$,merchant_payment,CP00066,0
TXN006007,ACC100428,2026-06-30 10:28:00,108.31,N$,merchant_payment,CP03835,0
TXN006008,ACC100061,2026-06-28 18:16:00,778.27,N$,merchant_payment,CP03273,0
TXN006009,ACC100195,2026-06-14 17:47:00,1460.4,N$,p2p_transfer,CP03277,0
TXN006010,ACC100267,2026-07-06 03:32:00,176.26,N$,p2p_transfer,CP03516,0
TXN006011,ACC100279,2026-06-02 05:18:00,226.54,N$,p2p_transfer,CP02517,0
TXN006012,ACC100655,2026-07-21 21:27:00,1596.51,N$,p2p_transfer,CP00532,0
TXN006013,ACC100616,2026-06-26 00:27:00,224.36,N$,cash_out,CP02250,0
TXN006014,ACC100661,2026-07-02 16:57:00,1246.98,N$,merchant_payment,CP03428,0
TXN006015,ACC100660,2026-06-26 22:15:00,1120.98,N$,cash_out,CP01660,1
TXN006016,ACC100719,2026-07-13 15:18:00,271.35,N$,p2p_transfer,CP03883,0
TXN006017,ACC100701,2026-07-18 04:55:00,910.86,N$,cash_out,CP03673,0
TXN006018,ACC100487,2026-07-22 22:05:00,351.31,N$,cash_out,CP01044,0
TXN006019,ACC100040,2026-07-18 16:09:00,211.79,N$,bill_payment,CP03207,0
TXN006020,ACC100725,2026-07-15 23:34:00,382.79,N$,bill_payment,CP03398,0
TXN006021,ACC100363,2026-06-26 21:27:00,806.1,N$,cash_out,CP01152,0
TXN006022,ACC100318,2026-06-17 14:55:00,461.29,N$,merchant_payment,CP01617,0
TXN006023,ACC100506,2026-07-01 11:46:00,739.9,N$,p2p_transfer,CP01758,0
TXN006024,ACC100282,2026-06-19 01:48:00,180.97,N$,p2p_transfer,CP01719,0
TXN006025,ACC100024,2026-07-23 20:33:00,253.94,N$,merchant_payment,CP01595,0
TXN006026,ACC100566,2026-06-24 10:08:00,166.75,N$,p2p_transfer,CP01684,0
TXN006027,ACC100071,2026-06-27 08:06:00,721.39,N$,p2p_transfer,CP02452,0
TXN006028,ACC100446,2026-06-09 03:38:00,626.59,N$,merchant_payment,CP00612,0
TXN006029,ACC100329,2026-07-07 02:25:00,520.63,N$,merchant_payment,CP02765,0
TXN006030,ACC100755,2026-07-07 19:10:00,364.84,N$,merchant_payment,CP02319,0
TXN006031,ACC100345,2026-06-14 12:15:00,306.23,N$,cash_out,CP02118,0
TXN006032,ACC100056,2026-07-19 08:48:00,91.14,N$,cash_out,CP01248,0
TXN006033,ACC100695,2026-06-23 01:11:00,514.5,N$,cash_out,CP01997,0
TXN006034,ACC100295,2026-06-25 11:15:00,89.73,N$,merchant_payment,CP02706,0
TXN006035,ACC100315,2026-07-20 02:18:00,194.12,N$,p2p_transfer,CP00452,0
TXN006036,ACC100233,2026-06-09 15:47:00,1155.88,N$,p2p_transfer,CP01875,0
TXN006037,ACC100374,2026-07-03 23:24:00,443.04,N$,merchant_payment,CP03623,0
TXN006038,ACC100496,2026-06-06 11:05:00,437.64,N$,p2p_transfer,CP00569,0
TXN006039,ACC100304,2026-07-12 09:49:00,586.86,N$,p2p_transfer,CP01972,0
TXN006040,ACC100068,2026-07-16 12:42:00,792.14,N$,cash_out,CP00048,0
TXN006041,ACC100126,2026-07-16 07:59:00,347.91,N$,p2p_transfer,CP00665,0
TXN006042,ACC100465,2026-07-28 06:06:00,135.77,N$,merchant_payment,CP00337,0
TXN006043,ACC100645,2026-07-25 08:12:00,207.22,N$,p2p_transfer,CP00057,0
TXN006044,ACC100721,2026-06-03 13:13:00,463.97,N$,p2p_transfer,CP00083,0
TXN006045,ACC100253,2026-07-10 01:36:00,2561.89,N$,p2p_transfer,CP03040,0
TXN006046,ACC100055,2026-06-04 02:25:00,247.34,N$,cash_out,CP00284,0
TXN006047,ACC100572,2026-06-19 21:11:00,551.29,N$,bill_payment,CP00884,0
TXN006048,ACC100611,2026-07-07 06:05:00,417.78,N$,merchant_payment,CP01349,0
TXN006049,ACC100672,2026-06-11 21:37:00,782.05,N$,p2p_transfer,CP02025,0
TXN006050,ACC100038,2026-07-11 15:39:00,693.81,N$,cash_out,CP03182,0
TXN006051,ACC100077,2026-06-30 13:33:00,5721.05,N$,p2p_transfer,CP00380,1
TXN006052,ACC100529,2026-07-11 23:13:00,156.43,N$,cash_out,CP01774,0
TXN006053,ACC100072,2026-06-02 02:25:00,3480.43,N$,cash_out,CP02609,0
TXN006054,ACC100612,2026-06-07 18:57:00,707.85,N$,bill_payment,CP02470,0
TXN006055,ACC100215,2026-07-25 05:06:00,760.57,N$,bill_payment,CP02686,0
TXN006056,ACC100114,2026-06-28 19:44:00,699.12,N$,merchant_payment,CP03515,0
TXN006057,ACC100021,2026-07-14 00:24:00,141.37,N$,cash_out,CP00073,0
TXN006058,ACC100542,2026-06-18 19:58:00,327.55,N$,merchant_payment,CP02279,0
TXN006059,ACC100760,2026-07-25 23:08:00,545.85,N$,p2p_transfer,CP00293,0
TXN006060,ACC100644,2026-07-27 05:18:00,475.8,N$,merchant_payment,CP01456,0
TXN006061,ACC100331,2026-06-17 22:53:00,263.98,N$,merchant_payment,CP03855,0
TXN006062,ACC100451,2026-06-12 05:07:00,276.56,N$,p2p_transfer,CP01370,0
TXN006063,ACC100102,2026-06-04 09:35:00,104.16,N$,merchant_payment,CP03760,0
TXN006064,ACC100220,2026-07-24 07:54:00,191.93,N$,p2p_transfer,CP01206,0
TXN006065,ACC100585,2026-07-17 07:58:00,183.84,N$,merchant_payment,CP00492,0
TXN006066,ACC100001,2026-07-02 21:36:00,659.27,N$,p2p_transfer,CP02931,0
TXN006067,ACC100476,2026-07-13 14:19:00,67.41,N$,p2p_transfer,CP03703,0
TXN006068,ACC100678,2026-07-20 06:25:00,149.53,N$,bill_payment,CP03624,0
TXN006069,ACC100624,2026-07-09 18:13:00,172.08,N$,merchant_payment,CP03736,0
TXN006070,ACC100105,2026-06-30 15:44:00,284.4,N$,p2p_transfer,CP01416,0
TXN006071,ACC100138,2026-06-24 05:33:00,859.2,N$,p2p_transfer,CP03476,0
TXN006072,ACC100682,2026-06-27 10:34:00,292.17,N$,cash_out,CP03227,0
TXN006073,ACC100642,2026-07-09 07:33:00,420.85,N$,bill_payment,CP02916,0
TXN006074,ACC100735,2026-06-27 21:47:00,187.14,N$,p2p_transfer,CP02722,0
TXN006075,ACC100231,2026-06-17 23:06:00,584.64,N$,merchant_payment,CP02234,0
TXN006076,ACC100590,2026-06-28 02:31:00,383.12,N$,merchant_payment,CP02707,0
TXN006077,ACC100494,2026-06-02 19:23:00,538.74,N$,p2p_transfer,CP00315,0
TXN006078,ACC100058,2026-06-15 17:16:00,295.93,N$,p2p_transfer,CP01207,0
TXN006079,ACC100734,2026-06-16 06:37:00,282.4,N$,bill_payment,CP00058,0
TXN006080,ACC100461,2026-06-01 21:26:00,316.78,N$,p2p_transfer,CP03958,0
TXN006081,ACC100795,2026-06-02 07:38:00,550.79,N$,p2p_transfer,CP03370,0
TXN006082,ACC100576,2026-07-05 23:15:00,532.21,N$,p2p_transfer,CP00429,0
TXN006083,ACC100652,2026-07-26 10:13:00,197.49,N$,p2p_transfer,CP03429,0
TXN006084,ACC100257,2026-06-21 09:34:00,1252.78,N$,merchant_payment,CP01293,0
TXN006085,ACC100755,2026-06-05 05:38:00,131.4,N$,p2p_transfer,CP03554,0
TXN006086,ACC100257,2026-07-14 14:39:00,1581.96,N$,bill_payment,CP00780,0
TXN006087,ACC100551,2026-06-28 00:40:00,1090.94,N$,p2p_transfer,CP02211,0
TXN006088,ACC100157,2026-06-17 15:58:00,2659.4,N$,p2p_transfer,CP03116,0
TXN006089,ACC100567,2026-06-18 09:42:00,667.5,N$,merchant_payment,CP03414,0
TXN006090,ACC100294,2026-06-08 13:05:00,218.21,N$,bill_payment,CP02649,0
TXN006091,ACC100533,2026-06-17 13:41:00,1809.25,N$,merchant_payment,CP03074,0
TXN006092,ACC100587,2026-07-29 15:43:00,72.72,N$,p2p_transfer,CP02282,0
TXN006093,ACC100672,2026-06-20 08:19:00,428.23,N$,p2p_transfer,CP03345,0
TXN006094,ACC100163,2026-07-26 18:02:00,1805.75,N$,merchant_payment,CP00799,0
TXN006095,ACC100199,2026-06-11 00:09:00,335.69,N$,merchant_payment,CP01673,0
TXN006096,ACC100574,2026-06-13 15:42:00,830.22,N$,bill_payment,CP02493,0
TXN006097,ACC100557,2026-06-27 13:47:00,505.42,N$,cash_out,CP00795,0
TXN006098,ACC100061,2026-06-23 12:58:00,224.51,N$,p2p_transfer,CP01225,0
TXN006099,ACC100651,2026-07-01 21:49:00,547.71,N$,merchant_payment,CP00816,0
TXN006100,ACC100346,2026-06-05 05:39:00,2075.77,N$,p2p_transfer,CP03901,0
TXN006101,ACC100014,2026-06-21 05:38:00,277.17,N$,merchant_payment,CP03742,0
TXN006102,ACC100433,2026-07-25 09:56:00,672.84,N$,p2p_transfer,CP00827,0
TXN006103,ACC100020,2026-06-04 10:09:00,505.34,N$,merchant_payment,CP03547,0
TXN006104,ACC100690,2026-06-04 23:00:00,2555.62,N$,bill_payment,CP00294,0
TXN006105,ACC100320,2026-06-01 10:52:00,403.52,N$,p2p_transfer,CP00161,0
TXN006106,ACC100289,2026-06-27 18:46:00,99.48,N$,merchant_payment,CP01900,0
TXN006107,ACC100163,2026-06-04 12:10:00,140.16,N$,merchant_payment,CP01615,0
TXN006108,ACC100782,2026-07-23 22:33:00,481.8,N$,bill_payment,CP03374,0
TXN006109,ACC100497,2026-07-06 19:38:00,599.91,N$,p2p_transfer,CP03108,0
TXN006110,ACC100379,2026-07-16 01:27:00,271.15,N$,p2p_transfer,CP01415,0
TXN006111,ACC100746,2026-06-03 12:27:00,1146.39,N$,p2p_transfer,CP01577,0
TXN006112,ACC100066,2026-06-28 09:52:00,435.09,N$,p2p_transfer,CP02743,0
TXN006113,ACC100285,2026-06-24 08:14:00,286.27,N$,p2p_transfer,CP01916,0
TXN006114,ACC100752,2026-06-02 03:37:00,476.23,N$,merchant_payment,CP01699,0
TXN006115,ACC100165,2026-06-04 08:19:00,263.38,N$,merchant_payment,CP00324,0
TXN006116,ACC100085,2026-07-04 13:29:00,871.3,N$,cash_out,CP03064,0
TXN006117,ACC100683,2026-06-21 17:48:00,262.97,N$,bill_payment,CP01470,0
TXN006118,ACC100498,2026-06-22 01:31:00,660.73,N$,merchant_payment,CP02967,0
TXN006119,ACC100356,2026-07-01 19:34:00,755.09,N$,merchant_payment,CP01175,0
TXN006120,ACC100422,2026-07-14 23:14:00,1595.81,N$,bill_payment,CP00798,0
TXN006121,ACC100010,2026-06-28 07:57:00,457.32,N$,p2p_transfer,CP02018,0
TXN006122,ACC100109,2026-07-25 18:55:00,315.29,N$,cash_out,CP01312,0
TXN006123,ACC100626,2026-06-11 02:25:00,141.79,N$,p2p_transfer,CP00460,0
TXN006124,ACC100735,2026-06-21 12:45:00,1642.08,N$,cash_out,CP01250,0
TXN006125,ACC100155,2026-06-07 01:33:00,239.07,N$,p2p_transfer,CP02593,0
TXN006126,ACC100179,2026-07-19 12:23:00,1119.57,N$,p2p_transfer,CP01472,0
TXN006127,ACC100659,2026-07-01 22:43:00,171.34,N$,merchant_payment,CP03717,0
TXN006128,ACC100794,2026-07-25 17:40:00,2473.75,N$,p2p_transfer,CP00037,0
TXN006129,ACC100046,2026-06-10 05:55:00,1513.4,N$,p2p_transfer,CP03039,0
TXN006130,ACC100489,2026-06-24 12:37:00,325.16,N$,merchant_payment,CP00717,0
TXN006131,ACC100523,2026-06-23 06:15:00,190.83,N$,p2p_transfer,CP03289,0
TXN006132,ACC100603,2026-06-01 19:39:00,218.01,N$,p2p_transfer,CP00978,0
TXN006133,ACC100130,2026-07-29 18:50:00,389.69,N$,bill_payment,CP03493,0
TXN006134,ACC100080,2026-06-18 11:32:00,283.49,N$,p2p_transfer,CP01651,0
TXN006135,ACC100112,2026-06-22 17:53:00,2602.29,N$,merchant_payment,CP00923,0
TXN006136,ACC100080,2026-06-20 02:52:00,362.39,N$,p2p_transfer,CP02425,0
TXN006137,ACC100598,2026-06-26 10:56:00,1651.59,N$,p2p_transfer,CP02608,0
TXN006138,ACC100591,2026-06-09 06:45:00,899.66,N$,p2p_transfer,CP02018,0
TXN006139,ACC100443,2026-07-27 09:31:00,1111.01,N$,merchant_payment,CP03067,0
TXN006140,ACC100742,2026-06-24 21:09:00,140.07,N$,p2p_transfer,CP00363,0
TXN006141,ACC100455,2026-06-02 23:11:00,347.98,N$,cash_out,CP00755,0
TXN006142,ACC100729,2026-06-19 01:07:00,547.17,N$,cash_out,CP03777,0
TXN006143,ACC100032,2026-07-15 00:33:00,1119.73,N$,merchant_payment,CP00585,0
TXN006144,ACC100258,2026-07-19 08:22:00,414.48,N$,merchant_payment,CP03487,0
TXN006145,ACC100117,2026-07-22 20:07:00,682.81,N$,merchant_payment,CP01905,0
TXN006146,ACC100408,2026-07-10 21:26:00,96.64,N$,merchant_payment,CP03299,0
TXN006147,ACC100246,2026-07-16 09:23:00,536.47,N$,bill_payment,CP01244,0
TXN006148,ACC100344,2026-06-23 07:42:00,418.43,N$,cash_out,CP00261,0
TXN006149,ACC100058,2026-06-18 09:45:00,166.45,N$,p2p_transfer,CP03971,0
TXN006150,ACC100539,2026-07-05 04:48:00,262.88,N$,cash_out,CP01691,0
TXN006151,ACC100563,2026-06-29 21:18:00,4949.13,N$,cash_out,CP00604,1
TXN006152,ACC100016,2026-07-07 07:40:00,284.16,N$,cash_out,CP02518,0
TXN006153,ACC100693,2026-07-28 21:39:00,777.33,N$,merchant_payment,CP01306,0
TXN006154,ACC100643,2026-07-04 17:19:00,66.93,N$,merchant_payment,CP01032,0
TXN006155,ACC100023,2026-06-03 21:47:00,1524.77,N$,merchant_payment,CP00785,0
TXN006156,ACC100011,2026-06-01 08:44:00,79.77,N$,p2p_transfer,CP01866,0
TXN006157,ACC100038,2026-07-21 07:57:00,726.7,N$,merchant_payment,CP01027,0
TXN006158,ACC100402,2026-07-02 18:32:00,617.47,N$,merchant_payment,CP02325,0
TXN006159,ACC100271,2026-07-24 18:29:00,362.15,N$,merchant_payment,CP02629,0
TXN006160,ACC100247,2026-07-02 01:35:00,1754.85,N$,p2p_transfer,CP01230,0
TXN006161,ACC100222,2026-06-10 14:38:00,2153.74,N$,merchant_payment,CP00992,0
TXN006162,ACC100634,2026-07-12 21:34:00,316.38,N$,merchant_payment,CP01881,0
TXN006163,ACC100242,2026-07-21 07:03:00,541.32,N$,p2p_transfer,CP02626,0
TXN006164,ACC100221,2026-06-15 12:27:00,1503.0,N$,merchant_payment,CP01925,0
TXN006165,ACC100018,2026-06-11 06:11:00,1016.14,N$,merchant_payment,CP00354,0
TXN006166,ACC100178,2026-06-11 03:47:00,980.28,N$,p2p_transfer,CP03272,0
TXN006167,ACC100533,2026-07-19 22:17:00,668.19,N$,p2p_transfer,CP02380,0
TXN006168,ACC100139,2026-06-08 22:27:00,1127.61,N$,p2p_transfer,CP02294,0
TXN006169,ACC100740,2026-07-26 14:58:00,1081.23,N$,cash_out,CP02357,0
TXN006170,ACC100304,2026-06-13 05:03:00,262.34,N$,merchant_payment,CP01203,0
TXN006171,ACC100072,2026-07-01 15:38:00,745.91,N$,merchant_payment,CP01730,0
TXN006172,ACC100556,2026-06-21 23:57:00,307.71,N$,cash_out,CP02463,0
TXN006173,ACC100110,2026-07-05 03:43:00,632.83,N$,cash_out,CP00706,0
TXN006174,ACC100089,2026-06-19 16:24:00,1261.3,N$,merchant_payment,CP03498,0
TXN006175,ACC100719,2026-06-27 14:07:00,1662.65,N$,cash_out,CP02930,0
TXN006176,ACC100259,2026-07-29 20:00:00,288.94,N$,cash_out,CP02504,0
TXN006177,ACC100314,2026-07-15 01:23:00,543.86,N$,p2p_transfer,CP02997,0
TXN006178,ACC100152,2026-07-05 09:09:00,274.78,N$,p2p_transfer,CP03284,0
TXN006179,ACC100610,2026-06-05 21:13:00,190.44,N$,bill_payment,CP00834,0
TXN006180,ACC100351,2026-07-04 14:02:00,738.23,N$,merchant_payment,CP00664,0
TXN006181,ACC100400,2026-06-02 23:29:00,622.82,N$,p2p_transfer,CP02259,0
TXN006182,ACC100548,2026-06-13 17:07:00,1372.15,N$,bill_payment,CP01221,0
TXN006183,ACC100149,2026-06-25 15:39:00,305.24,N$,merchant_payment,CP00687,0
TXN006184,ACC100750,2026-07-24 03:21:00,622.18,N$,p2p_transfer,CP02368,0
TXN006185,ACC100102,2026-06-18 22:26:00,473.14,N$,cash_out,CP03977,0
TXN006186,ACC100373,2026-07-28 23:43:00,768.32,N$,cash_out,CP00038,0
TXN006187,ACC100332,2026-07-17 23:15:00,1200.59,N$,p2p_transfer,CP00730,0
TXN006188,ACC100629,2026-07-21 03:03:00,213.37,N$,merchant_payment,CP03058,0
TXN006189,ACC100283,2026-06-30 00:19:00,95.44,N$,p2p_transfer,CP03060,0
TXN006190,ACC100246,2026-07-30 06:20:00,373.62,N$,cash_out,CP01229,0
TXN006191,ACC100002,2026-07-08 11:15:00,897.68,N$,p2p_transfer,CP00386,0
TXN006192,ACC100525,2026-07-04 10:54:00,712.97,N$,bill_payment,CP03881,0
TXN006193,ACC100138,2026-07-29 13:26:00,1236.78,N$,p2p_transfer,CP02952,0
TXN006194,ACC100083,2026-07-05 04:42:00,233.68,N$,p2p_transfer,CP01758,0
TXN006195,ACC100457,2026-07-13 00:56:00,247.13,N$,merchant_payment,CP01857,0
TXN006196,ACC100070,2026-07-05 02:12:00,487.02,N$,p2p_transfer,CP02552,0
TXN006197,ACC100581,2026-07-17 00:38:00,493.02,N$,p2p_transfer,CP02914,0
TXN006198,ACC100505,2026-07-28 12:17:00,51.34,N$,p2p_transfer,CP00204,0
TXN006199,ACC100634,2026-06-11 22:49:00,654.25,N$,p2p_transfer,CP01844,0
TXN006200,ACC100225,2026-07-14 06:59:00,524.14,N$,p2p_transfer,CP01426,0
TXN006201,ACC100669,2026-07-21 03:38:00,346.03,N$,p2p_transfer,CP03951,0
TXN006202,ACC100210,2026-06-04 05:09:00,186.71,N$,bill_payment,CP00146,0
TXN006203,ACC100799,2026-07-07 05:50:00,226.76,N$,p2p_transfer,CP01913,0
TXN006204,ACC100205,2026-06-23 17:08:00,1266.96,N$,merchant_payment,CP03135,0
TXN006205,ACC100286,2026-07-02 03:32:00,326.44,N$,p2p_transfer,CP01963,0
TXN006206,ACC100613,2026-07-26 12:54:00,669.09,N$,p2p_transfer,CP01073,0
TXN006207,ACC100222,2026-06-21 23:27:00,252.52,N$,p2p_transfer,CP00662,0
TXN006208,ACC100792,2026-07-09 12:08:00,40.67,N$,merchant_payment,CP03661,0
TXN006209,ACC100563,2026-07-26 11:22:00,293.24,N$,cash_out,CP01183,0
TXN006210,ACC100471,2026-06-19 09:24:00,184.99,N$,p2p_transfer,CP00666,0
TXN006211,ACC100076,2026-07-28 02:57:00,397.37,N$,cash_out,CP00319,0
TXN006212,ACC100595,2026-06-29 22:00:00,376.87,N$,merchant_payment,CP00653,0
TXN006213,ACC100021,2026-07-14 03:57:00,1110.73,N$,merchant_payment,CP02775,0
TXN006214,ACC100244,2026-06-01 02:47:00,422.46,N$,bill_payment,CP02307,0
TXN006215,ACC100100,2026-06-05 20:21:00,188.74,N$,p2p_transfer,CP02983,0
TXN006216,ACC100693,2026-06-23 19:08:00,200.05,N$,merchant_payment,CP03166,0
TXN006217,ACC100545,2026-06-07 11:36:00,285.23,N$,p2p_transfer,CP00614,0
TXN006218,ACC100705,2026-07-09 01:12:00,252.79,N$,merchant_payment,CP02992,0
TXN006219,ACC100783,2026-06-08 08:25:00,355.49,N$,p2p_transfer,CP03740,0
TXN006220,ACC100532,2026-06-01 04:59:00,1325.8,N$,p2p_transfer,CP01451,0
TXN006221,ACC100700,2026-07-14 20:40:00,275.1,N$,merchant_payment,CP03515,0
TXN006222,ACC100137,2026-07-18 23:36:00,816.33,N$,merchant_payment,CP00511,0
TXN006223,ACC100223,2026-07-06 19:18:00,1770.19,N$,p2p_transfer,CP02125,0
TXN006224,ACC100782,2026-07-14 17:38:00,342.25,N$,p2p_transfer,CP00463,0
TXN006225,ACC100097,2026-07-17 02:55:00,156.72,N$,merchant_payment,CP00166,0
TXN006226,ACC100657,2026-07-12 16:36:00,1365.79,N$,p2p_transfer,CP02243,1
TXN006227,ACC100581,2026-07-01 03:17:00,1434.52,N$,p2p_transfer,CP00264,0
TXN006228,ACC100665,2026-06-16 09:08:00,124.32,N$,bill_payment,CP03144,0
TXN006229,ACC100554,2026-06-24 16:53:00,597.51,N$,p2p_transfer,CP02397,0
TXN006230,ACC100660,2026-06-06 02:03:00,6079.34,N$,cash_out,CP03541,1
TXN006231,ACC100741,2026-07-21 21:28:00,181.15,N$,merchant_payment,CP00051,0
TXN006232,ACC100109,2026-07-12 17:18:00,540.27,N$,bill_payment,CP03015,0
TXN006233,ACC100793,2026-07-17 09:42:00,158.38,N$,merchant_payment,CP00942,0
TXN006234,ACC100049,2026-07-13 16:55:00,117.55,N$,p2p_transfer,CP00999,0
TXN006235,ACC100334,2026-06-08 09:36:00,475.33,N$,cash_out,CP01693,0
TXN006236,ACC100265,2026-06-15 23:28:00,409.57,N$,cash_out,CP00736,0
TXN006237,ACC100536,2026-07-27 22:42:00,960.13,N$,cash_out,CP01190,0
TXN006238,ACC100207,2026-07-30 15:31:00,649.61,N$,merchant_payment,CP03179,0
TXN006239,ACC100556,2026-07-24 14:44:00,802.38,N$,cash_out,CP00987,0
TXN006240,ACC100559,2026-07-16 21:13:00,507.24,N$,cash_out,CP01934,0
TXN006241,ACC100394,2026-06-17 05:28:00,514.83,N$,merchant_payment,CP01879,0
TXN006242,ACC100716,2026-06-01 02:15:00,375.71,N$,bill_payment,CP02285,0
TXN006243,ACC100370,2026-07-01 06:33:00,1085.71,N$,merchant_payment,CP02765,0
TXN006244,ACC100444,2026-06-04 21:52:00,198.04,N$,merchant_payment,CP03864,0
TXN006245,ACC100535,2026-06-30 18:31:00,754.11,N$,cash_out,CP00496,0
TXN006246,ACC100452,2026-06-21 15:13:00,1022.21,N$,bill_payment,CP02836,0
TXN006247,ACC100402,2026-06-09 23:41:00,698.15,N$,p2p_transfer,CP02784,0
TXN006248,ACC100483,2026-07-08 05:02:00,725.54,N$,p2p_transfer,CP02712,0
TXN006249,ACC100166,2026-07-16 01:22:00,450.36,N$,merchant_payment,CP01515,0
TXN006250,ACC100382,2026-06-25 19:46:00,959.35,N$,p2p_transfer,CP03251,0
TXN006251,ACC100762,2026-07-19 21:15:00,943.24,N$,bill_payment,CP01178,0
TXN006252,ACC100169,2026-07-29 14:33:00,467.56,N$,p2p_transfer,CP02164,0
TXN006253,ACC100087,2026-06-11 08:44:00,572.46,N$,p2p_transfer,CP03650,0
TXN006254,ACC100624,2026-06-10 19:46:00,1448.95,N$,merchant_payment,CP02133,0
TXN006255,ACC100169,2026-07-25 14:27:00,502.52,N$,p2p_transfer,CP00508,0
TXN006256,ACC100317,2026-07-10 13:53:00,522.32,N$,bill_payment,CP03656,0
TXN006257,ACC100324,2026-07-12 14:29:00,1908.96,N$,p2p_transfer,CP01887,0
TXN006258,ACC100311,2026-06-05 15:00:00,53.55,N$,cash_out,CP01191,0
TXN006259,ACC100335,2026-07-20 10:04:00,249.53,N$,p2p_transfer,CP00203,0
TXN006260,ACC100667,2026-06-12 17:51:00,379.5,N$,merchant_payment,CP01223,0
TXN006261,ACC100224,2026-06-22 11:02:00,414.22,N$,p2p_transfer,CP00921,0
TXN006262,ACC100455,2026-06-10 16:56:00,93.25,N$,merchant_payment,CP00418,0
TXN006263,ACC100380,2026-06-17 12:21:00,432.89,N$,bill_payment,CP01127,0
TXN006264,ACC100082,2026-07-09 19:27:00,512.61,N$,p2p_transfer,CP02771,0
TXN006265,ACC100574,2026-06-15 11:27:00,525.93,N$,cash_out,CP01178,0
TXN006266,ACC100410,2026-06-29 15:32:00,353.62,N$,bill_payment,CP01241,0
TXN006267,ACC100137,2026-06-13 22:56:00,120.26,N$,merchant_payment,CP01616,0
TXN006268,ACC100048,2026-06-05 18:11:00,533.37,N$,merchant_payment,CP00336,0
TXN006269,ACC100710,2026-07-11 07:56:00,363.07,N$,bill_payment,CP02873,0
TXN006270,ACC100621,2026-07-10 14:18:00,441.64,N$,bill_payment,CP00087,0
TXN006271,ACC100001,2026-07-10 18:53:00,380.14,N$,cash_out,CP03875,0
TXN006272,ACC100674,2026-07-02 13:03:00,150.1,N$,merchant_payment,CP03145,0
TXN006273,ACC100790,2026-06-11 05:34:00,155.51,N$,merchant_payment,CP02335,0
TXN006274,ACC100449,2026-07-30 20:06:00,880.96,N$,p2p_transfer,CP01291,0
TXN006275,ACC100157,2026-06-24 16:20:00,736.9,N$,cash_out,CP02553,0
TXN006276,ACC100171,2026-06-25 07:37:00,1067.4,N$,merchant_payment,CP01343,0
TXN006277,ACC100511,2026-07-09 11:32:00,998.03,N$,p2p_transfer,CP02230,0
TXN006278,ACC100597,2026-07-13 06:50:00,284.08,N$,p2p_transfer,CP01273,0
TXN006279,ACC100733,2026-06-23 01:30:00,652.93,N$,merchant_payment,CP01734,0
TXN006280,ACC100000,2026-07-06 22:09:00,171.66,N$,cash_out,CP01408,0
TXN006281,ACC100121,2026-07-02 10:12:00,7233.05,N$,cash_out,CP01685,1
TXN006282,ACC100349,2026-07-28 19:27:00,227.07,N$,p2p_transfer,CP02802,0
TXN006283,ACC100490,2026-06-05 04:55:00,423.43,N$,p2p_transfer,CP01745,0
TXN006284,ACC100202,2026-06-20 14:17:00,2871.93,N$,merchant_payment,CP03266,0
TXN006285,ACC100456,2026-07-01 06:17:00,436.13,N$,merchant_payment,CP01791,0
TXN006286,ACC100475,2026-06-23 10:38:00,813.82,N$,cash_out,CP01504,0
TXN006287,ACC100759,2026-06-07 19:07:00,99.57,N$,merchant_payment,CP03635,0
TXN006288,ACC100628,2026-06-20 20:20:00,563.6,N$,merchant_payment,CP00390,0
TXN006289,ACC100179,2026-07-19 10:07:00,279.38,N$,p2p_transfer,CP00515,0
TXN006290,ACC100165,2026-07-14 18:09:00,341.03,N$,cash_out,CP03059,0
TXN006291,ACC100043,2026-07-09 15:55:00,562.9,N$,merchant_payment,CP03483,0
TXN006292,ACC100631,2026-07-17 11:12:00,662.21,N$,merchant_payment,CP00941,0
TXN006293,ACC100674,2026-07-14 00:45:00,273.36,N$,p2p_transfer,CP02246,0
TXN006294,ACC100412,2026-06-08 06:46:00,263.18,N$,merchant_payment,CP03527,0
TXN006295,ACC100097,2026-07-06 15:01:00,2205.76,N$,merchant_payment,CP00987,0
TXN006296,ACC100472,2026-07-04 05:06:00,407.64,N$,merchant_payment,CP01642,0
TXN006297,ACC100314,2026-07-02 03:49:00,1231.07,N$,merchant_payment,CP01060,0
TXN006298,ACC100797,2026-07-29 10:48:00,691.04,N$,merchant_payment,CP02429,0
TXN006299,ACC100085,2026-07-09 08:06:00,608.64,N$,merchant_payment,CP00883,0
TXN006300,ACC100100,2026-07-19 09:23:00,97.37,N$,cash_out,CP02830,0
TXN006301,ACC100267,2026-06-14 21:35:00,276.15,N$,p2p_transfer,CP03928,0
TXN006302,ACC100368,2026-07-29 12:48:00,4727.24,N$,cash_out,CP02529,1
TXN006303,ACC100655,2026-06-19 20:10:00,173.26,N$,merchant_payment,CP01876,0
TXN006304,ACC100796,2026-06-15 03:40:00,598.96,N$,merchant_payment,CP00796,0
TXN006305,ACC100161,2026-07-03 04:51:00,204.83,N$,p2p_transfer,CP00407,0
TXN006306,ACC100002,2026-06-07 09:41:00,176.25,N$,p2p_transfer,CP02422,0
TXN006307,ACC100058,2026-06-29 21:53:00,219.04,N$,bill_payment,CP03850,0
TXN006308,ACC100266,2026-06-14 10:34:00,302.34,N$,merchant_payment,CP00747,0
TXN006309,ACC100301,2026-07-06 14:40:00,218.7,N$,p2p_transfer,CP03071,0
TXN006310,ACC100514,2026-06-05 00:19:00,1551.66,N$,p2p_transfer,CP01681,0
TXN006311,ACC100024,2026-07-05 13:22:00,509.27,N$,merchant_payment,CP02431,0
TXN006312,ACC100138,2026-06-13 19:51:00,185.04,N$,merchant_payment,CP02017,0
TXN006313,ACC100534,2026-06-23 23:07:00,372.53,N$,cash_out,CP01667,0
TXN006314,ACC100650,2026-06-21 07:16:00,1612.14,N$,p2p_transfer,CP02031,0
TXN006315,ACC100248,2026-07-01 01:10:00,831.94,N$,merchant_payment,CP03359,0
TXN006316,ACC100428,2026-06-25 10:14:00,368.27,N$,p2p_transfer,CP03079,0
TXN006317,ACC100527,2026-07-16 22:37:00,728.15,N$,p2p_transfer,CP01586,0
TXN006318,ACC100202,2026-07-04 01:58:00,139.61,N$,merchant_payment,CP03916,0
TXN006319,ACC100097,2026-06-29 00:33:00,1132.8,N$,merchant_payment,CP01889,0
TXN006320,ACC100005,2026-06-26 02:03:00,154.79,N$,p2p_transfer,CP03064,0
TXN006321,ACC100333,2026-07-01 05:19:00,864.11,N$,p2p_transfer,CP03986,0
TXN006322,ACC100496,2026-06-22 09:43:00,667.72,N$,merchant_payment,CP03447,0
TXN006323,ACC100437,2026-06-24 03:33:00,528.26,N$,cash_out,CP01078,0
TXN006324,ACC100424,2026-06-06 20:46:00,6375.99,N$,cash_out,CP02666,1
TXN006325,ACC100335,2026-06-21 09:21:00,461.82,N$,cash_out,CP01545,0
TXN006326,ACC100161,2026-06-23 18:13:00,343.93,N$,merchant_payment,CP03122,0
TXN006327,ACC100350,2026-06-07 09:39:00,515.07,N$,merchant_payment,CP00220,0
TXN006328,ACC100268,2026-06-02 13:19:00,21019.26,N$,cash_out,CP01291,1
TXN006329,ACC100579,2026-06-05 16:36:00,374.0,N$,merchant_payment,CP03161,0
TXN006330,ACC100716,2026-07-25 06:38:00,248.04,N$,merchant_payment,CP03691,0
TXN006331,ACC100419,2026-06-24 18:45:00,60.55,N$,p2p_transfer,CP02608,0
TXN006332,ACC100268,2026-07-09 01:33:00,1009.42,N$,p2p_transfer,CP00444,1
TXN006333,ACC100111,2026-07-14 00:38:00,215.86,N$,p2p_transfer,CP00952,0
TXN006334,ACC100045,2026-06-26 13:39:00,1178.52,N$,merchant_payment,CP02335,0
TXN006335,ACC100202,2026-06-12 10:24:00,262.94,N$,merchant_payment,CP02124,0
TXN006336,ACC100671,2026-07-09 20:37:00,61.64,N$,p2p_transfer,CP00755,0
TXN006337,ACC100451,2026-06-29 01:40:00,434.82,N$,p2p_transfer,CP02627,0
TXN006338,ACC100527,2026-07-21 17:45:00,737.11,N$,p2p_transfer,CP00412,0
TXN006339,ACC100271,2026-07-03 22:32:00,981.97,N$,merchant_payment,CP01814,0
TXN006340,ACC100336,2026-07-20 14:55:00,218.05,N$,p2p_transfer,CP00141,0
TXN006341,ACC100240,2026-06-25 10:16:00,432.4,N$,bill_payment,CP00439,0
TXN006342,ACC100252,2026-07-24 04:59:00,867.33,N$,p2p_transfer,CP03452,0
TXN006343,ACC100607,2026-06-12 10:06:00,144.41,N$,merchant_payment,CP00526,0
TXN006344,ACC100181,2026-07-26 01:23:00,875.56,N$,bill_payment,CP02311,0
TXN006345,ACC100413,2026-07-06 17:25:00,1033.09,N$,cash_out,CP02996,0
TXN006346,ACC100053,2026-07-30 22:08:00,447.93,N$,p2p_transfer,CP03669,0
TXN006347,ACC100151,2026-07-03 03:28:00,481.08,N$,p2p_transfer,CP03622,0
TXN006348,ACC100439,2026-07-20 00:05:00,235.14,N$,bill_payment,CP00438,0
TXN006349,ACC100217,2026-06-04 07:52:00,207.87,N$,merchant_payment,CP02909,0
TXN006350,ACC100308,2026-07-15 04:37:00,295.48,N$,p2p_transfer,CP00244,0
TXN006351,ACC100158,2026-07-16 22:26:00,500.81,N$,cash_out,CP00224,0
TXN006352,ACC100424,2026-06-03 02:52:00,996.87,N$,p2p_transfer,CP02336,0
TXN006353,ACC100614,2026-06-04 10:59:00,1287.81,N$,merchant_payment,CP02723,0
TXN006354,ACC100199,2026-07-08 09:48:00,186.18,N$,p2p_transfer,CP00103,0
TXN006355,ACC100703,2026-06-09 11:29:00,152.75,N$,p2p_transfer,CP03879,0
TXN006356,ACC100688,2026-07-03 17:07:00,764.8,N$,merchant_payment,CP00222,0
TXN006357,ACC100366,2026-06-09 18:51:00,161.12,N$,merchant_payment,CP02162,0
TXN006358,ACC100201,2026-07-04 05:43:00,174.14,N$,bill_payment,CP00992,0
TXN006359,ACC100024,2026-07-10 03:42:00,770.69,N$,merchant_payment,CP03042,0
TXN006360,ACC100569,2026-06-10 15:29:00,502.2,N$,merchant_payment,CP03332,0
TXN006361,ACC100522,2026-06-12 05:07:00,1824.28,N$,p2p_transfer,CP03910,1
TXN006362,ACC100662,2026-07-16 13:01:00,440.41,N$,p2p_transfer,CP00839,0
TXN006363,ACC100762,2026-06-25 21:36:00,287.69,N$,p2p_transfer,CP00045,0
TXN006364,ACC100744,2026-07-09 06:40:00,73.32,N$,p2p_transfer,CP00039,0
TXN006365,ACC100494,2026-06-12 07:13:00,887.66,N$,p2p_transfer,CP01680,0
TXN006366,ACC100085,2026-06-26 08:22:00,547.43,N$,merchant_payment,CP00876,0
TXN006367,ACC100428,2026-06-29 12:09:00,378.55,N$,p2p_transfer,CP00068,0
TXN006368,ACC100388,2026-07-15 11:40:00,1138.62,N$,p2p_transfer,CP02936,0
TXN006369,ACC100465,2026-06-17 10:01:00,206.38,N$,p2p_transfer,CP02989,0
TXN006370,ACC100390,2026-07-08 16:30:00,156.23,N$,p2p_transfer,CP01469,0
TXN006371,ACC100628,2026-06-25 22:11:00,1562.42,N$,cash_out,CP03742,0
TXN006372,ACC100210,2026-07-19 14:14:00,138.31,N$,cash_out,CP03110,0
TXN006373,ACC100264,2026-06-03 20:37:00,272.24,N$,p2p_transfer,CP03754,0
TXN006374,ACC100599,2026-07-10 19:54:00,1325.37,N$,cash_out,CP03609,0
TXN006375,ACC100633,2026-07-17 19:13:00,451.64,N$,p2p_transfer,CP00869,0
TXN006376,ACC100022,2026-07-28 00:52:00,145.92,N$,p2p_transfer,CP03775,0
TXN006377,ACC100534,2026-07-21 19:53:00,393.3,N$,p2p_transfer,CP02323,0
TXN006378,ACC100577,2026-07-13 12:04:00,249.28,N$,merchant_payment,CP02328,0
TXN006379,ACC100449,2026-06-04 03:20:00,1859.18,N$,cash_out,CP02169,0
TXN006380,ACC100203,2026-06-04 17:14:00,77.97,N$,p2p_transfer,CP00061,0
TXN006381,ACC100439,2026-06-17 11:02:00,247.61,N$,p2p_transfer,CP02870,0
TXN006382,ACC100680,2026-07-30 20:05:00,365.01,N$,merchant_payment,CP01301,0
TXN006383,ACC100447,2026-07-18 01:26:00,262.44,N$,merchant_payment,CP03145,0
TXN006384,ACC100009,2026-07-09 07:31:00,148.55,N$,merchant_payment,CP01378,0
TXN006385,ACC100051,2026-06-19 11:20:00,705.94,N$,merchant_payment,CP03384,0
TXN006386,ACC100228,2026-07-08 20:11:00,616.24,N$,p2p_transfer,CP03430,0
TXN006387,ACC100586,2026-07-20 13:02:00,748.13,N$,p2p_transfer,CP01065,0
TXN006388,ACC100443,2026-06-06 09:44:00,295.01,N$,p2p_transfer,CP00183,0
TXN006389,ACC100676,2026-07-15 03:30:00,403.76,N$,p2p_transfer,CP03392,0
TXN006390,ACC100791,2026-06-01 18:50:00,486.3,N$,cash_out,CP02450,0
TXN006391,ACC100720,2026-06-20 23:11:00,216.56,N$,merchant_payment,CP02881,0
TXN006392,ACC100382,2026-06-07 00:08:00,1125.37,N$,bill_payment,CP03667,0
TXN006393,ACC100018,2026-06-24 15:44:00,160.55,N$,merchant_payment,CP02890,0
TXN006394,ACC100736,2026-07-24 19:04:00,338.7,N$,merchant_payment,CP00816,0
TXN006395,ACC100128,2026-06-10 05:47:00,508.46,N$,p2p_transfer,CP01144,0
TXN006396,ACC100495,2026-06-07 06:28:00,1056.94,N$,p2p_transfer,CP01393,0
TXN006397,ACC100744,2026-06-28 00:54:00,230.64,N$,merchant_payment,CP03238,0
TXN006398,ACC100153,2026-07-24 01:44:00,1084.97,N$,merchant_payment,CP02418,0
TXN006399,ACC100370,2026-06-16 06:37:00,405.76,N$,p2p_transfer,CP03235,0
TXN006400,ACC100398,2026-07-09 10:15:00,1852.48,N$,cash_out,CP03163,0
TXN006401,ACC100543,2026-07-01 02:31:00,523.78,N$,bill_payment,CP03496,0
TXN006402,ACC100142,2026-06-17 06:46:00,349.63,N$,p2p_transfer,CP02042,0
TXN006403,ACC100247,2026-06-14 16:30:00,501.84,N$,cash_out,CP01952,0
TXN006404,ACC100139,2026-06-26 16:03:00,193.45,N$,p2p_transfer,CP00848,0
TXN006405,ACC100237,2026-07-10 16:14:00,286.25,N$,p2p_transfer,CP02496,0
TXN006406,ACC100370,2026-06-19 08:21:00,597.23,N$,p2p_transfer,CP02836,0
TXN006407,ACC100611,2026-06-18 13:44:00,1292.2,N$,p2p_transfer,CP01805,0
TXN006408,ACC100028,2026-07-06 08:28:00,5545.94,N$,p2p_transfer,CP03603,1
TXN006409,ACC100439,2026-07-30 15:49:00,448.33,N$,p2p_transfer,CP02769,0
TXN006410,ACC100337,2026-06-13 13:42:00,74.76,N$,cash_out,CP03160,0
TXN006411,ACC100315,2026-07-07 19:35:00,314.36,N$,p2p_transfer,CP00259,0
TXN006412,ACC100433,2026-06-23 01:12:00,208.83,N$,p2p_transfer,CP01894,0
TXN006413,ACC100566,2026-06-16 09:10:00,112.53,N$,p2p_transfer,CP01440,0
TXN006414,ACC100348,2026-07-03 18:02:00,1260.37,N$,merchant_payment,CP02280,0
TXN006415,ACC100590,2026-06-02 13:44:00,252.06,N$,bill_payment,CP03545,0
TXN006416,ACC100126,2026-06-04 19:14:00,709.03,N$,p2p_transfer,CP00769,0
TXN006417,ACC100701,2026-06-06 01:24:00,199.63,N$,cash_out,CP02556,0
TXN006418,ACC100645,2026-07-29 16:10:00,112.49,N$,cash_out,CP03557,0
TXN006419,ACC100106,2026-07-19 16:56:00,606.12,N$,merchant_payment,CP03954,0
TXN006420,ACC100565,2026-06-30 01:15:00,158.64,N$,p2p_transfer,CP02776,0
TXN006421,ACC100280,2026-06-21 00:31:00,1182.64,N$,merchant_payment,CP02262,0
TXN006422,ACC100213,2026-06-12 07:54:00,290.58,N$,cash_out,CP01480,0
TXN006423,ACC100566,2026-06-27 11:04:00,931.92,N$,merchant_payment,CP00616,0
TXN006424,ACC100504,2026-06-23 03:08:00,181.27,N$,p2p_transfer,CP02448,0
TXN006425,ACC100271,2026-07-14 15:57:00,230.77,N$,merchant_payment,CP00535,0
TXN006426,ACC100268,2026-07-05 14:42:00,5212.33,N$,cash_out,CP02395,1
TXN006427,ACC100084,2026-06-25 10:26:00,10626.0,N$,cash_out,CP00013,1
TXN006428,ACC100293,2026-07-04 14:49:00,1275.86,N$,p2p_transfer,CP02944,0
TXN006429,ACC100147,2026-07-27 03:38:00,181.36,N$,p2p_transfer,CP01856,0
TXN006430,ACC100251,2026-07-03 20:49:00,356.59,N$,merchant_payment,CP01106,0
TXN006431,ACC100533,2026-07-09 03:09:00,563.61,N$,cash_out,CP02215,0
TXN006432,ACC100202,2026-06-25 09:57:00,2807.55,N$,merchant_payment,CP03383,0
TXN006433,ACC100361,2026-07-04 01:50:00,1032.66,N$,p2p_transfer,CP02429,0
TXN006434,ACC100076,2026-06-22 01:52:00,202.18,N$,merchant_payment,CP00930,0
TXN006435,ACC100283,2026-06-19 15:46:00,348.16,N$,p2p_transfer,CP03658,0
TXN006436,ACC100789,2026-07-03 00:40:00,298.88,N$,p2p_transfer,CP02810,0
TXN006437,ACC100333,2026-06-01 06:27:00,159.14,N$,p2p_transfer,CP02679,0
TXN006438,ACC100282,2026-06-18 10:45:00,468.97,N$,p2p_transfer,CP00850,0
TXN006439,ACC100486,2026-06-29 13:38:00,752.74,N$,p2p_transfer,CP01138,0
TXN006440,ACC100159,2026-06-13 11:46:00,1061.14,N$,p2p_transfer,CP03631,0
TXN006441,ACC100376,2026-07-07 14:37:00,1091.9,N$,merchant_payment,CP01890,0
TXN006442,ACC100288,2026-06-04 15:33:00,455.4,N$,cash_out,CP01967,0
TXN006443,ACC100123,2026-06-22 13:48:00,92.59,N$,merchant_payment,CP02577,0
TXN006444,ACC100356,2026-07-07 08:42:00,1711.38,N$,bill_payment,CP03501,0
TXN006445,ACC100656,2026-07-10 18:33:00,543.93,N$,merchant_payment,CP01521,0
TXN006446,ACC100589,2026-07-04 18:04:00,1918.13,N$,merchant_payment,CP01787,0
TXN006447,ACC100089,2026-06-08 02:59:00,327.02,N$,merchant_payment,CP02605,0
TXN006448,ACC100009,2026-07-21 02:51:00,248.43,N$,p2p_transfer,CP03538,0
TXN006449,ACC100503,2026-06-21 19:35:00,842.78,N$,p2p_transfer,CP00297,0
TXN006450,ACC100256,2026-07-17 10:21:00,97.96,N$,merchant_payment,CP03999,0
TXN006451,ACC100333,2026-06-13 16:13:00,199.37,N$,merchant_payment,CP00670,0
TXN006452,ACC100687,2026-07-01 19:41:00,1060.36,N$,p2p_transfer,CP00007,0
TXN006453,ACC100035,2026-06-29 17:46:00,437.72,N$,merchant_payment,CP00435,0
TXN006454,ACC100262,2026-06-02 03:29:00,844.43,N$,merchant_payment,CP01259,0
TXN006455,ACC100213,2026-06-26 02:20:00,440.38,N$,merchant_payment,CP03489,0
TXN006456,ACC100150,2026-06-17 02:58:00,400.89,N$,merchant_payment,CP01479,0
TXN006457,ACC100695,2026-06-25 11:36:00,325.55,N$,p2p_transfer,CP03607,0
TXN006458,ACC100377,2026-07-18 04:58:00,313.61,N$,bill_payment,CP02314,0
TXN006459,ACC100306,2026-06-16 20:43:00,881.47,N$,p2p_transfer,CP01789,0
TXN006460,ACC100339,2026-07-03 04:21:00,803.69,N$,p2p_transfer,CP00054,0
TXN006461,ACC100699,2026-06-23 21:50:00,954.79,N$,merchant_payment,CP03843,0
TXN006462,ACC100311,2026-06-15 12:21:00,308.55,N$,p2p_transfer,CP01491,0
TXN006463,ACC100135,2026-07-06 04:14:00,351.93,N$,merchant_payment,CP00771,0
TXN006464,ACC100331,2026-06-04 12:28:00,1237.48,N$,cash_out,CP01965,0
TXN006465,ACC100466,2026-07-01 04:27:00,1562.82,N$,merchant_payment,CP03114,0
TXN006466,ACC100023,2026-06-21 21:22:00,815.0,N$,cash_out,CP00065,0
TXN006467,ACC100410,2026-07-20 05:00:00,1225.81,N$,merchant_payment,CP01004,0
TXN006468,ACC100690,2026-06-23 02:54:00,316.35,N$,cash_out,CP01986,0
TXN006469,ACC100686,2026-07-30 11:20:00,480.36,N$,cash_out,CP02231,0
TXN006470,ACC100548,2026-06-14 20:03:00,1654.46,N$,p2p_transfer,CP03874,0
TXN006471,ACC100621,2026-06-10 19:06:00,801.71,N$,p2p_transfer,CP03115,0
TXN006472,ACC100789,2026-07-09 13:49:00,846.37,N$,bill_payment,CP02017,0
TXN006473,ACC100465,2026-06-16 03:23:00,1088.82,N$,merchant_payment,CP03756,0
TXN006474,ACC100203,2026-06-10 13:12:00,815.11,N$,p2p_transfer,CP01158,0
TXN006475,ACC100055,2026-07-07 19:27:00,806.98,N$,p2p_transfer,CP02743,0
TXN006476,ACC100127,2026-07-21 05:32:00,486.09,N$,merchant_payment,CP00825,0
TXN006477,ACC100185,2026-07-12 12:53:00,375.26,N$,p2p_transfer,CP00725,0
TXN006478,ACC100603,2026-06-03 12:41:00,177.73,N$,p2p_transfer,CP02007,0
TXN006479,ACC100289,2026-07-18 16:36:00,2281.79,N$,merchant_payment,CP01027,0
TXN006480,ACC100575,2026-06-22 20:30:00,207.81,N$,merchant_payment,CP00487,0
TXN006481,ACC100096,2026-07-05 16:16:00,524.64,N$,p2p_transfer,CP01271,0
TXN006482,ACC100544,2026-06-21 08:16:00,687.64,N$,merchant_payment,CP00249,0
TXN006483,ACC100647,2026-06-03 02:51:00,276.14,N$,merchant_payment,CP03042,0
TXN006484,ACC100332,2026-06-15 22:57:00,1413.8,N$,cash_out,CP03955,0
TXN006485,ACC100368,2026-07-01 21:47:00,1666.63,N$,cash_out,CP03971,1
TXN006486,ACC100527,2026-07-30 05:49:00,197.68,N$,merchant_payment,CP00875,0
TXN006487,ACC100647,2026-06-18 19:11:00,234.91,N$,p2p_transfer,CP02524,0
TXN006488,ACC100786,2026-07-01 02:32:00,352.74,N$,p2p_transfer,CP02304,0
TXN006489,ACC100473,2026-06-20 22:55:00,424.99,N$,p2p_transfer,CP00830,0
TXN006490,ACC100736,2026-06-16 21:03:00,102.35,N$,cash_out,CP00487,0
TXN006491,ACC100486,2026-07-02 00:37:00,1021.01,N$,p2p_transfer,CP00855,0
TXN006492,ACC100515,2026-06-19 04:30:00,302.09,N$,cash_out,CP00817,0
TXN006493,ACC100142,2026-07-15 18:12:00,738.17,N$,bill_payment,CP02896,0
TXN006494,ACC100308,2026-07-10 13:40:00,415.13,N$,p2p_transfer,CP02259,0
TXN006495,ACC100526,2026-06-10 21:00:00,365.2,N$,merchant_payment,CP02016,0
TXN006496,ACC100412,2026-07-18 23:56:00,1169.02,N$,merchant_payment,CP01014,0
TXN006497,ACC100238,2026-06-01 18:34:00,140.05,N$,p2p_transfer,CP02355,0
TXN006498,ACC100269,2026-06-23 09:33:00,190.32,N$,merchant_payment,CP01309,0
TXN006499,ACC100656,2026-06-21 13:25:00,651.46,N$,merchant_payment,CP01436,0
TXN006500,ACC100107,2026-06-25 23:11:00,330.94,N$,merchant_payment,CP03695,0
TXN006501,ACC100290,2026-07-20 16:43:00,260.82,N$,merchant_payment,CP03755,0
TXN006502,ACC100696,2026-06-29 12:41:00,528.77,N$,p2p_transfer,CP02435,0
TXN006503,ACC100216,2026-06-30 05:39:00,211.49,N$,bill_payment,CP02835,0
TXN006504,ACC100169,2026-07-22 12:25:00,384.28,N$,p2p_transfer,CP00187,0
TXN006505,ACC100364,2026-06-01 17:32:00,882.44,N$,cash_out,CP03296,0
TXN006506,ACC100446,2026-07-19 13:10:00,172.7,N$,p2p_transfer,CP00342,0
TXN006507,ACC100457,2026-06-10 09:00:00,432.66,N$,merchant_payment,CP01787,0
TXN006508,ACC100324,2026-06-03 05:21:00,177.75,N$,bill_payment,CP00037,0
TXN006509,ACC100781,2026-06-05 12:17:00,341.84,N$,cash_out,CP00216,0
TXN006510,ACC100268,2026-07-15 12:42:00,160.77,N$,cash_out,CP01605,0
TXN006511,ACC100778,2026-07-02 10:05:00,34.93,N$,bill_payment,CP03790,0
TXN006512,ACC100424,2026-07-11 02:22:00,18009.74,N$,p2p_transfer,CP03150,1
TXN006513,ACC100426,2026-07-27 19:15:00,156.18,N$,p2p_transfer,CP02192,0
TXN006514,ACC100058,2026-06-08 21:10:00,673.98,N$,cash_out,CP02687,0
TXN006515,ACC100111,2026-07-12 09:48:00,249.73,N$,merchant_payment,CP01562,0
TXN006516,ACC100047,2026-06-05 19:15:00,204.92,N$,p2p_transfer,CP03202,0
TXN006517,ACC100072,2026-07-07 05:44:00,290.45,N$,p2p_transfer,CP03475,0
TXN006518,ACC100798,2026-07-19 05:39:00,399.08,N$,p2p_transfer,CP03492,0
TXN006519,ACC100647,2026-07-06 17:30:00,267.82,N$,merchant_payment,CP03897,0
TXN006520,ACC100038,2026-06-22 10:16:00,295.12,N$,p2p_transfer,CP03448,0
TXN006521,ACC100024,2026-07-21 10:41:00,349.08,N$,p2p_transfer,CP01395,0
TXN006522,ACC100532,2026-07-02 17:55:00,430.39,N$,merchant_payment,CP01274,0
TXN006523,ACC100015,2026-06-25 17:21:00,908.42,N$,p2p_transfer,CP03394,0
TXN006524,ACC100273,2026-06-30 05:52:00,301.58,N$,p2p_transfer,CP02384,0
TXN006525,ACC100492,2026-07-23 06:02:00,733.93,N$,cash_out,CP03826,0
TXN006526,ACC100322,2026-07-24 12:29:00,858.26,N$,bill_payment,CP03551,0
TXN006527,ACC100164,2026-07-03 14:23:00,108.57,N$,merchant_payment,CP00673,0
TXN006528,ACC100014,2026-07-14 06:31:00,333.96,N$,p2p_transfer,CP01906,0
TXN006529,ACC100470,2026-06-27 07:15:00,98.93,N$,p2p_transfer,CP00972,0
TXN006530,ACC100630,2026-07-09 11:00:00,102.29,N$,p2p_transfer,CP02801,0
TXN006531,ACC100214,2026-06-27 12:39:00,196.45,N$,p2p_transfer,CP03529,0
TXN006532,ACC100481,2026-07-09 02:10:00,353.27,N$,p2p_transfer,CP02814,0
TXN006533,ACC100500,2026-07-15 13:06:00,264.39,N$,p2p_transfer,CP01286,0
TXN006534,ACC100403,2026-06-30 21:42:00,509.03,N$,p2p_transfer,CP01981,0
TXN006535,ACC100798,2026-07-19 05:09:00,848.05,N$,merchant_payment,CP01173,0
TXN006536,ACC100527,2026-07-12 06:54:00,299.01,N$,p2p_transfer,CP00074,0
TXN006537,ACC100767,2026-06-03 09:03:00,1343.49,N$,cash_out,CP00936,0
TXN006538,ACC100512,2026-07-17 18:38:00,621.82,N$,p2p_transfer,CP01694,0
TXN006539,ACC100655,2026-06-23 05:32:00,2532.29,N$,p2p_transfer,CP03082,0
TXN006540,ACC100378,2026-06-19 08:55:00,395.01,N$,merchant_payment,CP01866,0
TXN006541,ACC100280,2026-06-28 05:57:00,276.29,N$,cash_out,CP02998,0
TXN006542,ACC100269,2026-06-20 16:19:00,863.37,N$,bill_payment,CP03918,0
TXN006543,ACC100750,2026-07-22 21:48:00,399.13,N$,p2p_transfer,CP02660,0
TXN006544,ACC100556,2026-06-27 23:04:00,3845.39,N$,bill_payment,CP03861,0
TXN006545,ACC100652,2026-07-16 00:34:00,301.24,N$,p2p_transfer,CP03005,0
TXN006546,ACC100653,2026-06-27 10:10:00,367.2,N$,bill_payment,CP03689,0
TXN006547,ACC100330,2026-07-22 13:15:00,173.81,N$,p2p_transfer,CP02293,0
TXN006548,ACC100727,2026-07-18 06:43:00,351.53,N$,p2p_transfer,CP02772,0
TXN006549,ACC100121,2026-06-25 04:31:00,4438.41,N$,cash_out,CP03616,1
TXN006550,ACC100003,2026-07-17 12:34:00,3098.19,N$,cash_out,CP01134,0
TXN006551,ACC100216,2026-07-16 14:50:00,304.07,N$,p2p_transfer,CP03199,0
TXN006552,ACC100377,2026-06-05 07:12:00,351.55,N$,merchant_payment,CP02961,0
TXN006553,ACC100713,2026-06-07 21:14:00,2429.75,N$,merchant_payment,CP02604,0
TXN006554,ACC100479,2026-07-10 08:24:00,198.14,N$,p2p_transfer,CP02892,0
TXN006555,ACC100570,2026-07-29 06:20:00,211.18,N$,merchant_payment,CP03768,0
TXN006556,ACC100204,2026-06-12 12:35:00,505.25,N$,merchant_payment,CP01805,0
TXN006557,ACC100034,2026-06-18 15:49:00,84.74,N$,cash_out,CP02069,0
TXN006558,ACC100507,2026-07-06 16:46:00,554.73,N$,p2p_transfer,CP03374,0
TXN006559,ACC100793,2026-06-17 18:46:00,356.07,N$,p2p_transfer,CP00538,0
TXN006560,ACC100560,2026-06-24 01:51:00,365.42,N$,merchant_payment,CP01795,0
TXN006561,ACC100676,2026-06-09 01:37:00,1458.64,N$,merchant_payment,CP01250,0
TXN006562,ACC100284,2026-06-04 19:19:00,188.72,N$,merchant_payment,CP00118,0
TXN006563,ACC100625,2026-07-29 13:58:00,9022.87,N$,p2p_transfer,CP02669,1
TXN006564,ACC100435,2026-06-14 17:33:00,343.33,N$,p2p_transfer,CP01628,0
TXN006565,ACC100111,2026-07-14 19:40:00,694.69,N$,merchant_payment,CP01332,0
TXN006566,ACC100154,2026-06-24 03:08:00,1113.82,N$,p2p_transfer,CP01274,0
TXN006567,ACC100295,2026-06-18 23:53:00,535.79,N$,bill_payment,CP02169,0
TXN006568,ACC100195,2026-07-25 03:34:00,371.69,N$,merchant_payment,CP02350,0
TXN006569,ACC100404,2026-06-17 20:33:00,613.35,N$,p2p_transfer,CP02039,0
TXN006570,ACC100137,2026-06-01 05:48:00,460.97,N$,cash_out,CP01742,0
TXN006571,ACC100057,2026-06-22 02:02:00,116.07,N$,p2p_transfer,CP01222,0
TXN006572,ACC100563,2026-07-14 14:36:00,108.66,N$,p2p_transfer,CP00023,0
TXN006573,ACC100325,2026-06-21 16:56:00,603.06,N$,p2p_transfer,CP02047,0
TXN006574,ACC100481,2026-06-08 15:54:00,53.41,N$,merchant_payment,CP03897,0
TXN006575,ACC100057,2026-07-18 05:44:00,920.97,N$,p2p_transfer,CP02471,0
TXN006576,ACC100650,2026-06-21 11:10:00,745.8,N$,cash_out,CP02366,0
TXN006577,ACC100413,2026-06-21 17:42:00,715.15,N$,p2p_transfer,CP02403,0
TXN006578,ACC100597,2026-06-29 12:34:00,136.92,N$,p2p_transfer,CP02718,0
TXN006579,ACC100554,2026-06-23 05:50:00,713.78,N$,cash_out,CP02438,0
TXN006580,ACC100703,2026-06-28 06:41:00,288.9,N$,p2p_transfer,CP00987,0
TXN006581,ACC100722,2026-07-17 13:50:00,519.36,N$,merchant_payment,CP02353,0
TXN006582,ACC100366,2026-06-29 07:38:00,1571.75,N$,merchant_payment,CP03923,0
TXN006583,ACC100083,2026-07-20 02:58:00,480.55,N$,merchant_payment,CP03234,0
TXN006584,ACC100560,2026-07-02 12:44:00,153.1,N$,cash_out,CP02486,0
TXN006585,ACC100696,2026-07-19 11:36:00,270.02,N$,p2p_transfer,CP02599,0
TXN006586,ACC100150,2026-06-02 10:56:00,771.18,N$,p2p_transfer,CP00234,0
TXN006587,ACC100248,2026-06-11 04:44:00,2690.19,N$,p2p_transfer,CP02912,1
TXN006588,ACC100081,2026-07-11 07:49:00,253.99,N$,merchant_payment,CP00518,0
TXN006589,ACC100749,2026-06-07 03:37:00,356.35,N$,cash_out,CP02083,0
TXN006590,ACC100284,2026-07-24 04:38:00,195.4,N$,cash_out,CP01420,0
TXN006591,ACC100097,2026-06-11 22:57:00,606.02,N$,merchant_payment,CP03944,0
TXN006592,ACC100211,2026-07-13 06:45:00,1556.78,N$,cash_out,CP00292,0
TXN006593,ACC100618,2026-07-25 13:52:00,385.18,N$,merchant_payment,CP02357,0
TXN006594,ACC100217,2026-06-21 04:09:00,369.81,N$,p2p_transfer,CP00313,0
TXN006595,ACC100227,2026-07-10 04:03:00,347.95,N$,merchant_payment,CP01229,0
TXN006596,ACC100542,2026-07-16 18:37:00,234.66,N$,merchant_payment,CP02877,0
TXN006597,ACC100420,2026-07-12 09:42:00,715.71,N$,bill_payment,CP00336,0
TXN006598,ACC100302,2026-07-25 07:07:00,516.04,N$,cash_out,CP01492,0
TXN006599,ACC100446,2026-06-06 02:59:00,370.46,N$,p2p_transfer,CP03717,0
TXN006600,ACC100735,2026-06-18 10:35:00,1677.82,N$,p2p_transfer,CP03338,0
TXN006601,ACC100550,2026-06-25 03:25:00,1659.85,N$,p2p_transfer,CP02667,0
TXN006602,ACC100391,2026-06-24 10:16:00,383.98,N$,bill_payment,CP03799,0
TXN006603,ACC100623,2026-07-13 00:56:00,235.22,N$,p2p_transfer,CP02544,0
TXN006604,ACC100562,2026-07-16 12:01:00,1915.3,N$,merchant_payment,CP00790,0
TXN006605,ACC100197,2026-06-30 04:49:00,417.89,N$,merchant_payment,CP03308,0
TXN006606,ACC100193,2026-06-22 23:45:00,2382.62,N$,p2p_transfer,CP00837,0
TXN006607,ACC100499,2026-06-19 23:12:00,498.75,N$,p2p_transfer,CP00087,0
TXN006608,ACC100280,2026-07-23 04:12:00,484.52,N$,p2p_transfer,CP03710,0
TXN006609,ACC100008,2026-07-04 20:27:00,306.57,N$,bill_payment,CP00493,0
TXN006610,ACC100390,2026-06-22 11:50:00,700.94,N$,bill_payment,CP02594,0
TXN006611,ACC100344,2026-07-08 23:05:00,594.62,N$,merchant_payment,CP02079,0
TXN006612,ACC100061,2026-07-01 03:03:00,93.08,N$,merchant_payment,CP03169,0
TXN006613,ACC100223,2026-06-16 11:01:00,343.63,N$,bill_payment,CP01618,0
TXN006614,ACC100009,2026-07-22 17:31:00,491.12,N$,cash_out,CP01324,0
TXN006615,ACC100699,2026-06-12 10:43:00,151.19,N$,bill_payment,CP01651,0
TXN006616,ACC100719,2026-06-07 20:05:00,245.27,N$,merchant_payment,CP00084,0
TXN006617,ACC100064,2026-06-25 05:28:00,377.53,N$,bill_payment,CP03924,0
TXN006618,ACC100254,2026-07-07 12:55:00,1052.71,N$,merchant_payment,CP01122,0
TXN006619,ACC100245,2026-07-05 04:39:00,270.68,N$,cash_out,CP03811,0
TXN006620,ACC100025,2026-06-29 14:35:00,461.32,N$,merchant_payment,CP01703,0
TXN006621,ACC100364,2026-06-25 12:27:00,1205.33,N$,merchant_payment,CP03956,0
TXN006622,ACC100428,2026-06-29 04:23:00,1364.44,N$,merchant_payment,CP02077,0
TXN006623,ACC100745,2026-06-07 12:14:00,1134.78,N$,merchant_payment,CP00310,0
TXN006624,ACC100775,2026-06-10 23:32:00,255.47,N$,bill_payment,CP02946,0
TXN006625,ACC100618,2026-06-30 18:02:00,456.64,N$,merchant_payment,CP01639,0
TXN006626,ACC100014,2026-07-05 10:35:00,666.07,N$,merchant_payment,CP03922,0
TXN006627,ACC100130,2026-07-02 17:17:00,364.47,N$,p2p_transfer,CP02985,0
TXN006628,ACC100535,2026-06-21 08:24:00,406.38,N$,merchant_payment,CP03006,0
TXN006629,ACC100589,2026-06-25 11:24:00,381.47,N$,p2p_transfer,CP00342,0
TXN006630,ACC100612,2026-06-30 12:13:00,754.44,N$,merchant_payment,CP03443,0
TXN006631,ACC100392,2026-06-23 06:07:00,420.9,N$,merchant_payment,CP02809,0
TXN006632,ACC100703,2026-06-10 16:56:00,32.92,N$,merchant_payment,CP01882,0
TXN006633,ACC100714,2026-07-10 15:16:00,781.94,N$,p2p_transfer,CP03066,0
TXN006634,ACC100154,2026-06-16 00:09:00,320.71,N$,p2p_transfer,CP01601,0
TXN006635,ACC100450,2026-06-30 09:28:00,161.95,N$,merchant_payment,CP01148,0
TXN006636,ACC100375,2026-06-24 09:16:00,416.85,N$,merchant_payment,CP00603,0
TXN006637,ACC100261,2026-07-22 05:15:00,637.56,N$,cash_out,CP01589,0
TXN006638,ACC100386,2026-06-07 20:23:00,447.95,N$,merchant_payment,CP02629,0
TXN006639,ACC100155,2026-07-09 11:45:00,870.15,N$,merchant_payment,CP01846,0
TXN006640,ACC100186,2026-07-02 17:27:00,712.53,N$,merchant_payment,CP01212,0
TXN006641,ACC100264,2026-06-14 00:31:00,385.81,N$,bill_payment,CP01831,0
TXN006642,ACC100170,2026-06-04 21:48:00,240.8,N$,cash_out,CP01375,0
TXN006643,ACC100580,2026-06-16 22:16:00,1507.56,N$,merchant_payment,CP02866,0
TXN006644,ACC100433,2026-06-29 11:21:00,568.36,N$,bill_payment,CP01630,0
TXN006645,ACC100279,2026-07-11 14:12:00,588.26,N$,cash_out,CP01269,0
TXN006646,ACC100491,2026-06-28 14:17:00,330.67,N$,p2p_transfer,CP01934,0
TXN006647,ACC100437,2026-06-25 14:51:00,623.01,N$,p2p_transfer,CP02965,0
TXN006648,ACC100058,2026-07-20 20:13:00,612.05,N$,p2p_transfer,CP00945,0
TXN006649,ACC100121,2026-07-05 13:49:00,846.52,N$,merchant_payment,CP03936,0
TXN006650,ACC100138,2026-06-19 18:42:00,181.64,N$,p2p_transfer,CP03784,0
TXN006651,ACC100427,2026-07-13 20:52:00,181.02,N$,p2p_transfer,CP02678,0
TXN006652,ACC100056,2026-06-22 19:37:00,193.38,N$,p2p_transfer,CP02515,0
TXN006653,ACC100091,2026-07-04 13:26:00,612.85,N$,merchant_payment,CP03482,0
TXN006654,ACC100011,2026-06-23 06:00:00,288.47,N$,merchant_payment,CP03598,0
TXN006655,ACC100497,2026-06-04 03:16:00,275.86,N$,p2p_transfer,CP00504,0
TXN006656,ACC100062,2026-07-28 18:37:00,57.29,N$,p2p_transfer,CP01262,0
TXN006657,ACC100691,2026-07-17 08:17:00,507.8,N$,p2p_transfer,CP03196,0
TXN006658,ACC100772,2026-07-10 02:20:00,101.17,N$,p2p_transfer,CP00061,0
TXN006659,ACC100220,2026-06-02 16:26:00,1183.11,N$,merchant_payment,CP03153,0
TXN006660,ACC100352,2026-06-23 04:02:00,761.57,N$,merchant_payment,CP01584,0
TXN006661,ACC100226,2026-06-17 03:31:00,26668.96,N$,cash_out,CP00944,1
TXN006662,ACC100555,2026-07-26 15:32:00,178.68,N$,merchant_payment,CP02611,0
TXN006663,ACC100024,2026-07-08 06:15:00,541.68,N$,p2p_transfer,CP00731,0
TXN006664,ACC100202,2026-06-19 04:59:00,499.33,N$,p2p_transfer,CP03083,0
TXN006665,ACC100727,2026-06-17 12:42:00,1318.54,N$,p2p_transfer,CP00376,0
TXN006666,ACC100789,2026-07-26 19:00:00,183.24,N$,merchant_payment,CP01954,0
TXN006667,ACC100722,2026-06-29 18:24:00,206.23,N$,p2p_transfer,CP03102,0
TXN006668,ACC100477,2026-06-26 09:31:00,120.53,N$,p2p_transfer,CP01699,0
TXN006669,ACC100681,2026-06-06 03:12:00,531.16,N$,p2p_transfer,CP02823,0
TXN006670,ACC100523,2026-06-07 09:07:00,746.1,N$,bill_payment,CP02498,0
TXN006671,ACC100232,2026-07-18 23:23:00,822.03,N$,merchant_payment,CP02539,0
TXN006672,ACC100651,2026-06-29 13:44:00,263.86,N$,p2p_transfer,CP03410,0
TXN006673,ACC100313,2026-06-09 13:39:00,2377.06,N$,p2p_transfer,CP03945,0
TXN006674,ACC100238,2026-06-01 00:33:00,163.86,N$,cash_out,CP00704,0
TXN006675,ACC100011,2026-06-29 00:22:00,93.37,N$,p2p_transfer,CP02050,0
TXN006676,ACC100237,2026-07-18 16:27:00,153.58,N$,merchant_payment,CP02550,0
TXN006677,ACC100684,2026-06-18 12:54:00,962.08,N$,merchant_payment,CP03572,0
TXN006678,ACC100321,2026-06-26 04:13:00,87.03,N$,p2p_transfer,CP00345,0
TXN006679,ACC100013,2026-06-04 17:48:00,310.87,N$,p2p_transfer,CP03370,0
TXN006680,ACC100239,2026-07-20 03:34:00,676.11,N$,p2p_transfer,CP03011,0
TXN006681,ACC100307,2026-07-08 05:45:00,64.61,N$,p2p_transfer,CP00411,0
TXN006682,ACC100396,2026-06-16 17:40:00,421.54,N$,p2p_transfer,CP03077,0
TXN006683,ACC100053,2026-06-04 11:04:00,1022.75,N$,merchant_payment,CP03860,0
TXN006684,ACC100796,2026-07-20 21:45:00,683.12,N$,merchant_payment,CP00658,0
TXN006685,ACC100582,2026-07-24 13:15:00,242.99,N$,merchant_payment,CP01673,0
TXN006686,ACC100023,2026-06-03 11:41:00,1431.13,N$,merchant_payment,CP02393,0
TXN006687,ACC100067,2026-06-30 23:36:00,103.47,N$,p2p_transfer,CP00914,0
TXN006688,ACC100394,2026-07-19 16:25:00,213.32,N$,cash_out,CP03114,0
TXN006689,ACC100338,2026-06-05 07:04:00,688.78,N$,merchant_payment,CP01317,0
TXN006690,ACC100224,2026-07-02 12:14:00,403.13,N$,merchant_payment,CP00802,0
TXN006691,ACC100744,2026-07-04 07:48:00,2541.63,N$,p2p_transfer,CP02792,0
TXN006692,ACC100176,2026-07-17 10:33:00,519.99,N$,merchant_payment,CP01562,0
TXN006693,ACC100685,2026-06-06 20:54:00,182.59,N$,p2p_transfer,CP01000,0
TXN006694,ACC100329,2026-06-06 09:03:00,2693.01,N$,p2p_transfer,CP03219,0
TXN006695,ACC100252,2026-06-27 07:23:00,684.29,N$,merchant_payment,CP02518,0
TXN006696,ACC100525,2026-06-29 23:21:00,79.43,N$,merchant_payment,CP02793,0
TXN006697,ACC100069,2026-07-13 15:12:00,674.32,N$,cash_out,CP00769,0
TXN006698,ACC100292,2026-07-07 13:29:00,219.56,N$,p2p_transfer,CP01044,0
TXN006699,ACC100151,2026-07-12 14:21:00,308.21,N$,p2p_transfer,CP00300,0
TXN006700,ACC100146,2026-06-01 12:59:00,74.14,N$,merchant_payment,CP01736,0
TXN006701,ACC100417,2026-07-23 20:35:00,353.56,N$,p2p_transfer,CP00222,0
TXN006702,ACC100260,2026-07-01 19:31:00,1096.86,N$,bill_payment,CP02484,0
TXN006703,ACC100753,2026-07-12 11:52:00,166.89,N$,bill_payment,CP00774,0
TXN006704,ACC100354,2026-06-09 00:49:00,401.04,N$,merchant_payment,CP00930,0
TXN006705,ACC100393,2026-07-10 13:57:00,1038.1,N$,bill_payment,CP00801,0
TXN006706,ACC100463,2026-06-20 05:22:00,342.66,N$,bill_payment,CP02212,0
TXN006707,ACC100677,2026-07-01 10:34:00,297.77,N$,p2p_transfer,CP03153,0
TXN006708,ACC100264,2026-07-29 21:47:00,35660.48,N$,cash_out,CP02853,1
TXN006709,ACC100014,2026-06-25 07:12:00,465.45,N$,merchant_payment,CP00020,0
TXN006710,ACC100110,2026-06-15 08:41:00,605.23,N$,cash_out,CP00222,0
TXN006711,ACC100212,2026-06-27 16:49:00,124.47,N$,p2p_transfer,CP01259,0
TXN006712,ACC100318,2026-07-28 17:40:00,523.43,N$,p2p_transfer,CP02251,0
TXN006713,ACC100274,2026-06-23 10:53:00,323.76,N$,merchant_payment,CP03041,0
TXN006714,ACC100300,2026-07-10 02:33:00,3040.9,N$,p2p_transfer,CP01249,0
TXN006715,ACC100109,2026-07-03 02:04:00,707.53,N$,cash_out,CP01298,0
TXN006716,ACC100380,2026-07-28 15:56:00,382.21,N$,merchant_payment,CP00768,0
TXN006717,ACC100177,2026-06-22 02:59:00,4977.37,N$,p2p_transfer,CP02422,0
TXN006718,ACC100120,2026-07-17 22:31:00,1001.54,N$,merchant_payment,CP00422,0
TXN006719,ACC100590,2026-06-05 11:05:00,492.45,N$,merchant_payment,CP02877,0
TXN006720,ACC100134,2026-06-07 18:52:00,464.91,N$,p2p_transfer,CP02703,0
TXN006721,ACC100531,2026-06-19 17:23:00,1701.76,N$,cash_out,CP01923,0
TXN006722,ACC100638,2026-06-12 07:13:00,187.1,N$,p2p_transfer,CP02216,0
TXN006723,ACC100781,2026-06-26 05:00:00,91.67,N$,p2p_transfer,CP03336,0
TXN006724,ACC100178,2026-07-19 21:09:00,877.81,N$,merchant_payment,CP02352,0
TXN006725,ACC100391,2026-07-27 18:13:00,638.42,N$,merchant_payment,CP01313,0
TXN006726,ACC100688,2026-07-23 07:19:00,56.56,N$,p2p_transfer,CP02312,0
TXN006727,ACC100476,2026-06-01 20:30:00,328.11,N$,cash_out,CP02400,0
TXN006728,ACC100221,2026-06-27 14:58:00,174.87,N$,merchant_payment,CP01133,0
TXN006729,ACC100594,2026-07-06 18:18:00,609.49,N$,p2p_transfer,CP01874,0
TXN006730,ACC100220,2026-06-18 16:43:00,214.94,N$,bill_payment,CP01287,0
TXN006731,ACC100513,2026-07-21 15:04:00,424.28,N$,p2p_transfer,CP00307,0
TXN006732,ACC100227,2026-07-13 02:21:00,197.6,N$,bill_payment,CP00511,0
TXN006733,ACC100655,2026-07-07 01:46:00,206.64,N$,merchant_payment,CP00262,0
TXN006734,ACC100159,2026-06-16 04:02:00,821.15,N$,merchant_payment,CP02190,0
TXN006735,ACC100152,2026-07-05 13:40:00,674.1,N$,bill_payment,CP01845,0
TXN006736,ACC100742,2026-06-10 23:40:00,1021.31,N$,p2p_transfer,CP03743,0
TXN006737,ACC100133,2026-06-02 14:27:00,412.65,N$,p2p_transfer,CP00405,0
TXN006738,ACC100411,2026-06-12 15:16:00,222.86,N$,merchant_payment,CP00261,0
TXN006739,ACC100268,2026-07-11 18:42:00,2995.49,N$,cash_out,CP02106,1
TXN006740,ACC100628,2026-06-18 17:46:00,881.06,N$,merchant_payment,CP01766,0
TXN006741,ACC100056,2026-06-12 18:21:00,769.07,N$,merchant_payment,CP02343,0
TXN006742,ACC100474,2026-07-30 21:09:00,473.86,N$,merchant_payment,CP02409,0
TXN006743,ACC100539,2026-07-10 15:16:00,670.62,N$,p2p_transfer,CP01987,0
TXN006744,ACC100359,2026-06-24 17:26:00,635.24,N$,p2p_transfer,CP02576,0
TXN006745,ACC100490,2026-06-03 01:36:00,176.16,N$,p2p_transfer,CP00276,0
TXN006746,ACC100305,2026-06-04 21:28:00,198.32,N$,merchant_payment,CP00697,0
TXN006747,ACC100755,2026-07-09 15:29:00,589.37,N$,bill_payment,CP03148,0
TXN006748,ACC100594,2026-06-14 05:24:00,175.35,N$,p2p_transfer,CP01162,0
TXN006749,ACC100149,2026-06-17 08:29:00,69.55,N$,p2p_transfer,CP00205,0
TXN006750,ACC100196,2026-06-08 17:18:00,357.77,N$,cash_out,CP02752,0
TXN006751,ACC100286,2026-07-15 08:37:00,181.46,N$,p2p_transfer,CP03939,0
TXN006752,ACC100514,2026-07-25 13:43:00,345.97,N$,merchant_payment,CP00432,0
TXN006753,ACC100770,2026-07-18 05:53:00,426.3,N$,p2p_transfer,CP03206,0
TXN006754,ACC100652,2026-06-27 18:27:00,660.63,N$,p2p_transfer,CP03488,0
TXN006755,ACC100623,2026-06-04 21:30:00,308.2,N$,p2p_transfer,CP03507,0
TXN006756,ACC100301,2026-07-20 09:40:00,423.79,N$,cash_out,CP01354,0
TXN006757,ACC100240,2026-07-19 16:23:00,209.15,N$,cash_out,CP01393,0
TXN006758,ACC100357,2026-07-15 22:17:00,513.35,N$,p2p_transfer,CP02604,0
TXN006759,ACC100007,2026-06-09 18:16:00,453.8,N$,merchant_payment,CP01825,0
TXN006760,ACC100284,2026-06-30 14:30:00,357.3,N$,p2p_transfer,CP03977,0
TXN006761,ACC100341,2026-07-23 10:07:00,588.45,N$,p2p_transfer,CP00765,0
TXN006762,ACC100388,2026-07-30 07:13:00,906.29,N$,bill_payment,CP00362,0
TXN006763,ACC100720,2026-06-06 06:47:00,182.84,N$,merchant_payment,CP00750,0
TXN006764,ACC100680,2026-07-03 14:10:00,790.67,N$,p2p_transfer,CP02134,0
TXN006765,ACC100268,2026-06-06 14:29:00,915.0,N$,merchant_payment,CP01371,0
TXN006766,ACC100669,2026-07-13 00:04:00,1217.23,N$,p2p_transfer,CP01415,0
TXN006767,ACC100791,2026-06-28 05:54:00,635.25,N$,merchant_payment,CP03139,0
TXN006768,ACC100214,2026-06-18 21:04:00,543.24,N$,p2p_transfer,CP01557,0
TXN006769,ACC100117,2026-06-04 06:51:00,610.55,N$,bill_payment,CP00579,0
TXN006770,ACC100799,2026-06-30 05:48:00,584.86,N$,merchant_payment,CP00961,0
TXN006771,ACC100079,2026-07-23 08:36:00,450.76,N$,merchant_payment,CP02137,0
TXN006772,ACC100103,2026-07-18 13:12:00,908.13,N$,cash_out,CP03569,1
TXN006773,ACC100053,2026-07-17 22:33:00,517.19,N$,cash_out,CP01033,0
TXN006774,ACC100598,2026-07-13 02:27:00,12630.98,N$,p2p_transfer,CP01347,1
TXN006775,ACC100324,2026-06-19 03:08:00,584.8,N$,merchant_payment,CP02845,0
TXN006776,ACC100739,2026-07-27 02:16:00,678.87,N$,p2p_transfer,CP00452,0
TXN006777,ACC100271,2026-06-20 15:49:00,235.36,N$,p2p_transfer,CP01455,0
TXN006778,ACC100698,2026-07-02 01:11:00,353.37,N$,p2p_transfer,CP03777,0
TXN006779,ACC100271,2026-06-02 07:57:00,139.35,N$,p2p_transfer,CP02812,0
TXN006780,ACC100359,2026-06-30 21:41:00,751.91,N$,p2p_transfer,CP03131,0
TXN006781,ACC100682,2026-07-09 19:20:00,415.62,N$,bill_payment,CP02307,0
TXN006782,ACC100151,2026-06-21 08:09:00,407.26,N$,merchant_payment,CP03968,0
TXN006783,ACC100120,2026-06-16 19:39:00,272.82,N$,p2p_transfer,CP02265,0
TXN006784,ACC100304,2026-07-15 14:47:00,135.41,N$,merchant_payment,CP03168,0
TXN006785,ACC100202,2026-07-02 17:01:00,451.66,N$,cash_out,CP00464,0
TXN006786,ACC100424,2026-07-20 20:24:00,955.86,N$,p2p_transfer,CP03227,1
TXN006787,ACC100188,2026-07-26 21:23:00,148.94,N$,bill_payment,CP01430,0
TXN006788,ACC100034,2026-06-16 18:37:00,555.39,N$,cash_out,CP01978,0
TXN006789,ACC100467,2026-06-02 10:22:00,640.4,N$,p2p_transfer,CP00002,0
TXN006790,ACC100712,2026-07-09 22:09:00,248.49,N$,cash_out,CP03056,0
TXN006791,ACC100161,2026-06-01 12:16:00,1574.64,N$,p2p_transfer,CP02302,0
TXN006792,ACC100083,2026-07-11 02:41:00,290.87,N$,bill_payment,CP03594,0
TXN006793,ACC100263,2026-06-05 04:34:00,1273.41,N$,p2p_transfer,CP01346,0
TXN006794,ACC100015,2026-07-14 15:12:00,654.76,N$,bill_payment,CP01779,0
TXN006795,ACC100614,2026-06-06 02:22:00,1380.98,N$,cash_out,CP00170,0
TXN006796,ACC100722,2026-07-20 00:04:00,252.36,N$,merchant_payment,CP00611,0
TXN006797,ACC100690,2026-07-25 20:20:00,175.35,N$,merchant_payment,CP03695,0
TXN006798,ACC100610,2026-06-12 18:39:00,496.16,N$,merchant_payment,CP03840,0
TXN006799,ACC100674,2026-07-06 02:20:00,349.53,N$,p2p_transfer,CP02557,0
TXN006800,ACC100300,2026-07-23 19:19:00,402.69,N$,p2p_transfer,CP03975,0
TXN006801,ACC100195,2026-07-06 09:16:00,371.94,N$,merchant_payment,CP03562,0
TXN006802,ACC100360,2026-07-10 23:43:00,9317.84,N$,cash_out,CP01141,1
TXN006803,ACC100077,2026-06-19 09:27:00,520.21,N$,p2p_transfer,CP02530,0
TXN006804,ACC100085,2026-06-20 12:06:00,411.86,N$,cash_out,CP02051,0
TXN006805,ACC100165,2026-07-05 12:58:00,438.86,N$,merchant_payment,CP00224,0
TXN006806,ACC100572,2026-07-20 10:16:00,1027.22,N$,p2p_transfer,CP00864,0
TXN006807,ACC100430,2026-07-17 00:18:00,5539.05,N$,p2p_transfer,CP03142,1
TXN006808,ACC100430,2026-07-14 14:16:00,6488.29,N$,cash_out,CP03106,1
TXN006809,ACC100513,2026-07-17 10:26:00,1202.25,N$,merchant_payment,CP00331,0
TXN006810,ACC100681,2026-06-23 17:26:00,274.38,N$,p2p_transfer,CP03573,0
TXN006811,ACC100298,2026-06-09 09:10:00,844.39,N$,p2p_transfer,CP01942,0
TXN006812,ACC100546,2026-06-27 05:33:00,792.66,N$,cash_out,CP00915,0
TXN006813,ACC100799,2026-07-08 11:30:00,174.23,N$,merchant_payment,CP02402,0
TXN006814,ACC100433,2026-07-28 20:44:00,281.46,N$,p2p_transfer,CP00247,0
TXN006815,ACC100224,2026-07-30 22:30:00,499.48,N$,merchant_payment,CP03613,0
TXN006816,ACC100610,2026-07-17 01:39:00,458.69,N$,merchant_payment,CP01790,0
TXN006817,ACC100161,2026-06-05 07:50:00,1317.82,N$,cash_out,CP03364,0
TXN006818,ACC100787,2026-07-10 12:42:00,1080.71,N$,merchant_payment,CP03318,0
TXN006819,ACC100201,2026-06-28 05:42:00,207.33,N$,cash_out,CP01625,0
TXN006820,ACC100386,2026-07-12 22:38:00,612.36,N$,merchant_payment,CP02661,0
TXN006821,ACC100374,2026-07-30 18:46:00,508.6,N$,merchant_payment,CP03436,0
TXN006822,ACC100324,2026-06-10 03:07:00,534.51,N$,merchant_payment,CP03741,0
TXN006823,ACC100563,2026-06-17 17:49:00,1315.04,N$,merchant_payment,CP02256,0
TXN006824,ACC100281,2026-07-01 19:59:00,1225.35,N$,merchant_payment,CP01212,0
TXN006825,ACC100235,2026-06-06 17:37:00,593.78,N$,p2p_transfer,CP00884,0
TXN006826,ACC100022,2026-07-27 11:52:00,147.05,N$,p2p_transfer,CP03103,0
TXN006827,ACC100235,2026-07-05 00:17:00,256.46,N$,bill_payment,CP01873,0
TXN006828,ACC100146,2026-07-23 10:29:00,219.81,N$,p2p_transfer,CP02625,0
TXN006829,ACC100594,2026-06-19 16:22:00,238.05,N$,merchant_payment,CP03665,0
TXN006830,ACC100507,2026-06-07 08:05:00,557.04,N$,merchant_payment,CP02472,0
TXN006831,ACC100429,2026-06-03 16:54:00,149.46,N$,merchant_payment,CP00443,0
TXN006832,ACC100093,2026-06-25 09:25:00,414.0,N$,merchant_payment,CP01651,0
TXN006833,ACC100064,2026-06-25 17:10:00,538.76,N$,cash_out,CP02047,0
TXN006834,ACC100451,2026-06-22 09:19:00,516.29,N$,p2p_transfer,CP02818,0
TXN006835,ACC100041,2026-07-19 15:49:00,1822.83,N$,p2p_transfer,CP00425,0
TXN006836,ACC100791,2026-06-08 01:26:00,196.34,N$,p2p_transfer,CP03921,0
TXN006837,ACC100731,2026-06-22 00:35:00,331.49,N$,bill_payment,CP03546,0
TXN006838,ACC100130,2026-06-06 21:27:00,577.76,N$,bill_payment,CP02995,0
TXN006839,ACC100166,2026-06-07 18:26:00,54.05,N$,merchant_payment,CP03094,0
TXN006840,ACC100180,2026-06-23 19:10:00,904.31,N$,bill_payment,CP01553,0
TXN006841,ACC100579,2026-07-18 10:01:00,464.41,N$,p2p_transfer,CP01657,0
TXN006842,ACC100421,2026-07-21 21:08:00,292.74,N$,p2p_transfer,CP00213,0
TXN006843,ACC100692,2026-06-16 20:01:00,860.04,N$,cash_out,CP00213,0
TXN006844,ACC100650,2026-06-14 01:29:00,91.6,N$,cash_out,CP03939,0
TXN006845,ACC100690,2026-06-02 20:41:00,750.0,N$,p2p_transfer,CP01046,0
TXN006846,ACC100212,2026-06-05 00:45:00,159.15,N$,p2p_transfer,CP02142,0
TXN006847,ACC100495,2026-06-25 01:00:00,376.39,N$,p2p_transfer,CP02981,0
TXN006848,ACC100631,2026-07-14 14:51:00,654.04,N$,merchant_payment,CP00585,0
TXN006849,ACC100041,2026-07-24 00:11:00,828.44,N$,p2p_transfer,CP01734,0
TXN006850,ACC100607,2026-07-16 07:08:00,1477.12,N$,merchant_payment,CP02912,0
TXN006851,ACC100165,2026-06-30 13:26:00,771.85,N$,bill_payment,CP02235,0
TXN006852,ACC100134,2026-07-14 20:35:00,776.94,N$,merchant_payment,CP02855,0
TXN006853,ACC100467,2026-07-29 15:11:00,770.15,N$,merchant_payment,CP00014,0
TXN006854,ACC100474,2026-07-07 16:15:00,72.85,N$,p2p_transfer,CP03970,0
TXN006855,ACC100273,2026-06-29 03:23:00,141.51,N$,cash_out,CP00457,0
TXN006856,ACC100318,2026-07-25 01:56:00,441.27,N$,p2p_transfer,CP02863,0
TXN006857,ACC100331,2026-07-09 15:37:00,473.24,N$,p2p_transfer,CP01741,0
TXN006858,ACC100716,2026-06-16 05:59:00,1242.31,N$,merchant_payment,CP02975,0
TXN006859,ACC100599,2026-07-04 08:35:00,156.76,N$,cash_out,CP00881,0
TXN006860,ACC100537,2026-06-12 17:52:00,295.31,N$,p2p_transfer,CP03787,0
TXN006861,ACC100699,2026-07-01 12:50:00,580.24,N$,merchant_payment,CP00228,0
TXN006862,ACC100642,2026-07-03 10:49:00,434.23,N$,p2p_transfer,CP00188,0
TXN006863,ACC100280,2026-06-03 21:56:00,418.36,N$,cash_out,CP01784,0
TXN006864,ACC100147,2026-07-08 06:07:00,200.03,N$,bill_payment,CP02298,0
TXN006865,ACC100182,2026-07-10 09:30:00,1053.31,N$,p2p_transfer,CP00562,0
TXN006866,ACC100191,2026-06-14 07:04:00,601.21,N$,bill_payment,CP02491,0
TXN006867,ACC100319,2026-06-11 11:56:00,433.78,N$,p2p_transfer,CP02335,0
TXN006868,ACC100050,2026-07-05 14:53:00,299.32,N$,p2p_transfer,CP01563,0
TXN006869,ACC100295,2026-07-27 15:45:00,103.27,N$,p2p_transfer,CP03455,0
TXN006870,ACC100113,2026-06-03 05:27:00,606.57,N$,cash_out,CP00012,0
TXN006871,ACC100038,2026-06-24 08:31:00,301.35,N$,cash_out,CP02394,0
TXN006872,ACC100469,2026-06-21 19:46:00,496.57,N$,p2p_transfer,CP03953,0
TXN006873,ACC100188,2026-07-21 12:04:00,1028.2,N$,merchant_payment,CP00313,0
TXN006874,ACC100321,2026-06-16 14:10:00,286.0,N$,p2p_transfer,CP01560,0
TXN006875,ACC100748,2026-06-20 02:40:00,273.24,N$,cash_out,CP02252,0
TXN006876,ACC100165,2026-07-10 11:03:00,128.83,N$,bill_payment,CP00106,0
TXN006877,ACC100477,2026-07-06 12:17:00,235.49,N$,p2p_transfer,CP02086,0
TXN006878,ACC100638,2026-06-15 06:56:00,1116.98,N$,cash_out,CP02949,0
TXN006879,ACC100643,2026-06-28 21:03:00,302.12,N$,merchant_payment,CP03378,0
TXN006880,ACC100590,2026-07-21 19:56:00,610.27,N$,merchant_payment,CP03894,0
TXN006881,ACC100191,2026-06-19 04:02:00,448.95,N$,merchant_payment,CP02761,0
TXN006882,ACC100273,2026-06-30 17:16:00,88.76,N$,cash_out,CP02459,0
TXN006883,ACC100400,2026-07-29 12:07:00,262.87,N$,p2p_transfer,CP02861,0
TXN006884,ACC100274,2026-07-12 23:00:00,202.06,N$,p2p_transfer,CP01179,0
TXN006885,ACC100797,2026-06-30 05:27:00,1127.17,N$,bill_payment,CP00269,0
TXN006886,ACC100701,2026-06-24 23:49:00,276.81,N$,p2p_transfer,CP03520,0
TXN006887,ACC100375,2026-06-13 18:08:00,103.34,N$,merchant_payment,CP03758,0
TXN006888,ACC100134,2026-06-01 19:30:00,99.98,N$,bill_payment,CP02724,0
TXN006889,ACC100667,2026-07-09 12:58:00,2771.12,N$,p2p_transfer,CP02777,0
TXN006890,ACC100050,2026-07-07 17:09:00,2318.92,N$,p2p_transfer,CP01278,0
TXN006891,ACC100479,2026-06-29 16:37:00,713.19,N$,bill_payment,CP01803,0
TXN006892,ACC100639,2026-06-14 20:28:00,892.58,N$,cash_out,CP00711,0
TXN006893,ACC100444,2026-06-21 13:51:00,346.75,N$,cash_out,CP00657,0
TXN006894,ACC100546,2026-07-10 03:54:00,285.47,N$,bill_payment,CP00563,0
TXN006895,ACC100572,2026-06-05 23:51:00,2546.31,N$,p2p_transfer,CP03378,0
TXN006896,ACC100708,2026-07-01 13:41:00,946.67,N$,bill_payment,CP03776,0
TXN006897,ACC100104,2026-06-23 02:52:00,726.24,N$,cash_out,CP02654,0
TXN006898,ACC100162,2026-07-17 01:49:00,624.02,N$,p2p_transfer,CP03549,0
TXN006899,ACC100335,2026-06-17 04:15:00,658.27,N$,p2p_transfer,CP03831,0
TXN006900,ACC100157,2026-07-15 04:31:00,574.03,N$,p2p_transfer,CP01227,0
TXN006901,ACC100280,2026-06-10 07:31:00,203.01,N$,bill_payment,CP03293,0
TXN006902,ACC100508,2026-06-09 10:30:00,892.92,N$,merchant_payment,CP02729,0
TXN006903,ACC100046,2026-06-25 22:22:00,395.71,N$,merchant_payment,CP02442,0
TXN006904,ACC100188,2026-07-10 02:21:00,119.88,N$,bill_payment,CP00893,0
TXN006905,ACC100620,2026-06-19 10:44:00,164.54,N$,cash_out,CP01573,0
TXN006906,ACC100159,2026-07-18 20:34:00,1070.76,N$,p2p_transfer,CP00047,0
TXN006907,ACC100572,2026-06-06 03:33:00,81.4,N$,merchant_payment,CP03905,0
TXN006908,ACC100325,2026-06-06 20:32:00,895.21,N$,bill_payment,CP01608,0
TXN006909,ACC100083,2026-07-13 10:30:00,363.37,N$,merchant_payment,CP03125,0
TXN006910,ACC100644,2026-06-12 03:48:00,925.21,N$,merchant_payment,CP00364,0
TXN006911,ACC100515,2026-07-21 17:59:00,701.79,N$,bill_payment,CP03917,0
TXN006912,ACC100169,2026-06-06 18:38:00,221.86,N$,merchant_payment,CP03710,0
TXN006913,ACC100064,2026-07-05 07:57:00,129.19,N$,p2p_transfer,CP03819,0
TXN006914,ACC100322,2026-07-21 17:38:00,196.2,N$,bill_payment,CP01128,0
TXN006915,ACC100430,2026-07-04 10:27:00,1567.07,N$,bill_payment,CP01791,0
TXN006916,ACC100008,2026-07-14 19:23:00,295.11,N$,merchant_payment,CP01391,0
TXN006917,ACC100196,2026-07-22 16:19:00,106.13,N$,p2p_transfer,CP02893,0
TXN006918,ACC100350,2026-07-23 17:10:00,661.85,N$,cash_out,CP02142,0
TXN006919,ACC100637,2026-07-20 01:41:00,103.99,N$,bill_payment,CP02757,0
TXN006920,ACC100425,2026-07-06 03:10:00,591.84,N$,cash_out,CP00247,0
TXN006921,ACC100157,2026-06-20 18:20:00,538.57,N$,merchant_payment,CP03925,0
TXN006922,ACC100387,2026-07-02 10:19:00,794.4,N$,p2p_transfer,CP00943,0
TXN006923,ACC100526,2026-06-09 01:58:00,594.58,N$,p2p_transfer,CP00098,0
TXN006924,ACC100097,2026-07-05 18:35:00,477.15,N$,p2p_transfer,CP01320,0
TXN006925,ACC100600,2026-06-24 21:47:00,581.91,N$,p2p_transfer,CP03000,0
TXN006926,ACC100149,2026-07-01 07:12:00,1659.47,N$,cash_out,CP02762,0
TXN006927,ACC100294,2026-06-01 06:40:00,315.01,N$,p2p_transfer,CP02330,0
TXN006928,ACC100519,2026-07-05 22:33:00,657.01,N$,p2p_transfer,CP02540,0
TXN006929,ACC100003,2026-06-22 10:22:00,1376.6,N$,merchant_payment,CP03651,0
TXN006930,ACC100254,2026-07-19 03:49:00,216.12,N$,merchant_payment,CP00813,0
TXN006931,ACC100134,2026-07-13 16:13:00,83.43,N$,merchant_payment,CP03925,0
TXN006932,ACC100364,2026-06-28 16:22:00,627.44,N$,merchant_payment,CP02007,0
TXN006933,ACC100531,2026-07-26 14:50:00,629.32,N$,bill_payment,CP02399,0
TXN006934,ACC100186,2026-06-15 21:50:00,572.36,N$,p2p_transfer,CP02033,0
TXN006935,ACC100225,2026-07-15 17:16:00,479.56,N$,cash_out,CP02263,0
TXN006936,ACC100747,2026-07-25 21:42:00,643.33,N$,merchant_payment,CP03642,0
TXN006937,ACC100241,2026-06-23 23:47:00,267.61,N$,cash_out,CP02188,0
TXN006938,ACC100667,2026-06-15 17:28:00,316.47,N$,p2p_transfer,CP03698,0
TXN006939,ACC100277,2026-07-25 03:24:00,533.63,N$,p2p_transfer,CP01546,0
TXN006940,ACC100707,2026-06-08 06:39:00,762.16,N$,p2p_transfer,CP03947,0
TXN006941,ACC100030,2026-07-05 18:57:00,760.34,N$,p2p_transfer,CP03089,0
TXN006942,ACC100763,2026-07-07 20:16:00,559.41,N$,merchant_payment,CP01950,0
TXN006943,ACC100367,2026-06-24 14:14:00,158.39,N$,merchant_payment,CP02106,0
TXN006944,ACC100791,2026-06-05 04:08:00,1397.41,N$,bill_payment,CP01362,0
TXN006945,ACC100646,2026-06-19 16:52:00,332.31,N$,bill_payment,CP03682,0
TXN006946,ACC100513,2026-06-10 13:05:00,53.55,N$,bill_payment,CP03683,0
TXN006947,ACC100409,2026-06-14 01:16:00,353.27,N$,bill_payment,CP00637,0
TXN006948,ACC100679,2026-06-11 03:53:00,299.62,N$,merchant_payment,CP01439,0
TXN006949,ACC100015,2026-06-20 05:13:00,1235.06,N$,merchant_payment,CP03672,0
TXN006950,ACC100758,2026-07-30 03:52:00,635.8,N$,p2p_transfer,CP03315,0
TXN006951,ACC100461,2026-07-15 21:12:00,533.43,N$,p2p_transfer,CP00364,0
TXN006952,ACC100706,2026-06-12 12:21:00,641.9,N$,merchant_payment,CP02365,0
TXN006953,ACC100595,2026-07-03 08:01:00,612.09,N$,cash_out,CP01773,0
TXN006954,ACC100691,2026-07-04 13:40:00,742.19,N$,merchant_payment,CP02310,0
TXN006955,ACC100035,2026-07-01 10:47:00,130.52,N$,p2p_transfer,CP03567,0
TXN006956,ACC100677,2026-07-18 12:05:00,272.14,N$,cash_out,CP01598,0
TXN006957,ACC100692,2026-06-18 10:32:00,349.81,N$,p2p_transfer,CP02668,0
TXN006958,ACC100798,2026-07-12 05:08:00,726.81,N$,p2p_transfer,CP00212,0
TXN006959,ACC100238,2026-07-23 02:18:00,636.13,N$,bill_payment,CP01404,0
TXN006960,ACC100777,2026-07-08 15:25:00,257.49,N$,p2p_transfer,CP00222,0
TXN006961,ACC100700,2026-07-28 09:00:00,196.31,N$,bill_payment,CP03549,0
TXN006962,ACC100730,2026-06-29 13:13:00,271.2,N$,cash_out,CP01097,0
TXN006963,ACC100739,2026-06-25 11:45:00,368.63,N$,p2p_transfer,CP02098,0
TXN006964,ACC100320,2026-06-04 04:28:00,123.28,N$,merchant_payment,CP02248,0
TXN006965,ACC100472,2026-07-26 12:46:00,195.02,N$,merchant_payment,CP02171,0
TXN006966,ACC100171,2026-07-19 00:14:00,202.6,N$,bill_payment,CP01469,0
TXN006967,ACC100741,2026-07-16 09:58:00,379.45,N$,bill_payment,CP03732,0
TXN006968,ACC100436,2026-06-30 21:11:00,534.89,N$,cash_out,CP01098,0
TXN006969,ACC100297,2026-07-29 08:55:00,773.99,N$,cash_out,CP02870,0
TXN006970,ACC100255,2026-06-23 14:50:00,352.79,N$,p2p_transfer,CP01018,0
TXN006971,ACC100209,2026-06-16 22:17:00,894.57,N$,p2p_transfer,CP00033,0
TXN006972,ACC100459,2026-07-10 00:02:00,428.35,N$,bill_payment,CP02005,0
TXN006973,ACC100415,2026-06-24 02:06:00,783.49,N$,merchant_payment,CP02806,0
TXN006974,ACC100270,2026-07-13 22:00:00,4477.08,N$,cash_out,CP03200,1
TXN006975,ACC100631,2026-07-28 05:36:00,1710.45,N$,merchant_payment,CP01177,0
TXN006976,ACC100646,2026-07-08 02:37:00,248.97,N$,cash_out,CP01310,0
TXN006977,ACC100311,2026-06-01 03:04:00,508.81,N$,merchant_payment,CP03056,0
TXN006978,ACC100299,2026-06-13 12:18:00,336.11,N$,merchant_payment,CP00562,0
TXN006979,ACC100268,2026-07-23 09:20:00,16089.62,N$,cash_out,CP00866,1
TXN006980,ACC100242,2026-06-14 22:01:00,1177.89,N$,cash_out,CP00079,1
TXN006981,ACC100743,2026-07-12 10:33:00,414.11,N$,merchant_payment,CP01176,0
TXN006982,ACC100556,2026-06-26 13:56:00,70.13,N$,cash_out,CP00913,0
TXN006983,ACC100269,2026-07-14 16:00:00,386.26,N$,cash_out,CP01406,0
TXN006984,ACC100042,2026-07-14 16:27:00,561.12,N$,p2p_transfer,CP02788,0
TXN006985,ACC100029,2026-07-13 04:51:00,467.8,N$,cash_out,CP01376,0
TXN006986,ACC100221,2026-07-03 14:46:00,1336.68,N$,p2p_transfer,CP02184,0
TXN006987,ACC100581,2026-06-26 12:00:00,1143.57,N$,cash_out,CP00312,0
TXN006988,ACC100785,2026-06-11 02:15:00,77.41,N$,p2p_transfer,CP01983,0
TXN006989,ACC100313,2026-06-05 23:38:00,525.8,N$,merchant_payment,CP01525,0
TXN006990,ACC100257,2026-07-06 05:58:00,207.57,N$,bill_payment,CP02506,0
TXN006991,ACC100586,2026-06-16 07:03:00,220.58,N$,cash_out,CP00097,0
TXN006992,ACC100081,2026-07-13 21:43:00,585.37,N$,p2p_transfer,CP01462,0
TXN006993,ACC100516,2026-06-05 05:29:00,620.66,N$,p2p_transfer,CP01441,0
TXN006994,ACC100647,2026-06-24 01:17:00,264.51,N$,merchant_payment,CP03346,0
TXN006995,ACC100782,2026-06-02 08:20:00,273.43,N$,p2p_transfer,CP00407,0
TXN006996,ACC100536,2026-07-04 22:48:00,685.09,N$,cash_out,CP02239,0
TXN006997,ACC100015,2026-07-03 20:30:00,420.57,N$,merchant_payment,CP03746,0
TXN006998,ACC100083,2026-06-13 20:07:00,133.89,N$,p2p_transfer,CP00806,0
TXN006999,ACC100116,2026-06-14 13:00:00,41.68,N$,p2p_transfer,CP03180,0
TXN007000,ACC100263,2026-06-03 20:05:00,429.99,N$,cash_out,CP02349,0
TXN007001,ACC100293,2026-06-14 20:59:00,203.22,N$,cash_out,CP00668,0
TXN007002,ACC100498,2026-06-14 14:39:00,241.94,N$,merchant_payment,CP02266,0
TXN007003,ACC100714,2026-06-10 16:10:00,1976.42,N$,cash_out,CP00811,0
TXN007004,ACC100161,2026-07-09 01:37:00,399.4,N$,p2p_transfer,CP01786,0
TXN007005,ACC100066,2026-06-08 12:12:00,654.13,N$,bill_payment,CP01649,0
TXN007006,ACC100081,2026-07-01 00:22:00,328.75,N$,bill_payment,CP03850,0
TXN007007,ACC100233,2026-07-24 00:48:00,458.97,N$,p2p_transfer,CP02082,0
TXN007008,ACC100640,2026-06-03 23:24:00,8365.81,N$,bill_payment,CP00046,0
TXN007009,ACC100265,2026-07-23 16:06:00,347.42,N$,p2p_transfer,CP03061,0
TXN007010,ACC100044,2026-07-14 20:14:00,232.07,N$,p2p_transfer,CP02214,0
TXN007011,ACC100343,2026-07-20 21:58:00,547.65,N$,p2p_transfer,CP03786,0
TXN007012,ACC100649,2026-07-29 19:10:00,192.82,N$,cash_out,CP01858,0
TXN007013,ACC100575,2026-07-06 02:05:00,451.17,N$,merchant_payment,CP01330,0
TXN007014,ACC100500,2026-07-06 12:14:00,183.18,N$,cash_out,CP00016,0
TXN007015,ACC100472,2026-07-20 07:44:00,762.87,N$,bill_payment,CP02742,0
TXN007016,ACC100749,2026-06-21 07:02:00,246.37,N$,merchant_payment,CP00656,0
TXN007017,ACC100162,2026-07-24 22:32:00,292.24,N$,bill_payment,CP02391,0
TXN007018,ACC100320,2026-07-10 12:19:00,312.6,N$,p2p_transfer,CP03499,0
TXN007019,ACC100661,2026-06-23 00:19:00,493.32,N$,merchant_payment,CP02939,0
TXN007020,ACC100431,2026-07-10 17:13:00,1154.89,N$,p2p_transfer,CP03088,0
TXN007021,ACC100138,2026-07-30 07:24:00,637.33,N$,p2p_transfer,CP02081,0
TXN007022,ACC100456,2026-07-04 04:06:00,917.66,N$,merchant_payment,CP01162,0
TXN007023,ACC100508,2026-06-16 17:13:00,139.58,N$,merchant_payment,CP03758,0
TXN007024,ACC100344,2026-06-17 16:35:00,195.49,N$,bill_payment,CP02855,0
TXN007025,ACC100066,2026-07-22 03:09:00,109.77,N$,merchant_payment,CP03929,0
TXN007026,ACC100434,2026-06-12 11:54:00,358.97,N$,p2p_transfer,CP00477,0
TXN007027,ACC100110,2026-06-07 11:26:00,598.36,N$,p2p_transfer,CP01222,0
TXN007028,ACC100678,2026-06-19 22:22:00,814.45,N$,merchant_payment,CP00719,0
TXN007029,ACC100442,2026-07-11 11:29:00,764.09,N$,p2p_transfer,CP01212,0
TXN007030,ACC100114,2026-07-20 13:34:00,416.92,N$,merchant_payment,CP01620,0
TXN007031,ACC100024,2026-07-26 13:59:00,1143.86,N$,p2p_transfer,CP01223,0
TXN007032,ACC100098,2026-06-29 02:29:00,388.6,N$,p2p_transfer,CP02694,0
TXN007033,ACC100454,2026-07-06 13:51:00,778.38,N$,merchant_payment,CP02847,0
TXN007034,ACC100139,2026-07-24 15:48:00,339.37,N$,p2p_transfer,CP03480,0
TXN007035,ACC100540,2026-06-14 14:24:00,422.72,N$,p2p_transfer,CP03264,0
TXN007036,ACC100564,2026-07-23 16:02:00,718.79,N$,p2p_transfer,CP02233,0
TXN007037,ACC100088,2026-06-03 14:59:00,342.77,N$,p2p_transfer,CP02111,0
TXN007038,ACC100343,2026-07-16 08:04:00,262.9,N$,p2p_transfer,CP01956,0
TXN007039,ACC100679,2026-06-23 14:25:00,111.41,N$,cash_out,CP03456,0
TXN007040,ACC100100,2026-06-22 08:37:00,995.94,N$,p2p_transfer,CP03459,0
TXN007041,ACC100179,2026-06-06 09:32:00,453.79,N$,merchant_payment,CP01501,0
TXN007042,ACC100744,2026-06-01 04:01:00,347.3,N$,bill_payment,CP01632,0
TXN007043,ACC100232,2026-07-12 14:23:00,295.96,N$,merchant_payment,CP03468,0
TXN007044,ACC100263,2026-07-28 04:42:00,205.55,N$,merchant_payment,CP02621,0
TXN007045,ACC100740,2026-06-13 12:22:00,424.16,N$,p2p_transfer,CP01841,0
TXN007046,ACC100213,2026-06-27 03:43:00,887.45,N$,bill_payment,CP01549,0
TXN007047,ACC100221,2026-06-30 12:22:00,244.06,N$,cash_out,CP01965,0
TXN007048,ACC100657,2026-07-06 17:01:00,5739.17,N$,p2p_transfer,CP00848,1
TXN007049,ACC100041,2026-06-07 16:03:00,1036.57,N$,merchant_payment,CP00760,0
TXN007050,ACC100510,2026-06-12 06:47:00,223.77,N$,bill_payment,CP01800,0
TXN007051,ACC100502,2026-06-07 05:06:00,188.69,N$,p2p_transfer,CP02051,0
TXN007052,ACC100414,2026-06-07 00:59:00,454.55,N$,bill_payment,CP03219,0
TXN007053,ACC100735,2026-07-26 19:20:00,196.54,N$,p2p_transfer,CP03786,0
TXN007054,ACC100192,2026-07-03 11:08:00,482.58,N$,merchant_payment,CP03786,0
TXN007055,ACC100457,2026-07-27 07:45:00,1099.05,N$,cash_out,CP03621,0
TXN007056,ACC100096,2026-07-01 10:56:00,463.04,N$,p2p_transfer,CP00607,0
TXN007057,ACC100589,2026-07-28 08:37:00,342.55,N$,cash_out,CP00971,0
TXN007058,ACC100115,2026-06-20 01:38:00,181.98,N$,merchant_payment,CP03307,0
TXN007059,ACC100327,2026-07-26 02:05:00,274.75,N$,p2p_transfer,CP03540,0
TXN007060,ACC100330,2026-06-13 18:35:00,328.48,N$,merchant_payment,CP00355,0
TXN007061,ACC100763,2026-06-20 02:40:00,206.06,N$,p2p_transfer,CP03091,0
TXN007062,ACC100619,2026-07-10 11:50:00,240.89,N$,p2p_transfer,CP03072,0
TXN007063,ACC100429,2026-06-03 02:44:00,460.33,N$,merchant_payment,CP03608,0
TXN007064,ACC100671,2026-06-05 20:13:00,219.2,N$,bill_payment,CP00950,0
TXN007065,ACC100453,2026-07-17 12:43:00,586.02,N$,p2p_transfer,CP02906,0
TXN007066,ACC100351,2026-07-12 16:34:00,167.57,N$,bill_payment,CP00405,0
TXN007067,ACC100211,2026-07-22 23:50:00,196.24,N$,cash_out,CP01584,0
TXN007068,ACC100556,2026-07-05 07:12:00,316.25,N$,p2p_transfer,CP02396,0
TXN007069,ACC100625,2026-07-18 20:01:00,106.53,N$,merchant_payment,CP01344,0
TXN007070,ACC100706,2026-06-17 01:16:00,121.85,N$,merchant_payment,CP01635,0
TXN007071,ACC100177,2026-07-13 08:15:00,324.99,N$,cash_out,CP03948,0
TXN007072,ACC100292,2026-06-03 07:24:00,398.48,N$,p2p_transfer,CP03365,0
TXN007073,ACC100105,2026-07-08 20:37:00,232.34,N$,p2p_transfer,CP01233,0
TXN007074,ACC100215,2026-06-03 15:22:00,174.83,N$,merchant_payment,CP03240,0
TXN007075,ACC100455,2026-06-01 04:30:00,162.73,N$,p2p_transfer,CP00913,0
TXN007076,ACC100775,2026-06-01 11:47:00,846.74,N$,merchant_payment,CP02647,0
TXN007077,ACC100414,2026-06-18 08:02:00,473.55,N$,merchant_payment,CP02257,0
TXN007078,ACC100419,2026-07-13 11:40:00,455.76,N$,p2p_transfer,CP01351,0
TXN007079,ACC100241,2026-06-19 00:42:00,523.29,N$,p2p_transfer,CP02761,0
TXN007080,ACC100554,2026-06-01 12:01:00,234.95,N$,p2p_transfer,CP02419,0
TXN007081,ACC100673,2026-06-30 17:09:00,138.3,N$,merchant_payment,CP02957,0
TXN007082,ACC100746,2026-07-08 01:01:00,303.45,N$,p2p_transfer,CP01581,0
TXN007083,ACC100219,2026-07-26 17:25:00,364.67,N$,merchant_payment,CP02147,0
TXN007084,ACC100532,2026-06-19 16:04:00,144.94,N$,cash_out,CP01181,0
TXN007085,ACC100698,2026-06-05 03:54:00,246.63,N$,p2p_transfer,CP02420,0
TXN007086,ACC100782,2026-06-13 21:59:00,3301.29,N$,cash_out,CP00900,0
TXN007087,ACC100626,2026-06-23 09:36:00,452.46,N$,merchant_payment,CP03453,0
TXN007088,ACC100106,2026-06-28 19:01:00,1676.39,N$,bill_payment,CP03827,0
TXN007089,ACC100425,2026-06-12 15:56:00,988.08,N$,cash_out,CP01404,0
TXN007090,ACC100783,2026-07-04 10:04:00,481.65,N$,merchant_payment,CP00470,0
TXN007091,ACC100553,2026-06-19 10:30:00,638.58,N$,merchant_payment,CP01843,0
TXN007092,ACC100092,2026-07-04 05:25:00,407.26,N$,p2p_transfer,CP02256,0
TXN007093,ACC100633,2026-07-15 11:10:00,498.13,N$,p2p_transfer,CP01669,0
TXN007094,ACC100281,2026-06-10 23:41:00,467.78,N$,merchant_payment,CP00962,0
TXN007095,ACC100556,2026-06-11 14:14:00,727.87,N$,p2p_transfer,CP00459,0
TXN007096,ACC100406,2026-07-08 16:40:00,929.93,N$,cash_out,CP03126,0
TXN007097,ACC100157,2026-07-27 18:57:00,160.29,N$,p2p_transfer,CP03392,0
TXN007098,ACC100417,2026-06-12 14:52:00,2115.68,N$,p2p_transfer,CP03109,0
TXN007099,ACC100344,2026-06-20 11:32:00,285.55,N$,p2p_transfer,CP02719,0
TXN007100,ACC100279,2026-06-13 03:55:00,1166.12,N$,p2p_transfer,CP00456,0
TXN007101,ACC100361,2026-06-09 14:49:00,404.45,N$,p2p_transfer,CP03146,0
TXN007102,ACC100579,2026-06-04 08:48:00,296.35,N$,merchant_payment,CP01337,0
TXN007103,ACC100682,2026-06-28 10:21:00,248.3,N$,merchant_payment,CP01621,0
TXN007104,ACC100005,2026-07-16 12:32:00,152.23,N$,merchant_payment,CP00305,0
TXN007105,ACC100029,2026-06-22 19:44:00,537.44,N$,merchant_payment,CP01237,0
TXN007106,ACC100637,2026-06-06 21:54:00,46.6,N$,p2p_transfer,CP00195,0
TXN007107,ACC100377,2026-07-06 17:39:00,579.9,N$,merchant_payment,CP00968,0
TXN007108,ACC100087,2026-07-25 12:14:00,83.05,N$,p2p_transfer,CP01566,0
TXN007109,ACC100376,2026-07-15 09:01:00,188.6,N$,merchant_payment,CP02385,0
TXN007110,ACC100261,2026-06-11 07:35:00,149.22,N$,bill_payment,CP03403,0
TXN007111,ACC100397,2026-07-20 02:08:00,698.17,N$,p2p_transfer,CP02572,0
TXN007112,ACC100794,2026-06-15 02:48:00,355.99,N$,cash_out,CP02466,0
TXN007113,ACC100407,2026-06-09 03:30:00,198.93,N$,p2p_transfer,CP03670,0
TXN007114,ACC100696,2026-06-03 09:28:00,235.13,N$,cash_out,CP02367,0
TXN007115,ACC100635,2026-06-15 20:06:00,1068.0,N$,merchant_payment,CP02316,0
TXN007116,ACC100063,2026-07-08 01:11:00,58.17,N$,cash_out,CP00894,0
TXN007117,ACC100224,2026-06-12 15:07:00,1008.36,N$,p2p_transfer,CP01328,0
TXN007118,ACC100435,2026-06-04 13:03:00,253.2,N$,bill_payment,CP01423,0
TXN007119,ACC100145,2026-07-07 15:16:00,435.12,N$,p2p_transfer,CP01468,0
TXN007120,ACC100433,2026-07-30 03:49:00,185.25,N$,bill_payment,CP02186,0
TXN007121,ACC100759,2026-06-10 04:40:00,206.99,N$,p2p_transfer,CP02322,0
TXN007122,ACC100252,2026-07-09 06:48:00,359.73,N$,p2p_transfer,CP03533,0
TXN007123,ACC100049,2026-06-23 06:23:00,175.64,N$,merchant_payment,CP03853,0
TXN007124,ACC100583,2026-06-13 22:21:00,439.25,N$,p2p_transfer,CP03323,0
TXN007125,ACC100296,2026-06-21 01:25:00,2271.55,N$,p2p_transfer,CP02920,0
TXN007126,ACC100213,2026-06-26 13:12:00,328.47,N$,merchant_payment,CP00251,0
TXN007127,ACC100117,2026-06-08 22:15:00,416.06,N$,bill_payment,CP00269,0
TXN007128,ACC100173,2026-06-14 04:13:00,1340.88,N$,cash_out,CP01486,0
TXN007129,ACC100093,2026-06-10 20:33:00,443.78,N$,cash_out,CP03247,0
TXN007130,ACC100791,2026-06-09 08:10:00,1303.11,N$,p2p_transfer,CP02542,0
TXN007131,ACC100410,2026-06-21 21:46:00,1219.96,N$,p2p_transfer,CP00466,0
TXN007132,ACC100557,2026-07-27 19:59:00,1240.51,N$,cash_out,CP02356,0
TXN007133,ACC100095,2026-06-12 10:39:00,1176.45,N$,p2p_transfer,CP00782,0
TXN007134,ACC100789,2026-07-11 20:40:00,443.36,N$,p2p_transfer,CP02818,0
TXN007135,ACC100159,2026-06-17 12:49:00,687.14,N$,p2p_transfer,CP02888,0
TXN007136,ACC100465,2026-06-11 09:46:00,311.36,N$,p2p_transfer,CP02531,0
TXN007137,ACC100776,2026-07-05 20:25:00,240.63,N$,cash_out,CP00377,0
TXN007138,ACC100359,2026-06-19 06:08:00,423.25,N$,bill_payment,CP01584,0
TXN007139,ACC100758,2026-07-19 04:57:00,303.57,N$,p2p_transfer,CP01472,0
TXN007140,ACC100659,2026-06-13 01:20:00,487.12,N$,merchant_payment,CP03861,0
TXN007141,ACC100029,2026-06-30 18:23:00,1002.46,N$,merchant_payment,CP03134,0
TXN007142,ACC100137,2026-07-26 05:54:00,568.58,N$,p2p_transfer,CP00098,0
TXN007143,ACC100628,2026-07-19 17:06:00,738.15,N$,cash_out,CP02152,0
TXN007144,ACC100689,2026-07-25 18:20:00,781.89,N$,merchant_payment,CP00810,0
TXN007145,ACC100352,2026-07-23 19:54:00,630.59,N$,p2p_transfer,CP00260,0
TXN007146,ACC100497,2026-07-03 07:09:00,586.89,N$,bill_payment,CP03529,0
TXN007147,ACC100499,2026-06-08 21:35:00,213.24,N$,bill_payment,CP00588,0
TXN007148,ACC100271,2026-06-21 05:04:00,73.8,N$,merchant_payment,CP00007,0
TXN007149,ACC100694,2026-07-13 17:22:00,158.26,N$,merchant_payment,CP01324,0
TXN007150,ACC100640,2026-06-16 11:29:00,187.14,N$,p2p_transfer,CP00405,0
TXN007151,ACC100338,2026-06-15 05:56:00,1422.48,N$,p2p_transfer,CP03187,0
TXN007152,ACC100039,2026-06-07 10:52:00,775.19,N$,merchant_payment,CP01660,0
TXN007153,ACC100024,2026-07-28 05:57:00,1012.16,N$,cash_out,CP02135,0
TXN007154,ACC100451,2026-06-13 00:20:00,144.13,N$,cash_out,CP02729,0
TXN007155,ACC100773,2026-06-28 16:05:00,347.61,N$,p2p_transfer,CP03387,0
TXN007156,ACC100185,2026-06-16 00:05:00,569.06,N$,cash_out,CP03376,0
TXN007157,ACC100126,2026-06-07 11:54:00,111.68,N$,p2p_transfer,CP01550,0
TXN007158,ACC100625,2026-06-23 00:13:00,107.6,N$,p2p_transfer,CP02424,0
TXN007159,ACC100445,2026-07-05 20:23:00,1239.31,N$,p2p_transfer,CP03341,0
TXN007160,ACC100696,2026-06-10 14:10:00,1983.91,N$,merchant_payment,CP01275,0
TXN007161,ACC100540,2026-06-16 17:21:00,1080.04,N$,p2p_transfer,CP01925,0
TXN007162,ACC100705,2026-07-27 18:54:00,145.66,N$,merchant_payment,CP01441,0
TXN007163,ACC100493,2026-07-13 13:00:00,118.61,N$,p2p_transfer,CP00316,0
TXN007164,ACC100770,2026-07-25 11:28:00,1508.65,N$,cash_out,CP01919,0
TXN007165,ACC100531,2026-07-19 23:28:00,837.53,N$,p2p_transfer,CP01243,0
TXN007166,ACC100674,2026-06-20 04:08:00,660.7,N$,p2p_transfer,CP00958,0
TXN007167,ACC100534,2026-07-06 19:03:00,355.15,N$,bill_payment,CP00989,0
TXN007168,ACC100003,2026-06-04 22:55:00,199.25,N$,merchant_payment,CP00606,0
TXN007169,ACC100277,2026-07-16 11:36:00,1226.53,N$,p2p_transfer,CP02073,0
TXN007170,ACC100638,2026-06-01 22:29:00,409.26,N$,merchant_payment,CP03173,0
TXN007171,ACC100393,2026-07-27 19:58:00,3055.26,N$,p2p_transfer,CP03422,0
TXN007172,ACC100543,2026-07-29 00:37:00,112.9,N$,bill_payment,CP01939,0
TXN007173,ACC100486,2026-06-05 10:53:00,512.66,N$,merchant_payment,CP02876,0
TXN007174,ACC100299,2026-07-26 21:13:00,607.77,N$,cash_out,CP03711,0
TXN007175,ACC100437,2026-06-07 13:47:00,478.36,N$,p2p_transfer,CP01144,0
TXN007176,ACC100357,2026-06-18 13:56:00,116.4,N$,p2p_transfer,CP01490,0
TXN007177,ACC100148,2026-07-25 01:30:00,449.86,N$,cash_out,CP01229,0
TXN007178,ACC100235,2026-07-18 20:44:00,261.03,N$,p2p_transfer,CP02335,0
TXN007179,ACC100190,2026-07-26 22:13:00,1158.55,N$,merchant_payment,CP01478,0
TXN007180,ACC100550,2026-07-13 18:51:00,497.96,N$,merchant_payment,CP00515,0
TXN007181,ACC100587,2026-07-01 14:17:00,549.14,N$,p2p_transfer,CP03036,0
TXN007182,ACC100489,2026-06-08 04:04:00,306.16,N$,bill_payment,CP02831,0
TXN007183,ACC100266,2026-06-27 19:07:00,761.42,N$,merchant_payment,CP02735,0
TXN007184,ACC100566,2026-06-21 18:42:00,158.96,N$,merchant_payment,CP01360,0
TXN007185,ACC100177,2026-06-20 21:01:00,353.21,N$,merchant_payment,CP00372,0
TXN007186,ACC100704,2026-07-28 04:37:00,803.85,N$,p2p_transfer,CP01856,0
TXN007187,ACC100517,2026-06-02 20:15:00,1029.29,N$,merchant_payment,CP03421,0
TXN007188,ACC100756,2026-07-04 23:11:00,652.34,N$,p2p_transfer,CP02745,0
TXN007189,ACC100519,2026-06-15 06:03:00,296.46,N$,p2p_transfer,CP01517,0
TXN007190,ACC100386,2026-07-19 11:52:00,261.89,N$,merchant_payment,CP00869,0
TXN007191,ACC100414,2026-06-03 10:57:00,1382.72,N$,merchant_payment,CP01518,0
TXN007192,ACC100655,2026-06-08 13:16:00,485.41,N$,p2p_transfer,CP02901,0
TXN007193,ACC100294,2026-06-28 10:48:00,168.87,N$,merchant_payment,CP03817,0
TXN007194,ACC100710,2026-07-28 08:12:00,604.93,N$,merchant_payment,CP00206,0
TXN007195,ACC100318,2026-06-19 06:56:00,577.88,N$,merchant_payment,CP03166,0
TXN007196,ACC100703,2026-06-26 16:16:00,277.46,N$,bill_payment,CP02090,0
TXN007197,ACC100720,2026-07-29 05:34:00,236.55,N$,merchant_payment,CP03799,0
TXN007198,ACC100540,2026-06-25 14:21:00,778.65,N$,cash_out,CP01393,0
TXN007199,ACC100425,2026-07-18 05:13:00,661.85,N$,merchant_payment,CP01948,0
TXN007200,ACC100070,2026-06-05 20:10:00,312.9,N$,p2p_transfer,CP03551,0
TXN007201,ACC100454,2026-06-25 17:14:00,259.48,N$,cash_out,CP00399,0
TXN007202,ACC100785,2026-07-19 19:09:00,1158.72,N$,cash_out,CP00616,0
TXN007203,ACC100647,2026-06-15 13:06:00,1010.18,N$,bill_payment,CP00776,0
TXN007204,ACC100439,2026-07-12 15:10:00,245.56,N$,cash_out,CP02700,0
TXN007205,ACC100597,2026-07-07 08:12:00,549.94,N$,cash_out,CP02907,0
TXN007206,ACC100021,2026-07-09 05:13:00,273.6,N$,p2p_transfer,CP03331,0
TXN007207,ACC100174,2026-06-26 15:19:00,93.83,N$,bill_payment,CP03452,0
TXN007208,ACC100688,2026-07-29 16:27:00,155.01,N$,bill_payment,CP00242,0
TXN007209,ACC100783,2026-06-10 01:21:00,847.92,N$,merchant_payment,CP00375,0
TXN007210,ACC100181,2026-07-13 03:31:00,591.1,N$,cash_out,CP03792,0
TXN007211,ACC100398,2026-07-08 16:42:00,51.15,N$,merchant_payment,CP03941,0
TXN007212,ACC100798,2026-06-09 13:35:00,266.43,N$,merchant_payment,CP00620,0
TXN007213,ACC100367,2026-06-04 19:38:00,577.02,N$,merchant_payment,CP03588,0
TXN007214,ACC100533,2026-07-20 02:44:00,931.1,N$,merchant_payment,CP00718,0
TXN007215,ACC100691,2026-06-01 14:26:00,769.3,N$,p2p_transfer,CP02504,0
TXN007216,ACC100104,2026-06-14 23:32:00,151.66,N$,cash_out,CP03599,0
TXN007217,ACC100540,2026-07-16 04:49:00,1117.17,N$,cash_out,CP02965,0
TXN007218,ACC100504,2026-06-27 09:19:00,61.59,N$,merchant_payment,CP00121,0
TXN007219,ACC100521,2026-07-19 20:16:00,785.9,N$,p2p_transfer,CP02856,0
TXN007220,ACC100791,2026-06-06 02:27:00,492.49,N$,merchant_payment,CP00052,0
TXN007221,ACC100559,2026-06-30 08:05:00,1218.64,N$,bill_payment,CP03017,0
TXN007222,ACC100528,2026-07-05 19:50:00,1051.48,N$,p2p_transfer,CP02721,0
TXN007223,ACC100448,2026-07-24 02:08:00,971.34,N$,p2p_transfer,CP00646,0
TXN007224,ACC100301,2026-07-19 04:18:00,226.82,N$,p2p_transfer,CP03782,0
TXN007225,ACC100409,2026-06-15 12:45:00,625.87,N$,merchant_payment,CP02432,0
TXN007226,ACC100290,2026-07-23 21:47:00,135.89,N$,merchant_payment,CP01400,0
TXN007227,ACC100119,2026-06-06 08:16:00,478.52,N$,p2p_transfer,CP02001,0
TXN007228,ACC100475,2026-06-20 18:26:00,500.1,N$,p2p_transfer,CP02624,0
TXN007229,ACC100658,2026-06-29 16:16:00,397.8,N$,merchant_payment,CP00121,0
TXN007230,ACC100093,2026-07-30 10:24:00,802.09,N$,cash_out,CP03376,0
TXN007231,ACC100474,2026-06-03 02:14:00,522.72,N$,merchant_payment,CP01669,0
TXN007232,ACC100349,2026-07-11 23:24:00,507.69,N$,bill_payment,CP00643,0
TXN007233,ACC100631,2026-06-24 11:07:00,3277.83,N$,p2p_transfer,CP03851,0
TXN007234,ACC100093,2026-07-03 13:36:00,264.89,N$,p2p_transfer,CP00190,0
TXN007235,ACC100770,2026-07-02 10:54:00,274.63,N$,merchant_payment,CP01805,0
TXN007236,ACC100707,2026-07-10 01:35:00,407.24,N$,p2p_transfer,CP00605,0
TXN007237,ACC100687,2026-06-12 23:07:00,170.41,N$,p2p_transfer,CP03706,0
TXN007238,ACC100628,2026-07-05 22:53:00,914.0,N$,merchant_payment,CP00948,0
TXN007239,ACC100715,2026-07-17 23:08:00,1674.04,N$,merchant_payment,CP03873,0
TXN007240,ACC100066,2026-07-15 21:00:00,375.22,N$,merchant_payment,CP00762,0
TXN007241,ACC100558,2026-07-19 10:52:00,230.22,N$,bill_payment,CP02866,0
TXN007242,ACC100068,2026-06-13 20:32:00,194.21,N$,merchant_payment,CP00347,0
TXN007243,ACC100679,2026-06-11 01:55:00,381.59,N$,p2p_transfer,CP00166,0
TXN007244,ACC100226,2026-07-19 03:10:00,589.58,N$,cash_out,CP02334,0
TXN007245,ACC100570,2026-07-14 00:00:00,103.93,N$,bill_payment,CP02347,0
TXN007246,ACC100149,2026-06-13 01:44:00,582.46,N$,p2p_transfer,CP00920,0
TXN007247,ACC100435,2026-06-18 06:21:00,117.75,N$,p2p_transfer,CP01833,0
TXN007248,ACC100024,2026-06-25 16:53:00,2202.46,N$,merchant_payment,CP01246,0
TXN007249,ACC100247,2026-07-12 17:55:00,382.61,N$,p2p_transfer,CP01144,0
TXN007250,ACC100579,2026-06-27 12:06:00,506.42,N$,cash_out,CP03889,0
TXN007251,ACC100214,2026-07-08 20:35:00,411.74,N$,merchant_payment,CP01743,0
TXN007252,ACC100117,2026-06-16 15:15:00,450.96,N$,p2p_transfer,CP02375,0
TXN007253,ACC100463,2026-06-01 01:31:00,620.52,N$,merchant_payment,CP01037,0
TXN007254,ACC100619,2026-06-13 01:21:00,148.27,N$,merchant_payment,CP01505,0
TXN007255,ACC100241,2026-06-09 11:52:00,178.63,N$,p2p_transfer,CP00293,0
TXN007256,ACC100027,2026-07-16 17:25:00,233.05,N$,bill_payment,CP02114,0
TXN007257,ACC100349,2026-07-03 00:55:00,222.87,N$,p2p_transfer,CP01324,0
TXN007258,ACC100608,2026-07-22 17:41:00,2168.86,N$,p2p_transfer,CP02966,0
TXN007259,ACC100760,2026-06-22 11:29:00,1492.64,N$,bill_payment,CP03026,0
TXN007260,ACC100138,2026-07-02 00:03:00,352.61,N$,p2p_transfer,CP00047,0
TXN007261,ACC100224,2026-06-19 06:25:00,255.35,N$,cash_out,CP01530,0
TXN007262,ACC100748,2026-07-04 12:41:00,729.41,N$,merchant_payment,CP00836,0
TXN007263,ACC100206,2026-06-23 06:51:00,272.11,N$,cash_out,CP00365,0
TXN007264,ACC100404,2026-07-29 20:05:00,412.93,N$,p2p_transfer,CP03894,0
TXN007265,ACC100603,2026-06-18 04:59:00,2159.3,N$,p2p_transfer,CP03715,0
TXN007266,ACC100314,2026-06-21 12:27:00,487.31,N$,merchant_payment,CP00503,0
TXN007267,ACC100008,2026-07-21 08:26:00,631.39,N$,cash_out,CP01763,0
TXN007268,ACC100587,2026-06-22 19:52:00,397.26,N$,p2p_transfer,CP02647,0
TXN007269,ACC100224,2026-06-30 09:36:00,890.52,N$,p2p_transfer,CP03050,0
TXN007270,ACC100304,2026-07-05 09:40:00,1596.28,N$,merchant_payment,CP01611,0
TXN007271,ACC100461,2026-06-12 10:15:00,127.32,N$,p2p_transfer,CP02732,0
TXN007272,ACC100544,2026-07-05 02:45:00,1147.34,N$,cash_out,CP03677,0
TXN007273,ACC100312,2026-06-29 04:16:00,275.21,N$,cash_out,CP03003,0
TXN007274,ACC100646,2026-06-13 19:22:00,307.39,N$,p2p_transfer,CP03728,0
TXN007275,ACC100112,2026-06-24 17:03:00,385.44,N$,p2p_transfer,CP02688,0
TXN007276,ACC100221,2026-07-26 12:00:00,696.34,N$,p2p_transfer,CP00812,0
TXN007277,ACC100395,2026-07-27 08:43:00,862.07,N$,merchant_payment,CP02758,0
TXN007278,ACC100121,2026-07-25 14:59:00,7473.9,N$,cash_out,CP01720,1
TXN007279,ACC100016,2026-06-24 00:27:00,782.47,N$,p2p_transfer,CP00642,0
TXN007280,ACC100757,2026-07-28 05:38:00,1117.05,N$,p2p_transfer,CP00195,0
TXN007281,ACC100753,2026-06-02 05:34:00,346.53,N$,merchant_payment,CP01920,0
TXN007282,ACC100734,2026-06-01 02:30:00,450.37,N$,p2p_transfer,CP01869,0
TXN007283,ACC100784,2026-07-24 20:53:00,144.34,N$,p2p_transfer,CP01630,0
TXN007284,ACC100471,2026-07-15 06:36:00,562.48,N$,merchant_payment,CP03469,0
TXN007285,ACC100314,2026-07-26 10:12:00,669.33,N$,p2p_transfer,CP02593,0
TXN007286,ACC100052,2026-07-29 18:17:00,542.48,N$,merchant_payment,CP00685,0
TXN007287,ACC100232,2026-07-06 15:01:00,472.56,N$,bill_payment,CP00912,0
TXN007288,ACC100108,2026-07-14 06:13:00,1251.23,N$,merchant_payment,CP02862,0
TXN007289,ACC100650,2026-07-20 08:15:00,1782.67,N$,p2p_transfer,CP01579,0
TXN007290,ACC100792,2026-07-25 16:56:00,757.53,N$,p2p_transfer,CP00031,0
TXN007291,ACC100008,2026-07-23 09:09:00,781.97,N$,p2p_transfer,CP00433,0
TXN007292,ACC100421,2026-06-07 09:40:00,789.91,N$,cash_out,CP00137,0
TXN007293,ACC100683,2026-07-10 22:01:00,1015.22,N$,merchant_payment,CP01486,0
TXN007294,ACC100036,2026-06-09 03:49:00,169.6,N$,cash_out,CP00172,0
TXN007295,ACC100379,2026-07-22 18:51:00,174.76,N$,merchant_payment,CP02679,0
TXN007296,ACC100115,2026-07-08 07:16:00,675.47,N$,bill_payment,CP02105,0
TXN007297,ACC100700,2026-06-16 23:27:00,110.67,N$,cash_out,CP01453,0
TXN007298,ACC100286,2026-06-25 09:01:00,279.04,N$,merchant_payment,CP02086,0
TXN007299,ACC100266,2026-07-19 04:55:00,141.94,N$,p2p_transfer,CP00723,0
TXN007300,ACC100434,2026-06-16 10:43:00,5919.13,N$,cash_out,CP01882,1
TXN007301,ACC100160,2026-06-01 11:13:00,545.5,N$,p2p_transfer,CP00379,0
TXN007302,ACC100467,2026-06-30 19:55:00,150.68,N$,merchant_payment,CP03841,0
TXN007303,ACC100681,2026-06-20 08:04:00,47.29,N$,p2p_transfer,CP01808,0
TXN007304,ACC100202,2026-06-29 15:54:00,66.26,N$,merchant_payment,CP00503,0
TXN007305,ACC100582,2026-07-04 06:58:00,268.61,N$,bill_payment,CP02818,0
TXN007306,ACC100650,2026-06-09 05:50:00,351.11,N$,merchant_payment,CP03499,0
TXN007307,ACC100385,2026-07-26 13:30:00,289.78,N$,merchant_payment,CP02702,0
TXN007308,ACC100651,2026-07-30 01:37:00,904.37,N$,p2p_transfer,CP03812,0
TXN007309,ACC100615,2026-07-29 11:35:00,83.39,N$,bill_payment,CP00755,0
TXN007310,ACC100585,2026-06-06 19:02:00,377.86,N$,p2p_transfer,CP03171,0
TXN007311,ACC100214,2026-06-01 06:22:00,597.27,N$,bill_payment,CP03221,0
TXN007312,ACC100102,2026-06-10 03:31:00,137.77,N$,p2p_transfer,CP02424,0
TXN007313,ACC100080,2026-06-19 10:50:00,497.56,N$,merchant_payment,CP03695,0
TXN007314,ACC100574,2026-06-20 16:22:00,176.03,N$,merchant_payment,CP02418,0
TXN007315,ACC100547,2026-07-27 02:52:00,1194.09,N$,cash_out,CP02590,0
TXN007316,ACC100038,2026-07-23 11:51:00,1144.93,N$,merchant_payment,CP03269,0
TXN007317,ACC100753,2026-06-06 00:23:00,655.78,N$,merchant_payment,CP01042,0
TXN007318,ACC100145,2026-06-19 02:33:00,224.15,N$,p2p_transfer,CP03671,0
TXN007319,ACC100272,2026-07-27 05:10:00,374.89,N$,merchant_payment,CP00521,0
TXN007320,ACC100220,2026-06-25 01:49:00,550.34,N$,merchant_payment,CP03219,0
TXN007321,ACC100436,2026-06-21 13:46:00,987.87,N$,cash_out,CP01270,0
TXN007322,ACC100670,2026-06-27 15:31:00,658.37,N$,cash_out,CP02222,0
TXN007323,ACC100372,2026-07-02 09:14:00,640.03,N$,merchant_payment,CP02626,0
TXN007324,ACC100220,2026-06-23 03:54:00,904.07,N$,p2p_transfer,CP01395,0
TXN007325,ACC100739,2026-06-27 03:22:00,323.68,N$,merchant_payment,CP02558,0
TXN007326,ACC100491,2026-07-04 11:55:00,1026.98,N$,merchant_payment,CP03781,0
TXN007327,ACC100790,2026-07-02 07:46:00,103.41,N$,bill_payment,CP03974,0
TXN007328,ACC100041,2026-07-05 18:04:00,334.74,N$,p2p_transfer,CP00739,0
TXN007329,ACC100143,2026-06-26 20:24:00,126.34,N$,p2p_transfer,CP01967,0
TXN007330,ACC100125,2026-06-13 23:13:00,333.98,N$,p2p_transfer,CP02110,0
TXN007331,ACC100141,2026-06-14 10:31:00,229.09,N$,cash_out,CP01765,0
TXN007332,ACC100403,2026-07-25 10:17:00,450.29,N$,merchant_payment,CP03813,0
TXN007333,ACC100649,2026-07-15 09:54:00,747.28,N$,merchant_payment,CP03533,0
TXN007334,ACC100640,2026-06-01 04:53:00,512.23,N$,p2p_transfer,CP00275,0
TXN007335,ACC100424,2026-07-07 01:50:00,7341.41,N$,cash_out,CP01163,1
TXN007336,ACC100347,2026-06-10 20:24:00,1152.61,N$,bill_payment,CP00720,0
TXN007337,ACC100632,2026-07-18 04:20:00,2394.61,N$,p2p_transfer,CP02427,0
TXN007338,ACC100474,2026-06-14 07:12:00,1037.58,N$,p2p_transfer,CP00243,0
TXN007339,ACC100492,2026-07-25 05:41:00,274.18,N$,bill_payment,CP01422,0
TXN007340,ACC100489,2026-06-28 13:29:00,177.79,N$,cash_out,CP00647,0
TXN007341,ACC100240,2026-06-24 22:35:00,271.5,N$,p2p_transfer,CP01364,0
TXN007342,ACC100613,2026-07-02 05:54:00,415.5,N$,merchant_payment,CP03286,0
TXN007343,ACC100403,2026-06-02 17:57:00,485.21,N$,p2p_transfer,CP01246,0
TXN007344,ACC100161,2026-07-18 18:16:00,473.59,N$,cash_out,CP01945,0
TXN007345,ACC100294,2026-06-01 11:08:00,326.77,N$,merchant_payment,CP02363,0
TXN007346,ACC100329,2026-07-16 22:18:00,861.06,N$,bill_payment,CP03477,0
TXN007347,ACC100071,2026-07-14 22:06:00,298.96,N$,p2p_transfer,CP03855,0
TXN007348,ACC100511,2026-07-29 16:08:00,642.07,N$,cash_out,CP02784,0
TXN007349,ACC100729,2026-06-03 17:18:00,247.36,N$,cash_out,CP02623,0
TXN007350,ACC100047,2026-06-03 08:37:00,285.11,N$,cash_out,CP00667,0
TXN007351,ACC100125,2026-07-14 07:26:00,159.24,N$,p2p_transfer,CP00282,0
TXN007352,ACC100402,2026-07-10 20:43:00,1146.14,N$,p2p_transfer,CP01922,0
TXN007353,ACC100775,2026-07-03 08:52:00,184.54,N$,p2p_transfer,CP03654,0
TXN007354,ACC100347,2026-06-12 13:48:00,361.85,N$,p2p_transfer,CP02664,0
TXN007355,ACC100554,2026-07-08 03:40:00,891.8,N$,cash_out,CP03780,0
TXN007356,ACC100259,2026-07-18 07:30:00,1471.76,N$,cash_out,CP02771,0
TXN007357,ACC100564,2026-06-02 16:05:00,328.67,N$,p2p_transfer,CP03782,0
TXN007358,ACC100172,2026-07-16 21:25:00,103.53,N$,p2p_transfer,CP02024,0
TXN007359,ACC100505,2026-07-21 22:41:00,138.8,N$,p2p_transfer,CP03452,0
TXN007360,ACC100352,2026-07-18 14:54:00,465.31,N$,p2p_transfer,CP00356,0
TXN007361,ACC100564,2026-06-20 08:14:00,1445.12,N$,p2p_transfer,CP02885,0
TXN007362,ACC100183,2026-07-08 00:37:00,390.4,N$,merchant_payment,CP03037,0
TXN007363,ACC100558,2026-07-09 18:41:00,439.9,N$,p2p_transfer,CP02549,0
TXN007364,ACC100016,2026-06-27 07:59:00,283.68,N$,p2p_transfer,CP01667,0
TXN007365,ACC100534,2026-07-25 18:54:00,254.57,N$,p2p_transfer,CP01954,0
TXN007366,ACC100201,2026-06-07 23:36:00,581.25,N$,p2p_transfer,CP00575,0
TXN007367,ACC100121,2026-06-19 00:13:00,7149.17,N$,p2p_transfer,CP01692,1
TXN007368,ACC100294,2026-07-30 19:43:00,213.67,N$,merchant_payment,CP02266,0
TXN007369,ACC100231,2026-06-06 23:18:00,323.68,N$,p2p_transfer,CP02374,0
TXN007370,ACC100665,2026-07-04 14:34:00,173.98,N$,cash_out,CP01443,0
TXN007371,ACC100734,2026-07-03 00:12:00,275.9,N$,p2p_transfer,CP01279,0
TXN007372,ACC100435,2026-06-08 01:52:00,183.88,N$,cash_out,CP03374,0
TXN007373,ACC100231,2026-07-21 21:12:00,595.81,N$,p2p_transfer,CP00392,0
TXN007374,ACC100412,2026-07-15 07:32:00,394.12,N$,merchant_payment,CP00199,0
TXN007375,ACC100213,2026-06-17 10:54:00,519.74,N$,p2p_transfer,CP02742,0
TXN007376,ACC100391,2026-06-11 06:14:00,799.12,N$,cash_out,CP01630,0
TXN007377,ACC100066,2026-07-18 09:25:00,622.05,N$,p2p_transfer,CP01533,0
TXN007378,ACC100781,2026-06-03 09:27:00,265.62,N$,merchant_payment,CP02178,0
TXN007379,ACC100719,2026-07-16 23:06:00,111.05,N$,p2p_transfer,CP03693,0
TXN007380,ACC100123,2026-06-29 14:19:00,249.9,N$,p2p_transfer,CP02812,0
TXN007381,ACC100056,2026-07-27 15:04:00,705.47,N$,p2p_transfer,CP01793,0
TXN007382,ACC100425,2026-07-01 11:17:00,409.13,N$,merchant_payment,CP02178,0
TXN007383,ACC100411,2026-07-05 18:42:00,4230.23,N$,p2p_transfer,CP03947,0
TXN007384,ACC100146,2026-07-17 01:04:00,124.27,N$,merchant_payment,CP03791,0
TXN007385,ACC100213,2026-06-24 01:48:00,322.16,N$,merchant_payment,CP01383,0
TXN007386,ACC100343,2026-07-23 17:57:00,780.93,N$,bill_payment,CP00474,0
TXN007387,ACC100172,2026-06-11 11:08:00,595.35,N$,bill_payment,CP01069,0
TXN007388,ACC100757,2026-07-14 22:04:00,254.73,N$,p2p_transfer,CP00100,0
TXN007389,ACC100036,2026-06-11 18:00:00,368.59,N$,bill_payment,CP02999,0
TXN007390,ACC100055,2026-06-06 04:48:00,1746.79,N$,merchant_payment,CP01103,0
TXN007391,ACC100297,2026-07-07 18:28:00,966.18,N$,p2p_transfer,CP02288,0
TXN007392,ACC100486,2026-06-23 00:39:00,427.1,N$,p2p_transfer,CP00884,0
TXN007393,ACC100745,2026-06-26 08:31:00,318.43,N$,cash_out,CP02454,0
TXN007394,ACC100290,2026-07-03 11:33:00,549.31,N$,p2p_transfer,CP03635,0
TXN007395,ACC100033,2026-07-19 21:12:00,683.83,N$,cash_out,CP03827,0
TXN007396,ACC100126,2026-06-14 23:21:00,415.23,N$,p2p_transfer,CP03274,0
TXN007397,ACC100655,2026-07-19 19:51:00,145.02,N$,p2p_transfer,CP00043,0
TXN007398,ACC100430,2026-07-07 02:35:00,8092.71,N$,cash_out,CP00149,1
TXN007399,ACC100173,2026-07-08 14:53:00,128.45,N$,merchant_payment,CP00933,0
TXN007400,ACC100217,2026-07-02 07:07:00,341.46,N$,p2p_transfer,CP03924,0
TXN007401,ACC100708,2026-07-12 09:32:00,337.34,N$,cash_out,CP03920,0
TXN007402,ACC100295,2026-07-10 00:08:00,431.17,N$,cash_out,CP00005,0
TXN007403,ACC100257,2026-07-20 01:18:00,418.14,N$,p2p_transfer,CP03552,0
TXN007404,ACC100452,2026-07-12 18:06:00,486.39,N$,merchant_payment,CP03689,0
TXN007405,ACC100017,2026-07-09 21:19:00,501.75,N$,p2p_transfer,CP03251,0
TXN007406,ACC100045,2026-07-28 02:14:00,435.78,N$,p2p_transfer,CP01192,0
TXN007407,ACC100776,2026-07-26 23:42:00,1627.01,N$,merchant_payment,CP00392,0
TXN007408,ACC100180,2026-06-23 13:43:00,163.07,N$,merchant_payment,CP00738,0
TXN007409,ACC100038,2026-06-26 21:44:00,543.5,N$,cash_out,CP03136,0
TXN007410,ACC100450,2026-07-20 07:31:00,525.19,N$,bill_payment,CP01109,0
TXN007411,ACC100591,2026-06-23 09:41:00,337.16,N$,p2p_transfer,CP03084,0
TXN007412,ACC100119,2026-07-23 11:43:00,366.55,N$,p2p_transfer,CP03893,0
TXN007413,ACC100098,2026-06-15 23:59:00,350.46,N$,p2p_transfer,CP02914,0
TXN007414,ACC100116,2026-07-03 12:04:00,364.92,N$,cash_out,CP01071,0
TXN007415,ACC100510,2026-07-27 09:51:00,382.94,N$,p2p_transfer,CP02355,0
TXN007416,ACC100468,2026-06-19 15:47:00,1106.72,N$,p2p_transfer,CP02994,0
TXN007417,ACC100640,2026-07-25 00:26:00,98.53,N$,merchant_payment,CP00427,0
TXN007418,ACC100628,2026-07-19 12:50:00,426.3,N$,merchant_payment,CP01810,0
TXN007419,ACC100320,2026-06-06 05:07:00,770.42,N$,p2p_transfer,CP00755,0
TXN007420,ACC100700,2026-06-18 22:20:00,313.09,N$,merchant_payment,CP02554,0
TXN007421,ACC100443,2026-07-22 18:20:00,560.56,N$,p2p_transfer,CP00252,0
TXN007422,ACC100404,2026-06-05 21:12:00,1872.58,N$,merchant_payment,CP01172,0
TXN007423,ACC100075,2026-06-23 06:07:00,171.88,N$,p2p_transfer,CP00694,0
TXN007424,ACC100445,2026-07-25 17:52:00,243.37,N$,merchant_payment,CP00548,0
TXN007425,ACC100108,2026-07-01 03:47:00,455.6,N$,merchant_payment,CP01867,0
TXN007426,ACC100381,2026-06-18 12:38:00,830.34,N$,p2p_transfer,CP02406,0
TXN007427,ACC100680,2026-07-18 16:39:00,167.14,N$,p2p_transfer,CP02450,0
TXN007428,ACC100302,2026-07-17 07:40:00,542.11,N$,merchant_payment,CP01734,0
TXN007429,ACC100279,2026-06-07 17:10:00,831.82,N$,bill_payment,CP01214,0
TXN007430,ACC100347,2026-06-26 17:53:00,128.92,N$,cash_out,CP03103,0
TXN007431,ACC100235,2026-06-15 18:58:00,449.59,N$,cash_out,CP01890,0
TXN007432,ACC100508,2026-06-13 12:11:00,455.5,N$,merchant_payment,CP01123,0
TXN007433,ACC100438,2026-06-16 04:57:00,1533.37,N$,merchant_payment,CP01442,0
TXN007434,ACC100148,2026-07-22 23:29:00,954.7,N$,merchant_payment,CP03566,0
TXN007435,ACC100333,2026-07-14 19:28:00,179.62,N$,cash_out,CP02177,0
TXN007436,ACC100412,2026-06-03 07:30:00,2073.18,N$,p2p_transfer,CP01066,0
TXN007437,ACC100389,2026-06-25 06:25:00,466.98,N$,cash_out,CP01353,0
TXN007438,ACC100423,2026-07-11 07:04:00,356.79,N$,p2p_transfer,CP03306,0
TXN007439,ACC100508,2026-06-13 23:32:00,1380.49,N$,merchant_payment,CP00315,0
TXN007440,ACC100773,2026-06-28 19:08:00,283.26,N$,merchant_payment,CP03046,0
TXN007441,ACC100783,2026-06-11 23:36:00,587.03,N$,merchant_payment,CP00574,0
TXN007442,ACC100438,2026-07-27 04:34:00,2542.74,N$,p2p_transfer,CP02944,0
TXN007443,ACC100020,2026-07-02 08:29:00,1015.94,N$,merchant_payment,CP02144,0
TXN007444,ACC100101,2026-06-20 12:23:00,309.32,N$,p2p_transfer,CP00918,0
TXN007445,ACC100614,2026-07-28 05:49:00,446.16,N$,p2p_transfer,CP00043,0
TXN007446,ACC100155,2026-07-08 20:32:00,961.86,N$,p2p_transfer,CP02129,0
TXN007447,ACC100164,2026-07-09 01:37:00,460.56,N$,p2p_transfer,CP01815,0
TXN007448,ACC100742,2026-07-08 16:19:00,778.39,N$,cash_out,CP00031,0
TXN007449,ACC100296,2026-07-08 03:35:00,566.15,N$,bill_payment,CP02554,0
TXN007450,ACC100339,2026-06-04 07:46:00,154.72,N$,p2p_transfer,CP00219,0
TXN007451,ACC100613,2026-06-16 20:01:00,220.55,N$,merchant_payment,CP01583,0
TXN007452,ACC100733,2026-07-12 10:56:00,154.03,N$,p2p_transfer,CP02617,0
TXN007453,ACC100040,2026-07-05 00:17:00,622.1,N$,p2p_transfer,CP02446,0
TXN007454,ACC100516,2026-07-01 10:44:00,55.13,N$,cash_out,CP01848,0
TXN007455,ACC100780,2026-07-02 05:07:00,379.15,N$,p2p_transfer,CP00496,0
TXN007456,ACC100062,2026-06-21 19:55:00,397.5,N$,merchant_payment,CP03545,0
TXN007457,ACC100574,2026-06-25 18:57:00,497.8,N$,p2p_transfer,CP01034,0
TXN007458,ACC100257,2026-06-23 16:47:00,189.81,N$,p2p_transfer,CP01616,0
TXN007459,ACC100337,2026-06-23 21:01:00,524.83,N$,p2p_transfer,CP02738,0
TXN007460,ACC100002,2026-06-21 18:00:00,202.69,N$,merchant_payment,CP00633,0
TXN007461,ACC100133,2026-07-05 18:20:00,244.62,N$,p2p_transfer,CP01847,0
TXN007462,ACC100586,2026-07-04 22:56:00,1313.79,N$,p2p_transfer,CP03454,0
TXN007463,ACC100635,2026-06-01 01:21:00,188.81,N$,merchant_payment,CP00042,0
TXN007464,ACC100711,2026-07-20 21:01:00,609.74,N$,p2p_transfer,CP00844,0
TXN007465,ACC100536,2026-07-15 09:50:00,168.9,N$,cash_out,CP02712,0
TXN007466,ACC100544,2026-06-16 11:56:00,235.2,N$,cash_out,CP00792,0
TXN007467,ACC100671,2026-06-05 23:28:00,167.64,N$,p2p_transfer,CP03162,0
TXN007468,ACC100141,2026-07-29 13:52:00,448.39,N$,p2p_transfer,CP02826,0
TXN007469,ACC100413,2026-06-03 22:05:00,687.67,N$,bill_payment,CP01262,0
TXN007470,ACC100765,2026-07-22 20:13:00,644.97,N$,p2p_transfer,CP03192,0
TXN007471,ACC100698,2026-07-14 12:22:00,245.52,N$,bill_payment,CP02599,0
TXN007472,ACC100143,2026-07-09 02:37:00,97.22,N$,merchant_payment,CP01238,0
TXN007473,ACC100504,2026-07-16 12:24:00,233.73,N$,bill_payment,CP00302,0
TXN007474,ACC100221,2026-07-09 05:31:00,1151.25,N$,merchant_payment,CP00415,0
TXN007475,ACC100578,2026-07-10 21:33:00,484.73,N$,merchant_payment,CP02115,0
TXN007476,ACC100556,2026-06-09 01:14:00,213.14,N$,p2p_transfer,CP01460,0
TXN007477,ACC100510,2026-06-27 20:00:00,105.56,N$,cash_out,CP02361,0
TXN007478,ACC100498,2026-07-14 07:14:00,453.67,N$,p2p_transfer,CP00504,0
TXN007479,ACC100743,2026-06-19 05:14:00,425.09,N$,merchant_payment,CP00434,0
TXN007480,ACC100477,2026-06-17 02:25:00,482.74,N$,merchant_payment,CP01713,0
TXN007481,ACC100533,2026-06-15 06:54:00,379.19,N$,p2p_transfer,CP02208,0
TXN007482,ACC100142,2026-06-21 18:36:00,324.29,N$,cash_out,CP03797,0
TXN007483,ACC100730,2026-06-05 06:16:00,315.02,N$,p2p_transfer,CP03066,0
TXN007484,ACC100335,2026-07-03 20:20:00,594.42,N$,p2p_transfer,CP01335,0
TXN007485,ACC100049,2026-06-25 04:41:00,1477.58,N$,cash_out,CP02219,0
TXN007486,ACC100299,2026-07-22 04:11:00,220.0,N$,p2p_transfer,CP00502,0
TXN007487,ACC100213,2026-07-10 04:15:00,209.6,N$,bill_payment,CP02300,0
TXN007488,ACC100250,2026-07-10 05:57:00,300.08,N$,merchant_payment,CP03975,0
TXN007489,ACC100663,2026-07-23 01:50:00,416.5,N$,bill_payment,CP03161,0
TXN007490,ACC100217,2026-07-06 03:16:00,128.31,N$,p2p_transfer,CP02302,0
TXN007491,ACC100382,2026-06-09 18:40:00,407.31,N$,bill_payment,CP01519,0
TXN007492,ACC100169,2026-07-03 11:29:00,241.38,N$,merchant_payment,CP01250,0
TXN007493,ACC100101,2026-06-18 11:57:00,2418.84,N$,bill_payment,CP01279,0
TXN007494,ACC100037,2026-07-18 12:11:00,626.31,N$,p2p_transfer,CP00496,0
TXN007495,ACC100143,2026-07-30 14:33:00,2581.5,N$,merchant_payment,CP01978,0
TXN007496,ACC100063,2026-06-09 20:25:00,300.73,N$,p2p_transfer,CP01467,0
TXN007497,ACC100366,2026-07-13 15:29:00,1072.32,N$,p2p_transfer,CP02404,0
TXN007498,ACC100305,2026-06-11 09:17:00,99.49,N$,p2p_transfer,CP01572,0
TXN007499,ACC100264,2026-06-03 22:50:00,3780.63,N$,cash_out,CP03845,1
TXN007500,ACC100138,2026-06-04 18:16:00,388.32,N$,bill_payment,CP00679,0
TXN007501,ACC100729,2026-07-04 22:25:00,130.22,N$,p2p_transfer,CP03544,0
TXN007502,ACC100692,2026-07-27 11:10:00,148.32,N$,p2p_transfer,CP01058,0
TXN007503,ACC100508,2026-07-10 01:05:00,354.11,N$,merchant_payment,CP03973,0
TXN007504,ACC100228,2026-07-17 16:56:00,817.19,N$,cash_out,CP02193,0
TXN007505,ACC100650,2026-07-15 13:39:00,389.9,N$,p2p_transfer,CP02424,0
TXN007506,ACC100544,2026-06-25 15:39:00,713.55,N$,merchant_payment,CP02940,0
TXN007507,ACC100102,2026-07-07 00:03:00,1215.34,N$,p2p_transfer,CP02352,0
TXN007508,ACC100061,2026-06-30 11:44:00,965.58,N$,p2p_transfer,CP00184,0
TXN007509,ACC100696,2026-07-25 00:20:00,103.07,N$,p2p_transfer,CP01425,0
TXN007510,ACC100074,2026-07-26 10:17:00,463.43,N$,merchant_payment,CP02149,0
TXN007511,ACC100799,2026-06-09 20:06:00,1027.56,N$,cash_out,CP03989,0
TXN007512,ACC100553,2026-07-27 19:16:00,199.24,N$,p2p_transfer,CP03107,0
TXN007513,ACC100751,2026-06-24 23:22:00,173.41,N$,bill_payment,CP03440,0
TXN007514,ACC100407,2026-07-06 03:24:00,267.07,N$,p2p_transfer,CP01183,0
TXN007515,ACC100405,2026-07-05 18:32:00,479.7,N$,merchant_payment,CP01256,0
TXN007516,ACC100083,2026-07-02 00:35:00,443.63,N$,p2p_transfer,CP00509,0
TXN007517,ACC100587,2026-06-08 05:56:00,234.66,N$,merchant_payment,CP03817,0
TXN007518,ACC100377,2026-06-30 10:21:00,1536.88,N$,p2p_transfer,CP01354,0
TXN007519,ACC100596,2026-07-02 03:40:00,598.91,N$,merchant_payment,CP03705,0
TXN007520,ACC100695,2026-07-04 03:18:00,832.1,N$,p2p_transfer,CP00623,0
TXN007521,ACC100222,2026-07-08 22:11:00,1036.89,N$,p2p_transfer,CP03953,0
TXN007522,ACC100651,2026-06-11 13:34:00,291.18,N$,p2p_transfer,CP01020,0
TXN007523,ACC100387,2026-06-12 18:25:00,333.55,N$,p2p_transfer,CP02410,0
TXN007524,ACC100414,2026-07-06 13:47:00,340.88,N$,merchant_payment,CP00917,0
TXN007525,ACC100528,2026-07-26 16:24:00,788.41,N$,p2p_transfer,CP01877,0
TXN007526,ACC100221,2026-06-12 06:21:00,651.42,N$,p2p_transfer,CP02949,0
TXN007527,ACC100295,2026-06-24 08:24:00,240.15,N$,p2p_transfer,CP03180,0
TXN007528,ACC100578,2026-07-01 15:48:00,1112.56,N$,p2p_transfer,CP02772,0
TXN007529,ACC100115,2026-06-13 06:43:00,270.41,N$,merchant_payment,CP01120,0
TXN007530,ACC100208,2026-06-26 14:11:00,317.45,N$,p2p_transfer,CP01857,0
TXN007531,ACC100373,2026-07-12 11:31:00,1012.15,N$,merchant_payment,CP03551,0
TXN007532,ACC100364,2026-07-28 10:33:00,1248.52,N$,merchant_payment,CP00552,0
TXN007533,ACC100692,2026-07-09 21:09:00,440.59,N$,p2p_transfer,CP00942,0
TXN007534,ACC100626,2026-07-28 17:13:00,281.13,N$,bill_payment,CP02875,0
TXN007535,ACC100191,2026-06-28 07:23:00,557.27,N$,p2p_transfer,CP00784,0
TXN007536,ACC100651,2026-07-12 05:41:00,825.73,N$,p2p_transfer,CP01511,0
TXN007537,ACC100278,2026-06-17 19:16:00,224.03,N$,bill_payment,CP00855,0
TXN007538,ACC100242,2026-06-17 19:53:00,2441.39,N$,p2p_transfer,CP03753,1
TXN007539,ACC100255,2026-07-14 17:30:00,149.99,N$,cash_out,CP02786,0
TXN007540,ACC100751,2026-06-25 08:20:00,233.5,N$,p2p_transfer,CP02757,0
TXN007541,ACC100493,2026-06-21 08:55:00,846.47,N$,merchant_payment,CP01646,0
TXN007542,ACC100788,2026-07-04 08:40:00,540.09,N$,merchant_payment,CP03600,0
TXN007543,ACC100028,2026-06-21 04:11:00,1327.79,N$,merchant_payment,CP01804,0
TXN007544,ACC100035,2026-06-05 14:06:00,327.87,N$,merchant_payment,CP02129,0
TXN007545,ACC100401,2026-06-19 05:40:00,956.19,N$,cash_out,CP03332,0
TXN007546,ACC100128,2026-06-28 13:10:00,38.98,N$,merchant_payment,CP01685,0
TXN007547,ACC100794,2026-07-24 20:08:00,1399.6,N$,p2p_transfer,CP00952,0
TXN007548,ACC100214,2026-06-16 05:28:00,616.83,N$,p2p_transfer,CP03105,0
TXN007549,ACC100500,2026-07-09 20:53:00,180.74,N$,merchant_payment,CP02609,0
TXN007550,ACC100349,2026-06-29 18:01:00,687.64,N$,merchant_payment,CP02551,0
TXN007551,ACC100169,2026-06-11 14:52:00,281.66,N$,merchant_payment,CP03391,0
TXN007552,ACC100337,2026-07-29 19:59:00,1236.19,N$,p2p_transfer,CP00713,0
TXN007553,ACC100011,2026-06-30 14:54:00,183.47,N$,merchant_payment,CP00187,0
TXN007554,ACC100544,2026-06-15 23:05:00,1528.45,N$,p2p_transfer,CP03852,0
TXN007555,ACC100784,2026-06-28 19:46:00,328.85,N$,cash_out,CP03147,0
TXN007556,ACC100525,2026-07-07 19:43:00,257.02,N$,bill_payment,CP01726,0
TXN007557,ACC100270,2026-06-26 12:01:00,95.83,N$,cash_out,CP00609,0
TXN007558,ACC100780,2026-07-19 08:05:00,112.25,N$,merchant_payment,CP03032,0
TXN007559,ACC100717,2026-06-11 20:10:00,1010.46,N$,bill_payment,CP02667,0
TXN007560,ACC100183,2026-06-13 10:18:00,116.11,N$,cash_out,CP02032,0
TXN007561,ACC100405,2026-06-21 19:36:00,652.18,N$,p2p_transfer,CP03881,0
TXN007562,ACC100187,2026-06-29 10:05:00,129.38,N$,merchant_payment,CP03263,0
TXN007563,ACC100523,2026-07-10 14:31:00,260.56,N$,p2p_transfer,CP00763,0
TXN007564,ACC100775,2026-06-20 08:29:00,810.66,N$,merchant_payment,CP00585,0
TXN007565,ACC100041,2026-07-02 12:26:00,137.58,N$,cash_out,CP00806,0
TXN007566,ACC100541,2026-06-05 04:49:00,360.26,N$,p2p_transfer,CP03750,0
TXN007567,ACC100485,2026-07-11 03:33:00,466.22,N$,p2p_transfer,CP02513,0
TXN007568,ACC100663,2026-06-26 13:10:00,652.76,N$,p2p_transfer,CP00830,0
TXN007569,ACC100338,2026-07-16 13:06:00,191.2,N$,p2p_transfer,CP01019,0
TXN007570,ACC100615,2026-07-10 13:13:00,588.82,N$,p2p_transfer,CP01059,0
TXN007571,ACC100603,2026-06-02 01:16:00,2047.63,N$,merchant_payment,CP03176,0
TXN007572,ACC100765,2026-07-03 02:14:00,130.61,N$,p2p_transfer,CP01478,0
TXN007573,ACC100533,2026-06-01 01:05:00,614.93,N$,bill_payment,CP03338,0
TXN007574,ACC100299,2026-06-07 09:22:00,388.95,N$,cash_out,CP01101,0
TXN007575,ACC100114,2026-07-20 02:17:00,1800.58,N$,merchant_payment,CP00729,0
TXN007576,ACC100532,2026-07-18 10:08:00,1017.88,N$,p2p_transfer,CP02312,0
TXN007577,ACC100139,2026-07-07 04:33:00,639.01,N$,p2p_transfer,CP02152,0
TXN007578,ACC100211,2026-07-27 17:33:00,171.7,N$,bill_payment,CP01495,0
TXN007579,ACC100782,2026-06-01 20:54:00,239.94,N$,bill_payment,CP00527,0
TXN007580,ACC100236,2026-06-21 00:39:00,954.84,N$,p2p_transfer,CP03861,0
TXN007581,ACC100040,2026-07-12 17:59:00,92.65,N$,p2p_transfer,CP03735,0
TXN007582,ACC100032,2026-06-12 23:42:00,481.75,N$,bill_payment,CP03553,0
TXN007583,ACC100393,2026-06-22 05:00:00,888.35,N$,merchant_payment,CP03520,0
TXN007584,ACC100473,2026-07-14 03:09:00,838.21,N$,bill_payment,CP03494,0
TXN007585,ACC100117,2026-07-05 00:09:00,690.35,N$,p2p_transfer,CP01223,0
TXN007586,ACC100254,2026-07-22 05:14:00,333.54,N$,merchant_payment,CP03289,0
TXN007587,ACC100598,2026-07-27 10:59:00,7271.69,N$,p2p_transfer,CP02627,1
TXN007588,ACC100573,2026-06-17 08:04:00,162.68,N$,bill_payment,CP02103,0
TXN007589,ACC100159,2026-07-20 22:47:00,1025.4,N$,bill_payment,CP02914,0
TXN007590,ACC100776,2026-06-22 15:37:00,498.85,N$,cash_out,CP03651,0
TXN007591,ACC100402,2026-06-13 22:12:00,163.91,N$,p2p_transfer,CP01117,0
TXN007592,ACC100576,2026-06-05 19:30:00,839.65,N$,p2p_transfer,CP03080,0
TXN007593,ACC100159,2026-06-16 00:54:00,420.59,N$,merchant_payment,CP03965,0
TXN007594,ACC100274,2026-07-01 22:19:00,2252.57,N$,merchant_payment,CP03705,0
TXN007595,ACC100574,2026-07-23 16:57:00,552.13,N$,merchant_payment,CP00823,0
TXN007596,ACC100146,2026-07-15 12:59:00,568.16,N$,p2p_transfer,CP03175,0
TXN007597,ACC100506,2026-06-07 05:13:00,137.5,N$,merchant_payment,CP00259,0
TXN007598,ACC100263,2026-06-20 23:08:00,243.09,N$,p2p_transfer,CP00780,0
TXN007599,ACC100265,2026-07-28 20:14:00,145.55,N$,p2p_transfer,CP01702,0
TXN007600,ACC100180,2026-07-05 12:38:00,420.59,N$,merchant_payment,CP02904,0
TXN007601,ACC100652,2026-06-21 11:43:00,1652.59,N$,merchant_payment,CP03021,0
TXN007602,ACC100455,2026-06-24 04:07:00,1046.85,N$,merchant_payment,CP02727,0
TXN007603,ACC100438,2026-06-24 18:37:00,230.23,N$,p2p_transfer,CP02895,0
TXN007604,ACC100690,2026-06-02 22:53:00,169.13,N$,p2p_transfer,CP02460,0
TXN007605,ACC100120,2026-07-02 18:25:00,176.63,N$,p2p_transfer,CP03425,0
TXN007606,ACC100081,2026-07-07 02:51:00,2860.09,N$,p2p_transfer,CP00775,1
TXN007607,ACC100283,2026-07-23 23:17:00,149.88,N$,p2p_transfer,CP01245,0
TXN007608,ACC100107,2026-07-11 23:06:00,613.93,N$,merchant_payment,CP02800,0
TXN007609,ACC100232,2026-07-16 17:58:00,182.01,N$,merchant_payment,CP00457,0
TXN007610,ACC100756,2026-07-11 02:25:00,668.33,N$,p2p_transfer,CP02655,0
TXN007611,ACC100386,2026-06-26 07:15:00,150.39,N$,cash_out,CP03063,0
TXN007612,ACC100469,2026-06-15 16:32:00,530.88,N$,p2p_transfer,CP03700,0
TXN007613,ACC100519,2026-06-13 03:40:00,600.71,N$,merchant_payment,CP00844,0
TXN007614,ACC100230,2026-07-12 13:07:00,416.41,N$,p2p_transfer,CP01697,0
TXN007615,ACC100436,2026-07-05 08:34:00,102.99,N$,merchant_payment,CP03738,0
TXN007616,ACC100543,2026-07-22 21:22:00,606.95,N$,p2p_transfer,CP01780,0
TXN007617,ACC100229,2026-07-09 21:22:00,196.22,N$,merchant_payment,CP02807,0
TXN007618,ACC100445,2026-07-19 02:03:00,623.01,N$,merchant_payment,CP01282,0
TXN007619,ACC100709,2026-07-17 16:24:00,103.79,N$,merchant_payment,CP03621,0
TXN007620,ACC100604,2026-06-27 06:51:00,327.94,N$,bill_payment,CP02976,0
TXN007621,ACC100625,2026-07-13 22:58:00,11967.39,N$,cash_out,CP02039,1
TXN007622,ACC100780,2026-07-25 22:50:00,393.2,N$,p2p_transfer,CP00302,0
TXN007623,ACC100633,2026-07-16 17:06:00,472.29,N$,p2p_transfer,CP03108,0
TXN007624,ACC100308,2026-06-24 10:22:00,122.61,N$,p2p_transfer,CP03790,0
TXN007625,ACC100587,2026-07-03 05:52:00,647.17,N$,merchant_payment,CP03378,0
TXN007626,ACC100123,2026-06-14 02:18:00,392.57,N$,p2p_transfer,CP01153,0
TXN007627,ACC100620,2026-06-05 11:52:00,334.04,N$,p2p_transfer,CP01209,0
TXN007628,ACC100245,2026-06-17 02:09:00,602.44,N$,merchant_payment,CP00571,0
TXN007629,ACC100189,2026-07-26 17:28:00,67.93,N$,cash_out,CP02861,0
TXN007630,ACC100273,2026-07-12 09:42:00,422.8,N$,p2p_transfer,CP02989,0
TXN007631,ACC100087,2026-07-17 19:21:00,709.09,N$,merchant_payment,CP02498,0
TXN007632,ACC100754,2026-07-07 03:39:00,391.82,N$,merchant_payment,CP03597,0
TXN007633,ACC100128,2026-06-26 04:40:00,227.08,N$,p2p_transfer,CP00252,0
TXN007634,ACC100107,2026-06-22 20:30:00,606.83,N$,bill_payment,CP00766,0
TXN007635,ACC100304,2026-06-27 19:41:00,760.37,N$,merchant_payment,CP01288,0
TXN007636,ACC100378,2026-06-14 04:21:00,464.2,N$,p2p_transfer,CP01089,0
TXN007637,ACC100329,2026-07-15 08:50:00,485.07,N$,p2p_transfer,CP00717,0
TXN007638,ACC100353,2026-07-29 13:38:00,356.79,N$,p2p_transfer,CP01852,0
TXN007639,ACC100008,2026-07-19 21:29:00,215.58,N$,p2p_transfer,CP03053,0
TXN007640,ACC100065,2026-07-18 17:44:00,229.12,N$,merchant_payment,CP02522,0
TXN007641,ACC100188,2026-06-22 05:16:00,396.24,N$,cash_out,CP01184,0
TXN007642,ACC100419,2026-06-16 17:32:00,854.07,N$,cash_out,CP00744,0
TXN007643,ACC100621,2026-06-24 22:17:00,478.33,N$,p2p_transfer,CP02951,0
TXN007644,ACC100401,2026-07-08 08:31:00,215.98,N$,cash_out,CP01786,0
TXN007645,ACC100519,2026-06-21 02:59:00,140.96,N$,merchant_payment,CP03783,0
TXN007646,ACC100330,2026-06-08 23:09:00,610.23,N$,p2p_transfer,CP02051,0
TXN007647,ACC100355,2026-07-24 17:25:00,519.69,N$,cash_out,CP00872,0
TXN007648,ACC100758,2026-06-22 06:13:00,318.18,N$,p2p_transfer,CP00100,0
TXN007649,ACC100422,2026-07-27 10:07:00,795.8,N$,bill_payment,CP01945,0
TXN007650,ACC100645,2026-06-23 03:12:00,564.69,N$,p2p_transfer,CP00221,0
TXN007651,ACC100655,2026-07-27 19:01:00,265.86,N$,p2p_transfer,CP03373,0
TXN007652,ACC100174,2026-07-24 02:16:00,302.09,N$,p2p_transfer,CP01127,0
TXN007653,ACC100615,2026-07-08 03:14:00,1172.15,N$,p2p_transfer,CP00540,0
TXN007654,ACC100364,2026-07-18 13:07:00,1246.18,N$,cash_out,CP01228,0
TXN007655,ACC100047,2026-07-10 07:53:00,1359.0,N$,merchant_payment,CP02175,0
TXN007656,ACC100235,2026-07-14 03:04:00,133.87,N$,merchant_payment,CP03643,0
TXN007657,ACC100177,2026-06-17 00:14:00,881.53,N$,bill_payment,CP00886,0
TXN007658,ACC100217,2026-06-06 18:02:00,275.31,N$,cash_out,CP00419,0
TXN007659,ACC100399,2026-06-08 13:45:00,306.65,N$,bill_payment,CP03999,0
TXN007660,ACC100452,2026-07-22 14:25:00,560.59,N$,p2p_transfer,CP03313,0
TXN007661,ACC100253,2026-07-08 12:11:00,249.73,N$,bill_payment,CP03038,0
TXN007662,ACC100195,2026-06-09 23:39:00,391.64,N$,bill_payment,CP00677,0
TXN007663,ACC100734,2026-06-25 21:40:00,384.07,N$,bill_payment,CP01408,0
TXN007664,ACC100674,2026-07-25 17:30:00,84.38,N$,p2p_transfer,CP02998,0
TXN007665,ACC100375,2026-06-12 00:52:00,468.83,N$,p2p_transfer,CP03998,0
TXN007666,ACC100517,2026-07-09 01:09:00,376.31,N$,merchant_payment,CP02722,0
TXN007667,ACC100123,2026-06-01 20:12:00,108.62,N$,p2p_transfer,CP03826,0
TXN007668,ACC100101,2026-06-30 13:04:00,143.66,N$,p2p_transfer,CP02392,0
TXN007669,ACC100132,2026-07-14 19:27:00,279.34,N$,cash_out,CP03465,0
TXN007670,ACC100098,2026-06-17 09:19:00,178.66,N$,merchant_payment,CP00440,0
TXN007671,ACC100059,2026-07-03 17:58:00,412.3,N$,merchant_payment,CP02466,0
TXN007672,ACC100484,2026-07-02 16:53:00,6806.77,N$,cash_out,CP03443,1
TXN007673,ACC100622,2026-06-12 07:11:00,1098.42,N$,p2p_transfer,CP02796,0
TXN007674,ACC100489,2026-07-13 09:32:00,2264.56,N$,cash_out,CP00127,0
TXN007675,ACC100429,2026-07-10 17:16:00,395.34,N$,bill_payment,CP03765,0
TXN007676,ACC100552,2026-06-12 13:57:00,508.1,N$,p2p_transfer,CP03677,0
TXN007677,ACC100466,2026-06-02 09:27:00,227.43,N$,p2p_transfer,CP00682,0
TXN007678,ACC100092,2026-07-25 07:42:00,299.61,N$,p2p_transfer,CP00670,0
TXN007679,ACC100361,2026-07-30 23:56:00,355.28,N$,p2p_transfer,CP01187,0
TXN007680,ACC100261,2026-06-20 01:24:00,609.69,N$,merchant_payment,CP03508,0
TXN007681,ACC100614,2026-06-24 21:26:00,268.07,N$,p2p_transfer,CP00635,0
TXN007682,ACC100353,2026-07-11 14:50:00,331.99,N$,bill_payment,CP03198,0
TXN007683,ACC100394,2026-07-20 06:11:00,293.16,N$,bill_payment,CP00443,0
TXN007684,ACC100794,2026-06-23 02:44:00,153.95,N$,merchant_payment,CP00538,0
TXN007685,ACC100005,2026-07-21 17:40:00,364.65,N$,merchant_payment,CP01963,0
TXN007686,ACC100376,2026-06-20 03:41:00,1883.18,N$,merchant_payment,CP03427,0
TXN007687,ACC100760,2026-06-30 00:29:00,595.18,N$,p2p_transfer,CP01927,0
TXN007688,ACC100413,2026-07-01 20:47:00,244.08,N$,merchant_payment,CP00604,0
TXN007689,ACC100451,2026-07-16 02:32:00,267.67,N$,cash_out,CP00493,0
TXN007690,ACC100324,2026-07-23 02:26:00,483.92,N$,p2p_transfer,CP01032,0
TXN007691,ACC100587,2026-06-27 21:13:00,492.23,N$,bill_payment,CP01186,0
TXN007692,ACC100696,2026-07-04 18:37:00,602.46,N$,merchant_payment,CP01902,0
TXN007693,ACC100247,2026-07-08 07:53:00,312.84,N$,merchant_payment,CP02127,0
TXN007694,ACC100194,2026-07-06 07:53:00,195.76,N$,p2p_transfer,CP01791,0
TXN007695,ACC100656,2026-07-04 04:31:00,318.31,N$,p2p_transfer,CP03668,0
TXN007696,ACC100088,2026-06-08 22:05:00,25961.41,N$,cash_out,CP00469,1
TXN007697,ACC100372,2026-07-26 08:22:00,1392.98,N$,merchant_payment,CP00799,0
TXN007698,ACC100437,2026-07-12 14:40:00,444.97,N$,p2p_transfer,CP02126,0
TXN007699,ACC100060,2026-07-11 10:32:00,74.98,N$,p2p_transfer,CP00504,0
TXN007700,ACC100764,2026-06-09 08:33:00,505.67,N$,cash_out,CP00755,0
TXN007701,ACC100072,2026-07-30 09:24:00,131.18,N$,p2p_transfer,CP01177,0
TXN007702,ACC100730,2026-06-03 19:59:00,176.81,N$,merchant_payment,CP01054,0
TXN007703,ACC100295,2026-07-12 07:03:00,1911.23,N$,cash_out,CP01881,1
TXN007704,ACC100227,2026-06-16 20:32:00,898.67,N$,bill_payment,CP00410,0
TXN007705,ACC100474,2026-07-17 23:57:00,450.95,N$,cash_out,CP02435,0
TXN007706,ACC100544,2026-06-13 01:01:00,1627.49,N$,p2p_transfer,CP02357,0
TXN007707,ACC100737,2026-07-28 00:11:00,235.16,N$,merchant_payment,CP02050,0
TXN007708,ACC100125,2026-07-24 12:09:00,2531.96,N$,merchant_payment,CP03084,0
TXN007709,ACC100743,2026-06-13 18:32:00,172.96,N$,merchant_payment,CP01126,0
TXN007710,ACC100439,2026-07-03 22:11:00,201.24,N$,p2p_transfer,CP03057,0
TXN007711,ACC100225,2026-06-30 13:15:00,696.95,N$,merchant_payment,CP01971,0
TXN007712,ACC100299,2026-06-08 10:21:00,316.31,N$,bill_payment,CP01028,0
TXN007713,ACC100597,2026-07-13 01:38:00,513.72,N$,cash_out,CP00595,0
TXN007714,ACC100377,2026-06-22 16:29:00,528.25,N$,p2p_transfer,CP02998,0
TXN007715,ACC100213,2026-06-19 18:45:00,1430.5,N$,p2p_transfer,CP03687,0
TXN007716,ACC100408,2026-07-22 21:27:00,501.32,N$,p2p_transfer,CP01125,0
TXN007717,ACC100619,2026-07-18 05:34:00,31275.6,N$,cash_out,CP00460,1
TXN007718,ACC100182,2026-06-30 13:38:00,477.42,N$,cash_out,CP00380,0
TXN007719,ACC100039,2026-06-30 03:17:00,235.12,N$,cash_out,CP02756,0
TXN007720,ACC100581,2026-06-02 01:27:00,181.99,N$,merchant_payment,CP00823,0
TXN007721,ACC100094,2026-07-19 04:19:00,706.33,N$,bill_payment,CP00022,0
TXN007722,ACC100271,2026-06-20 17:28:00,323.87,N$,p2p_transfer,CP01277,0
TXN007723,ACC100026,2026-06-12 22:28:00,1180.6,N$,p2p_transfer,CP00182,0
TXN007724,ACC100624,2026-06-06 09:19:00,189.6,N$,bill_payment,CP00444,0
TXN007725,ACC100172,2026-07-22 21:29:00,389.22,N$,merchant_payment,CP02880,0
TXN007726,ACC100385,2026-07-16 04:46:00,783.51,N$,p2p_transfer,CP01933,0
TXN007727,ACC100764,2026-06-25 12:20:00,189.61,N$,cash_out,CP01516,0
TXN007728,ACC100507,2026-06-13 11:02:00,446.23,N$,merchant_payment,CP00552,0
TXN007729,ACC100042,2026-07-30 03:56:00,470.18,N$,p2p_transfer,CP02783,0
TXN007730,ACC100280,2026-07-06 17:50:00,101.6,N$,p2p_transfer,CP00057,0
TXN007731,ACC100458,2026-06-09 05:09:00,922.18,N$,merchant_payment,CP02405,0
TXN007732,ACC100514,2026-07-27 02:53:00,1690.32,N$,merchant_payment,CP01570,0
TXN007733,ACC100452,2026-07-11 23:59:00,217.77,N$,cash_out,CP00834,0
TXN007734,ACC100327,2026-06-20 06:14:00,285.87,N$,cash_out,CP00711,0
TXN007735,ACC100572,2026-06-09 06:35:00,549.2,N$,p2p_transfer,CP00752,0
TXN007736,ACC100189,2026-07-25 04:33:00,86.7,N$,p2p_transfer,CP03942,0
TXN007737,ACC100561,2026-07-01 12:34:00,53.39,N$,merchant_payment,CP00767,0
TXN007738,ACC100534,2026-06-03 05:12:00,462.08,N$,p2p_transfer,CP03109,0
TXN007739,ACC100398,2026-06-02 13:56:00,94.49,N$,merchant_payment,CP02793,0
TXN007740,ACC100623,2026-06-12 10:29:00,200.27,N$,merchant_payment,CP02563,0
TXN007741,ACC100385,2026-06-03 15:55:00,229.49,N$,p2p_transfer,CP00843,0
TXN007742,ACC100218,2026-07-25 10:05:00,634.07,N$,merchant_payment,CP00956,0
TXN007743,ACC100555,2026-07-27 13:15:00,514.22,N$,p2p_transfer,CP00276,0
TXN007744,ACC100654,2026-07-21 00:59:00,277.19,N$,p2p_transfer,CP01168,0
TXN007745,ACC100244,2026-06-21 23:37:00,241.24,N$,merchant_payment,CP03248,0
TXN007746,ACC100457,2026-07-07 08:14:00,576.5,N$,p2p_transfer,CP00614,0
TXN007747,ACC100056,2026-06-03 03:53:00,233.97,N$,cash_out,CP01766,0
TXN007748,ACC100503,2026-06-11 18:18:00,207.63,N$,p2p_transfer,CP02907,0
TXN007749,ACC100236,2026-07-29 13:10:00,153.35,N$,merchant_payment,CP02474,0
TXN007750,ACC100216,2026-07-27 08:54:00,178.65,N$,merchant_payment,CP01039,0
TXN007751,ACC100338,2026-06-23 14:14:00,491.52,N$,merchant_payment,CP03404,0
TXN007752,ACC100721,2026-07-12 22:41:00,1027.21,N$,bill_payment,CP02480,0
TXN007753,ACC100632,2026-06-01 19:54:00,1145.72,N$,p2p_transfer,CP02205,0
TXN007754,ACC100671,2026-07-29 20:23:00,377.69,N$,cash_out,CP01809,0
TXN007755,ACC100366,2026-07-20 15:56:00,1011.86,N$,merchant_payment,CP01303,0
TXN007756,ACC100112,2026-06-11 04:38:00,235.8,N$,cash_out,CP01633,0
TXN007757,ACC100371,2026-06-25 03:10:00,88.39,N$,p2p_transfer,CP02508,0
TXN007758,ACC100413,2026-07-06 20:24:00,686.7,N$,merchant_payment,CP03108,0
TXN007759,ACC100048,2026-07-15 02:01:00,144.89,N$,bill_payment,CP03984,0
TXN007760,ACC100586,2026-07-10 02:06:00,79.34,N$,p2p_transfer,CP02981,0
TXN007761,ACC100280,2026-07-29 16:00:00,694.05,N$,cash_out,CP01745,0
TXN007762,ACC100127,2026-06-02 21:47:00,443.91,N$,p2p_transfer,CP00638,0
TXN007763,ACC100586,2026-06-16 11:25:00,316.1,N$,merchant_payment,CP01546,0
TXN007764,ACC100695,2026-07-09 17:48:00,247.03,N$,merchant_payment,CP00193,0
TXN007765,ACC100510,2026-07-18 23:54:00,243.71,N$,p2p_transfer,CP01050,0
TXN007766,ACC100445,2026-06-10 22:55:00,374.19,N$,p2p_transfer,CP03538,0
TXN007767,ACC100007,2026-06-04 22:50:00,696.83,N$,merchant_payment,CP03009,0
TXN007768,ACC100334,2026-06-09 02:31:00,185.55,N$,merchant_payment,CP00783,0
TXN007769,ACC100692,2026-06-26 03:38:00,177.72,N$,merchant_payment,CP03664,0
TXN007770,ACC100345,2026-07-16 19:09:00,123.95,N$,merchant_payment,CP00982,0
TXN007771,ACC100655,2026-06-25 03:39:00,263.02,N$,cash_out,CP01532,0
TXN007772,ACC100365,2026-07-10 02:22:00,250.37,N$,p2p_transfer,CP03813,0
TXN007773,ACC100362,2026-07-09 16:06:00,141.6,N$,cash_out,CP02345,0
TXN007774,ACC100630,2026-06-21 05:02:00,276.06,N$,merchant_payment,CP03948,0
TXN007775,ACC100057,2026-06-09 16:47:00,597.83,N$,merchant_payment,CP00534,0
TXN007776,ACC100506,2026-07-20 01:04:00,414.88,N$,merchant_payment,CP02795,0
TXN007777,ACC100630,2026-06-08 19:13:00,943.58,N$,p2p_transfer,CP00232,0
TXN007778,ACC100645,2026-06-25 09:53:00,1028.2,N$,p2p_transfer,CP03054,0
TXN007779,ACC100258,2026-07-01 18:56:00,82.48,N$,merchant_payment,CP02527,0
TXN007780,ACC100784,2026-06-16 11:46:00,177.41,N$,p2p_transfer,CP00955,0
TXN007781,ACC100527,2026-06-29 15:53:00,317.69,N$,merchant_payment,CP03785,0
TXN007782,ACC100733,2026-07-03 17:50:00,747.91,N$,cash_out,CP00288,0
TXN007783,ACC100670,2026-07-05 20:43:00,442.51,N$,p2p_transfer,CP00050,0
TXN007784,ACC100193,2026-06-06 11:48:00,1006.16,N$,p2p_transfer,CP01551,0
TXN007785,ACC100223,2026-07-27 04:23:00,175.96,N$,p2p_transfer,CP03593,0
TXN007786,ACC100273,2026-07-28 12:57:00,343.85,N$,merchant_payment,CP01747,0
TXN007787,ACC100531,2026-07-23 12:15:00,149.84,N$,merchant_payment,CP01752,0
TXN007788,ACC100399,2026-06-02 05:48:00,875.17,N$,merchant_payment,CP01072,0
TXN007789,ACC100792,2026-06-13 22:09:00,961.69,N$,merchant_payment,CP02774,0
TXN007790,ACC100133,2026-06-12 12:22:00,216.01,N$,p2p_transfer,CP00377,0
TXN007791,ACC100436,2026-06-05 03:55:00,821.22,N$,p2p_transfer,CP00530,0
TXN007792,ACC100234,2026-06-04 17:11:00,280.94,N$,cash_out,CP01147,0
TXN007793,ACC100151,2026-07-18 11:46:00,592.72,N$,p2p_transfer,CP03383,0
TXN007794,ACC100453,2026-07-07 22:49:00,266.15,N$,merchant_payment,CP00290,0
TXN007795,ACC100223,2026-07-23 19:22:00,375.78,N$,p2p_transfer,CP03872,0
TXN007796,ACC100547,2026-06-14 22:05:00,489.68,N$,merchant_payment,CP03634,0
TXN007797,ACC100404,2026-07-05 15:02:00,142.7,N$,merchant_payment,CP01924,0
TXN007798,ACC100272,2026-07-06 02:27:00,425.17,N$,p2p_transfer,CP03278,0
TXN007799,ACC100797,2026-06-23 10:22:00,81.97,N$,p2p_transfer,CP02838,0
TXN007800,ACC100504,2026-06-22 04:15:00,1492.55,N$,cash_out,CP03079,0
TXN007801,ACC100445,2026-07-14 14:29:00,305.99,N$,p2p_transfer,CP00686,0
TXN007802,ACC100098,2026-06-21 09:34:00,648.75,N$,merchant_payment,CP01145,0
TXN007803,ACC100197,2026-06-20 20:03:00,1150.89,N$,merchant_payment,CP00175,0
TXN007804,ACC100576,2026-07-08 09:57:00,46.88,N$,merchant_payment,CP00412,0
TXN007805,ACC100183,2026-06-25 12:18:00,108.28,N$,merchant_payment,CP02287,0
TXN007806,ACC100493,2026-07-27 08:39:00,283.02,N$,p2p_transfer,CP01715,0
TXN007807,ACC100661,2026-07-07 18:18:00,1164.94,N$,p2p_transfer,CP00707,0
TXN007808,ACC100081,2026-07-07 11:24:00,838.96,N$,cash_out,CP03125,1
TXN007809,ACC100408,2026-06-08 03:43:00,94.23,N$,p2p_transfer,CP02916,0
TXN007810,ACC100555,2026-06-10 15:54:00,204.24,N$,merchant_payment,CP02119,0
TXN007811,ACC100461,2026-06-15 02:40:00,583.17,N$,bill_payment,CP00634,0
TXN007812,ACC100125,2026-07-08 03:22:00,185.63,N$,merchant_payment,CP02920,0
TXN007813,ACC100677,2026-06-23 07:14:00,274.83,N$,merchant_payment,CP01642,0
TXN007814,ACC100330,2026-07-07 02:48:00,194.94,N$,merchant_payment,CP00362,0
TXN007815,ACC100416,2026-06-11 15:15:00,1639.81,N$,p2p_transfer,CP00914,0
TXN007816,ACC100109,2026-06-24 05:27:00,271.35,N$,p2p_transfer,CP01804,0
TXN007817,ACC100518,2026-07-05 07:15:00,314.61,N$,cash_out,CP02029,0
TXN007818,ACC100324,2026-06-01 19:19:00,421.31,N$,p2p_transfer,CP01102,0
TXN007819,ACC100564,2026-07-06 05:27:00,699.64,N$,bill_payment,CP00375,0
TXN007820,ACC100592,2026-07-11 14:19:00,152.75,N$,p2p_transfer,CP01512,0
TXN007821,ACC100085,2026-06-03 07:45:00,709.76,N$,merchant_payment,CP02098,0
TXN007822,ACC100340,2026-06-26 11:21:00,1039.81,N$,cash_out,CP00116,0
TXN007823,ACC100643,2026-07-07 08:51:00,263.25,N$,p2p_transfer,CP01247,0
TXN007824,ACC100349,2026-06-05 18:31:00,117.89,N$,merchant_payment,CP01835,0
TXN007825,ACC100496,2026-07-05 11:05:00,207.32,N$,cash_out,CP03806,0
TXN007826,ACC100474,2026-07-29 04:15:00,176.48,N$,merchant_payment,CP01690,0
TXN007827,ACC100393,2026-07-02 09:03:00,578.08,N$,merchant_payment,CP01376,0
TXN007828,ACC100447,2026-07-17 14:05:00,472.61,N$,bill_payment,CP02663,0
TXN007829,ACC100735,2026-07-18 04:00:00,795.72,N$,merchant_payment,CP00266,0
TXN007830,ACC100103,2026-07-20 20:37:00,2464.32,N$,cash_out,CP00335,1
TXN007831,ACC100730,2026-07-08 03:56:00,25561.14,N$,p2p_transfer,CP02209,1
TXN007832,ACC100771,2026-07-17 14:18:00,483.2,N$,merchant_payment,CP02770,0
TXN007833,ACC100283,2026-06-10 04:26:00,1392.74,N$,merchant_payment,CP01587,0
TXN007834,ACC100405,2026-07-23 04:32:00,356.05,N$,cash_out,CP02048,0
TXN007835,ACC100664,2026-07-07 19:52:00,635.29,N$,cash_out,CP00090,0
TXN007836,ACC100681,2026-06-25 02:40:00,140.68,N$,merchant_payment,CP01479,0
TXN007837,ACC100150,2026-06-25 05:54:00,673.0,N$,merchant_payment,CP03114,0
TXN007838,ACC100622,2026-07-27 16:22:00,137.95,N$,bill_payment,CP03305,0
TXN007839,ACC100382,2026-07-14 18:54:00,316.78,N$,bill_payment,CP00000,0
TXN007840,ACC100252,2026-06-20 19:13:00,834.15,N$,p2p_transfer,CP02367,0
TXN007841,ACC100545,2026-06-14 05:17:00,461.03,N$,bill_payment,CP01511,0
TXN007842,ACC100343,2026-07-30 23:56:00,228.64,N$,bill_payment,CP03533,0
TXN007843,ACC100381,2026-07-21 21:28:00,127.21,N$,p2p_transfer,CP01728,0
TXN007844,ACC100300,2026-06-13 01:14:00,437.43,N$,cash_out,CP03620,0
TXN007845,ACC100395,2026-07-29 08:53:00,288.86,N$,merchant_payment,CP01534,0
TXN007846,ACC100616,2026-06-05 08:57:00,350.27,N$,p2p_transfer,CP02787,0
TXN007847,ACC100087,2026-07-13 03:26:00,346.79,N$,p2p_transfer,CP00296,0
TXN007848,ACC100072,2026-06-05 21:11:00,231.25,N$,cash_out,CP03963,0
TXN007849,ACC100078,2026-07-18 15:10:00,155.21,N$,cash_out,CP03850,0
TXN007850,ACC100579,2026-07-26 06:29:00,356.06,N$,p2p_transfer,CP03838,0
TXN007851,ACC100485,2026-06-06 13:35:00,230.46,N$,merchant_payment,CP02243,0
TXN007852,ACC100320,2026-06-12 09:11:00,487.78,N$,merchant_payment,CP02091,0
TXN007853,ACC100072,2026-07-14 07:51:00,1245.18,N$,p2p_transfer,CP02578,0
TXN007854,ACC100140,2026-06-08 22:56:00,485.71,N$,merchant_payment,CP01645,0
TXN007855,ACC100612,2026-07-19 16:29:00,238.09,N$,merchant_payment,CP01266,0
TXN007856,ACC100229,2026-06-12 16:23:00,125.42,N$,p2p_transfer,CP00289,0
TXN007857,ACC100040,2026-06-09 20:54:00,259.08,N$,bill_payment,CP00249,0
TXN007858,ACC100549,2026-06-04 07:09:00,769.57,N$,merchant_payment,CP00807,0
TXN007859,ACC100370,2026-07-08 08:50:00,508.75,N$,p2p_transfer,CP02621,0
TXN007860,ACC100071,2026-06-16 04:48:00,694.46,N$,cash_out,CP02005,0
TXN007861,ACC100216,2026-07-17 14:22:00,511.28,N$,p2p_transfer,CP02422,0
TXN007862,ACC100420,2026-06-18 18:49:00,147.53,N$,merchant_payment,CP03048,0
TXN007863,ACC100003,2026-06-18 09:03:00,416.2,N$,bill_payment,CP03510,0
TXN007864,ACC100373,2026-06-28 09:31:00,457.0,N$,p2p_transfer,CP03654,0
TXN007865,ACC100783,2026-06-05 19:21:00,579.0,N$,cash_out,CP02384,0
TXN007866,ACC100222,2026-07-04 00:26:00,1141.67,N$,cash_out,CP01780,0
TXN007867,ACC100186,2026-06-11 10:03:00,308.1,N$,merchant_payment,CP00453,0
TXN007868,ACC100768,2026-07-26 04:09:00,625.83,N$,bill_payment,CP03987,0
TXN007869,ACC100487,2026-06-20 16:37:00,346.44,N$,merchant_payment,CP00029,0
TXN007870,ACC100280,2026-07-17 18:44:00,507.1,N$,bill_payment,CP00247,0
TXN007871,ACC100736,2026-06-02 17:43:00,506.39,N$,p2p_transfer,CP03059,0
TXN007872,ACC100003,2026-07-06 18:27:00,367.47,N$,p2p_transfer,CP01134,0
TXN007873,ACC100206,2026-07-11 05:44:00,765.47,N$,p2p_transfer,CP03397,0
TXN007874,ACC100521,2026-06-08 21:22:00,1348.73,N$,p2p_transfer,CP02242,0
TXN007875,ACC100302,2026-06-14 19:05:00,427.88,N$,merchant_payment,CP03564,0
TXN007876,ACC100455,2026-07-05 11:36:00,448.5,N$,merchant_payment,CP01505,0
TXN007877,ACC100718,2026-07-17 12:50:00,305.6,N$,p2p_transfer,CP03436,0
TXN007878,ACC100429,2026-06-24 03:12:00,229.02,N$,merchant_payment,CP03939,0
TXN007879,ACC100334,2026-06-16 22:49:00,659.52,N$,merchant_payment,CP01738,0
TXN007880,ACC100499,2026-06-16 17:37:00,447.68,N$,p2p_transfer,CP00387,0
TXN007881,ACC100402,2026-06-06 18:38:00,949.23,N$,p2p_transfer,CP01489,0
TXN007882,ACC100409,2026-07-25 00:03:00,263.1,N$,bill_payment,CP00399,0
TXN007883,ACC100714,2026-07-17 17:09:00,673.83,N$,merchant_payment,CP00064,0
TXN007884,ACC100720,2026-07-27 13:34:00,518.27,N$,cash_out,CP02216,0
TXN007885,ACC100409,2026-07-02 08:26:00,444.85,N$,p2p_transfer,CP02466,0
TXN007886,ACC100702,2026-06-12 20:44:00,151.9,N$,p2p_transfer,CP03875,0
TXN007887,ACC100429,2026-06-03 22:43:00,237.67,N$,p2p_transfer,CP00900,0
TXN007888,ACC100129,2026-06-30 20:20:00,319.3,N$,p2p_transfer,CP00646,0
TXN007889,ACC100250,2026-06-14 10:41:00,336.77,N$,bill_payment,CP02616,0
TXN007890,ACC100601,2026-06-22 21:09:00,624.24,N$,p2p_transfer,CP01436,0
TXN007891,ACC100061,2026-06-11 19:14:00,833.53,N$,p2p_transfer,CP02743,0
TXN007892,ACC100466,2026-07-10 05:00:00,707.52,N$,merchant_payment,CP02485,0
TXN007893,ACC100724,2026-07-24 06:40:00,549.45,N$,p2p_transfer,CP03712,0
TXN007894,ACC100148,2026-07-22 07:11:00,1403.1,N$,cash_out,CP00143,0
TXN007895,ACC100535,2026-07-17 04:31:00,667.87,N$,p2p_transfer,CP02856,0
TXN007896,ACC100143,2026-07-18 10:40:00,492.51,N$,p2p_transfer,CP03431,0
TXN007897,ACC100606,2026-06-28 07:16:00,362.54,N$,p2p_transfer,CP00961,0
TXN007898,ACC100089,2026-07-27 05:20:00,391.33,N$,p2p_transfer,CP02689,0
TXN007899,ACC100076,2026-06-25 19:40:00,265.0,N$,p2p_transfer,CP00947,0
TXN007900,ACC100205,2026-07-07 08:31:00,216.55,N$,p2p_transfer,CP03825,0
TXN007901,ACC100426,2026-06-28 10:29:00,792.16,N$,merchant_payment,CP03786,0
TXN007902,ACC100346,2026-07-06 16:36:00,483.87,N$,merchant_payment,CP01355,0
TXN007903,ACC100444,2026-07-27 06:40:00,442.38,N$,merchant_payment,CP02920,0
TXN007904,ACC100603,2026-07-29 07:42:00,118.05,N$,merchant_payment,CP00633,0
TXN007905,ACC100071,2026-07-21 20:46:00,136.47,N$,merchant_payment,CP01319,0
TXN007906,ACC100304,2026-06-29 17:22:00,458.48,N$,p2p_transfer,CP03078,0
TXN007907,ACC100634,2026-07-06 05:54:00,1046.25,N$,p2p_transfer,CP03572,0
TXN007908,ACC100587,2026-07-15 02:46:00,172.13,N$,p2p_transfer,CP01107,0
TXN007909,ACC100693,2026-06-25 06:00:00,212.88,N$,p2p_transfer,CP02057,0
TXN007910,ACC100242,2026-06-09 14:27:00,516.93,N$,bill_payment,CP02951,0
TXN007911,ACC100396,2026-07-14 08:01:00,309.36,N$,merchant_payment,CP03865,0
TXN007912,ACC100488,2026-06-05 01:54:00,304.02,N$,p2p_transfer,CP02752,0
TXN007913,ACC100150,2026-07-06 00:49:00,42.98,N$,merchant_payment,CP03648,0
TXN007914,ACC100664,2026-07-13 15:53:00,248.77,N$,merchant_payment,CP01405,0
TXN007915,ACC100648,2026-07-06 18:25:00,178.38,N$,cash_out,CP02788,0
TXN007916,ACC100429,2026-07-24 16:44:00,417.54,N$,merchant_payment,CP02049,0
TXN007917,ACC100509,2026-07-25 11:32:00,968.79,N$,cash_out,CP00752,0
TXN007918,ACC100087,2026-06-29 05:53:00,84.24,N$,merchant_payment,CP02049,0
TXN007919,ACC100286,2026-07-17 13:35:00,106.3,N$,merchant_payment,CP01338,0
TXN007920,ACC100763,2026-07-13 00:23:00,477.17,N$,cash_out,CP02659,0
TXN007921,ACC100403,2026-06-24 03:47:00,1316.65,N$,cash_out,CP03280,0
TXN007922,ACC100717,2026-07-25 16:11:00,149.62,N$,cash_out,CP00911,0
TXN007923,ACC100345,2026-07-25 16:02:00,355.49,N$,p2p_transfer,CP02790,0
TXN007924,ACC100591,2026-06-10 07:52:00,315.96,N$,cash_out,CP01780,0
TXN007925,ACC100599,2026-06-14 10:11:00,306.86,N$,merchant_payment,CP01386,0
TXN007926,ACC100667,2026-07-22 21:20:00,374.36,N$,cash_out,CP03167,0
TXN007927,ACC100795,2026-06-09 10:28:00,1535.86,N$,cash_out,CP03996,0
TXN007928,ACC100107,2026-07-28 06:22:00,44.75,N$,p2p_transfer,CP01829,0
TXN007929,ACC100475,2026-06-04 11:47:00,425.74,N$,p2p_transfer,CP00297,0
TXN007930,ACC100186,2026-06-08 22:01:00,262.28,N$,p2p_transfer,CP00627,0
TXN007931,ACC100165,2026-06-05 20:10:00,284.99,N$,p2p_transfer,CP02858,0
TXN007932,ACC100173,2026-07-09 12:08:00,844.76,N$,p2p_transfer,CP02880,0
TXN007933,ACC100649,2026-06-23 08:31:00,323.74,N$,merchant_payment,CP00248,0
TXN007934,ACC100428,2026-07-03 03:35:00,369.86,N$,p2p_transfer,CP01970,0
TXN007935,ACC100581,2026-06-22 19:32:00,574.28,N$,bill_payment,CP03298,0
TXN007936,ACC100518,2026-06-15 16:24:00,375.82,N$,merchant_payment,CP00819,0
TXN007937,ACC100076,2026-07-26 03:22:00,293.24,N$,cash_out,CP01746,0
TXN007938,ACC100039,2026-07-27 19:25:00,371.68,N$,cash_out,CP03839,0
TXN007939,ACC100738,2026-07-02 05:17:00,196.75,N$,p2p_transfer,CP01752,0
TXN007940,ACC100036,2026-07-02 06:35:00,4275.97,N$,merchant_payment,CP01497,0
TXN007941,ACC100581,2026-06-08 15:10:00,317.6,N$,p2p_transfer,CP03230,0
TXN007942,ACC100711,2026-07-25 00:07:00,322.65,N$,bill_payment,CP01192,0
TXN007943,ACC100250,2026-07-19 00:44:00,1107.14,N$,p2p_transfer,CP00900,0
TXN007944,ACC100577,2026-06-13 20:40:00,680.22,N$,cash_out,CP01591,0
TXN007945,ACC100729,2026-06-15 10:53:00,306.34,N$,p2p_transfer,CP00714,0
TXN007946,ACC100643,2026-07-13 18:21:00,273.3,N$,merchant_payment,CP03590,0
TXN007947,ACC100428,2026-06-25 20:59:00,208.22,N$,p2p_transfer,CP02893,0
TXN007948,ACC100682,2026-07-02 23:26:00,519.94,N$,p2p_transfer,CP03787,0
TXN007949,ACC100198,2026-07-24 19:12:00,2112.37,N$,cash_out,CP01929,0
TXN007950,ACC100220,2026-06-22 10:27:00,864.2,N$,p2p_transfer,CP00441,0
TXN007951,ACC100005,2026-06-24 14:00:00,1482.49,N$,p2p_transfer,CP02419,0
TXN007952,ACC100032,2026-06-28 19:43:00,734.74,N$,merchant_payment,CP02493,0
TXN007953,ACC100492,2026-06-16 09:08:00,382.15,N$,p2p_transfer,CP01055,0
TXN007954,ACC100028,2026-06-27 18:03:00,516.92,N$,p2p_transfer,CP01180,0
TXN007955,ACC100245,2026-06-10 15:07:00,341.98,N$,merchant_payment,CP02073,0
TXN007956,ACC100490,2026-07-27 02:20:00,464.57,N$,p2p_transfer,CP02605,0
TXN007957,ACC100734,2026-06-23 23:37:00,345.44,N$,p2p_transfer,CP00674,0
TXN007958,ACC100063,2026-07-23 11:00:00,505.73,N$,p2p_transfer,CP01037,0
TXN007959,ACC100312,2026-06-29 09:56:00,401.51,N$,cash_out,CP02674,0
TXN007960,ACC100365,2026-06-01 21:21:00,2480.27,N$,p2p_transfer,CP01886,0
TXN007961,ACC100176,2026-06-26 10:19:00,885.02,N$,merchant_payment,CP02997,0
TXN007962,ACC100726,2026-06-16 02:56:00,337.47,N$,bill_payment,CP01470,0
TXN007963,ACC100642,2026-06-23 18:19:00,219.12,N$,merchant_payment,CP01157,0
TXN007964,ACC100652,2026-06-18 09:48:00,731.88,N$,cash_out,CP00550,0
TXN007965,ACC100670,2026-07-25 08:26:00,562.72,N$,p2p_transfer,CP00596,0
TXN007966,ACC100079,2026-06-30 23:05:00,134.62,N$,bill_payment,CP01622,0
TXN007967,ACC100492,2026-06-01 00:46:00,282.56,N$,p2p_transfer,CP00884,0
TXN007968,ACC100490,2026-07-22 16:50:00,589.98,N$,merchant_payment,CP01198,0
TXN007969,ACC100088,2026-06-18 21:24:00,1072.61,N$,bill_payment,CP01372,0
TXN007970,ACC100473,2026-06-15 13:15:00,433.91,N$,cash_out,CP02712,0
TXN007971,ACC100084,2026-06-07 21:20:00,911.64,N$,bill_payment,CP02308,0
TXN007972,ACC100775,2026-07-03 12:36:00,593.99,N$,p2p_transfer,CP01485,0
TXN007973,ACC100249,2026-07-13 16:54:00,1886.5,N$,p2p_transfer,CP03289,0
TXN007974,ACC100486,2026-07-07 00:05:00,2245.54,N$,p2p_transfer,CP00939,0
TXN007975,ACC100524,2026-06-05 03:52:00,158.02,N$,merchant_payment,CP03345,0
TXN007976,ACC100700,2026-06-29 10:21:00,370.27,N$,p2p_transfer,CP01240,0
TXN007977,ACC100615,2026-07-10 18:20:00,209.91,N$,merchant_payment,CP01586,0
TXN007978,ACC100585,2026-07-23 04:29:00,83.8,N$,p2p_transfer,CP01531,0
TXN007979,ACC100554,2026-06-17 01:36:00,109.1,N$,p2p_transfer,CP00149,0
TXN007980,ACC100059,2026-06-21 05:55:00,1808.54,N$,p2p_transfer,CP01183,0
TXN007981,ACC100004,2026-06-04 14:42:00,490.54,N$,merchant_payment,CP02737,0
TXN007982,ACC100724,2026-07-30 00:53:00,1274.86,N$,merchant_payment,CP02012,0
TXN007983,ACC100316,2026-06-03 01:51:00,457.61,N$,merchant_payment,CP02790,0
TXN007984,ACC100558,2026-06-29 13:08:00,746.12,N$,merchant_payment,CP03738,0
TXN007985,ACC100572,2026-06-08 10:20:00,174.9,N$,merchant_payment,CP02585,0
TXN007986,ACC100213,2026-06-12 11:17:00,476.32,N$,merchant_payment,CP01999,0
TXN007987,ACC100561,2026-07-04 19:27:00,248.82,N$,p2p_transfer,CP02102,0
TXN007988,ACC100547,2026-06-30 08:37:00,189.69,N$,p2p_transfer,CP02733,0
TXN007989,ACC100342,2026-07-11 03:13:00,635.53,N$,merchant_payment,CP01115,0
TXN007990,ACC100205,2026-06-02 15:40:00,130.38,N$,p2p_transfer,CP00716,0
TXN007991,ACC100412,2026-07-17 07:41:00,682.37,N$,merchant_payment,CP00627,0
TXN007992,ACC100435,2026-07-30 17:12:00,114.32,N$,bill_payment,CP03935,0
TXN007993,ACC100224,2026-07-26 18:18:00,732.97,N$,p2p_transfer,CP00695,0
TXN007994,ACC100277,2026-06-04 02:48:00,1145.0,N$,merchant_payment,CP00096,0
TXN007995,ACC100583,2026-07-06 19:08:00,233.54,N$,merchant_payment,CP03713,0
TXN007996,ACC100425,2026-07-18 18:51:00,247.28,N$,merchant_payment,CP01443,0
TXN007997,ACC100369,2026-07-13 01:07:00,966.39,N$,bill_payment,CP03843,0
TXN007998,ACC100774,2026-06-11 10:14:00,1134.21,N$,merchant_payment,CP02347,0
TXN007999,ACC100500,2026-07-15 12:59:00,132.94,N$,p2p_transfer,CP03283,0
TXN008000,ACC100436,2026-06-19 20:38:00,338.44,N$,p2p_transfer,CP01831,0
TXN008001,ACC100289,2026-07-15 08:36:00,72.99,N$,merchant_payment,CP03951,0
TXN008002,ACC100522,2026-06-04 04:59:00,737.88,N$,cash_out,CP03247,0
TXN008003,ACC100486,2026-07-02 01:58:00,515.4,N$,merchant_payment,CP00699,0
TXN008004,ACC100332,2026-06-18 13:15:00,163.13,N$,p2p_transfer,CP02381,0
TXN008005,ACC100701,2026-06-10 04:14:00,450.82,N$,cash_out,CP00769,0
TXN008006,ACC100700,2026-06-01 02:46:00,179.78,N$,cash_out,CP02074,0
TXN008007,ACC100194,2026-06-24 16:50:00,575.15,N$,merchant_payment,CP01081,0
TXN008008,ACC100421,2026-06-09 01:11:00,611.79,N$,p2p_transfer,CP02417,0
TXN008009,ACC100215,2026-07-18 00:53:00,2418.62,N$,cash_out,CP01678,0
TXN008010,ACC100501,2026-07-08 12:37:00,1184.15,N$,merchant_payment,CP00452,0
TXN008011,ACC100295,2026-07-28 16:25:00,10316.45,N$,cash_out,CP02916,1
TXN008012,ACC100247,2026-06-18 19:53:00,182.4,N$,cash_out,CP02143,0
TXN008013,ACC100283,2026-07-27 14:15:00,741.64,N$,p2p_transfer,CP03919,0
TXN008014,ACC100236,2026-06-10 04:33:00,1279.45,N$,p2p_transfer,CP03339,0
TXN008015,ACC100017,2026-07-21 07:51:00,391.99,N$,merchant_payment,CP00096,0
TXN008016,ACC100271,2026-07-07 09:06:00,215.21,N$,p2p_transfer,CP02224,0
TXN008017,ACC100486,2026-07-16 10:34:00,816.17,N$,merchant_payment,CP00649,0
TXN008018,ACC100389,2026-07-12 17:00:00,232.38,N$,p2p_transfer,CP02182,0
TXN008019,ACC100226,2026-07-06 09:59:00,9851.2,N$,p2p_transfer,CP01761,1
TXN008020,ACC100771,2026-06-16 15:48:00,363.88,N$,merchant_payment,CP00243,0
TXN008021,ACC100511,2026-06-22 19:56:00,430.24,N$,bill_payment,CP00994,0
TXN008022,ACC100214,2026-07-08 03:57:00,650.45,N$,bill_payment,CP03221,0
TXN008023,ACC100619,2026-06-11 17:22:00,367.86,N$,p2p_transfer,CP03292,0
TXN008024,ACC100118,2026-06-28 12:39:00,459.47,N$,merchant_payment,CP03523,0
TXN008025,ACC100450,2026-07-23 09:26:00,347.15,N$,bill_payment,CP00798,0
TXN008026,ACC100302,2026-07-27 11:34:00,304.61,N$,merchant_payment,CP01784,0
TXN008027,ACC100363,2026-07-26 00:28:00,367.19,N$,p2p_transfer,CP00292,0
TXN008028,ACC100451,2026-06-05 12:23:00,1182.16,N$,bill_payment,CP03451,0
TXN008029,ACC100375,2026-06-11 16:35:00,753.61,N$,p2p_transfer,CP03212,0
TXN008030,ACC100211,2026-07-28 18:19:00,554.95,N$,p2p_transfer,CP01718,0
TXN008031,ACC100670,2026-07-04 14:53:00,518.14,N$,p2p_transfer,CP03469,0
TXN008032,ACC100532,2026-06-08 10:21:00,1471.19,N$,cash_out,CP02698,0
TXN008033,ACC100086,2026-07-06 09:25:00,535.9,N$,cash_out,CP01121,0
TXN008034,ACC100009,2026-07-11 23:13:00,454.34,N$,p2p_transfer,CP02878,0
TXN008035,ACC100391,2026-06-17 18:52:00,1261.96,N$,bill_payment,CP03422,0
TXN008036,ACC100078,2026-06-04 11:02:00,133.25,N$,p2p_transfer,CP03659,0
TXN008037,ACC100745,2026-07-02 07:06:00,272.83,N$,merchant_payment,CP03106,0
TXN008038,ACC100326,2026-06-11 01:07:00,1323.45,N$,p2p_transfer,CP00724,0
TXN008039,ACC100512,2026-06-20 20:52:00,1142.61,N$,cash_out,CP02713,0
TXN008040,ACC100748,2026-07-12 18:32:00,211.64,N$,cash_out,CP00703,0
TXN008041,ACC100219,2026-06-22 00:44:00,97.01,N$,cash_out,CP00960,0
TXN008042,ACC100471,2026-06-14 18:08:00,676.9,N$,p2p_transfer,CP02389,0
TXN008043,ACC100472,2026-06-17 04:00:00,249.86,N$,p2p_transfer,CP00329,0
TXN008044,ACC100655,2026-06-02 03:43:00,228.16,N$,p2p_transfer,CP00838,0
TXN008045,ACC100041,2026-07-29 21:56:00,407.09,N$,cash_out,CP01761,0
TXN008046,ACC100199,2026-07-13 15:24:00,280.97,N$,merchant_payment,CP03399,0
TXN008047,ACC100388,2026-07-26 22:58:00,334.76,N$,merchant_payment,CP02530,0
TXN008048,ACC100638,2026-07-05 14:08:00,114.56,N$,merchant_payment,CP02947,0
TXN008049,ACC100406,2026-06-29 18:02:00,862.91,N$,merchant_payment,CP03292,0
TXN008050,ACC100503,2026-06-30 00:29:00,2076.08,N$,merchant_payment,CP02490,0
TXN008051,ACC100230,2026-07-13 18:11:00,874.54,N$,p2p_transfer,CP01975,0
TXN008052,ACC100451,2026-06-10 19:06:00,160.43,N$,p2p_transfer,CP02772,0
TXN008053,ACC100422,2026-07-07 01:52:00,322.04,N$,p2p_transfer,CP01932,0
TXN008054,ACC100336,2026-07-03 16:59:00,264.65,N$,p2p_transfer,CP03781,0
TXN008055,ACC100479,2026-06-20 12:16:00,422.17,N$,cash_out,CP00231,0
TXN008056,ACC100484,2026-07-16 22:12:00,368.27,N$,p2p_transfer,CP01690,0
TXN008057,ACC100796,2026-07-12 14:45:00,364.42,N$,bill_payment,CP02306,0
TXN008058,ACC100007,2026-06-21 19:17:00,765.36,N$,merchant_payment,CP03390,0
TXN008059,ACC100726,2026-06-09 12:52:00,509.38,N$,merchant_payment,CP02220,0
TXN008060,ACC100690,2026-06-05 08:06:00,133.83,N$,bill_payment,CP01394,0
TXN008061,ACC100703,2026-07-18 17:50:00,1387.03,N$,p2p_transfer,CP03892,0
TXN008062,ACC100098,2026-07-11 11:08:00,464.94,N$,bill_payment,CP01231,0
TXN008063,ACC100071,2026-07-04 09:11:00,327.32,N$,merchant_payment,CP02156,0
TXN008064,ACC100411,2026-06-28 11:31:00,921.73,N$,p2p_transfer,CP03757,0
TXN008065,ACC100320,2026-07-16 10:10:00,215.46,N$,cash_out,CP02588,0
TXN008066,ACC100607,2026-06-07 01:55:00,744.35,N$,cash_out,CP03950,0
TXN008067,ACC100256,2026-06-01 00:30:00,84.89,N$,bill_payment,CP03198,0
TXN008068,ACC100435,2026-06-29 19:56:00,107.9,N$,p2p_transfer,CP00306,0
TXN008069,ACC100137,2026-07-24 10:08:00,1244.27,N$,p2p_transfer,CP03156,0
TXN008070,ACC100449,2026-06-10 03:40:00,942.73,N$,merchant_payment,CP02385,0
TXN008071,ACC100403,2026-06-23 18:46:00,204.74,N$,p2p_transfer,CP01823,0
TXN008072,ACC100485,2026-07-28 22:21:00,395.52,N$,merchant_payment,CP02394,0
TXN008073,ACC100110,2026-07-18 01:34:00,288.01,N$,p2p_transfer,CP01434,0
TXN008074,ACC100773,2026-07-12 19:26:00,198.76,N$,p2p_transfer,CP00242,0
TXN008075,ACC100349,2026-06-05 01:57:00,499.43,N$,p2p_transfer,CP00978,0
TXN008076,ACC100177,2026-07-09 05:42:00,2374.19,N$,merchant_payment,CP03635,0
TXN008077,ACC100491,2026-07-24 11:56:00,174.69,N$,merchant_payment,CP02861,0
TXN008078,ACC100298,2026-06-17 12:21:00,468.73,N$,p2p_transfer,CP01616,0
TXN008079,ACC100589,2026-07-20 20:30:00,874.33,N$,p2p_transfer,CP02625,0
TXN008080,ACC100425,2026-07-06 14:08:00,2256.39,N$,merchant_payment,CP02355,0
TXN008081,ACC100745,2026-07-12 09:38:00,260.11,N$,cash_out,CP02828,0
TXN008082,ACC100046,2026-06-06 18:32:00,452.22,N$,p2p_transfer,CP03235,0
TXN008083,ACC100703,2026-07-26 17:01:00,740.46,N$,cash_out,CP02299,0
TXN008084,ACC100203,2026-07-10 21:05:00,831.98,N$,cash_out,CP03456,0
TXN008085,ACC100373,2026-06-23 12:02:00,485.99,N$,cash_out,CP00311,0
TXN008086,ACC100653,2026-06-07 22:19:00,243.53,N$,merchant_payment,CP00381,0
TXN008087,ACC100719,2026-07-29 16:25:00,111.81,N$,cash_out,CP02976,0
TXN008088,ACC100163,2026-07-13 10:37:00,256.15,N$,merchant_payment,CP02483,0
TXN008089,ACC100713,2026-06-06 19:39:00,566.89,N$,merchant_payment,CP02136,0
TXN008090,ACC100188,2026-06-25 19:07:00,1115.13,N$,p2p_transfer,CP03620,0
TXN008091,ACC100532,2026-07-01 06:33:00,587.24,N$,p2p_transfer,CP01953,0
TXN008092,ACC100619,2026-06-12 15:21:00,4461.34,N$,cash_out,CP01395,1
TXN008093,ACC100390,2026-06-16 08:15:00,389.12,N$,cash_out,CP02362,0
TXN008094,ACC100582,2026-06-11 17:04:00,903.28,N$,merchant_payment,CP03411,0
TXN008095,ACC100428,2026-07-05 02:07:00,433.34,N$,bill_payment,CP01750,0
TXN008096,ACC100262,2026-07-01 15:30:00,272.77,N$,bill_payment,CP01087,0
TXN008097,ACC100575,2026-06-29 02:50:00,518.19,N$,merchant_payment,CP01083,0
TXN008098,ACC100386,2026-06-19 18:13:00,470.03,N$,cash_out,CP00484,0
TXN008099,ACC100578,2026-06-30 08:17:00,318.37,N$,merchant_payment,CP03021,0
TXN008100,ACC100613,2026-06-11 01:00:00,541.93,N$,bill_payment,CP02024,0
TXN008101,ACC100639,2026-07-08 17:20:00,456.38,N$,merchant_payment,CP02501,0
TXN008102,ACC100747,2026-06-09 16:07:00,948.15,N$,p2p_transfer,CP03429,0
TXN008103,ACC100392,2026-06-13 23:53:00,168.47,N$,p2p_transfer,CP03374,0
TXN008104,ACC100028,2026-07-24 14:48:00,18840.92,N$,cash_out,CP02668,1
TXN008105,ACC100116,2026-06-17 15:04:00,2028.16,N$,cash_out,CP02419,1
TXN008106,ACC100485,2026-06-23 09:03:00,370.81,N$,cash_out,CP00884,0
TXN008107,ACC100682,2026-07-27 13:43:00,355.75,N$,bill_payment,CP03707,0
TXN008108,ACC100551,2026-07-12 16:13:00,1366.62,N$,bill_payment,CP03213,0
TXN008109,ACC100484,2026-07-10 13:20:00,334.74,N$,merchant_payment,CP00258,0
TXN008110,ACC100102,2026-06-16 15:07:00,1553.91,N$,bill_payment,CP02321,0
TXN008111,ACC100144,2026-06-01 20:17:00,327.75,N$,bill_payment,CP01064,0
TXN008112,ACC100326,2026-07-08 19:58:00,1574.66,N$,p2p_transfer,CP03860,0
TXN008113,ACC100299,2026-06-07 20:49:00,111.75,N$,p2p_transfer,CP00229,0
TXN008114,ACC100558,2026-07-01 02:35:00,101.11,N$,merchant_payment,CP02387,0
TXN008115,ACC100567,2026-06-29 01:38:00,752.25,N$,merchant_payment,CP02496,0
TXN008116,ACC100238,2026-07-16 05:38:00,269.63,N$,merchant_payment,CP00239,0
TXN008117,ACC100099,2026-06-21 00:48:00,803.14,N$,cash_out,CP00367,0
TXN008118,ACC100293,2026-06-29 00:43:00,515.54,N$,merchant_payment,CP02719,0
TXN008119,ACC100365,2026-06-13 08:08:00,527.45,N$,p2p_transfer,CP03151,0
TXN008120,ACC100576,2026-07-30 03:54:00,2093.94,N$,merchant_payment,CP00794,0
TXN008121,ACC100653,2026-06-17 02:54:00,684.66,N$,merchant_payment,CP02879,0
TXN008122,ACC100775,2026-07-07 15:28:00,1268.0,N$,cash_out,CP03023,0
TXN008123,ACC100580,2026-06-21 09:56:00,326.61,N$,cash_out,CP00929,0
TXN008124,ACC100210,2026-07-15 01:07:00,517.2,N$,merchant_payment,CP00551,0
TXN008125,ACC100069,2026-07-24 10:41:00,1013.27,N$,p2p_transfer,CP01814,0
TXN008126,ACC100298,2026-06-12 05:52:00,464.33,N$,cash_out,CP03871,0
TXN008127,ACC100127,2026-07-29 12:24:00,618.94,N$,p2p_transfer,CP01670,0
TXN008128,ACC100332,2026-06-17 05:01:00,309.76,N$,p2p_transfer,CP01586,0
TXN008129,ACC100272,2026-07-20 20:03:00,565.23,N$,merchant_payment,CP03567,0
TXN008130,ACC100648,2026-06-29 06:54:00,1050.41,N$,merchant_payment,CP00531,0
TXN008131,ACC100281,2026-07-17 21:37:00,1080.0,N$,merchant_payment,CP02993,0
TXN008132,ACC100740,2026-07-06 02:55:00,441.75,N$,p2p_transfer,CP02075,0
TXN008133,ACC100352,2026-07-08 00:41:00,178.13,N$,p2p_transfer,CP03400,0
TXN008134,ACC100232,2026-07-05 22:12:00,1246.77,N$,cash_out,CP03067,0
TXN008135,ACC100421,2026-07-02 22:25:00,104.84,N$,merchant_payment,CP01683,0
TXN008136,ACC100674,2026-06-12 04:56:00,472.12,N$,cash_out,CP00938,0
TXN008137,ACC100768,2026-06-07 00:45:00,802.88,N$,merchant_payment,CP01949,0
TXN008138,ACC100423,2026-07-03 11:44:00,262.51,N$,cash_out,CP00494,0
TXN008139,ACC100296,2026-06-26 13:50:00,342.02,N$,p2p_transfer,CP03618,0
TXN008140,ACC100209,2026-07-02 15:01:00,389.6,N$,cash_out,CP02173,0
TXN008141,ACC100119,2026-06-24 19:36:00,328.11,N$,merchant_payment,CP02344,0
TXN008142,ACC100592,2026-06-04 07:12:00,161.24,N$,merchant_payment,CP00787,0
TXN008143,ACC100006,2026-07-04 18:12:00,636.26,N$,p2p_transfer,CP00630,0
TXN008144,ACC100763,2026-06-22 12:01:00,652.61,N$,p2p_transfer,CP00243,0
TXN008145,ACC100095,2026-07-20 21:25:00,467.91,N$,p2p_transfer,CP00769,0
TXN008146,ACC100018,2026-06-13 04:39:00,486.62,N$,cash_out,CP00706,0
TXN008147,ACC100341,2026-06-24 08:51:00,2579.17,N$,cash_out,CP02268,1
TXN008148,ACC100665,2026-06-20 19:25:00,220.82,N$,merchant_payment,CP01596,0
TXN008149,ACC100184,2026-06-09 04:46:00,123.61,N$,merchant_payment,CP00375,0
TXN008150,ACC100608,2026-06-24 11:30:00,398.6,N$,p2p_transfer,CP02725,0
TXN008151,ACC100632,2026-06-19 11:49:00,1096.64,N$,p2p_transfer,CP02808,0
TXN008152,ACC100730,2026-06-02 07:29:00,4032.24,N$,p2p_transfer,CP03903,1
TXN008153,ACC100554,2026-07-27 15:08:00,409.49,N$,p2p_transfer,CP01807,0
TXN008154,ACC100446,2026-07-18 02:08:00,218.22,N$,merchant_payment,CP02111,0
TXN008155,ACC100106,2026-07-21 10:16:00,76.12,N$,p2p_transfer,CP02098,0
TXN008156,ACC100233,2026-06-26 04:01:00,158.11,N$,p2p_transfer,CP03938,0
TXN008157,ACC100647,2026-07-24 15:44:00,1197.73,N$,cash_out,CP02276,0
TXN008158,ACC100791,2026-07-27 22:46:00,209.57,N$,cash_out,CP00526,0
TXN008159,ACC100092,2026-06-29 10:06:00,464.6,N$,cash_out,CP00542,0
TXN008160,ACC100507,2026-07-20 19:30:00,210.99,N$,merchant_payment,CP00989,0
TXN008161,ACC100336,2026-07-16 23:48:00,1878.73,N$,p2p_transfer,CP02264,0
TXN008162,ACC100500,2026-07-21 03:11:00,285.49,N$,p2p_transfer,CP00320,0
TXN008163,ACC100677,2026-07-05 13:54:00,311.46,N$,p2p_transfer,CP00810,0
TXN008164,ACC100160,2026-06-12 01:34:00,316.12,N$,merchant_payment,CP00964,0
TXN008165,ACC100776,2026-07-13 09:07:00,552.93,N$,p2p_transfer,CP02572,0
TXN008166,ACC100769,2026-07-26 20:38:00,721.19,N$,bill_payment,CP03233,0
TXN008167,ACC100165,2026-06-05 15:56:00,383.31,N$,cash_out,CP00181,0
TXN008168,ACC100482,2026-06-25 14:06:00,717.01,N$,p2p_transfer,CP03538,0
TXN008169,ACC100709,2026-06-10 21:20:00,574.89,N$,bill_payment,CP02196,0
TXN008170,ACC100205,2026-07-19 17:15:00,166.11,N$,merchant_payment,CP00235,0
TXN008171,ACC100489,2026-07-30 12:51:00,301.99,N$,bill_payment,CP02506,0
TXN008172,ACC100678,2026-07-21 05:35:00,455.86,N$,p2p_transfer,CP00121,0
TXN008173,ACC100239,2026-06-18 16:43:00,1201.3,N$,bill_payment,CP00898,0
TXN008174,ACC100779,2026-07-19 21:30:00,648.34,N$,p2p_transfer,CP00117,0
TXN008175,ACC100750,2026-07-06 05:58:00,210.91,N$,merchant_payment,CP01838,0
TXN008176,ACC100460,2026-06-26 00:17:00,808.07,N$,cash_out,CP02162,0
TXN008177,ACC100676,2026-07-08 20:31:00,586.11,N$,bill_payment,CP00737,0
TXN008178,ACC100735,2026-06-12 00:31:00,290.18,N$,p2p_transfer,CP00007,0
TXN008179,ACC100792,2026-07-19 02:08:00,623.14,N$,p2p_transfer,CP00521,0
TXN008180,ACC100047,2026-07-02 12:52:00,440.8,N$,merchant_payment,CP01516,0
TXN008181,ACC100295,2026-07-01 10:42:00,1051.26,N$,bill_payment,CP02371,0
TXN008182,ACC100328,2026-07-16 15:55:00,924.96,N$,cash_out,CP01023,0
TXN008183,ACC100273,2026-06-18 12:00:00,682.91,N$,p2p_transfer,CP01077,0
TXN008184,ACC100391,2026-06-12 08:42:00,985.41,N$,merchant_payment,CP00530,0
TXN008185,ACC100438,2026-06-14 16:21:00,477.62,N$,merchant_payment,CP00823,0
TXN008186,ACC100298,2026-07-02 01:20:00,940.87,N$,bill_payment,CP00844,0
TXN008187,ACC100188,2026-07-18 12:21:00,393.25,N$,p2p_transfer,CP00606,0
TXN008188,ACC100736,2026-07-13 19:14:00,104.26,N$,cash_out,CP01291,0
TXN008189,ACC100293,2026-06-06 12:17:00,393.58,N$,cash_out,CP01374,0
TXN008190,ACC100616,2026-07-29 09:44:00,515.85,N$,p2p_transfer,CP01871,0
TXN008191,ACC100351,2026-07-29 21:47:00,431.35,N$,p2p_transfer,CP01185,0
TXN008192,ACC100499,2026-07-26 06:40:00,1524.8,N$,merchant_payment,CP02041,0
TXN008193,ACC100418,2026-07-16 17:28:00,1028.63,N$,p2p_transfer,CP01039,0
TXN008194,ACC100329,2026-07-15 01:37:00,257.45,N$,p2p_transfer,CP02273,0
TXN008195,ACC100743,2026-07-18 21:29:00,718.21,N$,p2p_transfer,CP01742,0
TXN008196,ACC100233,2026-07-10 21:42:00,560.95,N$,p2p_transfer,CP02499,0
TXN008197,ACC100304,2026-07-27 10:46:00,1134.11,N$,merchant_payment,CP02474,0
TXN008198,ACC100688,2026-07-24 03:45:00,156.08,N$,cash_out,CP01174,0
TXN008199,ACC100740,2026-06-19 04:58:00,528.39,N$,merchant_payment,CP00415,0
TXN008200,ACC100059,2026-07-05 20:58:00,453.93,N$,p2p_transfer,CP02894,0
TXN008201,ACC100057,2026-06-21 14:40:00,422.09,N$,p2p_transfer,CP00596,0
TXN008202,ACC100106,2026-07-05 04:48:00,533.87,N$,p2p_transfer,CP03583,0
TXN008203,ACC100620,2026-07-21 17:01:00,222.6,N$,cash_out,CP02701,0
TXN008204,ACC100701,2026-07-25 02:49:00,236.84,N$,p2p_transfer,CP03203,0
TXN008205,ACC100380,2026-06-25 01:42:00,274.17,N$,p2p_transfer,CP01408,0
TXN008206,ACC100265,2026-07-13 08:21:00,23952.99,N$,p2p_transfer,CP01820,1
TXN008207,ACC100051,2026-07-04 13:04:00,364.12,N$,p2p_transfer,CP00060,0
TXN008208,ACC100226,2026-07-16 22:25:00,9580.19,N$,cash_out,CP02801,1
TXN008209,ACC100163,2026-07-27 12:58:00,879.03,N$,p2p_transfer,CP02711,0
TXN008210,ACC100085,2026-06-20 06:56:00,793.25,N$,merchant_payment,CP01246,0
TXN008211,ACC100099,2026-06-28 11:47:00,185.0,N$,p2p_transfer,CP00531,0
TXN008212,ACC100547,2026-07-12 18:20:00,119.83,N$,p2p_transfer,CP02304,0
TXN008213,ACC100248,2026-07-08 08:19:00,41146.59,N$,cash_out,CP03555,1
TXN008214,ACC100766,2026-07-08 03:30:00,482.09,N$,bill_payment,CP01403,0
TXN008215,ACC100120,2026-06-16 04:26:00,178.41,N$,cash_out,CP00019,0
TXN008216,ACC100296,2026-06-10 17:01:00,3181.67,N$,merchant_payment,CP03959,0
TXN008217,ACC100300,2026-07-10 16:03:00,217.51,N$,p2p_transfer,CP00126,0
TXN008218,ACC100542,2026-07-05 20:37:00,205.41,N$,p2p_transfer,CP01732,0
TXN008219,ACC100122,2026-06-14 05:48:00,463.71,N$,p2p_transfer,CP02534,0
TXN008220,ACC100396,2026-07-14 00:45:00,87.72,N$,cash_out,CP02806,0
TXN008221,ACC100627,2026-07-30 00:23:00,145.08,N$,cash_out,CP00766,0
TXN008222,ACC100438,2026-07-29 05:14:00,596.5,N$,cash_out,CP01201,0
TXN008223,ACC100678,2026-07-22 06:33:00,290.52,N$,p2p_transfer,CP03755,0
TXN008224,ACC100518,2026-06-06 21:09:00,138.35,N$,cash_out,CP00685,0
TXN008225,ACC100098,2026-06-16 10:54:00,397.14,N$,cash_out,CP00371,0
TXN008226,ACC100184,2026-07-10 05:41:00,515.98,N$,merchant_payment,CP00784,0
TXN008227,ACC100047,2026-07-26 21:33:00,545.61,N$,merchant_payment,CP03322,0
TXN008228,ACC100163,2026-07-05 23:12:00,2845.42,N$,cash_out,CP00110,0
TXN008229,ACC100329,2026-07-11 04:43:00,585.31,N$,cash_out,CP03489,0
TXN008230,ACC100238,2026-06-17 05:59:00,193.59,N$,p2p_transfer,CP03155,0
TXN008231,ACC100071,2026-07-03 16:12:00,793.41,N$,p2p_transfer,CP01773,0
TXN008232,ACC100354,2026-07-07 00:32:00,353.01,N$,p2p_transfer,CP03919,0
TXN008233,ACC100568,2026-06-29 08:44:00,638.32,N$,p2p_transfer,CP00764,0
TXN008234,ACC100285,2026-07-12 15:04:00,363.87,N$,p2p_transfer,CP03037,0
TXN008235,ACC100189,2026-06-14 13:31:00,72.01,N$,p2p_transfer,CP02527,0
TXN008236,ACC100753,2026-06-17 21:56:00,382.11,N$,cash_out,CP00617,0
TXN008237,ACC100380,2026-06-23 07:06:00,102.73,N$,p2p_transfer,CP01717,0
TXN008238,ACC100318,2026-06-09 02:06:00,968.81,N$,bill_payment,CP02443,0
TXN008239,ACC100798,2026-06-11 04:00:00,3358.3,N$,p2p_transfer,CP03013,0
TXN008240,ACC100018,2026-06-25 14:24:00,324.83,N$,p2p_transfer,CP02020,0
TXN008241,ACC100057,2026-06-18 07:10:00,164.6,N$,p2p_transfer,CP01493,0
TXN008242,ACC100096,2026-07-16 10:06:00,754.99,N$,p2p_transfer,CP00309,0
TXN008243,ACC100319,2026-06-20 11:19:00,432.42,N$,p2p_transfer,CP03512,0
TXN008244,ACC100053,2026-07-23 17:15:00,448.01,N$,p2p_transfer,CP00539,0
TXN008245,ACC100198,2026-07-20 10:45:00,488.41,N$,merchant_payment,CP01500,0
TXN008246,ACC100483,2026-06-07 23:21:00,1102.1,N$,merchant_payment,CP00502,0
TXN008247,ACC100197,2026-07-13 09:36:00,189.02,N$,p2p_transfer,CP00047,0
TXN008248,ACC100057,2026-07-15 08:12:00,217.87,N$,bill_payment,CP03706,0
TXN008249,ACC100392,2026-06-22 15:32:00,859.93,N$,merchant_payment,CP03266,0
TXN008250,ACC100512,2026-07-10 09:19:00,124.96,N$,p2p_transfer,CP02103,0
TXN008251,ACC100455,2026-06-18 23:17:00,145.74,N$,p2p_transfer,CP00547,0
TXN008252,ACC100658,2026-07-09 01:30:00,235.46,N$,merchant_payment,CP02545,0
TXN008253,ACC100243,2026-06-17 06:07:00,381.5,N$,p2p_transfer,CP03761,0
TXN008254,ACC100223,2026-07-25 01:46:00,623.01,N$,bill_payment,CP01222,0
TXN008255,ACC100434,2026-07-23 21:17:00,282.33,N$,merchant_payment,CP03372,0
TXN008256,ACC100649,2026-07-07 21:02:00,219.58,N$,merchant_payment,CP03727,0
TXN008257,ACC100682,2026-07-26 08:38:00,348.75,N$,p2p_transfer,CP00309,0
TXN008258,ACC100064,2026-06-15 07:48:00,305.97,N$,merchant_payment,CP01965,0
TXN008259,ACC100451,2026-07-08 00:52:00,206.59,N$,merchant_payment,CP01823,0
TXN008260,ACC100092,2026-06-28 20:20:00,339.57,N$,p2p_transfer,CP00826,0
TXN008261,ACC100040,2026-06-12 23:16:00,645.21,N$,p2p_transfer,CP02412,0
TXN008262,ACC100698,2026-07-28 22:21:00,433.7,N$,p2p_transfer,CP01880,0
TXN008263,ACC100416,2026-07-11 13:14:00,174.24,N$,merchant_payment,CP01671,0
TXN008264,ACC100492,2026-07-27 20:00:00,257.36,N$,p2p_transfer,CP01672,0
TXN008265,ACC100204,2026-07-26 19:22:00,298.71,N$,cash_out,CP02889,0
TXN008266,ACC100041,2026-07-24 09:58:00,371.07,N$,merchant_payment,CP01609,0
TXN008267,ACC100489,2026-06-07 16:47:00,373.32,N$,cash_out,CP03267,0
TXN008268,ACC100593,2026-07-17 13:48:00,214.81,N$,p2p_transfer,CP02144,0
TXN008269,ACC100689,2026-07-28 17:52:00,136.64,N$,p2p_transfer,CP00693,0
TXN008270,ACC100772,2026-07-24 10:04:00,259.2,N$,p2p_transfer,CP00419,0
TXN008271,ACC100494,2026-06-08 20:24:00,173.53,N$,p2p_transfer,CP00515,0
TXN008272,ACC100076,2026-06-01 20:31:00,230.88,N$,p2p_transfer,CP03918,0
TXN008273,ACC100583,2026-07-12 00:49:00,848.95,N$,p2p_transfer,CP01367,0
TXN008274,ACC100669,2026-06-09 13:11:00,515.84,N$,p2p_transfer,CP03719,0
TXN008275,ACC100119,2026-07-30 03:04:00,148.55,N$,merchant_payment,CP02943,0
TXN008276,ACC100447,2026-07-23 07:42:00,998.59,N$,cash_out,CP00489,0
TXN008277,ACC100414,2026-06-11 11:03:00,789.01,N$,merchant_payment,CP01133,0
TXN008278,ACC100215,2026-06-10 17:04:00,255.13,N$,p2p_transfer,CP00372,0
TXN008279,ACC100129,2026-06-28 16:38:00,433.38,N$,cash_out,CP00716,0
TXN008280,ACC100125,2026-07-17 01:42:00,517.3,N$,p2p_transfer,CP00928,0
TXN008281,ACC100262,2026-06-10 23:41:00,775.84,N$,merchant_payment,CP01904,0
TXN008282,ACC100793,2026-06-24 04:23:00,250.1,N$,cash_out,CP00721,0
TXN008283,ACC100275,2026-07-29 18:05:00,584.9,N$,p2p_transfer,CP00181,0
TXN008284,ACC100686,2026-06-20 10:06:00,890.46,N$,p2p_transfer,CP03633,0
TXN008285,ACC100170,2026-07-13 02:44:00,570.92,N$,merchant_payment,CP02947,0
TXN008286,ACC100124,2026-07-09 06:37:00,234.32,N$,p2p_transfer,CP01850,0
TXN008287,ACC100231,2026-06-13 21:24:00,620.28,N$,p2p_transfer,CP00785,0
TXN008288,ACC100607,2026-07-14 10:04:00,248.36,N$,merchant_payment,CP02365,0
TXN008289,ACC100191,2026-07-28 17:57:00,483.18,N$,merchant_payment,CP02370,0
TXN008290,ACC100442,2026-07-02 19:34:00,552.29,N$,cash_out,CP00287,0
TXN008291,ACC100439,2026-07-03 10:40:00,2884.86,N$,p2p_transfer,CP00361,0
TXN008292,ACC100547,2026-06-16 17:32:00,446.64,N$,cash_out,CP02769,0
TXN008293,ACC100728,2026-07-17 00:33:00,462.45,N$,p2p_transfer,CP00457,0
TXN008294,ACC100367,2026-07-11 14:52:00,464.18,N$,p2p_transfer,CP01360,0
TXN008295,ACC100753,2026-07-09 16:01:00,184.73,N$,p2p_transfer,CP03976,0
TXN008296,ACC100352,2026-06-01 04:00:00,743.55,N$,cash_out,CP02394,0
TXN008297,ACC100270,2026-07-12 01:37:00,5605.83,N$,p2p_transfer,CP01094,1
TXN008298,ACC100449,2026-07-15 11:13:00,132.75,N$,merchant_payment,CP03794,0
TXN008299,ACC100359,2026-06-01 21:58:00,98.39,N$,p2p_transfer,CP02826,0
TXN008300,ACC100029,2026-07-13 04:47:00,630.82,N$,p2p_transfer,CP01974,0
TXN008301,ACC100400,2026-07-30 08:33:00,345.39,N$,bill_payment,CP02620,0
TXN008302,ACC100033,2026-06-27 13:20:00,331.46,N$,bill_payment,CP00267,0
TXN008303,ACC100111,2026-07-19 16:36:00,236.86,N$,cash_out,CP00464,0
TXN008304,ACC100244,2026-07-21 12:35:00,343.0,N$,p2p_transfer,CP01996,0
TXN008305,ACC100197,2026-07-25 06:14:00,1165.1,N$,merchant_payment,CP00964,0
TXN008306,ACC100241,2026-07-10 18:11:00,126.57,N$,cash_out,CP00971,0
TXN008307,ACC100735,2026-07-10 15:24:00,899.84,N$,p2p_transfer,CP00887,0
TXN008308,ACC100019,2026-07-24 13:44:00,127.17,N$,cash_out,CP00711,0
TXN008309,ACC100700,2026-06-17 09:04:00,739.49,N$,p2p_transfer,CP02931,0
TXN008310,ACC100360,2026-06-23 19:52:00,347.75,N$,p2p_transfer,CP03264,0
TXN008311,ACC100594,2026-07-07 22:37:00,959.72,N$,p2p_transfer,CP01789,0
TXN008312,ACC100649,2026-06-22 19:13:00,185.11,N$,p2p_transfer,CP01365,0
TXN008313,ACC100665,2026-07-04 15:39:00,440.25,N$,merchant_payment,CP00420,0
TXN008314,ACC100512,2026-06-08 17:36:00,195.8,N$,p2p_transfer,CP03671,0
TXN008315,ACC100369,2026-07-24 17:29:00,183.09,N$,merchant_payment,CP02462,0
TXN008316,ACC100273,2026-07-28 07:19:00,698.21,N$,merchant_payment,CP03439,0
TXN008317,ACC100307,2026-06-14 09:52:00,597.83,N$,p2p_transfer,CP00521,0
TXN008318,ACC100421,2026-07-21 15:34:00,409.1,N$,p2p_transfer,CP02346,0
TXN008319,ACC100020,2026-07-18 17:26:00,448.78,N$,p2p_transfer,CP02556,0
TXN008320,ACC100613,2026-06-01 04:32:00,1591.78,N$,cash_out,CP03439,0
TXN008321,ACC100240,2026-07-15 22:32:00,311.63,N$,merchant_payment,CP01358,0
TXN008322,ACC100414,2026-06-19 11:04:00,939.94,N$,p2p_transfer,CP01750,0
TXN008323,ACC100674,2026-07-03 01:23:00,348.13,N$,merchant_payment,CP00918,0
TXN008324,ACC100421,2026-07-14 21:56:00,464.77,N$,merchant_payment,CP03108,0
TXN008325,ACC100443,2026-07-11 02:09:00,162.87,N$,merchant_payment,CP00902,0
TXN008326,ACC100203,2026-07-15 12:37:00,1972.53,N$,p2p_transfer,CP01898,0
TXN008327,ACC100553,2026-06-25 18:42:00,871.45,N$,p2p_transfer,CP01789,0
TXN008328,ACC100776,2026-06-10 16:22:00,573.97,N$,cash_out,CP02290,0
TXN008329,ACC100441,2026-07-29 19:13:00,256.94,N$,merchant_payment,CP00996,0
TXN008330,ACC100154,2026-06-06 10:24:00,378.88,N$,p2p_transfer,CP03682,0
TXN008331,ACC100789,2026-07-28 19:10:00,888.29,N$,p2p_transfer,CP01070,0
TXN008332,ACC100539,2026-06-08 10:07:00,1502.22,N$,cash_out,CP00487,0
TXN008333,ACC100381,2026-06-30 16:24:00,496.32,N$,p2p_transfer,CP00813,0
TXN008334,ACC100370,2026-06-09 07:37:00,334.74,N$,p2p_transfer,CP01085,0
TXN008335,ACC100484,2026-06-16 10:34:00,396.17,N$,merchant_payment,CP00321,0
TXN008336,ACC100499,2026-07-01 23:02:00,439.88,N$,p2p_transfer,CP03321,0
TXN008337,ACC100140,2026-07-06 13:42:00,284.61,N$,p2p_transfer,CP01340,0
TXN008338,ACC100344,2026-07-30 01:32:00,168.75,N$,merchant_payment,CP01847,0
TXN008339,ACC100710,2026-06-20 16:24:00,4015.8,N$,merchant_payment,CP00246,0
TXN008340,ACC100584,2026-07-13 03:11:00,398.08,N$,p2p_transfer,CP00492,0
TXN008341,ACC100002,2026-06-14 15:38:00,2637.13,N$,bill_payment,CP02278,0
TXN008342,ACC100483,2026-06-25 16:48:00,516.08,N$,merchant_payment,CP01014,0
TXN008343,ACC100616,2026-07-13 02:33:00,158.68,N$,merchant_payment,CP00815,0
TXN008344,ACC100073,2026-06-09 11:31:00,372.67,N$,merchant_payment,CP02829,0
TXN008345,ACC100382,2026-06-27 09:36:00,158.61,N$,p2p_transfer,CP00550,0
TXN008346,ACC100211,2026-07-05 05:08:00,1261.59,N$,merchant_payment,CP00150,0
TXN008347,ACC100089,2026-07-13 01:53:00,151.19,N$,merchant_payment,CP00861,0
TXN008348,ACC100659,2026-06-16 18:00:00,634.21,N$,p2p_transfer,CP00051,0
TXN008349,ACC100795,2026-07-01 23:24:00,208.19,N$,bill_payment,CP01067,0
TXN008350,ACC100291,2026-07-23 00:23:00,498.56,N$,merchant_payment,CP00055,0
TXN008351,ACC100509,2026-06-04 09:24:00,336.24,N$,merchant_payment,CP00906,0
TXN008352,ACC100410,2026-06-08 10:42:00,765.28,N$,p2p_transfer,CP00513,0
TXN008353,ACC100717,2026-07-14 20:21:00,170.75,N$,p2p_transfer,CP03657,0
TXN008354,ACC100025,2026-07-07 19:01:00,1779.75,N$,p2p_transfer,CP03745,0
TXN008355,ACC100665,2026-07-02 05:49:00,167.88,N$,p2p_transfer,CP02568,0
TXN008356,ACC100413,2026-07-08 10:08:00,488.57,N$,p2p_transfer,CP03407,0
TXN008357,ACC100018,2026-06-26 10:17:00,51.99,N$,p2p_transfer,CP03452,0
TXN008358,ACC100652,2026-06-01 06:59:00,421.25,N$,bill_payment,CP00213,0
TXN008359,ACC100710,2026-06-26 12:33:00,312.15,N$,p2p_transfer,CP00268,0
TXN008360,ACC100715,2026-06-07 10:53:00,220.35,N$,p2p_transfer,CP00473,0
TXN008361,ACC100696,2026-06-30 19:11:00,169.84,N$,p2p_transfer,CP01360,0
TXN008362,ACC100464,2026-07-29 06:37:00,463.96,N$,merchant_payment,CP02855,0
TXN008363,ACC100000,2026-07-07 22:27:00,549.16,N$,merchant_payment,CP03705,0
TXN008364,ACC100728,2026-06-22 18:24:00,253.36,N$,p2p_transfer,CP03066,0
TXN008365,ACC100021,2026-07-15 03:11:00,572.59,N$,p2p_transfer,CP02355,0
TXN008366,ACC100692,2026-06-10 14:24:00,1011.55,N$,p2p_transfer,CP03724,0
TXN008367,ACC100255,2026-06-27 10:20:00,257.95,N$,merchant_payment,CP03955,0
TXN008368,ACC100365,2026-07-23 08:47:00,306.2,N$,bill_payment,CP00141,0
TXN008369,ACC100772,2026-07-15 13:35:00,435.22,N$,p2p_transfer,CP02586,0
TXN008370,ACC100241,2026-07-04 14:31:00,910.65,N$,merchant_payment,CP00646,0
TXN008371,ACC100282,2026-07-29 13:06:00,151.57,N$,merchant_payment,CP02658,0
TXN008372,ACC100258,2026-06-10 01:16:00,1224.39,N$,merchant_payment,CP03238,0
TXN008373,ACC100385,2026-06-10 15:17:00,173.84,N$,p2p_transfer,CP01083,0
TXN008374,ACC100148,2026-06-19 12:25:00,220.62,N$,cash_out,CP01898,0
TXN008375,ACC100630,2026-07-04 14:08:00,460.23,N$,merchant_payment,CP01636,0
TXN008376,ACC100560,2026-07-06 02:12:00,43.57,N$,merchant_payment,CP01547,0
TXN008377,ACC100391,2026-07-14 16:10:00,401.21,N$,merchant_payment,CP01801,0
TXN008378,ACC100323,2026-06-17 11:57:00,339.78,N$,merchant_payment,CP00719,0
TXN008379,ACC100147,2026-06-10 05:53:00,331.32,N$,bill_payment,CP03880,0
TXN008380,ACC100183,2026-07-20 20:27:00,187.93,N$,cash_out,CP01666,0
TXN008381,ACC100390,2026-07-20 12:32:00,924.62,N$,merchant_payment,CP03820,0
TXN008382,ACC100560,2026-07-20 05:15:00,183.1,N$,p2p_transfer,CP00897,0
TXN008383,ACC100406,2026-06-12 07:44:00,478.9,N$,p2p_transfer,CP00869,0
TXN008384,ACC100249,2026-06-11 05:03:00,236.73,N$,bill_payment,CP00787,0
TXN008385,ACC100242,2026-07-29 22:37:00,162.86,N$,p2p_transfer,CP03018,0
TXN008386,ACC100190,2026-06-26 00:57:00,593.93,N$,merchant_payment,CP02472,0
TXN008387,ACC100164,2026-07-25 19:37:00,419.71,N$,p2p_transfer,CP01685,0
TXN008388,ACC100412,2026-06-26 13:29:00,687.63,N$,p2p_transfer,CP00454,0
TXN008389,ACC100785,2026-06-28 06:48:00,211.8,N$,merchant_payment,CP02312,0
TXN008390,ACC100425,2026-07-27 20:25:00,517.34,N$,p2p_transfer,CP03301,0
TXN008391,ACC100278,2026-07-02 14:44:00,510.28,N$,p2p_transfer,CP03469,0
TXN008392,ACC100068,2026-06-14 01:51:00,141.97,N$,merchant_payment,CP02392,0
TXN008393,ACC100346,2026-07-18 10:49:00,1021.64,N$,bill_payment,CP03935,0
TXN008394,ACC100751,2026-07-24 01:35:00,1280.4,N$,p2p_transfer,CP00269,0
TXN008395,ACC100550,2026-06-04 11:45:00,663.77,N$,merchant_payment,CP03010,0
TXN008396,ACC100055,2026-06-27 03:57:00,114.69,N$,merchant_payment,CP02421,0
TXN008397,ACC100458,2026-07-08 08:48:00,208.97,N$,cash_out,CP00375,0
TXN008398,ACC100286,2026-06-03 02:00:00,93.86,N$,merchant_payment,CP00054,0
TXN008399,ACC100188,2026-07-07 10:10:00,540.35,N$,cash_out,CP02214,0
TXN008400,ACC100724,2026-06-24 09:23:00,740.13,N$,p2p_transfer,CP00030,0
TXN008401,ACC100235,2026-07-17 10:30:00,791.47,N$,p2p_transfer,CP03079,0
TXN008402,ACC100323,2026-06-30 23:24:00,634.52,N$,bill_payment,CP03590,0
TXN008403,ACC100666,2026-07-08 11:40:00,528.99,N$,merchant_payment,CP01217,0
TXN008404,ACC100059,2026-06-24 02:25:00,1745.68,N$,cash_out,CP00296,0
TXN008405,ACC100395,2026-06-28 19:48:00,184.75,N$,merchant_payment,CP01118,0
TXN008406,ACC100220,2026-06-05 03:09:00,545.57,N$,p2p_transfer,CP02252,0
TXN008407,ACC100117,2026-06-22 12:46:00,974.35,N$,cash_out,CP00304,0
TXN008408,ACC100342,2026-06-20 09:07:00,468.01,N$,merchant_payment,CP03171,0
TXN008409,ACC100052,2026-07-12 11:00:00,941.06,N$,p2p_transfer,CP02221,0
TXN008410,ACC100538,2026-06-02 15:52:00,402.07,N$,p2p_transfer,CP03859,0
TXN008411,ACC100356,2026-06-17 19:09:00,389.5,N$,merchant_payment,CP02900,0
TXN008412,ACC100245,2026-07-30 20:32:00,471.45,N$,merchant_payment,CP01795,0
TXN008413,ACC100090,2026-06-23 10:04:00,357.54,N$,p2p_transfer,CP00273,0
TXN008414,ACC100290,2026-06-01 17:38:00,555.05,N$,p2p_transfer,CP01763,0
TXN008415,ACC100098,2026-07-08 03:41:00,2360.88,N$,merchant_payment,CP01383,0
TXN008416,ACC100281,2026-06-28 05:26:00,559.77,N$,merchant_payment,CP03863,0
TXN008417,ACC100585,2026-07-17 01:19:00,59.53,N$,p2p_transfer,CP01544,0
TXN008418,ACC100037,2026-06-06 19:48:00,672.86,N$,merchant_payment,CP00708,0
TXN008419,ACC100399,2026-07-24 18:41:00,262.1,N$,p2p_transfer,CP03823,0
TXN008420,ACC100485,2026-06-13 09:12:00,638.45,N$,merchant_payment,CP01419,0
TXN008421,ACC100377,2026-07-16 11:59:00,357.01,N$,cash_out,CP01728,0
TXN008422,ACC100455,2026-06-02 19:34:00,419.37,N$,cash_out,CP02451,0
TXN008423,ACC100309,2026-06-04 01:57:00,323.5,N$,merchant_payment,CP03687,0
TXN008424,ACC100181,2026-06-01 23:16:00,400.39,N$,p2p_transfer,CP00549,0
TXN008425,ACC100397,2026-07-15 10:46:00,989.62,N$,bill_payment,CP00867,0
TXN008426,ACC100160,2026-06-12 14:31:00,221.9,N$,bill_payment,CP03925,0
TXN008427,ACC100288,2026-06-01 22:39:00,998.75,N$,merchant_payment,CP00254,0
TXN008428,ACC100735,2026-07-14 22:40:00,290.68,N$,p2p_transfer,CP02088,0
TXN008429,ACC100116,2026-06-08 09:41:00,6846.95,N$,cash_out,CP01436,1
TXN008430,ACC100451,2026-07-29 13:03:00,398.3,N$,merchant_payment,CP02620,0
TXN008431,ACC100378,2026-07-07 10:22:00,428.11,N$,p2p_transfer,CP03100,0
TXN008432,ACC100721,2026-06-06 11:33:00,1417.06,N$,cash_out,CP01140,0
TXN008433,ACC100416,2026-07-02 11:23:00,301.7,N$,p2p_transfer,CP02212,0
TXN008434,ACC100275,2026-07-24 22:12:00,1134.68,N$,p2p_transfer,CP03861,0
TXN008435,ACC100541,2026-07-19 18:19:00,749.65,N$,p2p_transfer,CP00932,0
TXN008436,ACC100588,2026-06-13 15:05:00,233.17,N$,merchant_payment,CP01015,0
TXN008437,ACC100575,2026-07-20 05:33:00,1415.13,N$,p2p_transfer,CP01705,0
TXN008438,ACC100272,2026-07-16 23:08:00,132.42,N$,merchant_payment,CP01114,0
TXN008439,ACC100743,2026-07-10 06:12:00,281.87,N$,p2p_transfer,CP03054,0
TXN008440,ACC100578,2026-07-21 08:26:00,384.24,N$,merchant_payment,CP02493,0
TXN008441,ACC100232,2026-06-15 22:06:00,335.41,N$,merchant_payment,CP02280,0
TXN008442,ACC100686,2026-07-15 17:35:00,343.69,N$,p2p_transfer,CP03780,0
TXN008443,ACC100786,2026-07-22 13:38:00,97.26,N$,merchant_payment,CP02092,0
TXN008444,ACC100050,2026-06-09 05:03:00,1688.81,N$,merchant_payment,CP01402,0
TXN008445,ACC100683,2026-06-01 07:27:00,247.15,N$,merchant_payment,CP03589,0
TXN008446,ACC100100,2026-06-06 04:10:00,884.02,N$,cash_out,CP03460,0
TXN008447,ACC100182,2026-07-09 02:39:00,304.74,N$,p2p_transfer,CP00320,0
TXN008448,ACC100270,2026-06-21 02:19:00,6346.85,N$,cash_out,CP00271,1
TXN008449,ACC100745,2026-06-11 03:43:00,333.94,N$,bill_payment,CP02846,0
TXN008450,ACC100743,2026-07-30 22:17:00,488.84,N$,p2p_transfer,CP01756,0
TXN008451,ACC100094,2026-06-19 21:22:00,719.64,N$,p2p_transfer,CP03153,0
TXN008452,ACC100718,2026-06-09 12:38:00,308.04,N$,cash_out,CP03117,0
TXN008453,ACC100060,2026-06-22 11:04:00,669.45,N$,cash_out,CP01210,0
TXN008454,ACC100139,2026-06-06 13:44:00,114.27,N$,p2p_transfer,CP03790,0
TXN008455,ACC100317,2026-07-10 15:11:00,1256.92,N$,p2p_transfer,CP02277,0
TXN008456,ACC100546,2026-07-25 03:06:00,136.0,N$,bill_payment,CP00180,0
TXN008457,ACC100726,2026-06-24 03:17:00,164.31,N$,p2p_transfer,CP01344,0
TXN008458,ACC100176,2026-07-19 20:34:00,201.47,N$,cash_out,CP03739,0
TXN008459,ACC100378,2026-07-08 13:15:00,176.05,N$,merchant_payment,CP01195,0
TXN008460,ACC100111,2026-07-20 15:23:00,310.67,N$,cash_out,CP03535,0
TXN008461,ACC100576,2026-06-08 20:58:00,300.55,N$,p2p_transfer,CP02584,0
TXN008462,ACC100674,2026-07-28 02:27:00,213.25,N$,merchant_payment,CP02550,0
TXN008463,ACC100660,2026-07-19 21:54:00,23114.8,N$,cash_out,CP00330,1
TXN008464,ACC100569,2026-06-26 19:59:00,390.85,N$,merchant_payment,CP01865,0
TXN008465,ACC100792,2026-06-19 21:36:00,121.48,N$,merchant_payment,CP02216,0
TXN008466,ACC100209,2026-06-26 08:13:00,702.61,N$,p2p_transfer,CP02993,0
TXN008467,ACC100375,2026-06-15 23:27:00,310.13,N$,p2p_transfer,CP00741,0
TXN008468,ACC100760,2026-06-23 09:18:00,730.48,N$,merchant_payment,CP00915,0
TXN008469,ACC100667,2026-06-22 18:11:00,532.1,N$,p2p_transfer,CP01706,0
TXN008470,ACC100322,2026-06-27 16:56:00,3993.89,N$,cash_out,CP00613,1
TXN008471,ACC100706,2026-07-11 17:55:00,1796.92,N$,p2p_transfer,CP03131,0
TXN008472,ACC100216,2026-06-11 04:52:00,615.85,N$,p2p_transfer,CP00491,0
TXN008473,ACC100212,2026-07-27 19:48:00,848.1,N$,merchant_payment,CP03470,0
TXN008474,ACC100152,2026-07-01 01:40:00,275.49,N$,bill_payment,CP00832,0
TXN008475,ACC100492,2026-06-18 11:18:00,91.9,N$,merchant_payment,CP03145,0
TXN008476,ACC100730,2026-07-09 02:36:00,4981.13,N$,cash_out,CP02325,1
TXN008477,ACC100503,2026-07-30 18:25:00,313.32,N$,p2p_transfer,CP00625,0
TXN008478,ACC100232,2026-07-06 16:53:00,542.16,N$,p2p_transfer,CP03295,0
TXN008479,ACC100689,2026-07-16 22:43:00,447.01,N$,p2p_transfer,CP01914,0
TXN008480,ACC100329,2026-07-07 15:24:00,245.75,N$,p2p_transfer,CP02775,0
TXN008481,ACC100164,2026-07-24 13:21:00,219.42,N$,p2p_transfer,CP03088,0
TXN008482,ACC100407,2026-06-23 12:24:00,491.85,N$,bill_payment,CP03941,0
TXN008483,ACC100342,2026-07-06 10:44:00,542.19,N$,merchant_payment,CP00273,0
TXN008484,ACC100737,2026-07-19 04:12:00,1041.52,N$,merchant_payment,CP02984,0
TXN008485,ACC100443,2026-06-11 22:32:00,1124.32,N$,p2p_transfer,CP01219,0
TXN008486,ACC100735,2026-06-19 18:22:00,473.76,N$,merchant_payment,CP03443,0
TXN008487,ACC100357,2026-06-28 10:34:00,203.48,N$,merchant_payment,CP03824,0
TXN008488,ACC100440,2026-07-10 20:43:00,346.76,N$,p2p_transfer,CP01430,0
TXN008489,ACC100224,2026-07-09 08:31:00,103.25,N$,p2p_transfer,CP03670,0
TXN008490,ACC100642,2026-06-05 11:48:00,1958.47,N$,merchant_payment,CP02484,0
TXN008491,ACC100100,2026-07-08 20:53:00,302.58,N$,merchant_payment,CP02736,0
TXN008492,ACC100304,2026-06-01 08:23:00,622.64,N$,p2p_transfer,CP00627,0
TXN008493,ACC100105,2026-07-30 03:48:00,392.74,N$,merchant_payment,CP03821,0
TXN008494,ACC100106,2026-06-08 23:46:00,1812.4,N$,p2p_transfer,CP00209,0
TXN008495,ACC100417,2026-07-21 00:28:00,203.68,N$,merchant_payment,CP00867,0
TXN008496,ACC100737,2026-07-24 13:37:00,535.56,N$,p2p_transfer,CP02328,0
TXN008497,ACC100237,2026-06-20 00:17:00,445.39,N$,bill_payment,CP02727,0
TXN008498,ACC100250,2026-07-24 09:58:00,525.97,N$,merchant_payment,CP00041,0
TXN008499,ACC100505,2026-07-11 03:19:00,507.45,N$,p2p_transfer,CP00142,0
TXN008500,ACC100628,2026-06-11 20:30:00,290.62,N$,merchant_payment,CP00308,0
TXN008501,ACC100770,2026-06-29 08:14:00,287.58,N$,p2p_transfer,CP01423,0
TXN008502,ACC100172,2026-06-30 22:14:00,388.97,N$,merchant_payment,CP03842,0
TXN008503,ACC100034,2026-07-17 04:29:00,134.33,N$,p2p_transfer,CP01074,0
TXN008504,ACC100267,2026-06-27 13:04:00,193.75,N$,merchant_payment,CP00294,0
TXN008505,ACC100179,2026-07-05 17:58:00,200.59,N$,cash_out,CP01435,0
TXN008506,ACC100033,2026-06-02 00:36:00,519.13,N$,bill_payment,CP02831,0
TXN008507,ACC100678,2026-07-25 14:10:00,1133.53,N$,cash_out,CP01456,0
TXN008508,ACC100780,2026-07-26 04:01:00,892.97,N$,cash_out,CP03907,0
TXN008509,ACC100139,2026-07-05 22:48:00,557.08,N$,bill_payment,CP00903,0
TXN008510,ACC100465,2026-07-01 13:04:00,413.6,N$,merchant_payment,CP00608,0
TXN008511,ACC100090,2026-07-20 20:10:00,467.18,N$,p2p_transfer,CP03836,0
TXN008512,ACC100786,2026-06-24 08:01:00,391.76,N$,merchant_payment,CP02152,0
TXN008513,ACC100665,2026-07-29 11:24:00,340.73,N$,p2p_transfer,CP03529,0
TXN008514,ACC100086,2026-07-10 21:04:00,277.43,N$,merchant_payment,CP02355,0
TXN008515,ACC100222,2026-07-28 23:54:00,521.75,N$,merchant_payment,CP00465,0
TXN008516,ACC100318,2026-06-05 00:44:00,530.57,N$,cash_out,CP01328,0
TXN008517,ACC100148,2026-06-08 15:51:00,216.88,N$,p2p_transfer,CP02807,0
TXN008518,ACC100221,2026-06-04 19:03:00,1068.49,N$,p2p_transfer,CP00664,0
TXN008519,ACC100444,2026-06-19 16:16:00,522.87,N$,merchant_payment,CP01977,0
TXN008520,ACC100046,2026-06-17 23:24:00,940.36,N$,merchant_payment,CP01353,0
TXN008521,ACC100492,2026-06-26 21:03:00,1020.77,N$,p2p_transfer,CP01746,0
TXN008522,ACC100598,2026-07-12 16:51:00,455.81,N$,merchant_payment,CP00920,0
TXN008523,ACC100170,2026-07-07 19:23:00,161.34,N$,p2p_transfer,CP00960,0
TXN008524,ACC100508,2026-07-28 13:31:00,631.5,N$,merchant_payment,CP00791,0
TXN008525,ACC100791,2026-06-03 12:56:00,2249.11,N$,merchant_payment,CP02293,0
TXN008526,ACC100496,2026-06-21 21:50:00,901.21,N$,merchant_payment,CP01547,0
TXN008527,ACC100267,2026-06-05 03:18:00,532.03,N$,p2p_transfer,CP03750,0
TXN008528,ACC100795,2026-07-20 17:55:00,51.05,N$,merchant_payment,CP03245,0
TXN008529,ACC100552,2026-07-17 00:18:00,377.9,N$,p2p_transfer,CP00389,0
TXN008530,ACC100778,2026-06-22 04:53:00,2783.46,N$,p2p_transfer,CP03654,0
TXN008531,ACC100451,2026-06-17 00:35:00,2301.13,N$,p2p_transfer,CP00592,0
TXN008532,ACC100148,2026-06-10 17:20:00,1000.52,N$,bill_payment,CP02894,0
TXN008533,ACC100574,2026-06-23 14:40:00,2110.15,N$,p2p_transfer,CP01854,0
TXN008534,ACC100476,2026-06-14 07:39:00,94.77,N$,merchant_payment,CP01314,0
TXN008535,ACC100435,2026-07-01 06:59:00,122.24,N$,merchant_payment,CP01205,0
TXN008536,ACC100783,2026-07-09 12:29:00,421.89,N$,merchant_payment,CP00856,0
TXN008537,ACC100108,2026-07-08 16:54:00,265.14,N$,p2p_transfer,CP03235,0
TXN008538,ACC100559,2026-07-04 09:31:00,485.5,N$,p2p_transfer,CP01987,0
TXN008539,ACC100109,2026-07-29 12:06:00,96.8,N$,cash_out,CP01710,0
TXN008540,ACC100259,2026-07-19 21:37:00,15401.11,N$,p2p_transfer,CP03858,1
TXN008541,ACC100478,2026-06-15 00:33:00,215.92,N$,p2p_transfer,CP02758,0
TXN008542,ACC100255,2026-07-13 19:19:00,375.12,N$,p2p_transfer,CP01637,0
TXN008543,ACC100569,2026-07-01 15:25:00,744.13,N$,merchant_payment,CP01262,0
TXN008544,ACC100634,2026-07-21 20:01:00,104.82,N$,p2p_transfer,CP02746,0
TXN008545,ACC100028,2026-06-07 09:24:00,2113.36,N$,cash_out,CP02053,1
TXN008546,ACC100333,2026-06-30 13:54:00,540.07,N$,merchant_payment,CP03556,0
TXN008547,ACC100520,2026-06-27 01:40:00,258.91,N$,merchant_payment,CP00937,0
TXN008548,ACC100422,2026-06-15 23:04:00,284.74,N$,bill_payment,CP03490,0
TXN008549,ACC100792,2026-06-11 20:58:00,227.5,N$,merchant_payment,CP03690,0
TXN008550,ACC100716,2026-07-22 18:18:00,1026.19,N$,merchant_payment,CP00576,0
TXN008551,ACC100082,2026-07-13 15:43:00,305.01,N$,cash_out,CP00347,0
TXN008552,ACC100438,2026-07-06 14:41:00,188.74,N$,p2p_transfer,CP01020,0
TXN008553,ACC100229,2026-07-14 15:04:00,43.27,N$,cash_out,CP02293,0
TXN008554,ACC100215,2026-06-25 04:43:00,517.94,N$,merchant_payment,CP02616,0
TXN008555,ACC100658,2026-07-21 11:53:00,267.72,N$,merchant_payment,CP03803,0
TXN008556,ACC100445,2026-07-11 20:58:00,553.4,N$,bill_payment,CP00469,0
TXN008557,ACC100414,2026-07-04 20:19:00,110.94,N$,p2p_transfer,CP00055,0
TXN008558,ACC100505,2026-06-05 17:48:00,743.18,N$,p2p_transfer,CP00498,0
TXN008559,ACC100357,2026-07-08 10:59:00,719.41,N$,cash_out,CP02797,0
TXN008560,ACC100723,2026-06-25 16:07:00,229.96,N$,p2p_transfer,CP00092,0
TXN008561,ACC100663,2026-06-09 09:18:00,154.54,N$,cash_out,CP03315,0
TXN008562,ACC100053,2026-07-10 01:41:00,1908.0,N$,merchant_payment,CP00986,0
TXN008563,ACC100215,2026-06-27 02:11:00,65.62,N$,bill_payment,CP01154,0
TXN008564,ACC100149,2026-07-15 06:59:00,4991.7,N$,p2p_transfer,CP02581,0
TXN008565,ACC100543,2026-06-09 07:24:00,1131.06,N$,merchant_payment,CP00587,0
TXN008566,ACC100097,2026-07-12 15:36:00,578.15,N$,p2p_transfer,CP01318,0
TXN008567,ACC100449,2026-07-29 04:04:00,238.76,N$,p2p_transfer,CP01094,0
TXN008568,ACC100623,2026-06-25 10:26:00,49.23,N$,p2p_transfer,CP03315,0
TXN008569,ACC100227,2026-07-07 23:11:00,648.31,N$,merchant_payment,CP03282,0
TXN008570,ACC100688,2026-06-25 03:29:00,110.78,N$,merchant_payment,CP02371,0
TXN008571,ACC100054,2026-06-05 11:46:00,356.05,N$,cash_out,CP01796,0
TXN008572,ACC100376,2026-07-03 14:58:00,448.78,N$,merchant_payment,CP02078,0
TXN008573,ACC100270,2026-07-04 08:51:00,281.06,N$,p2p_transfer,CP03185,0
TXN008574,ACC100508,2026-06-20 08:30:00,650.99,N$,merchant_payment,CP02404,0
TXN008575,ACC100579,2026-07-18 01:23:00,454.86,N$,merchant_payment,CP03687,0
TXN008576,ACC100243,2026-06-24 20:52:00,621.83,N$,cash_out,CP02509,0
TXN008577,ACC100154,2026-07-03 08:19:00,168.14,N$,merchant_payment,CP01149,0
TXN008578,ACC100313,2026-07-28 12:53:00,178.53,N$,cash_out,CP03534,0
TXN008579,ACC100452,2026-06-12 01:50:00,1018.1,N$,merchant_payment,CP02472,0
TXN008580,ACC100004,2026-07-22 01:05:00,182.67,N$,p2p_transfer,CP01227,0
TXN008581,ACC100547,2026-07-02 18:53:00,255.2,N$,p2p_transfer,CP00888,0
TXN008582,ACC100355,2026-06-25 00:15:00,552.15,N$,merchant_payment,CP01855,0
TXN008583,ACC100238,2026-06-15 07:57:00,98.66,N$,bill_payment,CP02982,0
TXN008584,ACC100271,2026-06-09 21:32:00,935.55,N$,p2p_transfer,CP00188,0
TXN008585,ACC100142,2026-06-01 12:53:00,607.28,N$,merchant_payment,CP01235,0
TXN008586,ACC100252,2026-07-09 19:45:00,623.23,N$,merchant_payment,CP01475,0
TXN008587,ACC100513,2026-07-18 07:46:00,465.6,N$,bill_payment,CP02316,0
TXN008588,ACC100576,2026-07-03 07:21:00,273.66,N$,p2p_transfer,CP00088,0
TXN008589,ACC100588,2026-06-08 16:39:00,391.19,N$,merchant_payment,CP02156,0
TXN008590,ACC100720,2026-06-13 14:29:00,2146.97,N$,merchant_payment,CP03671,0
TXN008591,ACC100355,2026-06-02 03:38:00,719.95,N$,cash_out,CP01750,0
TXN008592,ACC100437,2026-06-21 19:27:00,1610.23,N$,merchant_payment,CP00432,0
TXN008593,ACC100772,2026-06-15 20:44:00,84.5,N$,p2p_transfer,CP02469,0
TXN008594,ACC100445,2026-07-14 20:12:00,263.66,N$,p2p_transfer,CP02141,0
TXN008595,ACC100506,2026-07-05 22:48:00,426.57,N$,p2p_transfer,CP03742,0
TXN008596,ACC100127,2026-07-23 03:26:00,443.29,N$,merchant_payment,CP01643,0
TXN008597,ACC100562,2026-07-21 04:25:00,413.74,N$,cash_out,CP03002,0
TXN008598,ACC100156,2026-07-12 15:22:00,332.98,N$,p2p_transfer,CP00658,0
TXN008599,ACC100631,2026-06-05 04:40:00,635.33,N$,cash_out,CP00726,0
TXN008600,ACC100204,2026-07-08 08:30:00,1123.01,N$,cash_out,CP00402,0
TXN008601,ACC100170,2026-06-30 21:24:00,825.66,N$,cash_out,CP01125,0
TXN008602,ACC100714,2026-07-05 09:14:00,345.25,N$,p2p_transfer,CP00628,0
TXN008603,ACC100598,2026-06-09 18:05:00,2706.88,N$,cash_out,CP02020,1
TXN008604,ACC100493,2026-06-21 11:36:00,308.0,N$,merchant_payment,CP02876,0
TXN008605,ACC100577,2026-06-01 15:52:00,420.84,N$,p2p_transfer,CP03459,0
TXN008606,ACC100076,2026-07-22 13:07:00,2027.4,N$,cash_out,CP00785,0
TXN008607,ACC100614,2026-07-28 20:17:00,284.72,N$,merchant_payment,CP01009,0
TXN008608,ACC100056,2026-07-29 23:41:00,360.14,N$,bill_payment,CP00273,0
TXN008609,ACC100699,2026-06-09 02:01:00,103.67,N$,merchant_payment,CP01178,0
TXN008610,ACC100326,2026-07-10 01:31:00,381.29,N$,merchant_payment,CP00312,0
TXN008611,ACC100091,2026-06-06 00:51:00,381.35,N$,merchant_payment,CP03819,0
TXN008612,ACC100119,2026-07-06 00:57:00,853.5,N$,merchant_payment,CP00216,0
TXN008613,ACC100124,2026-06-24 15:54:00,214.33,N$,bill_payment,CP03561,0
TXN008614,ACC100283,2026-07-24 23:24:00,422.04,N$,bill_payment,CP00753,0
TXN008615,ACC100222,2026-07-25 20:45:00,766.56,N$,merchant_payment,CP01891,0
TXN008616,ACC100575,2026-07-21 02:57:00,205.16,N$,merchant_payment,CP00568,0
TXN008617,ACC100477,2026-06-02 01:48:00,1156.1,N$,p2p_transfer,CP03538,0
TXN008618,ACC100005,2026-06-03 13:29:00,1199.5,N$,merchant_payment,CP02485,0
TXN008619,ACC100258,2026-07-24 17:24:00,410.45,N$,merchant_payment,CP01930,0
TXN008620,ACC100516,2026-06-25 09:34:00,390.36,N$,p2p_transfer,CP00803,0
TXN008621,ACC100133,2026-06-03 07:13:00,1013.43,N$,bill_payment,CP01310,0
TXN008622,ACC100516,2026-07-27 22:05:00,241.56,N$,merchant_payment,CP01610,0
TXN008623,ACC100157,2026-07-01 20:39:00,235.19,N$,merchant_payment,CP03954,0
TXN008624,ACC100121,2026-06-21 07:30:00,213.79,N$,p2p_transfer,CP00832,0
TXN008625,ACC100669,2026-06-06 12:28:00,429.07,N$,bill_payment,CP01064,0
TXN008626,ACC100263,2026-06-21 02:34:00,404.87,N$,p2p_transfer,CP01587,0
TXN008627,ACC100161,2026-06-11 19:04:00,686.6,N$,p2p_transfer,CP03716,0
TXN008628,ACC100696,2026-06-12 23:30:00,137.5,N$,merchant_payment,CP00368,0
TXN008629,ACC100302,2026-06-25 00:02:00,317.83,N$,merchant_payment,CP00169,0
TXN008630,ACC100718,2026-07-03 17:50:00,600.77,N$,p2p_transfer,CP01621,0
TXN008631,ACC100473,2026-07-06 04:46:00,1787.72,N$,merchant_payment,CP00708,0
TXN008632,ACC100402,2026-06-08 02:34:00,468.05,N$,p2p_transfer,CP02175,0
TXN008633,ACC100010,2026-06-29 00:20:00,561.06,N$,bill_payment,CP03496,0
TXN008634,ACC100355,2026-06-28 14:42:00,251.89,N$,merchant_payment,CP01295,0
TXN008635,ACC100706,2026-06-06 17:46:00,1220.99,N$,merchant_payment,CP03795,0
TXN008636,ACC100728,2026-07-27 08:14:00,776.9,N$,merchant_payment,CP02442,0
TXN008637,ACC100096,2026-06-04 11:35:00,2818.78,N$,merchant_payment,CP01281,0
TXN008638,ACC100575,2026-06-04 17:43:00,259.14,N$,merchant_payment,CP00743,0
TXN008639,ACC100745,2026-06-27 07:10:00,262.98,N$,p2p_transfer,CP01353,0
TXN008640,ACC100229,2026-07-01 15:56:00,291.71,N$,merchant_payment,CP01435,0
TXN008641,ACC100388,2026-07-21 04:36:00,300.11,N$,merchant_payment,CP00337,0
TXN008642,ACC100417,2026-07-16 08:05:00,1051.93,N$,merchant_payment,CP01598,0
TXN008643,ACC100415,2026-07-20 11:33:00,525.09,N$,p2p_transfer,CP01645,0
TXN008644,ACC100583,2026-06-18 11:32:00,902.79,N$,merchant_payment,CP01940,0
TXN008645,ACC100314,2026-07-25 02:42:00,421.63,N$,p2p_transfer,CP02893,0
TXN008646,ACC100080,2026-07-05 09:13:00,529.67,N$,merchant_payment,CP01992,0
TXN008647,ACC100552,2026-06-07 02:13:00,1190.97,N$,p2p_transfer,CP03582,0
TXN008648,ACC100287,2026-06-20 04:16:00,300.48,N$,p2p_transfer,CP03723,0
TXN008649,ACC100013,2026-06-07 10:51:00,145.56,N$,p2p_transfer,CP01740,0
TXN008650,ACC100438,2026-07-10 12:25:00,439.18,N$,p2p_transfer,CP02680,0
TXN008651,ACC100090,2026-06-26 09:00:00,266.95,N$,cash_out,CP01356,0
TXN008652,ACC100648,2026-06-01 05:29:00,400.29,N$,p2p_transfer,CP03532,0
TXN008653,ACC100315,2026-07-03 17:50:00,449.35,N$,p2p_transfer,CP03901,0
TXN008654,ACC100620,2026-07-26 02:58:00,321.53,N$,cash_out,CP03358,0
TXN008655,ACC100655,2026-06-08 16:15:00,867.15,N$,cash_out,CP01599,0
TXN008656,ACC100671,2026-07-13 18:25:00,286.55,N$,merchant_payment,CP02296,0
TXN008657,ACC100550,2026-06-05 21:06:00,184.89,N$,cash_out,CP01463,0
TXN008658,ACC100488,2026-07-26 06:19:00,253.75,N$,p2p_transfer,CP01913,0
TXN008659,ACC100656,2026-06-01 22:10:00,496.54,N$,p2p_transfer,CP03946,0
TXN008660,ACC100677,2026-06-27 08:18:00,311.07,N$,merchant_payment,CP00565,0
TXN008661,ACC100238,2026-07-14 07:17:00,918.81,N$,merchant_payment,CP01147,0
TXN008662,ACC100661,2026-06-02 11:23:00,554.31,N$,merchant_payment,CP01076,0
TXN008663,ACC100683,2026-07-28 16:26:00,71.83,N$,cash_out,CP02691,0
TXN008664,ACC100037,2026-07-07 22:41:00,204.8,N$,cash_out,CP00684,0
TXN008665,ACC100373,2026-06-07 10:49:00,624.83,N$,cash_out,CP02557,0
TXN008666,ACC100590,2026-06-16 21:17:00,349.11,N$,merchant_payment,CP02628,0
TXN008667,ACC100746,2026-07-11 12:25:00,701.73,N$,p2p_transfer,CP02484,0
TXN008668,ACC100285,2026-07-29 20:26:00,389.21,N$,p2p_transfer,CP00774,0
TXN008669,ACC100016,2026-07-06 00:43:00,231.52,N$,p2p_transfer,CP01992,0
TXN008670,ACC100513,2026-07-21 14:54:00,545.93,N$,p2p_transfer,CP00648,0
TXN008671,ACC100517,2026-06-14 11:47:00,793.07,N$,merchant_payment,CP01373,0
TXN008672,ACC100195,2026-07-27 14:33:00,939.49,N$,p2p_transfer,CP01768,0
TXN008673,ACC100141,2026-06-04 07:36:00,221.66,N$,p2p_transfer,CP01660,0
TXN008674,ACC100445,2026-06-11 00:50:00,645.11,N$,cash_out,CP02211,0
TXN008675,ACC100082,2026-06-15 08:54:00,310.61,N$,p2p_transfer,CP02826,0
TXN008676,ACC100186,2026-07-06 06:51:00,173.39,N$,cash_out,CP01216,0
TXN008677,ACC100095,2026-06-25 10:12:00,339.95,N$,merchant_payment,CP00885,0
TXN008678,ACC100424,2026-06-02 01:55:00,9557.43,N$,p2p_transfer,CP02228,1
TXN008679,ACC100685,2026-07-20 08:44:00,241.89,N$,p2p_transfer,CP02566,0
TXN008680,ACC100646,2026-07-10 10:35:00,1325.27,N$,p2p_transfer,CP00460,0
TXN008681,ACC100018,2026-07-03 14:05:00,227.11,N$,p2p_transfer,CP03414,0
TXN008682,ACC100389,2026-07-01 20:25:00,456.1,N$,merchant_payment,CP02602,0
TXN008683,ACC100093,2026-06-03 09:56:00,126.1,N$,merchant_payment,CP00860,0
TXN008684,ACC100690,2026-06-29 20:03:00,374.7,N$,p2p_transfer,CP01019,0
TXN008685,ACC100447,2026-07-06 09:13:00,110.84,N$,p2p_transfer,CP01978,0
TXN008686,ACC100151,2026-06-28 08:57:00,740.96,N$,p2p_transfer,CP02848,0
TXN008687,ACC100045,2026-07-06 06:16:00,489.09,N$,bill_payment,CP00867,0
TXN008688,ACC100350,2026-07-20 21:10:00,1165.75,N$,p2p_transfer,CP01658,0
TXN008689,ACC100542,2026-06-21 20:39:00,156.36,N$,merchant_payment,CP00074,0
TXN008690,ACC100094,2026-06-25 01:49:00,474.58,N$,cash_out,CP00601,0
TXN008691,ACC100431,2026-06-21 02:20:00,3989.26,N$,p2p_transfer,CP01074,0
TXN008692,ACC100168,2026-07-26 04:23:00,347.01,N$,merchant_payment,CP02502,0
TXN008693,ACC100100,2026-07-21 23:17:00,506.61,N$,merchant_payment,CP00616,0
TXN008694,ACC100241,2026-07-22 00:08:00,39.21,N$,p2p_transfer,CP02701,0
TXN008695,ACC100405,2026-07-27 22:20:00,338.32,N$,merchant_payment,CP00186,0
TXN008696,ACC100320,2026-07-06 12:48:00,315.73,N$,p2p_transfer,CP03407,0
TXN008697,ACC100637,2026-06-04 05:27:00,424.44,N$,p2p_transfer,CP01488,0
TXN008698,ACC100373,2026-06-14 13:30:00,177.4,N$,bill_payment,CP03786,0
TXN008699,ACC100723,2026-07-11 02:44:00,633.15,N$,merchant_payment,CP03353,0
TXN008700,ACC100162,2026-07-05 15:08:00,404.86,N$,merchant_payment,CP00628,0
TXN008701,ACC100725,2026-06-20 04:36:00,749.19,N$,cash_out,CP00805,0
TXN008702,ACC100660,2026-07-24 09:47:00,219.07,N$,p2p_transfer,CP01353,0
TXN008703,ACC100502,2026-06-14 00:20:00,131.86,N$,bill_payment,CP00185,0
TXN008704,ACC100072,2026-07-09 21:17:00,284.45,N$,cash_out,CP03142,0
TXN008705,ACC100370,2026-06-01 04:57:00,212.77,N$,cash_out,CP02551,0
TXN008706,ACC100563,2026-06-11 13:13:00,280.99,N$,p2p_transfer,CP01553,0
TXN008707,ACC100285,2026-07-20 22:13:00,555.25,N$,bill_payment,CP00890,0
TXN008708,ACC100787,2026-06-12 19:09:00,261.37,N$,p2p_transfer,CP03396,0
TXN008709,ACC100111,2026-07-29 14:54:00,1047.63,N$,merchant_payment,CP00558,0
TXN008710,ACC100548,2026-06-15 00:17:00,449.37,N$,p2p_transfer,CP03509,0
TXN008711,ACC100743,2026-07-08 12:27:00,850.6,N$,p2p_transfer,CP00521,0
TXN008712,ACC100540,2026-06-03 22:26:00,193.63,N$,cash_out,CP02990,0
TXN008713,ACC100502,2026-06-08 10:46:00,1517.67,N$,p2p_transfer,CP02065,0
TXN008714,ACC100335,2026-07-14 14:15:00,267.33,N$,merchant_payment,CP03843,0
TXN008715,ACC100766,2026-07-23 08:54:00,189.89,N$,merchant_payment,CP01397,0
TXN008716,ACC100681,2026-06-04 05:28:00,817.19,N$,p2p_transfer,CP02265,0
TXN008717,ACC100434,2026-06-28 21:00:00,25785.94,N$,cash_out,CP02836,1
TXN008718,ACC100712,2026-07-02 07:05:00,1063.48,N$,merchant_payment,CP02257,0
TXN008719,ACC100554,2026-07-27 21:12:00,266.55,N$,cash_out,CP00053,0
TXN008720,ACC100523,2026-07-26 13:08:00,338.48,N$,cash_out,CP03046,0
TXN008721,ACC100479,2026-07-18 05:34:00,683.92,N$,p2p_transfer,CP01072,0
TXN008722,ACC100136,2026-06-30 17:02:00,961.89,N$,p2p_transfer,CP01205,0
TXN008723,ACC100444,2026-07-18 16:35:00,1304.53,N$,p2p_transfer,CP00238,0
TXN008724,ACC100350,2026-07-15 07:32:00,98.16,N$,merchant_payment,CP00632,0
TXN008725,ACC100674,2026-06-14 08:26:00,4511.02,N$,merchant_payment,CP00251,0
TXN008726,ACC100157,2026-06-22 22:34:00,487.53,N$,merchant_payment,CP03086,0
TXN008727,ACC100607,2026-06-17 06:46:00,423.79,N$,cash_out,CP03755,0
TXN008728,ACC100263,2026-07-30 08:30:00,1115.35,N$,p2p_transfer,CP00924,0
TXN008729,ACC100096,2026-07-20 07:05:00,662.31,N$,p2p_transfer,CP01778,0
TXN008730,ACC100714,2026-06-08 11:09:00,528.05,N$,merchant_payment,CP02902,0
TXN008731,ACC100718,2026-07-26 10:48:00,556.75,N$,p2p_transfer,CP02485,0
TXN008732,ACC100509,2026-07-06 16:28:00,191.41,N$,merchant_payment,CP01867,0
TXN008733,ACC100214,2026-06-10 23:01:00,319.27,N$,merchant_payment,CP00088,0
TXN008734,ACC100003,2026-06-30 00:26:00,629.84,N$,merchant_payment,CP02366,0
TXN008735,ACC100629,2026-07-23 02:15:00,138.59,N$,merchant_payment,CP02424,0
TXN008736,ACC100558,2026-06-21 14:29:00,83.57,N$,p2p_transfer,CP00355,0
TXN008737,ACC100547,2026-06-22 07:31:00,1129.63,N$,merchant_payment,CP00915,0
TXN008738,ACC100138,2026-07-02 22:02:00,641.34,N$,merchant_payment,CP00561,0
TXN008739,ACC100701,2026-06-03 18:54:00,322.67,N$,merchant_payment,CP01002,0
TXN008740,ACC100213,2026-06-19 10:55:00,129.09,N$,merchant_payment,CP01606,0
TXN008741,ACC100173,2026-07-08 05:46:00,231.36,N$,p2p_transfer,CP03052,0
TXN008742,ACC100609,2026-07-19 21:50:00,1648.63,N$,merchant_payment,CP03602,0
TXN008743,ACC100375,2026-07-19 11:43:00,863.87,N$,cash_out,CP01516,0
TXN008744,ACC100006,2026-06-07 18:40:00,133.73,N$,p2p_transfer,CP02640,0
TXN008745,ACC100221,2026-06-19 22:12:00,688.49,N$,bill_payment,CP02195,0
TXN008746,ACC100504,2026-06-20 20:41:00,135.81,N$,p2p_transfer,CP03202,0
TXN008747,ACC100467,2026-07-02 06:25:00,123.25,N$,merchant_payment,CP00643,0
TXN008748,ACC100525,2026-06-12 00:13:00,291.91,N$,merchant_payment,CP03970,0
TXN008749,ACC100707,2026-06-30 13:09:00,2171.29,N$,p2p_transfer,CP02304,0
TXN008750,ACC100357,2026-06-10 08:36:00,2172.57,N$,merchant_payment,CP03676,0
TXN008751,ACC100475,2026-06-23 21:24:00,277.91,N$,p2p_transfer,CP01407,0
TXN008752,ACC100139,2026-06-05 02:58:00,1796.47,N$,p2p_transfer,CP02956,0
TXN008753,ACC100108,2026-06-13 00:46:00,360.05,N$,cash_out,CP02095,0
TXN008754,ACC100270,2026-07-01 16:28:00,2218.11,N$,p2p_transfer,CP02257,1
TXN008755,ACC100590,2026-07-01 11:46:00,698.2,N$,cash_out,CP03998,0
TXN008756,ACC100389,2026-07-17 19:38:00,1156.61,N$,cash_out,CP00352,0
TXN008757,ACC100650,2026-07-25 16:18:00,510.61,N$,cash_out,CP00172,0
TXN008758,ACC100569,2026-07-18 06:06:00,267.25,N$,p2p_transfer,CP03989,0
TXN008759,ACC100232,2026-07-20 18:19:00,73.79,N$,p2p_transfer,CP02925,0
TXN008760,ACC100727,2026-06-13 02:03:00,386.92,N$,p2p_transfer,CP01141,0
TXN008761,ACC100140,2026-06-26 22:59:00,869.85,N$,merchant_payment,CP02125,0
TXN008762,ACC100772,2026-06-18 16:15:00,239.82,N$,merchant_payment,CP01571,0
TXN008763,ACC100539,2026-07-11 03:19:00,241.21,N$,p2p_transfer,CP03512,0
TXN008764,ACC100477,2026-07-22 06:19:00,2774.32,N$,bill_payment,CP01109,0
TXN008765,ACC100524,2026-07-19 08:09:00,95.67,N$,merchant_payment,CP01566,0
TXN008766,ACC100403,2026-06-15 18:07:00,404.62,N$,cash_out,CP01216,0
TXN008767,ACC100581,2026-07-10 02:07:00,515.02,N$,merchant_payment,CP03051,0
TXN008768,ACC100121,2026-07-10 06:35:00,498.7,N$,p2p_transfer,CP02136,0
TXN008769,ACC100190,2026-07-24 16:39:00,1192.32,N$,p2p_transfer,CP03551,0
TXN008770,ACC100501,2026-07-08 02:26:00,260.81,N$,merchant_payment,CP02474,0
TXN008771,ACC100221,2026-07-23 04:46:00,636.56,N$,bill_payment,CP01430,0
TXN008772,ACC100130,2026-06-28 04:33:00,549.23,N$,merchant_payment,CP00804,0
TXN008773,ACC100767,2026-06-15 07:38:00,183.28,N$,merchant_payment,CP01490,0
TXN008774,ACC100787,2026-06-03 09:20:00,966.46,N$,merchant_payment,CP03891,0
TXN008775,ACC100540,2026-07-10 10:55:00,206.52,N$,merchant_payment,CP03739,0
TXN008776,ACC100163,2026-06-08 21:37:00,396.38,N$,p2p_transfer,CP02356,0
TXN008777,ACC100335,2026-07-05 13:54:00,146.79,N$,p2p_transfer,CP02466,0
TXN008778,ACC100215,2026-07-25 15:57:00,2090.75,N$,merchant_payment,CP02806,0
TXN008779,ACC100175,2026-07-27 10:04:00,331.4,N$,merchant_payment,CP00154,0
TXN008780,ACC100576,2026-07-10 17:24:00,300.53,N$,merchant_payment,CP03016,0
TXN008781,ACC100416,2026-06-17 19:32:00,1171.89,N$,merchant_payment,CP03197,0
TXN008782,ACC100225,2026-06-13 13:34:00,1897.87,N$,merchant_payment,CP01785,0
TXN008783,ACC100760,2026-07-04 21:37:00,1291.68,N$,cash_out,CP02359,0
TXN008784,ACC100588,2026-06-13 10:14:00,454.4,N$,p2p_transfer,CP00111,0
TXN008785,ACC100345,2026-07-07 06:33:00,504.36,N$,merchant_payment,CP00973,0
TXN008786,ACC100306,2026-07-17 05:47:00,211.37,N$,p2p_transfer,CP00759,0
TXN008787,ACC100257,2026-06-20 01:53:00,415.72,N$,merchant_payment,CP02593,0
TXN008788,ACC100787,2026-06-09 00:35:00,316.0,N$,cash_out,CP02659,0
TXN008789,ACC100642,2026-06-04 06:33:00,979.36,N$,bill_payment,CP02441,0
TXN008790,ACC100120,2026-07-26 04:49:00,321.91,N$,p2p_transfer,CP00758,0
TXN008791,ACC100603,2026-07-15 11:49:00,749.98,N$,merchant_payment,CP00110,0
TXN008792,ACC100430,2026-07-23 11:08:00,616.29,N$,p2p_transfer,CP00005,0
TXN008793,ACC100168,2026-07-29 19:07:00,110.83,N$,p2p_transfer,CP01084,0
TXN008794,ACC100396,2026-06-26 01:15:00,437.49,N$,merchant_payment,CP03988,0
TXN008795,ACC100353,2026-07-29 21:00:00,401.26,N$,merchant_payment,CP00367,0
TXN008796,ACC100053,2026-07-06 21:25:00,334.33,N$,merchant_payment,CP01844,0
TXN008797,ACC100686,2026-07-09 16:22:00,482.92,N$,p2p_transfer,CP00062,0
TXN008798,ACC100725,2026-06-17 13:47:00,1491.54,N$,merchant_payment,CP01420,0
TXN008799,ACC100552,2026-07-23 14:33:00,577.77,N$,cash_out,CP00309,0
TXN008800,ACC100570,2026-06-28 02:59:00,294.21,N$,cash_out,CP02196,0
TXN008801,ACC100409,2026-06-13 13:36:00,449.34,N$,p2p_transfer,CP02325,0
TXN008802,ACC100065,2026-07-06 01:39:00,136.85,N$,cash_out,CP01914,0
TXN008803,ACC100341,2026-06-01 02:46:00,757.5,N$,p2p_transfer,CP03803,0
TXN008804,ACC100607,2026-06-08 06:47:00,833.28,N$,merchant_payment,CP01306,0
TXN008805,ACC100645,2026-07-29 14:51:00,460.82,N$,p2p_transfer,CP03009,0
TXN008806,ACC100597,2026-06-08 13:26:00,231.6,N$,merchant_payment,CP03400,0
TXN008807,ACC100405,2026-07-30 13:23:00,289.24,N$,cash_out,CP01115,0
TXN008808,ACC100381,2026-06-08 12:31:00,723.74,N$,merchant_payment,CP03998,0
TXN008809,ACC100779,2026-06-29 10:34:00,75.23,N$,merchant_payment,CP03230,0
TXN008810,ACC100200,2026-06-05 21:33:00,218.35,N$,cash_out,CP01722,0
TXN008811,ACC100214,2026-07-11 19:38:00,424.35,N$,p2p_transfer,CP02719,0
TXN008812,ACC100790,2026-06-15 18:33:00,1091.85,N$,p2p_transfer,CP02454,0
TXN008813,ACC100119,2026-06-28 03:42:00,559.91,N$,merchant_payment,CP00238,0
TXN008814,ACC100310,2026-07-17 22:01:00,3584.47,N$,merchant_payment,CP00353,0
TXN008815,ACC100015,2026-06-18 13:49:00,435.1,N$,p2p_transfer,CP01940,0
TXN008816,ACC100490,2026-07-30 15:31:00,886.82,N$,merchant_payment,CP00695,0
TXN008817,ACC100020,2026-06-01 23:09:00,569.99,N$,p2p_transfer,CP03927,0
TXN008818,ACC100426,2026-06-12 14:08:00,337.95,N$,p2p_transfer,CP01363,0
TXN008819,ACC100234,2026-06-30 00:34:00,431.94,N$,merchant_payment,CP02939,0
TXN008820,ACC100626,2026-06-18 20:06:00,435.68,N$,cash_out,CP00852,0
TXN008821,ACC100143,2026-06-15 11:53:00,219.37,N$,p2p_transfer,CP00288,0
TXN008822,ACC100117,2026-06-05 03:33:00,193.49,N$,cash_out,CP02725,0
TXN008823,ACC100482,2026-06-07 00:42:00,368.53,N$,p2p_transfer,CP01234,0
TXN008824,ACC100614,2026-06-05 04:11:00,386.21,N$,p2p_transfer,CP01826,0
TXN008825,ACC100338,2026-06-17 12:52:00,623.87,N$,merchant_payment,CP03337,0
TXN008826,ACC100351,2026-07-09 00:15:00,1612.85,N$,cash_out,CP01304,0
TXN008827,ACC100396,2026-06-22 00:22:00,613.96,N$,merchant_payment,CP02719,0
TXN008828,ACC100210,2026-07-22 03:01:00,221.3,N$,p2p_transfer,CP03182,0
TXN008829,ACC100481,2026-06-15 23:38:00,550.15,N$,p2p_transfer,CP00146,0
TXN008830,ACC100328,2026-06-29 04:26:00,407.06,N$,merchant_payment,CP02378,0
TXN008831,ACC100604,2026-07-07 18:48:00,656.86,N$,p2p_transfer,CP01656,0
TXN008832,ACC100534,2026-06-10 21:13:00,126.13,N$,merchant_payment,CP01778,0
TXN008833,ACC100031,2026-07-10 03:46:00,539.95,N$,p2p_transfer,CP03184,0
TXN008834,ACC100116,2026-07-27 02:30:00,361.79,N$,p2p_transfer,CP01563,0
TXN008835,ACC100734,2026-06-10 02:19:00,593.12,N$,cash_out,CP02834,0
TXN008836,ACC100609,2026-07-13 00:38:00,641.94,N$,bill_payment,CP01573,0
TXN008837,ACC100462,2026-07-20 15:58:00,676.27,N$,cash_out,CP00946,0
TXN008838,ACC100295,2026-07-17 08:49:00,169.37,N$,p2p_transfer,CP02773,0
TXN008839,ACC100029,2026-06-20 17:29:00,87.63,N$,merchant_payment,CP00950,0
TXN008840,ACC100016,2026-07-24 20:28:00,453.42,N$,p2p_transfer,CP01834,0
TXN008841,ACC100011,2026-07-29 23:06:00,332.42,N$,p2p_transfer,CP01682,0
TXN008842,ACC100091,2026-07-21 03:32:00,36.84,N$,p2p_transfer,CP03914,0
TXN008843,ACC100652,2026-07-12 14:19:00,136.16,N$,bill_payment,CP02234,0
TXN008844,ACC100288,2026-07-14 09:46:00,566.6,N$,p2p_transfer,CP00287,0
TXN008845,ACC100086,2026-07-27 19:19:00,169.66,N$,bill_payment,CP03734,0
TXN008846,ACC100635,2026-06-05 09:59:00,250.58,N$,merchant_payment,CP00442,0
TXN008847,ACC100547,2026-06-17 10:38:00,586.68,N$,p2p_transfer,CP01294,0
TXN008848,ACC100514,2026-07-13 22:34:00,149.37,N$,merchant_payment,CP03344,0
TXN008849,ACC100284,2026-06-03 18:54:00,386.61,N$,p2p_transfer,CP00037,0
TXN008850,ACC100134,2026-06-15 01:50:00,765.72,N$,merchant_payment,CP02369,0
TXN008851,ACC100611,2026-07-20 07:10:00,297.58,N$,p2p_transfer,CP02770,0
TXN008852,ACC100583,2026-07-08 14:35:00,474.4,N$,merchant_payment,CP02744,0
TXN008853,ACC100133,2026-06-11 03:48:00,196.77,N$,p2p_transfer,CP00297,0
TXN008854,ACC100605,2026-06-29 11:53:00,353.26,N$,cash_out,CP02376,0
TXN008855,ACC100286,2026-07-10 17:28:00,2096.12,N$,p2p_transfer,CP00483,0
TXN008856,ACC100049,2026-06-03 05:34:00,770.98,N$,p2p_transfer,CP00051,0
TXN008857,ACC100130,2026-07-19 21:12:00,1840.92,N$,p2p_transfer,CP01185,0
TXN008858,ACC100605,2026-07-17 14:10:00,417.49,N$,p2p_transfer,CP01875,0
TXN008859,ACC100556,2026-07-16 08:55:00,483.4,N$,p2p_transfer,CP02802,0
TXN008860,ACC100004,2026-07-10 02:49:00,548.92,N$,bill_payment,CP02010,0
TXN008861,ACC100617,2026-06-09 05:36:00,494.28,N$,merchant_payment,CP01221,0
TXN008862,ACC100156,2026-07-18 20:23:00,563.14,N$,cash_out,CP03295,0
TXN008863,ACC100231,2026-06-18 13:18:00,1150.05,N$,p2p_transfer,CP02562,0
TXN008864,ACC100464,2026-06-23 23:14:00,763.3,N$,merchant_payment,CP00688,0
TXN008865,ACC100279,2026-06-05 19:26:00,535.23,N$,p2p_transfer,CP03778,0
TXN008866,ACC100310,2026-06-25 18:34:00,311.1,N$,p2p_transfer,CP01214,0
TXN008867,ACC100173,2026-07-05 15:59:00,333.93,N$,merchant_payment,CP01517,0
TXN008868,ACC100332,2026-07-22 23:58:00,559.38,N$,merchant_payment,CP02699,0
TXN008869,ACC100421,2026-06-28 12:16:00,195.23,N$,merchant_payment,CP00792,0
TXN008870,ACC100578,2026-07-27 15:36:00,322.24,N$,merchant_payment,CP03952,0
TXN008871,ACC100397,2026-06-18 12:43:00,1329.33,N$,merchant_payment,CP03214,0
TXN008872,ACC100128,2026-06-17 21:48:00,328.57,N$,p2p_transfer,CP01452,0
TXN008873,ACC100642,2026-06-05 08:59:00,147.01,N$,p2p_transfer,CP03088,0
TXN008874,ACC100369,2026-06-09 22:07:00,207.1,N$,p2p_transfer,CP01831,0
TXN008875,ACC100411,2026-07-22 15:47:00,416.52,N$,merchant_payment,CP01939,0
TXN008876,ACC100291,2026-07-10 19:59:00,146.9,N$,merchant_payment,CP02239,0
TXN008877,ACC100367,2026-07-17 23:52:00,288.18,N$,p2p_transfer,CP00847,0
TXN008878,ACC100761,2026-06-27 00:07:00,294.68,N$,merchant_payment,CP01125,0
TXN008879,ACC100027,2026-06-30 09:20:00,721.81,N$,p2p_transfer,CP01008,0
TXN008880,ACC100243,2026-06-18 02:53:00,957.67,N$,bill_payment,CP03302,0
TXN008881,ACC100168,2026-07-23 14:21:00,243.63,N$,bill_payment,CP02766,0
TXN008882,ACC100789,2026-06-14 01:16:00,977.48,N$,cash_out,CP03409,0
TXN008883,ACC100432,2026-07-16 15:42:00,336.1,N$,merchant_payment,CP03451,0
TXN008884,ACC100243,2026-06-08 04:34:00,225.49,N$,merchant_payment,CP02391,0
TXN008885,ACC100333,2026-06-23 06:36:00,1316.14,N$,merchant_payment,CP02120,0
TXN008886,ACC100440,2026-07-04 12:36:00,528.19,N$,p2p_transfer,CP02504,0
TXN008887,ACC100536,2026-06-15 20:58:00,141.41,N$,merchant_payment,CP01285,0
TXN008888,ACC100413,2026-06-17 09:18:00,158.04,N$,cash_out,CP00554,0
TXN008889,ACC100542,2026-07-11 17:33:00,170.67,N$,p2p_transfer,CP00155,0
TXN008890,ACC100366,2026-07-28 08:33:00,91.26,N$,bill_payment,CP01868,0
TXN008891,ACC100059,2026-07-19 04:21:00,226.93,N$,cash_out,CP02350,0
TXN008892,ACC100674,2026-06-15 14:12:00,122.9,N$,merchant_payment,CP03226,0
TXN008893,ACC100380,2026-07-02 13:22:00,399.91,N$,p2p_transfer,CP00496,0
TXN008894,ACC100672,2026-07-24 00:26:00,96.21,N$,bill_payment,CP03109,0
TXN008895,ACC100502,2026-06-13 14:00:00,875.87,N$,bill_payment,CP03542,0
TXN008896,ACC100138,2026-06-02 13:26:00,293.57,N$,cash_out,CP00279,0
TXN008897,ACC100166,2026-06-26 11:23:00,357.93,N$,p2p_transfer,CP02802,0
TXN008898,ACC100277,2026-07-01 01:20:00,113.02,N$,bill_payment,CP00492,0
TXN008899,ACC100031,2026-07-30 09:35:00,933.97,N$,bill_payment,CP02978,0
TXN008900,ACC100351,2026-06-16 06:47:00,400.57,N$,bill_payment,CP01947,0
TXN008901,ACC100619,2026-06-11 15:35:00,2247.55,N$,merchant_payment,CP01077,0
TXN008902,ACC100614,2026-07-26 17:58:00,459.55,N$,p2p_transfer,CP01922,0
TXN008903,ACC100534,2026-06-01 02:22:00,119.41,N$,p2p_transfer,CP03487,0
TXN008904,ACC100112,2026-07-14 23:17:00,224.9,N$,cash_out,CP01758,0
TXN008905,ACC100702,2026-07-26 05:04:00,411.55,N$,p2p_transfer,CP03871,0
TXN008906,ACC100614,2026-06-06 09:20:00,2474.8,N$,merchant_payment,CP02812,0
TXN008907,ACC100446,2026-07-11 08:03:00,460.09,N$,p2p_transfer,CP03631,0
TXN008908,ACC100785,2026-07-24 04:23:00,521.59,N$,p2p_transfer,CP00388,0
TXN008909,ACC100234,2026-07-10 01:30:00,1109.52,N$,merchant_payment,CP02764,0
TXN008910,ACC100105,2026-07-20 20:24:00,2635.06,N$,merchant_payment,CP03148,0
TXN008911,ACC100672,2026-06-18 17:53:00,748.41,N$,merchant_payment,CP02573,0
TXN008912,ACC100782,2026-06-08 23:07:00,518.89,N$,cash_out,CP03336,0
TXN008913,ACC100332,2026-06-11 03:17:00,662.76,N$,merchant_payment,CP02380,0
TXN008914,ACC100509,2026-06-22 01:32:00,1143.67,N$,merchant_payment,CP01660,0
TXN008915,ACC100450,2026-06-28 20:33:00,197.73,N$,merchant_payment,CP02618,0
TXN008916,ACC100271,2026-06-26 12:38:00,272.21,N$,cash_out,CP02338,0
TXN008917,ACC100684,2026-06-16 13:07:00,173.34,N$,p2p_transfer,CP00227,0
TXN008918,ACC100593,2026-06-25 15:16:00,1823.58,N$,merchant_payment,CP01486,0
TXN008919,ACC100073,2026-07-11 18:32:00,150.09,N$,p2p_transfer,CP01769,0
TXN008920,ACC100039,2026-07-24 04:51:00,227.36,N$,p2p_transfer,CP00487,0
TXN008921,ACC100242,2026-06-30 14:15:00,9603.3,N$,cash_out,CP01794,1
TXN008922,ACC100669,2026-07-07 02:20:00,292.15,N$,cash_out,CP02330,0
TXN008923,ACC100626,2026-07-11 02:34:00,101.61,N$,merchant_payment,CP01166,0
TXN008924,ACC100181,2026-07-29 11:37:00,187.64,N$,merchant_payment,CP01498,0
TXN008925,ACC100425,2026-06-17 07:06:00,328.44,N$,cash_out,CP01090,0
TXN008926,ACC100023,2026-07-07 10:05:00,2419.6,N$,bill_payment,CP02022,0
TXN008927,ACC100266,2026-07-10 03:39:00,433.94,N$,p2p_transfer,CP01465,0
TXN008928,ACC100100,2026-07-05 20:51:00,113.12,N$,p2p_transfer,CP00960,0
TXN008929,ACC100529,2026-07-21 17:04:00,385.92,N$,p2p_transfer,CP03403,0
TXN008930,ACC100521,2026-06-23 08:11:00,1057.94,N$,p2p_transfer,CP00408,0
TXN008931,ACC100420,2026-07-30 03:55:00,251.66,N$,cash_out,CP03168,0
TXN008932,ACC100742,2026-06-23 19:36:00,378.03,N$,p2p_transfer,CP01048,0
TXN008933,ACC100059,2026-07-13 12:04:00,156.57,N$,merchant_payment,CP02187,0
TXN008934,ACC100326,2026-06-12 23:35:00,1091.5,N$,merchant_payment,CP01498,0
TXN008935,ACC100298,2026-06-01 21:49:00,579.87,N$,merchant_payment,CP02193,0
TXN008936,ACC100663,2026-07-30 23:53:00,836.34,N$,merchant_payment,CP01796,0
TXN008937,ACC100152,2026-07-21 06:40:00,182.96,N$,p2p_transfer,CP01931,0
TXN008938,ACC100369,2026-07-28 02:58:00,415.24,N$,p2p_transfer,CP01899,0
TXN008939,ACC100503,2026-07-21 11:44:00,683.87,N$,p2p_transfer,CP02742,0
TXN008940,ACC100048,2026-07-16 01:05:00,757.33,N$,merchant_payment,CP00590,0
TXN008941,ACC100306,2026-06-02 10:32:00,292.52,N$,p2p_transfer,CP00453,0
TXN008942,ACC100224,2026-06-21 17:18:00,404.91,N$,merchant_payment,CP00877,0
TXN008943,ACC100159,2026-06-14 21:05:00,449.06,N$,merchant_payment,CP01447,0
TXN008944,ACC100664,2026-07-25 08:51:00,82.45,N$,p2p_transfer,CP02516,0
TXN008945,ACC100492,2026-07-07 09:53:00,432.51,N$,bill_payment,CP02972,0
TXN008946,ACC100197,2026-06-06 22:22:00,911.88,N$,cash_out,CP01454,0
TXN008947,ACC100366,2026-07-29 06:44:00,433.49,N$,p2p_transfer,CP01730,0
TXN008948,ACC100488,2026-07-20 22:53:00,387.8,N$,merchant_payment,CP02467,0
TXN008949,ACC100007,2026-06-28 09:09:00,1232.49,N$,p2p_transfer,CP00811,0
TXN008950,ACC100291,2026-07-04 23:14:00,97.0,N$,p2p_transfer,CP02410,0
TXN008951,ACC100368,2026-06-24 13:33:00,424.98,N$,bill_payment,CP01050,0
TXN008952,ACC100405,2026-06-15 10:06:00,400.11,N$,p2p_transfer,CP03113,0
TXN008953,ACC100122,2026-07-07 06:39:00,366.66,N$,p2p_transfer,CP00492,0
TXN008954,ACC100311,2026-06-20 10:02:00,92.0,N$,p2p_transfer,CP02043,0
TXN008955,ACC100205,2026-07-06 23:36:00,241.0,N$,p2p_transfer,CP00369,0
TXN008956,ACC100683,2026-06-28 09:54:00,721.15,N$,bill_payment,CP03065,0
TXN008957,ACC100250,2026-06-20 13:31:00,511.22,N$,p2p_transfer,CP01040,0
TXN008958,ACC100462,2026-07-18 13:44:00,388.96,N$,merchant_payment,CP02774,0
TXN008959,ACC100604,2026-06-15 05:39:00,279.62,N$,merchant_payment,CP01675,0
TXN008960,ACC100063,2026-07-15 19:09:00,585.15,N$,merchant_payment,CP03300,0
TXN008961,ACC100359,2026-07-02 03:07:00,62.89,N$,p2p_transfer,CP01729,0
TXN008962,ACC100081,2026-07-11 15:06:00,410.62,N$,cash_out,CP00637,0
TXN008963,ACC100463,2026-07-07 22:51:00,456.47,N$,merchant_payment,CP00313,0
TXN008964,ACC100720,2026-07-28 12:20:00,914.79,N$,merchant_payment,CP00595,0
TXN008965,ACC100662,2026-06-28 12:38:00,339.68,N$,merchant_payment,CP02088,0
TXN008966,ACC100098,2026-06-12 21:06:00,99.62,N$,merchant_payment,CP01275,0
TXN008967,ACC100556,2026-07-06 11:17:00,1089.87,N$,bill_payment,CP02408,0
TXN008968,ACC100278,2026-07-12 03:58:00,969.14,N$,merchant_payment,CP01674,0
TXN008969,ACC100060,2026-07-29 01:07:00,156.92,N$,merchant_payment,CP02365,0
TXN008970,ACC100408,2026-07-12 09:21:00,143.14,N$,cash_out,CP03376,0
TXN008971,ACC100563,2026-06-13 18:49:00,1460.33,N$,p2p_transfer,CP02261,0
TXN008972,ACC100515,2026-07-14 20:06:00,360.16,N$,merchant_payment,CP02468,0
TXN008973,ACC100472,2026-07-27 00:28:00,756.55,N$,merchant_payment,CP01677,0
TXN008974,ACC100543,2026-07-17 06:04:00,1596.01,N$,p2p_transfer,CP00651,0
TXN008975,ACC100577,2026-06-14 05:29:00,472.7,N$,p2p_transfer,CP01448,0
TXN008976,ACC100186,2026-06-26 14:50:00,1184.86,N$,p2p_transfer,CP01668,0
TXN008977,ACC100023,2026-06-12 07:49:00,1354.39,N$,p2p_transfer,CP01053,0
TXN008978,ACC100223,2026-07-17 14:04:00,102.54,N$,merchant_payment,CP02864,0
TXN008979,ACC100228,2026-06-09 11:21:00,308.33,N$,cash_out,CP00667,0
TXN008980,ACC100675,2026-06-21 15:58:00,628.85,N$,bill_payment,CP03636,0
TXN008981,ACC100247,2026-06-24 03:17:00,331.42,N$,merchant_payment,CP03180,0
TXN008982,ACC100132,2026-07-01 09:45:00,175.3,N$,p2p_transfer,CP03463,0
TXN008983,ACC100520,2026-07-20 07:55:00,1185.34,N$,bill_payment,CP00289,0
TXN008984,ACC100664,2026-07-01 01:55:00,288.68,N$,cash_out,CP03834,0
TXN008985,ACC100705,2026-07-22 09:20:00,624.57,N$,bill_payment,CP02167,0
TXN008986,ACC100550,2026-06-11 15:36:00,581.55,N$,merchant_payment,CP00272,0
TXN008987,ACC100266,2026-06-24 22:31:00,293.53,N$,merchant_payment,CP01664,0
TXN008988,ACC100047,2026-06-21 01:45:00,80.52,N$,cash_out,CP02529,0
TXN008989,ACC100565,2026-06-19 02:26:00,142.9,N$,merchant_payment,CP00126,0
TXN008990,ACC100102,2026-07-30 03:05:00,1857.1,N$,merchant_payment,CP00535,0
TXN008991,ACC100002,2026-07-21 05:18:00,205.68,N$,merchant_payment,CP02664,0
TXN008992,ACC100092,2026-06-26 14:31:00,782.22,N$,p2p_transfer,CP01715,0
TXN008993,ACC100244,2026-06-18 13:01:00,101.32,N$,merchant_payment,CP01288,0
TXN008994,ACC100760,2026-06-22 14:33:00,1349.22,N$,merchant_payment,CP01958,0
TXN008995,ACC100705,2026-06-23 07:55:00,92.76,N$,p2p_transfer,CP00983,0
TXN008996,ACC100222,2026-07-17 06:42:00,2052.76,N$,p2p_transfer,CP02832,0
TXN008997,ACC100344,2026-06-02 16:42:00,192.19,N$,merchant_payment,CP01650,0
TXN008998,ACC100042,2026-07-05 16:59:00,1687.1,N$,cash_out,CP03570,0
TXN008999,ACC100099,2026-07-26 12:52:00,344.72,N$,merchant_payment,CP01251,0
